date,campaign,channel,spend,impressions,clicks,conversions,revenue
2024-01-01,Always-on Brand,Display,289.55,117661,1382,5,534.95
2024-01-01,Retargeting,Social,611.15,55663,1681,21,2592.2
2024-01-01,Newsletter,Email,118.66,10138,1081,27,1710.46
2024-01-01,Creator Series,Video,579.65,241595,5561,12,1310.94
2024-01-01,Competitor Terms,Search,747.39,83485,3071,28,2221.95
2024-01-02,Always-on Brand,Display,424.3,104129,1222,6,764.37
2024-01-02,Retargeting,Social,434.3,47767,1572,16,1316.05
2024-01-02,Newsletter,Email,32.33,4522,528,15,1749.37
2024-01-02,Creator Series,Video,504.66,147373,1968,12,1104.38
2024-01-02,Competitor Terms,Search,803.19,105053,4894,54,6900.38
2024-01-03,Always-on Brand,Display,477.51,192842,2272,10,917.94
2024-01-03,Retargeting,Social,574.23,48454,1566,23,1876.39
2024-01-03,Newsletter,Email,124.75,17196,1787,17,1355.09
2024-01-03,Creator Series,Video,579.07,149508,1980,13,964.79
2024-01-03,Competitor Terms,Search,638.18,58355,3323,24,2675.93
2024-01-04,Always-on Brand,Display,370.99,96817,1106,5,407.92
2024-01-04,Retargeting,Social,748.53,73542,2715,16,1464.67
2024-01-04,Newsletter,Email,16.96,2226,217,6,834.86
2024-01-04,Creator Series,Video,550.41,208652,3370,8,526.98
2024-01-04,Competitor Terms,Search,812.05,69354,3639,31,3351.18
2024-01-05,Always-on Brand,Display,335.15,138295,1643,6,775.93
2024-01-05,Retargeting,Social,652.02,59314,1410,27,3386.45
2024-01-05,Newsletter,Email,49.4,6143,698,11,1496.12
2024-01-05,Creator Series,Video,596.84,238017,4550,10,683.07
2024-01-05,Competitor Terms,Search,982.92,92693,5203,35,4406.41
2024-01-06,Always-on Brand,Display,470.75,163522,1719,5,588.14
2024-01-06,Retargeting,Social,638.35,72491,2634,22,1813.19
2024-01-06,Newsletter,Email,78.88,10651,788,11,896.89
2024-01-06,Creator Series,Video,500.25,135931,2254,10,705.26
2024-01-06,Competitor Terms,Search,749.63,76258,4707,53,5965.39
2024-01-07,Always-on Brand,Display,362.93,96271,832,4,531.27
2024-01-07,Retargeting,Social,452.39,55217,2116,10,1108.95
2024-01-07,Newsletter,Email,0.0,0,0,0,0.0
2024-01-07,Creator Series,Video,550.75,205242,4581,12,1395.54
2024-01-07,Competitor Terms,Search,796.67,80551,4474,52,6743.78
2024-01-08,Always-on Brand,Display,199.53,62870,885,6,634.95
2024-01-08,Retargeting,Social,505.68,58133,1857,11,1222.68
2024-01-08,Newsletter,Email,0.0,0,0,0,0.0
2024-01-08,Creator Series,Video,520.82,166293,3600,6,720.1
2024-01-08,Competitor Terms,Search,608.79,49791,2640,34,2666.2
2024-01-09,Always-on Brand,Display,373.19,130845,1966,5,304.52
2024-01-09,Retargeting,Social,464.63,45562,1512,13,956.39
2024-01-09,Newsletter,Email,169.11,18012,2002,24,2718.53
2024-01-09,Creator Series,Video,452.3,124713,2151,11,1464.51
2024-01-09,Competitor Terms,Search,808.77,92997,4137,28,2792.09
2024-01-10,Always-on Brand,Display,343.77,134301,1948,7,952.0
2024-01-10,Retargeting,Social,563.96,60365,1566,14,1303.66
2024-01-10,Newsletter,Email,108.25,12724,1140,19,2415.46
2024-01-10,Creator Series,Video,640.32,162283,2099,14,886.47
2024-01-10,Competitor Terms,Search,725.84,88927,4634,31,3822.95
2024-01-11,Always-on Brand,Display,462.8,148960,1277,9,710.93
2024-01-11,Retargeting,Social,580.37,51335,1121,21,2010.09
2024-01-11,Newsletter,Email,0.0,0,0,0,0.0
2024-01-11,Creator Series,Video,428.37,139444,2026,5,488.88
2024-01-11,Competitor Terms,Search,724.2,69770,3165,43,4370.25
2024-01-12,Always-on Brand,Display,349.74,122618,1697,5,616.77
2024-01-12,Retargeting,Social,608.95,82790,2815,13,1251.68
2024-01-12,Newsletter,Email,25.84,3037,340,10,1055.05
2024-01-12,Creator Series,Video,660.54,270797,4768,12,916.7
2024-01-12,Competitor Terms,Search,617.21,76111,4532,38,4461.69
2024-01-13,Always-on Brand,Display,458.27,190862,2946,7,862.84
2024-01-13,Retargeting,Social,779.57,77351,2891,28,2460.66
2024-01-13,Newsletter,Email,141.28,15967,1668,25,1556.82
2024-01-13,Creator Series,Video,585.73,225884,3002,13,959.81
2024-01-13,Competitor Terms,Search,649.78,57460,2267,36,4243.87
2024-01-14,Always-on Brand,Display,559.16,218739,2923,11,1093.47
2024-01-14,Retargeting,Social,613.62,57241,1744,16,1892.92
2024-01-14,Newsletter,Email,36.09,4270,389,16,1676.76
2024-01-14,Creator Series,Video,496.55,194722,4347,7,896.43
2024-01-14,Competitor Terms,Search,827.26,114249,5795,42,3195.25
2024-01-15,Always-on Brand,Display,296.56,103482,889,8,810.25
2024-01-15,Retargeting,Social,547.97,57007,2019,19,1886.38
2024-01-15,Newsletter,Email,36.03,4047,345,18,2409.72
2024-01-15,Creator Series,Video,499.14,143979,2549,7,662.86
2024-01-15,Competitor Terms,Search,822.84,89353,3977,30,3282.95
2024-01-16,Always-on Brand,Display,216.35,87956,820,6,370.94
2024-01-16,Retargeting,Social,598.31,72528,1943,17,1862.88
2024-01-16,Newsletter,Email,115.55,9970,1021,16,1613.4
2024-01-16,Creator Series,Video,532.77,178725,3095,9,837.65
2024-01-16,Competitor Terms,Search,803.32,89779,3572,30,3315.16
2024-01-17,Always-on Brand,Display,332.07,130579,1671,8,628.9
2024-01-17,Retargeting,Social,481.63,59936,2133,23,1961.21
2024-01-17,Newsletter,Email,0.0,0,0,0,0.0
2024-01-17,Creator Series,Video,737.39,208740,4268,9,609.85
2024-01-17,Competitor Terms,Search,788.83,100494,3897,36,4133.42
2024-01-18,Always-on Brand,Display,320.45,77932,767,7,930.37
2024-01-18,Retargeting,Social,621.77,68606,2376,19,2182.24
2024-01-18,Newsletter,Email,39.58,3615,241,9,566.95
2024-01-18,Creator Series,Video,420.84,144083,2043,6,457.88
2024-01-18,Competitor Terms,Search,700.25,91321,5909,49,3313.37
2024-01-19,Always-on Brand,Display,633.97,204881,2849,7,681.5
2024-01-19,Retargeting,Social,665.86,73855,2122,22,1343.31
2024-01-19,Newsletter,Email,0.0,0,0,0,0.0
2024-01-19,Creator Series,Video,352.15,96883,1393,8,489.87
2024-01-19,Competitor Terms,Search,876.62,107193,6519,45,4156.24
2024-01-20,Always-on Brand,Display,299.92,104351,1255,8,995.09
2024-01-20,Retargeting,Social,562.76,70156,2455,23,2126.37
2024-01-20,Newsletter,Email,265.5,35521,3925,41,4976.64
2024-01-20,Creator Series,Video,542.59,200799,2683,9,877.57
2024-01-20,Competitor Terms,Search,638.07,51450,2349,39,4286.94
2024-01-21,Always-on Brand,Display,436.56,157116,1701,8,844.53
2024-01-21,Retargeting,Social,809.26,90624,2538,31,3452.82
2024-01-21,Newsletter,Email,0.0,0,0,0,0.0
2024-01-21,Creator Series,Video,374.09,107063,1813,5,378.18
2024-01-21,Competitor Terms,Search,706.19,67125,4173,38,3823.77
2024-01-22,Always-on Brand,Display,441.54,182836,2283,10,1110.41
2024-01-22,Retargeting,Social,588.31,68157,2362,12,1612.95
2024-01-22,Newsletter,Email,12.73,1140,100,5,498.21
2024-01-22,Creator Series,Video,506.82,207873,3563,10,1078.27
2024-01-22,Competitor Terms,Search,716.02,72987,3180,42,4403.76
2024-01-23,Always-on Brand,Display,377.32,110664,940,5,317.11
2024-01-23,Retargeting,Social,726.81,64973,2247,19,2504.26
2024-01-23,Newsletter,Email,48.88,6809,776,10,1324.44
2024-01-23,Creator Series,Video,501.43,159111,2825,13,1033.46
2024-01-23,Competitor Terms,Search,508.93,62783,3079,43,5389.43
2024-01-24,Always-on Brand,Display,376.14,131140,1210,7,675.19
2024-01-24,Retargeting,Social,583.24,65139,1513,18,2041.76
2024-01-24,Newsletter,Email,80.02,8588,662,20,1871.25
2024-01-24,Creator Series,Video,554.16,232511,5321,12,948.87
2024-01-24,Competitor Terms,Search,618.82,53733,3319,42,4619.92
2024-01-25,Always-on Brand,Display,360.38,130930,1632,7,774.54
2024-01-25,Retargeting,Social,634.6,79453,1939,16,2214.04
2024-01-25,Newsletter,Email,223.66,18422,1221,26,2444.4
2024-01-25,Creator Series,Video,430.89,151760,2080,9,592.19
2024-01-25,Competitor Terms,Search,864.52,97723,5270,36,3538.24
2024-01-26,Always-on Brand,Display,486.38,135171,1469,9,1143.76
2024-01-26,Retargeting,Social,618.38,79493,2561,24,1849.28
2024-01-26,Newsletter,Email,71.58,7549,580,23,2058.87
2024-01-26,Creator Series,Video,364.53,108837,2016,10,1336.66
2024-01-26,Competitor Terms,Search,494.54,52252,2407,21,2730.3
2024-01-27,Always-on Brand,Display,446.08,152364,1811,8,671.28
2024-01-27,Retargeting,Social,593.4,75082,1679,15,1694.52
2024-01-27,Newsletter,Email,122.15,15084,1515,20,1428.67
2024-01-27,Creator Series,Video,574.13,174767,3572,9,624.52
2024-01-27,Competitor Terms,Search,705.68,95346,6025,49,4656.93
2024-01-28,Always-on Brand,Display,286.44,110151,1166,5,459.84
2024-01-28,Retargeting,Social,765.45,72639,1998,19,1692.23
2024-01-28,Newsletter,Email,0.0,0,0,0,0.0
2024-01-28,Creator Series,Video,568.78,222135,4149,7,845.01
2024-01-28,Competitor Terms,Search,620.61,82450,3581,21,2126.28
2024-01-29,Always-on Brand,Display,287.48,119001,1557,7,455.87
2024-01-29,Retargeting,Social,539.11,60816,2139,12,798.41
2024-01-29,Newsletter,Email,32.08,2729,265,8,957.31
2024-01-29,Creator Series,Video,322.96,115237,1757,6,727.37
2024-01-29,Competitor Terms,Search,572.14,59309,2676,46,5234.39
2024-01-30,Always-on Brand,Display,387.4,127399,1563,8,933.21
2024-01-30,Retargeting,Social,661.08,85659,2826,26,3236.29
2024-01-30,Newsletter,Email,0.0,0,0,0,0.0
2024-01-30,Creator Series,Video,379.89,146031,2504,8,573.56
2024-01-30,Competitor Terms,Search,714.88,88983,5759,33,2422.61
2024-01-31,Always-on Brand,Display,439.28,128516,1976,4,338.7
2024-01-31,Retargeting,Social,673.28,58500,1910,25,1858.87
2024-01-31,Newsletter,Email,149.97,17253,1934,16,1099.11
2024-01-31,Creator Series,Video,574.63,156997,2346,8,939.04
2024-01-31,Competitor Terms,Search,679.99,61946,2690,26,3135.61
2024-02-01,Always-on Brand,Display,352.61,104411,1289,8,786.87
2024-02-01,Retargeting,Social,533.15,71897,1952,19,2594.67
2024-02-01,Newsletter,Email,242.0,26367,1975,21,2851.83
2024-02-01,Creator Series,Video,536.3,179641,3264,8,1113.76
2024-02-01,Competitor Terms,Search,614.49,73402,3092,21,2054.05
2024-02-02,Always-on Brand,Display,274.43,101097,1290,4,290.21
2024-02-02,Retargeting,Social,666.68,66206,1699,26,2633.54
2024-02-02,Newsletter,Email,0.0,0,0,0,0.0
2024-02-02,Creator Series,Video,283.05,68000,1460,9,1131.9
2024-02-02,Competitor Terms,Search,766.51,94274,3574,38,3704.74
2024-02-03,Always-on Brand,Display,426.76,175818,2219,9,758.59
2024-02-03,Retargeting,Social,569.78,76923,1741,24,1840.14
2024-02-03,Newsletter,Email,0.0,0,0,0,0.0
2024-02-03,Creator Series,Video,476.61,120908,1922,9,1054.9
2024-02-03,Competitor Terms,Search,776.81,78910,4388,26,2380.01
2024-02-04,Always-on Brand,Display,152.64,59430,779,2,180.34
2024-02-04,Retargeting,Social,604.16,74069,1872,20,1932.94
2024-02-04,Newsletter,Email,335.65,42952,3185,44,3662.19
2024-02-04,Creator Series,Video,526.03,161848,2982,8,695.93
2024-02-04,Competitor Terms,Search,593.88,56648,2322,40,3454.07
2024-02-05,Always-on Brand,Display,476.95,195602,2435,9,778.79
2024-02-05,Retargeting,Social,565.13,49985,1134,21,2449.93
2024-02-05,Newsletter,Email,10.33,937,79,8,859.35
2024-02-05,Creator Series,Video,563.63,151207,2107,9,592.33
2024-02-05,Competitor Terms,Search,737.99,99803,4771,38,4247.63
2024-02-06,Always-on Brand,Display,408.36,126376,1363,6,367.4
2024-02-06,Retargeting,Social,373.32,38841,1304,21,2586.65
2024-02-06,Newsletter,Email,0.0,0,0,0,0.0
2024-02-06,Creator Series,Video,398.66,103303,1722,9,1107.76
2024-02-06,Competitor Terms,Search,760.56,68070,3947,51,5296.88
2024-02-07,Always-on Brand,Display,275.4,83572,1003,4,468.29
2024-02-07,Retargeting,Social,658.38,80929,2916,15,2033.87
2024-02-07,Newsletter,Email,37.44,4404,324,8,636.54
2024-02-07,Creator Series,Video,378.72,113334,2565,7,679.3
2024-02-07,Competitor Terms,Search,635.12,55536,3565,24,3175.79
2024-02-08,Always-on Brand,Display,274.38,93526,963,7,975.59
2024-02-08,Retargeting,Social,513.65,66286,2109,12,1511.67
2024-02-08,Newsletter,Email,0.0,0,0,0,0.0
2024-02-08,Creator Series,Video,700.74,237279,3185,7,520.84
2024-02-08,Competitor Terms,Search,922.93,110291,4878,48,5712.69
2024-02-09,Always-on Brand,Display,371.92,114810,1453,8,490.46
2024-02-09,Retargeting,Social,578.79,51268,1433,20,1477.9
2024-02-09,Newsletter,Email,146.72,16313,1259,28,2423.9
2024-02-09,Creator Series,Video,490.64,177012,2507,13,1404.1
2024-02-09,Competitor Terms,Search,681.79,73765,3492,40,4605.79
2024-02-10,Always-on Brand,Display,397.88,130283,2027,8,1027.23
2024-02-10,Retargeting,Social,389.96,40766,1174,16,2118.72
2024-02-10,Newsletter,Email,0.0,0,0,0,0.0
2024-02-10,Creator Series,Video,488.45,181020,4040,11,1185.82
2024-02-10,Competitor Terms,Search,702.95,81264,3014,25,2393.92
2024-02-11,Always-on Brand,Display,310.2,102512,1153,3,346.78
2024-02-11,Retargeting,Social,477.73,46998,1321,13,851.18
2024-02-11,Newsletter,Email,35.45,4774,549,14,1810.47
2024-02-11,Creator Series,Video,357.92,100187,2070,8,1058.19
2024-02-11,Competitor Terms,Search,782.26,67206,3949,27,2781.19
2024-02-12,Always-on Brand,Display,393.03,111583,1177,5,325.05
2024-02-12,Retargeting,Social,545.04,72875,2600,17,1504.84
2024-02-12,Newsletter,Email,22.15,1813,202,8,798.99
2024-02-12,Creator Series,Video,492.32,200918,4652,9,688.69
2024-02-12,Competitor Terms,Search,642.47,85968,3513,45,3974.95
2024-02-13,Always-on Brand,Display,593.23,192828,1858,11,1535.96
2024-02-13,Retargeting,Social,585.33,53551,1972,12,821.86
2024-02-13,Newsletter,Email,173.25,21403,1710,38,4923.54
2024-02-13,Creator Series,Video,495.44,180968,4113,9,596.87
2024-02-13,Competitor Terms,Search,652.96,60982,2696,41,3104.41
2024-02-14,Always-on Brand,Display,418.81,150613,2122,6,677.76
2024-02-14,Retargeting,Social,608.24,80936,2559,15,1261.12
2024-02-14,Newsletter,Email,171.17,16536,1613,19,2634.2
2024-02-14,Creator Series,Video,445.34,142181,2602,9,572.65
2024-02-14,Competitor Terms,Search,639.95,60829,3594,23,1904.68
2024-02-15,Always-on Brand,Display,345.1,129763,1319,5,519.24
2024-02-15,Retargeting,Social,623.7,86858,1876,19,2280.9
2024-02-15,Newsletter,Email,230.64,23774,2690,33,2454.92
2024-02-15,Creator Series,Video,380.55,115966,2285,10,1013.39
2024-02-15,Competitor Terms,Search,655.57,72334,4366,41,4167.31
2024-02-16,Always-on Brand,Display,445.2,169325,1623,8,630.62
2024-02-16,Retargeting,Social,528.65,56262,1964,22,2712.39
2024-02-16,Newsletter,Email,56.37,5258,495,16,1005.23
2024-02-16,Creator Series,Video,615.06,213688,4341,11,1428.13
2024-02-16,Competitor Terms,Search,724.86,58762,2931,35,3336.68
2024-02-17,Always-on Brand,Display,438.61,126024,1783,4,530.34
2024-02-17,Retargeting,Social,439.63,56051,1417,12,1018.57
2024-02-17,Newsletter,Email,0.0,0,0,0,0.0
2024-02-17,Creator Series,Video,495.47,126804,2721,7,562.71
2024-02-17,Competitor Terms,Search,826.23,74021,4124,50,6146.82
2024-02-18,Always-on Brand,Display,479.23,146451,1458,10,633.69
2024-02-18,Retargeting,Social,582.07,63662,2209,26,1860.72
2024-02-18,Newsletter,Email,0.0,0,0,0,0.0
2024-02-18,Creator Series,Video,549.87,170857,2702,9,595.07
2024-02-18,Competitor Terms,Search,1006.71,126641,7221,34,2728.73
2024-02-19,Always-on Brand,Display,456.64,154956,1571,7,942.17
2024-02-19,Retargeting,Social,490.28,68087,2178,11,1014.68
2024-02-19,Newsletter,Email,110.81,13185,872,20,2311.49
2024-02-19,Creator Series,Video,589.39,235489,4143,9,1146.99
2024-02-19,Competitor Terms,Search,607.86,62529,3654,26,2282.62
2024-02-20,Always-on Brand,Display,437.89,118010,1164,5,487.08
2024-02-20,Retargeting,Social,654.07,64434,1871,28,3201.4
2024-02-20,Newsletter,Email,88.0,9061,606,23,2047.58
2024-02-20,Creator Series,Video,458.9,132812,1700,7,566.91
2024-02-20,Competitor Terms,Search,535.96,65876,2836,28,2023.88
2024-02-21,Always-on Brand,Display,522.24,213381,2345,9,1060.89
2024-02-21,Retargeting,Social,561.85,55806,1558,12,1567.09
2024-02-21,Newsletter,Email,36.32,3614,378,13,837.1
2024-02-21,Creator Series,Video,452.7,111975,1593,10,625.42
2024-02-21,Competitor Terms,Search,744.68,73527,3508,39,2764.34
2024-02-22,Always-on Brand,Display,370.42,137273,1811,4,305.54
2024-02-22,Retargeting,Social,475.99,46085,1559,16,1454.73
2024-02-22,Newsletter,Email,91.42,8915,727,16,1012.08
2024-02-22,Creator Series,Video,457.01,111699,2167,10,1247.01
2024-02-22,Competitor Terms,Search,779.83,93758,5866,30,3454.11
2024-02-23,Always-on Brand,Display,377.97,136065,2078,8,630.14
2024-02-23,Retargeting,Social,518.66,54803,1537,11,997.35
2024-02-23,Newsletter,Email,16.75,1669,149,7,508.81
2024-02-23,Creator Series,Video,420.06,113419,2243,7,472.11
2024-02-23,Competitor Terms,Search,763.15,76703,3656,27,2878.5
2024-02-24,Always-on Brand,Display,354.26,129671,1110,6,534.86
2024-02-24,Retargeting,Social,432.69,36249,1025,10,996.45
2024-02-24,Newsletter,Email,0.0,0,0,0,0.0
2024-02-24,Creator Series,Video,452.89,181391,3393,7,794.11
2024-02-24,Competitor Terms,Search,743.23,86895,5529,33,3501.09
2024-02-25,Always-on Brand,Display,486.95,199469,2783,8,877.32
2024-02-25,Retargeting,Social,463.78,44787,1609,22,1992.1
2024-02-25,Newsletter,Email,98.29,13227,860,15,1508.49
2024-02-25,Creator Series,Video,475.15,197592,2809,7,547.96
2024-02-25,Competitor Terms,Search,784.56,94782,3984,23,2380.61
2024-02-26,Always-on Brand,Display,335.59,110358,1443,6,659.71
2024-02-26,Retargeting,Social,588.81,66915,2406,26,2253.72
2024-02-26,Newsletter,Email,0.0,0,0,0,0.0
2024-02-26,Creator Series,Video,667.28,275923,5933,8,877.83
2024-02-26,Competitor Terms,Search,581.64,59426,2589,40,4108.76
2024-02-27,Always-on Brand,Display,397.08,112239,1144,5,371.11
2024-02-27,Retargeting,Social,497.6,41696,927,12,1396.59
2024-02-27,Newsletter,Email,42.61,3697,323,17,1673.75
2024-02-27,Creator Series,Video,605.04,239938,3161,8,804.77
2024-02-27,Competitor Terms,Search,862.14,110170,5152,48,3846.97
2024-02-28,Always-on Brand,Display,372.2,111695,1548,8,1010.27
2024-02-28,Retargeting,Social,464.65,52991,1513,20,2196.79
2024-02-28,Newsletter,Email,128.78,11270,939,28,2197.53
2024-02-28,Creator Series,Video,360.07,98384,1254,9,1217.52
2024-02-28,Competitor Terms,Search,751.29,91098,4334,42,3852.97
2024-02-29,Always-on Brand,Display,380.74,155343,2410,4,468.24
2024-02-29,Retargeting,Social,566.27,55020,1879,26,1809.9
2024-02-29,Newsletter,Email,65.46,6532,420,18,1775.58
2024-02-29,Creator Series,Video,450.64,173083,3748,7,639.34
2024-02-29,Competitor Terms,Search,759.49,88909,5153,53,4830.83
2024-03-01,Spring Launch,Search,780.23,99876,3935,28,1919.94
2024-03-01,Always-on Brand,Display,329.75,134552,1373,6,417.78
2024-03-01,Retargeting,Social,634.28,72279,1704,22,1802.26
2024-03-01,Newsletter,Email,74.68,6993,622,16,1292.27
2024-03-01,Creator Series,Video,636.21,254912,4063,7,522.2
2024-03-01,Competitor Terms,Search,840.74,91646,5949,30,3881.4
2024-03-02,Spring Launch,Search,714.32,91732,4300,24,2497.06
2024-03-02,Always-on Brand,Display,471.28,168832,2175,6,810.66
2024-03-02,Retargeting,Social,878.0,93588,3369,27,1999.83
2024-03-02,Newsletter,Email,0.0,0,0,0,0.0
2024-03-02,Creator Series,Video,481.18,142333,2583,6,460.87
2024-03-02,Competitor Terms,Search,971.16,133589,4719,44,5491.6
2024-03-03,Spring Launch,Search,875.27,90990,5376,52,6313.66
2024-03-03,Always-on Brand,Display,286.29,119517,1090,8,737.45
2024-03-03,Retargeting,Social,620.74,83538,1789,21,1641.75
2024-03-03,Newsletter,Email,0.0,0,0,0,0.0
2024-03-03,Creator Series,Video,494.15,150088,2343,13,1114.49
2024-03-03,Competitor Terms,Search,946.27,81046,3650,51,3922.26
2024-03-04,Spring Launch,Search,822.07,99316,4004,27,1928.75
2024-03-04,Always-on Brand,Display,321.34,97385,1120,3,300.62
2024-03-04,Retargeting,Social,564.15,63313,2414,14,1826.14
2024-03-04,Newsletter,Email,110.68,10985,1139,15,2085.0
2024-03-04,Creator Series,Video,341.76,95533,1624,9,668.02
2024-03-04,Competitor Terms,Search,948.36,91424,5057,58,4975.13
2024-03-05,Spring Launch,Search,870.15,121271,4783,45,4061.22
2024-03-05,Always-on Brand,Display,554.84,197467,1960,9,1179.09
2024-03-05,Retargeting,Social,740.28,81646,2548,15,1904.98
2024-03-05,Newsletter,Email,0.0,0,0,0,0.0
2024-03-05,Creator Series,Video,538.24,187372,3519,10,625.77
2024-03-05,Competitor Terms,Search,880.92,103631,5016,44,4732.89
2024-03-06,Spring Launch,Search,885.62,95753,6203,49,4166.82
2024-03-06,Always-on Brand,Display,433.6,161564,2508,6,776.39
2024-03-06,Retargeting,Social,878.57,96172,2424,30,3358.15
2024-03-06,Newsletter,Email,294.8,40170,4329,46,4642.7
2024-03-06,Creator Series,Video,638.39,253195,5136,9,1121.16
2024-03-06,Competitor Terms,Search,826.4,88626,4527,52,3935.32
2024-03-07,Spring Launch,Search,798.65,67416,3482,48,4764.49
2024-03-07,Always-on Brand,Display,615.87,174614,2472,11,1338.31
2024-03-07,Retargeting,Social,415.5,53103,1260,14,952.38
2024-03-07,Newsletter,Email,0.0,0,0,0,0.0
2024-03-07,Creator Series,Video,649.74,201389,4384,12,1585.72
2024-03-07,Competitor Terms,Search,875.02,73775,4768,31,3420.44
2024-03-08,Spring Launch,Search,955.14,87704,4828,40,2449.18
2024-03-08,Always-on Brand,Display,335.34,100977,1077,7,575.98
2024-03-08,Retargeting,Social,508.34,46178,1076,20,1946.34
2024-03-08,Newsletter,Email,0.0,0,0,0,0.0
2024-03-08,Creator Series,Video,552.37,231482,4645,12,1065.91
2024-03-08,Competitor Terms,Search,884.93,87267,4123,29,3204.45
2024-03-09,Spring Launch,Search,645.95,67527,3288,35,4736.63
2024-03-09,Always-on Brand,Display,553.16,167244,2252,6,638.05
2024-03-09,Retargeting,Social,595.28,57854,2104,22,2120.67
2024-03-09,Newsletter,Email,273.97,37265,3127,43,4648.35
2024-03-09,Creator Series,Video,559.88,176607,2761,10,1363.61
2024-03-09,Competitor Terms,Search,840.81,82043,4581,46,3660.56
2024-03-10,Spring Launch,Search,778.07,104044,4427,36,3143.72
2024-03-10,Always-on Brand,Display,491.02,190364,2764,8,829.39
2024-03-10,Retargeting,Social,834.73,71205,1961,20,2356.91
2024-03-10,Newsletter,Email,192.73,23157,1888,40,5438.92
2024-03-10,Creator Series,Video,752.65,244201,4030,11,938.11
2024-03-10,Competitor Terms,Search,850.74,102302,5439,56,7734.53
2024-03-11,Spring Launch,Search,938.58,121753,6635,49,6850.71
2024-03-11,Always-on Brand,Display,454.86,114614,1344,6,674.91
2024-03-11,Retargeting,Social,710.6,65776,1819,15,1373.57
2024-03-11,Newsletter,Email,382.67,47645,3216,31,3469.39
2024-03-11,Creator Series,Video,467.89,133635,2854,11,1342.89
2024-03-11,Competitor Terms,Search,701.12,61124,2998,22,2833.05
2024-03-12,Spring Launch,Search,1048.68,85416,3889,46,4723.9
2024-03-12,Always-on Brand,Display,379.82,98761,1390,5,502.93
2024-03-12,Retargeting,Social,745.39,65432,1478,22,1837.39
2024-03-12,Newsletter,Email,156.06,19765,1508,25,1608.6
2024-03-12,Creator Series,Video,622.44,211916,3721,14,956.87
2024-03-12,Competitor Terms,Search,946.54,124002,4916,59,6017.84
2024-03-13,Spring Launch,Search,701.55,92485,5910,34,2069.12
2024-03-13,Always-on Brand,Display,544.27,145687,2082,9,1053.08
2024-03-13,Retargeting,Social,719.27,58773,1350,18,2471.34
2024-03-13,Newsletter,Email,168.32,19959,2171,18,1679.24
2024-03-13,Creator Series,Video,673.64,175223,3946,10,991.19
2024-03-13,Competitor Terms,Search,868.57,103569,6379,55,5798.81
2024-03-14,Spring Launch,Search,589.07,61067,2685,40,3226.5
2024-03-14,Always-on Brand,Display,458.58,140423,1613,7,620.75
2024-03-14,Retargeting,Social,534.47,44347,1598,12,1226.76
2024-03-14,Newsletter,Email,106.32,11998,1014,17,1154.9
2024-03-14,Creator Series,Video,531.49,173862,2623,12,1187.91
2024-03-14,Competitor Terms,Search,897.12,72252,3410,57,3452.27
2024-03-15,Spring Launch,Search,593.98,60549,3205,30,2522.82
2024-03-15,Always-on Brand,Display,304.46,106455,1346,5,499.05
2024-03-15,Retargeting,Social,460.12,38273,867,13,1060.93
2024-03-15,Newsletter,Email,36.43,4653,400,17,1567.12
2024-03-15,Creator Series,Video,560.86,143234,3327,13,1121.31
2024-03-15,Competitor Terms,Search,990.44,98095,5844,54,6014.61
2024-03-16,Spring Launch,Search,1003.71,83184,4470,46,6172.52
2024-03-16,Always-on Brand,Display,525.44,186511,1596,10,1202.19
2024-03-16,Retargeting,Social,633.76,78722,2245,23,3189.99
2024-03-16,Newsletter,Email,49.58,6694,448,18,1714.35
2024-03-16,Creator Series,Video,599.05,192045,3325,7,599.15
2024-03-16,Competitor Terms,Search,720.45,89394,3320,26,3294.76
2024-03-17,Spring Launch,Search,758.11,65799,2536,32,4361.89
2024-03-17,Always-on Brand,Display,339.68,115773,1741,4,372.74
2024-03-17,Retargeting,Social,438.39,38315,1407,16,1000.16
2024-03-17,Newsletter,Email,7.43,787,65,6,805.52
2024-03-17,Creator Series,Video,429.27,133005,2794,6,716.32
2024-03-17,Competitor Terms,Search,834.76,75120,3949,30,2631.04
2024-03-18,Spring Launch,Search,880.77,101715,5146,37,3919.84
2024-03-18,Always-on Brand,Display,547.79,214520,2355,8,787.5
2024-03-18,Retargeting,Social,741.71,90373,2277,17,2013.36
2024-03-18,Newsletter,Email,43.24,4950,380,9,1133.88
2024-03-18,Creator Series,Video,472.07,150066,2891,10,1380.6
2024-03-18,Competitor Terms,Search,949.93,127839,6222,42,3297.24
2024-03-19,Spring Launch,Search,829.01,81568,4928,25,2896.95
2024-03-19,Always-on Brand,Display,408.72,139885,1730,6,432.75
2024-03-19,Retargeting,Social,822.92,105617,2403,28,2169.41
2024-03-19,Newsletter,Email,0.0,0,0,0,0.0
2024-03-19,Creator Series,Video,611.63,245806,5549,12,1069.46
2024-03-19,Competitor Terms,Search,682.73,93576,5292,30,3858.27
2024-03-20,Spring Launch,Search,815.47,77430,2757,41,3291.7
2024-03-20,Always-on Brand,Display,374.33,109584,1120,4,395.16
2024-03-20,Retargeting,Social,631.19,61007,1840,26,1893.02
2024-03-20,Newsletter,Email,144.73,19042,2078,28,2898.09
2024-03-20,Creator Series,Video,584.23,209615,4722,13,1050.25
2024-03-20,Competitor Terms,Search,692.16,57629,3636,32,3935.44
2024-03-21,Spring Launch,Search,840.6,85933,4887,54,5424.39
2024-03-21,Always-on Brand,Display,580.58,198491,2165,6,815.94
2024-03-21,Retargeting,Social,845.8,101013,2251,30,2044.81
2024-03-21,Newsletter,Email,222.7,25371,1762,45,3813.55
2024-03-21,Creator Series,Video,625.29,225069,3000,7,739.72
2024-03-21,Competitor Terms,Search,799.7,111133,6173,50,6139.28
2024-03-22,Spring Launch,Search,784.14,87525,3548,40,3533.55
2024-03-22,Always-on Brand,Display,454.13,149779,1471,8,747.06
2024-03-22,Retargeting,Social,599.48,65473,2032,26,2727.82
2024-03-22,Newsletter,Email,59.16,5211,412,14,1626.34
2024-03-22,Creator Series,Video,877.61,360687,8149,17,2291.55
2024-03-22,Competitor Terms,Search,715.03,58068,2885,40,4594.3
2024-03-23,Spring Launch,Search,712.45,96890,3642,37,5060.05
2024-03-23,Always-on Brand,Display,361.01,88711,816,8,1092.58
2024-03-23,Retargeting,Social,671.82,87191,2911,21,2234.53
2024-03-23,Newsletter,Email,59.44,7456,794,10,654.33
2024-03-23,Creator Series,Video,680.33,265335,4511,10,877.39
2024-03-23,Competitor Terms,Search,538.97,43601,2533,26,2778.12
2024-03-24,Spring Launch,Search,729.55,87906,4276,29,3785.93
2024-03-24,Always-on Brand,Display,443.7,120520,1142,5,491.6
2024-03-24,Retargeting,Social,664.85,62692,2054,16,1629.13
2024-03-24,Newsletter,Email,0.0,0,0,0,0.0
2024-03-24,Creator Series,Video,566.61,210077,4176,13,1341.69
2024-03-24,Competitor Terms,Search,921.6,78073,4520,33,2555.09
2024-03-25,Spring Launch,Search,540.9,55304,2527,43,5987.16
2024-03-25,Always-on Brand,Display,631.34,195520,1833,10,1225.84
2024-03-25,Retargeting,Social,541.34,55632,1455,20,2386.41
2024-03-25,Newsletter,Email,221.19,24010,2573,19,1898.44
2024-03-25,Creator Series,Video,568.4,229983,3254,8,1042.01
2024-03-25,Competitor Terms,Search,855.66,117763,7412,35,4706.05
2024-03-26,Spring Launch,Search,937.93,128249,5229,30,3427.71
2024-03-26,Always-on Brand,Display,595.92,237683,3239,11,1059.3
2024-03-26,Retargeting,Social,605.18,58326,2210,12,897.44
2024-03-26,Newsletter,Email,95.36,9617,631,18,1343.29
2024-03-26,Creator Series,Video,694.83,234337,4389,14,1429.95
2024-03-26,Competitor Terms,Search,922.17,126178,4724,33,2182.47
2024-03-27,Spring Launch,Search,759.92,102931,5158,28,2420.13
2024-03-27,Always-on Brand,Display,633.84,216976,2282,10,1378.06
2024-03-27,Retargeting,Social,498.69,65208,1915,13,1761.83
2024-03-27,Newsletter,Email,92.75,12862,827,25,2301.06
2024-03-27,Creator Series,Video,660.35,179052,3680,8,492.55
2024-03-27,Competitor Terms,Search,849.08,79121,4666,40,4488.96
2024-03-28,Spring Launch,Search,759.58,61458,2712,24,1940.31
2024-03-28,Always-on Brand,Display,475.25,166992,1846,7,769.39
2024-03-28,Retargeting,Social,601.57,80029,2517,18,1857.77
2024-03-28,Newsletter,Email,149.8,16121,1305,35,2753.36
2024-03-28,Creator Series,Video,796.86,317752,4561,12,1665.17
2024-03-28,Competitor Terms,Search,743.21,72328,2902,44,3467.61
2024-03-29,Spring Launch,Search,772.06,105655,4598,26,2989.59
2024-03-29,Always-on Brand,Display,427.57,129329,1607,7,936.64
2024-03-29,Retargeting,Social,536.67,42986,1286,15,1589.05
2024-03-29,Newsletter,Email,45.6,5376,472,9,898.2
2024-03-29,Creator Series,Video,440.94,182825,2856,9,600.93
2024-03-29,Competitor Terms,Search,846.05,108290,4551,51,6315.64
2024-03-30,Spring Launch,Search,821.04,90509,4325,41,5562.5
2024-03-30,Always-on Brand,Display,698.28,229161,2720,7,891.04
2024-03-30,Retargeting,Social,542.92,49834,1239,23,2858.42
2024-03-30,Newsletter,Email,53.28,7390,831,18,2228.3
2024-03-30,Creator Series,Video,550.02,211334,3065,13,1095.43
2024-03-30,Competitor Terms,Search,632.73,59884,3747,21,2119.85
2024-03-31,Spring Launch,Search,719.96,83969,5233,50,5577.11
2024-03-31,Always-on Brand,Display,623.02,156758,2069,6,831.45
2024-03-31,Retargeting,Social,709.77,64699,2167,25,3470.05
2024-03-31,Newsletter,Email,0.0,0,0,0,0.0
2024-03-31,Creator Series,Video,725.33,276615,6095,12,1625.69
2024-03-31,Competitor Terms,Search,688.47,81478,4054,33,2912.94
2024-04-01,Spring Launch,Search,921.86,117757,4929,47,5735.04
2024-04-01,Always-on Brand,Display,484.68,176909,2143,6,490.98
2024-04-01,Retargeting,Social,728.19,88239,3349,18,2415.04
2024-04-01,Newsletter,Email,209.1,28163,2216,43,4710.64
2024-04-01,Creator Series,Video,808.73,242611,3788,13,1287.36
2024-04-01,Competitor Terms,Search,809.15,66450,4045,40,3913.7
2024-04-02,Spring Launch,Search,852.06,78350,4107,32,2758.41
2024-04-02,Always-on Brand,Display,388.62,98163,861,6,612.92
2024-04-02,Retargeting,Social,819.55,85941,2434,18,1762.43
2024-04-02,Newsletter,Email,5.62,772,53,4,459.4
2024-04-02,Creator Series,Video,628.81,223485,5080,14,1121.31
2024-04-02,Competitor Terms,Search,710.36,79895,5186,38,2855.69
2024-04-03,Spring Launch,Search,858.94,76461,3940,33,3879.86
2024-04-03,Always-on Brand,Display,436.16,161735,1730,8,894.54
2024-04-03,Retargeting,Social,630.61,66812,1531,19,2591.12
2024-04-03,Newsletter,Email,0.0,0,0,0,0.0
2024-04-03,Creator Series,Video,575.69,151413,2603,11,1314.94
2024-04-03,Competitor Terms,Search,740.06,77100,4201,43,4697.9
2024-04-04,Spring Launch,Search,1026.92,90075,3300,43,2637.89
2024-04-04,Always-on Brand,Display,526.6,133292,1494,7,479.14
2024-04-04,Retargeting,Social,878.53,95934,3029,20,2773.86
2024-04-04,Newsletter,Email,0.0,0,0,0,0.0
2024-04-04,Creator Series,Video,500.49,156046,3461,8,986.43
2024-04-04,Competitor Terms,Search,848.51,103930,5035,36,3418.14
2024-04-05,Spring Launch,Search,760.02,89249,4224,32,3898.24
2024-04-05,Always-on Brand,Display,503.87,162208,1915,10,963.73
2024-04-05,Retargeting,Social,491.69,68139,2394,16,1819.09
2024-04-05,Newsletter,Email,228.16,28395,2243,39,5303.31
2024-04-05,Creator Series,Video,522.92,166456,3271,8,973.04
2024-04-05,Competitor Terms,Search,714.37,80259,5168,32,3741.89
2024-04-06,Spring Launch,Search,972.61,122532,5242,47,3650.6
2024-04-06,Always-on Brand,Display,487.41,151927,2363,5,665.1
2024-04-06,Retargeting,Social,805.26,104101,3755,20,2144.56
2024-04-06,Newsletter,Email,112.31,13783,1435,27,2870.46
2024-04-06,Creator Series,Video,615.75,209989,3880,15,1063.78
2024-04-06,Competitor Terms,Search,1033.18,131047,5863,53,7209.46
2024-04-07,Spring Launch,Search,832.43,92981,4635,29,3191.07
2024-04-07,Always-on Brand,Display,620.79,248829,3278,7,871.38
2024-04-07,Retargeting,Social,609.04,70861,2075,20,2785.86
2024-04-07,Newsletter,Email,87.76,10019,1147,18,2172.85
2024-04-07,Creator Series,Video,703.26,256372,5141,15,1356.21
2024-04-07,Competitor Terms,Search,898.93,86672,3965,43,2663.1
2024-04-08,Spring Launch,Search,737.38,65565,2906,49,6599.53
2024-04-08,Always-on Brand,Display,593.31,169063,1636,5,334.28
2024-04-08,Retargeting,Social,716.08,68645,2045,24,1493.93
2024-04-08,Newsletter,Email,0.0,0,0,0,0.0
2024-04-08,Creator Series,Video,585.12,232945,3484,10,850.97
2024-04-08,Competitor Terms,Search,756.84,80611,4785,40,4349.72
2024-04-09,Spring Launch,Search,935.8,87369,4682,30,4114.19
2024-04-09,Always-on Brand,Display,468.39,141184,1633,7,883.49
2024-04-09,Retargeting,Social,812.71,73374,2009,26,2009.45
2024-04-09,Newsletter,Email,0.0,0,0,0,0.0
2024-04-09,Creator Series,Video,641.66,159439,3206,7,891.03
2024-04-09,Competitor Terms,Search,1034.92,116526,6117,30,1906.2
2024-04-10,Spring Launch,Search,656.11,76112,4632,23,1567.39
2024-04-10,Always-on Brand,Display,737.89,179870,2413,7,572.69
2024-04-10,Retargeting,Social,577.44,57365,1687,15,1573.6
2024-04-10,Newsletter,Email,0.0,0,0,0,0.0
2024-04-10,Creator Series,Video,616.08,182282,3462,9,621.34
2024-04-10,Competitor Terms,Search,875.57,114491,5618,41,3482.99
2024-04-11,Spring Launch,Search,999.87,117342,6428,51,5101.93
2024-04-11,Always-on Brand,Display,350.62,110223,1235,6,584.93
2024-04-11,Retargeting,Social,526.63,67047,2485,14,864.88
2024-04-11,Newsletter,Email,31.58,3096,200,15,1644.43
2024-04-11,Creator Series,Video,601.06,238229,5152,12,1384.04
2024-04-11,Competitor Terms,Search,927.44,115626,5623,39,4064.95
2024-04-12,Spring Launch,Search,1111.87,150123,9016,30,2392.62
2024-04-12,Always-on Brand,Display,235.12,97524,1200,5,423.93
2024-04-12,Retargeting,Social,753.95,105116,2350,30,1832.13
2024-04-12,Newsletter,Email,0.0,0,0,0,0.0
2024-04-12,Creator Series,Video,368.09,117195,2441,9,959.32
2024-04-12,Competitor Terms,Search,751.86,67962,3324,50,5696.74
2024-04-13,Spring Launch,Search,880.7,99179,4473,44,4863.14
2024-04-13,Always-on Brand,Display,596.39,145049,1448,9,694.32
2024-04-13,Retargeting,Social,838.29,83855,3206,24,1634.52
2024-04-13,Newsletter,Email,142.27,16817,1297,32,3773.83
2024-04-13,Creator Series,Video,619.55,152508,3235,7,532.99
2024-04-13,Competitor Terms,Search,815.92,66738,2663,39,5329.13
2024-04-14,Spring Launch,Search,816.74,105911,4292,44,4805.41
2024-04-14,Always-on Brand,Display,554.62,226481,1973,8,725.02
2024-04-14,Retargeting,Social,703.81,86496,2104,21,2886.81
2024-04-14,Newsletter,Email,0.0,0,0,0,0.0
2024-04-14,Creator Series,Video,684.55,193517,3044,15,1740.62
2024-04-14,Competitor Terms,Search,884.47,122750,6762,45,4079.22
2024-04-15,Spring Launch,Search,827.95,69160,3441,36,3689.17
2024-04-15,Always-on Brand,Display,344.82,85782,737,9,807.3
2024-04-15,Retargeting,Social,633.87,73243,2744,14,1400.26
2024-04-15,Newsletter,Email,113.61,12494,1303,24,1898.64
2024-04-15,Creator Series,Video,685.26,174098,3819,7,526.12
2024-04-15,Competitor Terms,Search,1025.08,110778,6682,49,5863.55
2024-04-16,Spring Launch,Search,867.63,72097,4308,29,2116.57
2024-04-16,Always-on Brand,Display,292.93,72282,621,7,633.35
2024-04-16,Retargeting,Social,695.17,90915,2893,28,1763.72
2024-04-16,Newsletter,Email,75.23,6526,512,14,965.61
2024-04-16,Creator Series,Video,667.34,180355,2600,11,990.45
2024-04-16,Competitor Terms,Search,1010.23,89887,4678,44,4005.82
2024-04-17,Spring Launch,Search,822.95,96206,3925,34,2065.28
2024-04-17,Always-on Brand,Display,480.22,191986,2424,7,723.44
2024-04-17,Retargeting,Social,721.4,74308,2507,19,2214.31
2024-04-17,Newsletter,Email,34.62,4655,303,10,834.25
2024-04-17,Creator Series,Video,617.78,226049,5105,8,731.76
2024-04-17,Competitor Terms,Search,655.33,85962,4982,24,3321.13
2024-04-18,Spring Launch,Search,841.35,85587,4550,55,7250.91
2024-04-18,Always-on Brand,Display,246.88,84895,1257,7,889.97
2024-04-18,Retargeting,Social,503.48,44620,1261,18,1269.53
2024-04-18,Newsletter,Email,0.0,0,0,0,0.0
2024-04-18,Creator Series,Video,548.68,150590,2625,13,1806.33
2024-04-18,Competitor Terms,Search,994.74,95250,4378,50,3759.05
2024-04-19,Spring Launch,Search,899.26,101978,4607,25,1502.03
2024-04-19,Always-on Brand,Display,413.37,99353,1069,5,696.55
2024-04-19,Retargeting,Social,637.83,78429,1975,19,2238.38
2024-04-19,Newsletter,Email,25.13,3301,374,10,854.17
2024-04-19,Creator Series,Video,538.56,201149,3540,11,793.73
2024-04-19,Competitor Terms,Search,914.29,116086,7429,32,3498.46
2024-04-20,Spring Launch,Search,871.04,91319,3698,48,5077.78
2024-04-20,Always-on Brand,Display,501.03,181078,2783,5,339.34
2024-04-20,Retargeting,Social,788.26,102055,3399,23,2955.35
2024-04-20,Newsletter,Email,85.17,8715,602,22,1365.06
2024-04-20,Creator Series,Video,621.13,167139,2221,11,772.73
2024-04-20,Competitor Terms,Search,882.8,102586,6126,36,2506.57
2024-04-21,Spring Launch,Search,767.55,102114,5271,41,5290.89
2024-04-21,Always-on Brand,Display,313.01,113275,1746,5,609.75
2024-04-21,Retargeting,Social,578.95,46689,1380,15,1621.82
2024-04-21,Newsletter,Email,0.0,0,0,0,0.0
2024-04-21,Creator Series,Video,482.44,201802,4270,8,771.64
2024-04-21,Competitor Terms,Search,747.57,82489,4876,35,4677.67
2024-04-22,Spring Launch,Search,740.73,80581,3684,53,3376.54
2024-04-22,Always-on Brand,Display,486.56,151773,1361,8,576.42
2024-04-22,Retargeting,Social,735.83,85448,2968,20,1672.16
2024-04-22,Newsletter,Email,153.39,15657,1737,20,1218.22
2024-04-22,Creator Series,Video,716.15,188928,2658,15,1798.95
2024-04-22,Competitor Terms,Search,768.91,64483,3562,29,2774.49
2024-04-23,Spring Launch,Search,825.89,112428,5065,28,3427.69
2024-04-23,Always-on Brand,Display,452.41,117464,1018,8,780.85
2024-04-23,Retargeting,Social,828.55,76548,1669,24,2343.18
2024-04-23,Newsletter,Email,0.0,0,0,0,0.0
2024-04-23,Creator Series,Video,848.94,348721,6721,11,1297.08
2024-04-23,Competitor Terms,Search,970.21,130211,7662,27,2708.82
2024-04-24,Spring Launch,Search,946.41,129660,7902,34,3541.23
2024-04-24,Always-on Brand,Display,585.4,173946,1672,10,1207.47
2024-04-24,Retargeting,Social,603.31,73476,2505,19,1319.71
2024-04-24,Newsletter,Email,158.8,13615,982,34,3389.93
2024-04-24,Creator Series,Video,550.68,168732,2446,14,1518.19
2024-04-24,Competitor Terms,Search,769.44,67493,3785,41,4471.52
2024-04-25,Spring Launch,Search,874.47,115944,7430,38,4250.98
2024-04-25,Always-on Brand,Display,320.12,98400,1117,5,558.91
2024-04-25,Retargeting,Social,601.24,78646,2783,22,2804.78
2024-04-25,Newsletter,Email,141.92,14640,1430,20,1704.59
2024-04-25,Creator Series,Video,782.1,317400,5036,11,762.99
2024-04-25,Competitor Terms,Search,975.61,86372,4676,57,3802.86
2024-04-26,Spring Launch,Search,849.43,79466,4873,35,3425.57
2024-04-26,Always-on Brand,Display,667.26,184363,1934,8,658.06
2024-04-26,Retargeting,Social,661.3,78250,2773,17,1280.46
2024-04-26,Newsletter,Email,29.02,2530,169,14,1515.4
2024-04-26,Creator Series,Video,742.22,258115,4142,7,655.76
2024-04-26,Competitor Terms,Search,866.89,87742,5630,36,4816.89
2024-04-27,Spring Launch,Search,955.66,83675,4956,29,3032.73
2024-04-27,Always-on Brand,Display,365.14,94026,852,6,435.03
2024-04-27,Retargeting,Social,814.55,109010,4166,27,3014.83
2024-04-27,Newsletter,Email,49.43,5357,562,17,1234.88
2024-04-27,Creator Series,Video,501.82,166998,3390,11,1161.39
2024-04-27,Competitor Terms,Search,832.9,106052,6337,27,1933.36
2024-04-28,Spring Launch,Search,919.48,126463,5600,40,3889.1
2024-04-28,Always-on Brand,Display,494.69,168983,1759,9,778.8
2024-04-28,Retargeting,Social,781.23,62552,1930,15,1960.75
2024-04-28,Newsletter,Email,0.0,0,0,0,0.0
2024-04-28,Creator Series,Video,558.85,186486,2759,10,805.81
2024-04-28,Competitor Terms,Search,752.98,90756,3467,27,2046.71
2024-04-29,Spring Launch,Search,707.7,56742,3666,47,4248.16
2024-04-29,Always-on Brand,Display,444.11,119282,1711,10,742.5
2024-04-29,Retargeting,Social,672.97,91680,2269,14,1024.27
2024-04-29,Newsletter,Email,0.0,0,0,0,0.0
2024-04-29,Creator Series,Video,691.47,195968,3841,13,1587.14
2024-04-29,Competitor Terms,Search,931.33,98928,4818,41,3674.22
2024-04-30,Spring Launch,Search,688.51,84464,3783,38,2720.92
2024-04-30,Always-on Brand,Display,523.25,129838,1452,7,438.2
2024-04-30,Retargeting,Social,770.41,105189,3794,13,1109.4
2024-04-30,Newsletter,Email,114.51,11694,933,16,1715.67
2024-04-30,Creator Series,Video,676.85,183930,2526,7,848.58
2024-04-30,Competitor Terms,Search,760.27,71349,4046,47,3133.67
2024-05-01,Spring Launch,Search,939.1,118452,6764,36,3461.49
2024-05-01,Always-on Brand,Display,596.87,181398,2139,10,809.38
2024-05-01,Retargeting,Social,800.05,92853,3553,30,2210.73
2024-05-01,Newsletter,Email,0.0,0,0,0,0.0
2024-05-01,Creator Series,Video,607.86,237706,4742,8,1054.62
2024-05-01,Competitor Terms,Search,1022.61,134907,6785,28,2319.88
2024-05-02,Spring Launch,Search,867.05,118400,6257,51,3350.89
2024-05-02,Always-on Brand,Display,620.59,176365,2410,7,547.38
2024-05-02,Retargeting,Social,735.77,77065,2376,19,1998.84
2024-05-02,Newsletter,Email,74.96,7304,466,21,1823.99
2024-05-02,Creator Series,Video,533.29,153904,2025,8,670.72
2024-05-02,Competitor Terms,Search,906.28,78751,2826,41,2524.13
2024-05-03,Spring Launch,Search,982.17,104723,5316,27,1839.12
2024-05-03,Always-on Brand,Display,421.81,160861,1995,7,612.5
2024-05-03,Retargeting,Social,701.09,89416,3222,27,3187.9
2024-05-03,Newsletter,Email,0.0,0,0,0,0.0
2024-05-03,Creator Series,Video,430.87,169958,2237,11,1202.29
2024-05-03,Competitor Terms,Search,864.94,100248,6240,26,2548.14
2024-05-04,Spring Launch,Search,692.92,62277,3231,26,3128.07
2024-05-04,Always-on Brand,Display,706.12,231631,3172,7,914.68
2024-05-04,Retargeting,Social,785.51,97406,3586,27,2214.26
2024-05-04,Newsletter,Email,63.78,5412,548,20,1296.94
2024-05-04,Creator Series,Video,784.85,193098,3433,10,683.47
2024-05-04,Competitor Terms,Search,841.46,112015,7061,28,2678.2
2024-05-05,Spring Launch,Search,873.74,75655,3404,38,3717.27
2024-05-05,Always-on Brand,Display,677.32,215611,2736,12,1614.22
2024-05-05,Retargeting,Social,888.39,83243,2114,23,2563.69
2024-05-05,Newsletter,Email,0.0,0,0,0,0.0
2024-05-05,Creator Series,Video,701.97,194934,3994,15,950.09
2024-05-05,Competitor Terms,Search,906.36,85396,3609,51,6722.42
2024-05-06,Spring Launch,Search,895.34,123566,7925,49,4792.75
2024-05-06,Always-on Brand,Display,555.58,208022,2896,8,653.63
2024-05-06,Retargeting,Social,525.39,52254,1698,13,1789.67
2024-05-06,Newsletter,Email,32.18,2982,224,17,2312.05
2024-05-06,Creator Series,Video,855.27,335901,7211,13,857.25
2024-05-06,Competitor Terms,Search,795.82,98605,5923,50,3174.03
2024-05-07,Spring Launch,Search,1080.11,118029,7295,64,6128.36
2024-05-07,Always-on Brand,Display,573.03,207203,2732,9,804.67
2024-05-07,Retargeting,Social,671.23,89947,3060,25,2424.51
2024-05-07,Newsletter,Email,25.44,2348,205,12,1246.25
2024-05-07,Creator Series,Video,658.05,205049,3125,9,699.47
2024-05-07,Competitor Terms,Search,906.55,95135,5313,56,6391.55
2024-05-08,Spring Launch,Search,1139.28,132765,7561,51,4505.44
2024-05-08,Always-on Brand,Display,531.3,159955,1425,9,578.89
2024-05-08,Retargeting,Social,589.21,70748,2257,24,3282.57
2024-05-08,Newsletter,Email,0.0,0,0,0,0.0
2024-05-08,Creator Series,Video,521.12,206026,3958,9,543.38
2024-05-08,Competitor Terms,Search,787.34,102227,5493,54,5803.57
2024-05-09,Spring Launch,Search,1024.18,142822,6979,59,5412.79
2024-05-09,Always-on Brand,Display,335.09,81098,871,5,696.93
2024-05-09,Retargeting,Social,624.05,75786,1724,16,1465.61
2024-05-09,Newsletter,Email,119.01,10408,991,22,2731.62
2024-05-09,Creator Series,Video,474.0,130452,2391,7,427.98
2024-05-09,Competitor Terms,Search,1179.39,115693,7157,40,3962.97
2024-05-10,Spring Launch,Search,806.69,90422,3342,34,2814.05
2024-05-10,Always-on Brand,Display,485.83,187909,2620,8,860.74
2024-05-10,Retargeting,Social,831.83,69304,1618,27,3434.22
2024-05-10,Newsletter,Email,0.0,0,0,0,0.0
2024-05-10,Creator Series,Video,533.89,141053,3252,10,815.02
2024-05-10,Competitor Terms,Search,784.91,108990,5072,25,2838.26
2024-05-11,Spring Launch,Search,894.87,87833,4673,35,3960.99
2024-05-11,Always-on Brand,Display,584.03,235338,3655,11,1470.87
2024-05-11,Retargeting,Social,695.56,59390,1869,13,883.12
2024-05-11,Newsletter,Email,283.64,38837,2712,43,4393.34
2024-05-11,Creator Series,Video,863.03,216561,4802,16,1595.23
2024-05-11,Competitor Terms,Search,901.63,96274,3450,48,3030.16
2024-05-12,Spring Launch,Search,630.27,76063,2928,41,4761.3
2024-05-12,Always-on Brand,Display,455.4,136286,1901,7,651.58
2024-05-12,Retargeting,Social,604.89,58813,2176,17,2068.85
2024-05-12,Newsletter,Email,44.44,4532,332,8,1096.61
2024-05-12,Creator Series,Video,653.45,226110,3001,8,511.5
2024-05-12,Competitor Terms,Search,560.17,65392,3508,45,3765.72
2024-05-13,Spring Launch,Search,908.9,80738,2895,41,3837.41
2024-05-13,Always-on Brand,Display,584.38,178965,2728,7,883.2
2024-05-13,Retargeting,Social,645.26,52766,1686,26,1664.64
2024-05-13,Newsletter,Email,48.68,5944,449,17,2152.96
2024-05-13,Creator Series,Video,637.15,170812,3936,15,2008.09
2024-05-13,Competitor Terms,Search,811.04,91213,3332,35,4648.08
2024-05-14,Spring Launch,Search,991.63,81847,5026,38,2530.07
2024-05-14,Always-on Brand,Display,541.02,164528,1623,7,765.01
2024-05-14,Retargeting,Social,670.46,75134,1653,19,2368.11
2024-05-14,Newsletter,Email,14.74,1411,151,6,548.76
2024-05-14,Creator Series,Video,652.69,221737,4078,13,1765.83
2024-05-14,Competitor Terms,Search,890.16,108305,4517,31,3054.83
2024-05-15,Spring Launch,Search,870.16,74292,4146,38,2431.93
2024-05-15,Always-on Brand,Display,649.39,169953,2571,11,1435.41
2024-05-15,Retargeting,Social,433.69,39120,1332,22,1687.15
2024-05-15,Newsletter,Email,281.05,22555,1574,24,2982.83
2024-05-15,Creator Series,Video,542.74,141445,2763,7,494.85
2024-05-15,Competitor Terms,Search,815.57,94303,5121,49,6180.75
2024-05-16,Spring Launch,Search,966.5,85665,4260,27,3494.07
2024-05-16,Always-on Brand,Display,577.56,209481,2979,8,1063.76
2024-05-16,Retargeting,Social,814.69,104569,2602,20,1290.08
2024-05-16,Newsletter,Email,0.0,0,0,0,0.0
2024-05-16,Creator Series,Video,431.42,178777,3714,12,1606.73
2024-05-16,Competitor Terms,Search,1000.98,96392,5157,28,3195.72
2024-05-17,Spring Launch,Search,1036.17,91957,4788,29,2810.81
2024-05-17,Always-on Brand,Display,458.11,116552,1329,9,1072.36
2024-05-17,Retargeting,Social,780.34,83078,1826,27,2850.77
2024-05-17,Newsletter,Email,0.0,0,0,0,0.0
2024-05-17,Creator Series,Video,685.57,216975,3055,14,1523.18
2024-05-17,Competitor Terms,Search,933.38,123219,6358,31,2545.39
2024-05-18,Spring Launch,Search,984.9,116981,6314,28,2127.46
2024-05-18,Always-on Brand,Display,365.41,116080,1680,9,965.62
2024-05-18,Retargeting,Social,697.8,79220,2246,28,2142.72
2024-05-18,Newsletter,Email,96.98,8950,571,13,1619.73
2024-05-18,Creator Series,Video,697.85,169414,3189,9,982.46
2024-05-18,Competitor Terms,Search,849.81,114476,6572,33,3581.5
2024-05-19,Spring Launch,Search,850.18,81182,4958,46,6042.0
2024-05-19,Always-on Brand,Display,696.38,210466,3213,9,725.23
2024-05-19,Retargeting,Social,637.53,55337,1201,21,1666.39
2024-05-19,Newsletter,Email,0.0,0,0,0,0.0
2024-05-19,Creator Series,Video,633.58,258410,5568,14,1937.95
2024-05-19,Competitor Terms,Search,1012.86,117712,7422,48,5115.48
2024-05-20,Spring Launch,Search,847.55,96779,4104,45,5810.48
2024-05-20,Always-on Brand,Display,604.8,223572,2240,5,446.77
2024-05-20,Retargeting,Social,487.3,54978,1667,19,1980.59
2024-05-20,Newsletter,Email,153.46,18521,1724,28,2208.56
2024-05-20,Creator Series,Video,742.17,296558,6768,10,1059.77
2024-05-20,Competitor Terms,Search,990.48,110043,5350,32,3940.28
2024-05-21,Spring Launch,Search,974.21,94225,3871,32,2124.21
2024-05-21,Always-on Brand,Display,544.08,181852,1752,9,972.14
2024-05-21,Retargeting,Social,602.68,70361,1851,19,2186.62
2024-05-21,Newsletter,Email,0.0,0,0,0,0.0
2024-05-21,Creator Series,Video,537.24,203223,3193,9,851.33
2024-05-21,Competitor Terms,Search,798.96,99129,5608,29,3953.29
2024-05-22,Spring Launch,Search,1039.48,145246,7790,40,2678.28
2024-05-22,Always-on Brand,Display,484.23,117728,1490,9,983.4
2024-05-22,Retargeting,Social,726.3,90441,2882,23,2388.99
2024-05-22,Newsletter,Email,0.0,0,0,0,0.0
2024-05-22,Creator Series,Video,613.6,254387,4526,8,807.28
2024-05-22,Competitor Terms,Search,778.52,79007,3157,51,3783.06
2024-05-23,Spring Launch,Search,882.79,98010,6361,27,3475.31
2024-05-23,Always-on Brand,Display,428.77,103365,1595,9,862.84
2024-05-23,Retargeting,Social,613.61,55117,1510,18,2332.46
2024-05-23,Newsletter,Email,0.0,0,0,0,0.0
2024-05-23,Creator Series,Video,692.64,206551,4732,12,980.39
2024-05-23,Competitor Terms,Search,743.4,83890,5119,24,2683.99
2024-05-24,Spring Launch,Search,801.4,71776,3011,37,3468.95
2024-05-24,Always-on Brand,Display,507.72,176813,1829,8,782.99
2024-05-24,Retargeting,Social,761.28,71735,2767,22,1909.6
2024-05-24,Newsletter,Email,0.0,0,0,0,0.0
2024-05-24,Creator Series,Video,641.09,184379,4055,10,920.81
2024-05-24,Competitor Terms,Search,1137.89,130465,6612,49,5137.55
2024-05-25,Spring Launch,Search,1088.08,93075,6015,28,1798.13
2024-05-25,Always-on Brand,Display,438.87,169983,1765,4,296.32
2024-05-25,Retargeting,Social,468.89,38068,912,10,642.8
2024-05-25,Newsletter,Email,66.93,6619,592,24,2684.48
2024-05-25,Creator Series,Video,748.07,302119,6003,9,808.07
2024-05-25,Competitor Terms,Search,773.05,84092,3220,52,5128.8
2024-05-26,Spring Launch,Search,942.94,120992,5227,46,3096.91
2024-05-26,Always-on Brand,Display,632.81,179368,1748,8,920.11
2024-05-26,Retargeting,Social,726.01,83608,2885,30,2600.11
2024-05-26,Newsletter,Email,241.49,33756,2956,34,2523.14
2024-05-26,Creator Series,Video,798.78,206519,2679,8,827.2
2024-05-26,Competitor Terms,Search,987.88,90645,3888,53,5072.57
2024-05-27,Spring Launch,Search,1008.92,140932,7562,42,4328.34
2024-05-27,Always-on Brand,Display,644.57,236228,3409,10,798.59
2024-05-27,Retargeting,Social,710.55,62313,1877,15,1573.54
2024-05-27,Newsletter,Email,4.85,470,53,4,501.0
2024-05-27,Creator Series,Video,773.88,292793,5245,11,769.36
2024-05-27,Competitor Terms,Search,855.22,102211,6403,47,4011.67
2024-05-28,Spring Launch,Search,788.73,81616,4748,23,2266.07
2024-05-28,Always-on Brand,Display,482.29,160185,1515,9,722.58
2024-05-28,Retargeting,Social,625.62,72474,2083,22,2068.29
2024-05-28,Newsletter,Email,111.67,14183,1315,15,1490.48
2024-05-28,Creator Series,Video,648.11,266148,4733,13,942.23
2024-05-28,Competitor Terms,Search,1000.91,117882,4544,34,2386.6
2024-05-29,Spring Launch,Search,1158.6,159739,7353,29,3442.82
2024-05-29,Always-on Brand,Display,540.63,194255,1695,9,588.6
2024-05-29,Retargeting,Social,722.12,91010,2294,21,2604.66
2024-05-29,Newsletter,Email,267.24,31058,2837,26,1701.42
2024-05-29,Creator Series,Video,705.64,245054,4305,13,1366.53
2024-05-29,Competitor Terms,Search,1035.31,122927,5818,57,5843.75
2024-05-30,Spring Launch,Search,1156.02,149899,8718,54,5625.78
2024-05-30,Always-on Brand,Display,260.74,74198,677,6,479.13
2024-05-30,Retargeting,Social,584.71,68078,1955,15,1264.38
2024-05-30,Newsletter,Email,0.0,0,0,0,0.0
2024-05-30,Creator Series,Video,529.7,187419,3891,12,1496.69
2024-05-30,Competitor Terms,Search,940.94,116230,7456,41,3925.11
2024-05-31,Spring Launch,Search,839.54,108940,5178,42,4266.34
2024-05-31,Always-on Brand,Display,415.19,126858,1075,5,490.47
2024-05-31,Retargeting,Social,762.13,102255,3937,27,2223.7
2024-05-31,Newsletter,Email,40.34,3273,361,9,754.78
2024-05-31,Creator Series,Video,816.49,317019,6848,9,903.2
2024-05-31,Competitor Terms,Search,832.67,71334,3307,40,5015.01
2024-06-01,Always-on Brand,Display,442.92,117541,1204,4,425.87
2024-06-01,Retargeting,Social,846.27,97467,3297,21,2833.86
2024-06-01,Newsletter,Email,32.23,4268,310,10,1041.17
2024-06-01,Creator Series,Video,481.86,167634,3841,11,700.96
2024-06-01,Competitor Terms,Search,995.73,91939,5320,48,6161.74
2024-06-02,Always-on Brand,Display,440.2,149331,1529,7,681.07
2024-06-02,Retargeting,Social,587.27,52239,1334,13,808.19
2024-06-02,Newsletter,Email,181.24,20211,2078,27,3568.72
2024-06-02,Creator Series,Video,497.96,145162,3238,8,1020.9
2024-06-02,Competitor Terms,Search,765.56,72456,4605,44,3268.01
2024-06-03,Always-on Brand,Display,477.19,147630,1642,6,533.68
2024-06-03,Retargeting,Social,611.77,54837,1546,13,1607.53
2024-06-03,Newsletter,Email,0.0,0,0,0,0.0
2024-06-03,Creator Series,Video,776.49,303897,6827,16,1488.78
2024-06-03,Competitor Terms,Search,836.25,85182,3819,44,2666.27
2024-06-04,Always-on Brand,Display,460.72,173117,1546,7,691.59
2024-06-04,Retargeting,Social,768.92,68327,2254,17,1859.25
2024-06-04,Newsletter,Email,0.0,0,0,0,0.0
2024-06-04,Creator Series,Video,522.62,158207,2408,10,1136.02
2024-06-04,Competitor Terms,Search,1145.01,156218,5841,40,4713.68
2024-06-05,Always-on Brand,Display,306.65,110826,1004,3,222.55
2024-06-05,Retargeting,Social,684.25,67220,1632,17,1175.41
2024-06-05,Newsletter,Email,198.22,24871,1781,20,2365.18
2024-06-05,Creator Series,Video,653.69,166228,2345,11,921.47
2024-06-05,Competitor Terms,Search,903.14,100610,4650,26,3267.3
2024-06-06,Always-on Brand,Display,350.04,108550,1558,4,378.29
2024-06-06,Retargeting,Social,613.6,51822,1960,26,3639.98
2024-06-06,Newsletter,Email,41.57,4683,480,15,1473.04
2024-06-06,Creator Series,Video,709.19,226777,4519,7,584.63
2024-06-06,Competitor Terms,Search,1020.12,88514,5123,43,3564.51
2024-06-07,Always-on Brand,Display,512.72,149858,1682,4,259.34
2024-06-07,Retargeting,Social,540.59,44439,1702,24,2485.0
2024-06-07,Newsletter,Email,193.29,23367,1604,29,3157.71
2024-06-07,Creator Series,Video,577.98,181269,3561,9,1011.47
2024-06-07,Competitor Terms,Search,908.18,95975,4873,27,2143.63
2024-06-08,Always-on Brand,Display,615.33,226938,2177,8,1116.46
2024-06-08,Retargeting,Social,532.83,67269,2585,16,1466.47
2024-06-08,Newsletter,Email,0.0,0,0,0,0.0
2024-06-08,Creator Series,Video,453.32,179063,3236,11,729.68
2024-06-08,Competitor Terms,Search,807.01,96501,6068,43,4266.51
2024-06-09,Always-on Brand,Display,365.37,99460,976,8,810.07
2024-06-09,Retargeting,Social,670.76,55208,1770,26,2914.35
2024-06-09,Newsletter,Email,179.89,16354,1479,28,2051.44
2024-06-09,Creator Series,Video,890.13,256390,3746,9,569.63
2024-06-09,Competitor Terms,Search,767.75,73010,4639,36,3474.41
2024-06-10,Always-on Brand,Display,348.37,141757,1853,6,718.55
2024-06-10,Retargeting,Social,672.94,56651,1936,24,2592.8
2024-06-10,Newsletter,Email,0.0,0,0,0,0.0
2024-06-10,Creator Series,Video,511.09,129562,2143,12,826.76
2024-06-10,Competitor Terms,Search,758.23,62413,2958,49,5408.54
2024-06-11,Always-on Brand,Display,491.04,191820,2774,9,688.95
2024-06-11,Retargeting,Social,726.69,90870,1924,15,1284.1
2024-06-11,Newsletter,Email,88.38,7923,813,25,2036.0
2024-06-11,Creator Series,Video,622.11,157846,3444,15,1990.35
2024-06-11,Competitor Terms,Search,828.1,103022,5612,50,6037.74
2024-06-12,Always-on Brand,Display,465.22,153753,2372,7,669.79
2024-06-12,Retargeting,Social,545.54,62877,2385,15,1975.7
2024-06-12,Newsletter,Email,0.0,0,0,0,0.0
2024-06-12,Creator Series,Video,415.06,141315,2885,11,808.3
2024-06-12,Competitor Terms,Search,671.35,80567,3879,28,2295.43
2024-06-13,Always-on Brand,Display,361.68,122743,1314,4,491.98
2024-06-13,Retargeting,Social,823.05,103070,3716,28,1821.65
2024-06-13,Newsletter,Email,32.95,3223,346,9,550.47
2024-06-13,Creator Series,Video,757.76,243397,3199,7,759.45
2024-06-13,Competitor Terms,Search,757.69,63813,3306,39,3289.92
2024-06-14,Always-on Brand,Display,396.25,111013,1057,6,536.08
2024-06-14,Retargeting,Social,529.24,51107,1631,14,1675.13
2024-06-14,Newsletter,Email,0.0,0,0,0,0.0
2024-06-14,Creator Series,Video,378.65,158092,3345,7,569.26
2024-06-14,Competitor Terms,Search,823.63,96848,3762,29,1959.17
2024-06-15,Always-on Brand,Display,417.8,169572,2409,7,610.72
2024-06-15,Retargeting,Social,585.43,58091,1274,13,1686.73
2024-06-15,Newsletter,Email,53.74,7459,623,19,1828.73
2024-06-15,Creator Series,Video,644.81,267156,3598,11,1229.62
2024-06-15,Competitor Terms,Search,1129.86,113325,6270,31,2054.54
2024-06-16,Always-on Brand,Display,524.77,134111,1888,10,1332.79
2024-06-16,Retargeting,Social,629.01,79653,2399,24,2657.7
2024-06-16,Newsletter,Email,48.44,5521,398,10,665.31
2024-06-16,Creator Series,Video,542.96,223568,2934,12,835.08
2024-06-16,Competitor Terms,Search,912.73,78671,4931,32,3443.17
2024-06-17,Always-on Brand,Display,383.8,116290,1094,7,628.29
2024-06-17,Retargeting,Social,619.3,71870,2568,13,1220.31
2024-06-17,Newsletter,Email,0.0,0,0,0,0.0
2024-06-17,Creator Series,Video,846.02,281344,3756,9,905.99
2024-06-17,Competitor Terms,Search,794.75,91397,4053,45,2888.51
2024-06-18,Always-on Brand,Display,465.95,182397,2121,5,416.37
2024-06-18,Retargeting,Social,642.9,86623,2163,18,1184.51
2024-06-18,Newsletter,Email,20.76,2228,256,7,519.82
2024-06-18,Creator Series,Video,471.27,125235,1874,10,791.53
2024-06-18,Competitor Terms,Search,824.72,67347,3760,52,6473.74
2024-06-19,Always-on Brand,Display,534.39,158070,2010,8,880.7
2024-06-19,Retargeting,Social,615.45,69659,1755,15,1001.52
2024-06-19,Newsletter,Email,201.86,17194,1897,42,3011.7
2024-06-19,Creator Series,Video,684.77,283409,5480,7,634.65
2024-06-19,Competitor Terms,Search,808.69,67955,2874,24,2300.83
2024-06-20,Always-on Brand,Display,561.71,183509,1847,11,1439.53
2024-06-20,Retargeting,Social,469.62,47526,1642,21,1851.37
2024-06-20,Newsletter,Email,58.75,7309,599,12,1122.32
2024-06-20,Creator Series,Video,770.47,219824,3951,15,1618.04
2024-06-20,Competitor Terms,Search,994.32,133763,7594,50,5963.26
2024-06-21,Always-on Brand,Display,389.91,135308,1780,7,719.03
2024-06-21,Retargeting,Social,436.14,59522,1571,12,1201.06
2024-06-21,Newsletter,Email,0.0,0,0,0,0.0
2024-06-21,Creator Series,Video,801.05,249382,4973,12,826.91
2024-06-21,Competitor Terms,Search,756.79,64712,3460,42,4578.49
2024-06-22,Always-on Brand,Display,193.63,64086,772,6,778.6
2024-06-22,Retargeting,Social,483.51,58045,2060,24,1577.04
2024-06-22,Newsletter,Email,143.29,13287,1003,33,4419.58
2024-06-22,Creator Series,Video,650.37,260226,5309,12,1577.6
2024-06-22,Competitor Terms,Search,1005.71,136197,5138,60,4998.53
2024-06-23,Always-on Brand,Display,338.49,99137,1051,8,986.46
2024-06-23,Retargeting,Social,550.8,76337,1731,20,2383.29
2024-06-23,Newsletter,Email,238.4,23079,1579,25,2018.02
2024-06-23,Creator Series,Video,579.89,198728,3196,7,468.54
2024-06-23,Competitor Terms,Search,788.77,68942,3475,54,4799.02
2024-06-24,Always-on Brand,Display,288.55,97022,1381,3,389.53
2024-06-24,Retargeting,Social,707.95,71206,2125,28,1817.43
2024-06-24,Newsletter,Email,0.0,0,0,0,0.0
2024-06-24,Creator Series,Video,679.21,259470,4849,13,833.92
2024-06-24,Competitor Terms,Search,992.69,91287,4798,52,3499.79
2024-06-25,Always-on Brand,Display,570.19,179390,1937,6,395.55
2024-06-25,Retargeting,Social,733.52,87085,3323,23,3071.27
2024-06-25,Newsletter,Email,170.7,17393,1891,31,3382.51
2024-06-25,Creator Series,Video,745.69,301712,6915,8,760.06
2024-06-25,Competitor Terms,Search,1001.27,93568,5235,39,2364.21
2024-06-26,Always-on Brand,Display,561.25,224434,2089,6,609.67
2024-06-26,Retargeting,Social,866.47,106556,2462,25,1757.16
2024-06-26,Newsletter,Email,128.49,14368,977,20,1920.44
2024-06-26,Creator Series,Video,467.51,190209,3085,8,613.9
2024-06-26,Competitor Terms,Search,826.23,102666,4724,30,2261.33
2024-06-27,Always-on Brand,Display,290.5,92623,1320,5,532.62
2024-06-27,Retargeting,Social,784.96,74829,2122,26,1735.29
2024-06-27,Newsletter,Email,0.0,0,0,0,0.0
2024-06-27,Creator Series,Video,655.79,162166,2460,9,670.34
2024-06-27,Competitor Terms,Search,962.69,128293,5001,32,2722.32
2024-06-28,Always-on Brand,Display,332.09,110097,1585,8,1030.36
2024-06-28,Retargeting,Social,706.24,70764,2032,12,1056.38
2024-06-28,Newsletter,Email,61.18,5363,590,13,1111.38
2024-06-28,Creator Series,Video,733.27,190839,3310,9,717.27
2024-06-28,Competitor Terms,Search,1074.33,150056,8467,54,4774.28
2024-06-29,Always-on Brand,Display,783.7,277747,2787,6,621.41
2024-06-29,Retargeting,Social,636.4,69486,2538,28,3509.82
2024-06-29,Newsletter,Email,74.78,8730,567,14,1913.71
2024-06-29,Creator Series,Video,966.41,370350,7628,15,927.72
2024-06-29,Competitor Terms,Search,963.27,121658,6227,43,4390.31
2024-06-30,Always-on Brand,Display,447.12,181235,2612,6,769.19
2024-06-30,Retargeting,Social,727.91,72245,1578,19,1143.28
2024-06-30,Newsletter,Email,154.37,21322,2284,26,1688.22
2024-06-30,Creator Series,Video,614.05,179826,2449,10,1062.55
2024-06-30,Competitor Terms,Search,1072.67,93951,4350,47,5620.32
2024-07-01,Always-on Brand,Display,179.98,51479,710,3,399.64
2024-07-01,Retargeting,Social,849.49,95732,2308,29,3789.23
2024-07-01,Newsletter,Email,216.24,29740,2444,39,4587.29
2024-07-01,Creator Series,Video,781.06,267150,4483,10,1252.73
2024-07-01,Competitor Terms,Search,901.44,75805,3949,48,3715.41
2024-07-02,Always-on Brand,Display,203.7,49657,736,6,702.24
2024-07-02,Retargeting,Social,597.88,76978,1746,23,2681.37
2024-07-02,Newsletter,Email,161.57,17413,1992,30,3921.17
2024-07-02,Creator Series,Video,650.63,190375,3423,13,1811.05
2024-07-02,Competitor Terms,Search,954.51,128496,7784,59,7002.48
2024-07-03,Always-on Brand,Display,466.03,146031,1740,5,660.62
2024-07-03,Retargeting,Social,608.92,62332,1582,13,1338.43
2024-07-03,Newsletter,Email,0.0,0,0,0,0.0
2024-07-03,Creator Series,Video,845.78,307754,5911,13,1306.48
2024-07-03,Competitor Terms,Search,638.25,53184,2230,43,3664.49
2024-07-04,Always-on Brand,Display,600.79,180069,2072,7,845.31
2024-07-04,Retargeting,Social,776.46,95398,2593,26,2298.35
2024-07-04,Newsletter,Email,137.68,16158,1107,22,2306.79
2024-07-04,Creator Series,Video,514.69,126969,2339,13,1062.56
2024-07-04,Competitor Terms,Search,764.85,70745,3793,30,2044.92
2024-07-05,Always-on Brand,Display,611.09,243666,3400,9,1169.8
2024-07-05,Retargeting,Social,729.04,95433,2465,19,2620.28
2024-07-05,Newsletter,Email,207.4,24431,1990,21,1813.34
2024-07-05,Creator Series,Video,553.95,155965,3029,11,1214.16
2024-07-05,Competitor Terms,Search,849.48,78452,2980,36,4791.44
2024-07-06,Always-on Brand,Display,467.82,151665,2146,5,441.77
2024-07-06,Retargeting,Social,686.35,84982,2701,23,1433.46
2024-07-06,Newsletter,Email,0.0,0,0,0,0.0
2024-07-06,Creator Series,Video,761.6,278229,4959,13,1185.38
2024-07-06,Competitor Terms,Search,845.38,81572,3567,31,3581.97
2024-07-07,Always-on Brand,Display,517.96,171583,2664,9,1021.56
2024-07-07,Retargeting,Social,687.48,85588,2115,21,1289.44
2024-07-07,Newsletter,Email,27.75,2412,167,10,980.19
2024-07-07,Creator Series,Video,607.36,169629,2279,7,951.98
2024-07-07,Competitor Terms,Search,1094.58,96534,3962,60,3674.43
2024-07-08,Always-on Brand,Display,446.35,119077,1556,10,1340.36
2024-07-08,Retargeting,Social,713.15,88441,3348,28,3854.34
2024-07-08,Newsletter,Email,0.0,0,0,0,0.0
2024-07-08,Creator Series,Video,377.96,129612,1668,8,1037.47
2024-07-08,Competitor Terms,Search,730.85,89559,4430,50,6024.88
2024-07-09,Always-on Brand,Display,498.21,197577,1669,10,945.49
2024-07-09,Retargeting,Social,831.11,108775,2308,19,1601.76
2024-07-09,Newsletter,Email,89.82,11474,1125,27,1866.02
2024-07-09,Creator Series,Video,772.76,225349,3815,15,1785.84
2024-07-09,Competitor Terms,Search,1074.59,120159,6871,57,5792.46
2024-07-10,Always-on Brand,Display,456.8,165484,2406,9,653.22
2024-07-10,Retargeting,Social,831.64,107238,2617,29,3495.94
2024-07-10,Newsletter,Email,89.46,8039,573,23,2526.38
2024-07-10,Creator Series,Video,743.12,207172,4475,16,1114.61
2024-07-10,Competitor Terms,Search,1053.94,128635,6623,60,5730.35
2024-07-11,Always-on Brand,Display,400.03,156969,1680,9,564.81
2024-07-11,Retargeting,Social,701.13,93476,1995,24,3263.7
2024-07-11,Newsletter,Email,0.0,0,0,0,0.0
2024-07-11,Creator Series,Video,746.88,287032,3727,8,627.19
2024-07-11,Competitor Terms,Search,855.91,69622,3225,37,4725.49
2024-07-12,Always-on Brand,Display,447.61,176618,1788,8,708.67
2024-07-12,Retargeting,Social,674.93,56838,1674,19,1838.3
2024-07-12,Newsletter,Email,0.0,0,0,0,0.0
2024-07-12,Creator Series,Video,690.61,189766,2673,9,1224.89
2024-07-12,Competitor Terms,Search,695.26,71772,4405,50,5795.88
2024-07-13,Always-on Brand,Display,343.29,113405,1730,6,665.47
2024-07-13,Retargeting,Social,794.82,96238,3112,16,1687.48
2024-07-13,Newsletter,Email,0.0,0,0,0,0.0
2024-07-13,Creator Series,Video,685.18,283026,5065,11,1508.97
2024-07-13,Competitor Terms,Search,891.41,98222,3811,37,2468.25
2024-07-14,Always-on Brand,Display,251.4,78437,913,5,691.31
2024-07-14,Retargeting,Social,591.5,53666,1783,19,1762.64
2024-07-14,Newsletter,Email,42.55,4663,396,16,1718.73
2024-07-14,Creator Series,Video,736.88,210025,3967,11,1329.57
2024-07-14,Competitor Terms,Search,885.68,122108,6991,45,4527.19
2024-07-15,Always-on Brand,Display,608.4,167575,1865,9,730.65
2024-07-15,Retargeting,Social,777.17,102426,3158,30,1853.48
2024-07-15,Newsletter,Email,0.0,0,0,0,0.0
2024-07-15,Creator Series,Video,633.15,202194,3356,13,1356.31
2024-07-15,Competitor Terms,Search,815.9,76318,2842,41,5446.52
2024-07-16,Always-on Brand,Display,722.7,284637,4063,10,1008.85
2024-07-16,Retargeting,Social,640.85,68299,2458,21,2908.84
2024-07-16,Newsletter,Email,121.93,15606,1441,26,2428.79
2024-07-16,Creator Series,Video,788.95,214690,4795,14,1243.37
2024-07-16,Competitor Terms,Search,728.31,90810,4326,43,4316.01
2024-07-17,Always-on Brand,Display,297.07,118912,1410,5,585.99
2024-07-17,Retargeting,Social,471.81,56630,1286,17,1399.94
2024-07-17,Newsletter,Email,15.62,1528,117,7,736.76
2024-07-17,Creator Series,Video,556.33,219966,4294,11,1330.2
2024-07-17,Competitor Terms,Search,753.74,89757,3698,46,6149.41
2024-07-18,Always-on Brand,Display,545.5,217406,1928,10,779.16
2024-07-18,Retargeting,Social,764.89,77097,1867,24,2470.07
2024-07-18,Newsletter,Email,170.44,19123,1732,31,3787.98
2024-07-18,Creator Series,Video,578.83,225132,3979,12,828.25
2024-07-18,Competitor Terms,Search,672.47,57092,2773,41,3229.85
2024-07-19,Always-on Brand,Display,560.22,183988,2166,11,795.25
2024-07-19,Retargeting,Social,634.53,60339,1955,17,1486.8
2024-07-19,Newsletter,Email,226.77,24158,2276,26,3506.36
2024-07-19,Creator Series,Video,796.35,206298,4153,8,820.13
2024-07-19,Competitor Terms,Search,720.12,76575,4607,23,1814.1
2024-07-20,Always-on Brand,Display,716.65,299247,3310,5,403.81
2024-07-20,Retargeting,Social,568.14,58462,1548,18,1755.48
2024-07-20,Newsletter,Email,161.29,14673,1334,29,3070.62
2024-07-20,Creator Series,Video,603.23,167901,3825,7,590.08
2024-07-20,Competitor Terms,Search,722.32,75854,3594,28,3608.13
2024-07-21,Always-on Brand,Display,423.94,148239,1384,6,423.71
2024-07-21,Retargeting,Social,792.28,89163,3044,28,3784.35
2024-07-21,Newsletter,Email,151.02,18119,1507,36,3584.03
2024-07-21,Creator Series,Video,692.66,274641,3659,10,1157.16
2024-07-21,Competitor Terms,Search,915.01,120331,6954,39,4550.59
2024-07-22,Always-on Brand,Display,357.59,119057,1096,8,1020.39
2024-07-22,Retargeting,Social,722.33,91457,1983,21,1768.22
2024-07-22,Newsletter,Email,4.6,507,42,4,378.81
2024-07-22,Creator Series,Video,620.3,179895,2651,8,688.95
2024-07-22,Competitor Terms,Search,681.06,71843,3601,44,6097.61
2024-07-23,Always-on Brand,Display,463.36,154438,1304,8,504.09
2024-07-23,Retargeting,Social,752.09,86971,2745,19,2645.75
2024-07-23,Newsletter,Email,48.38,4181,317,18,2144.76
2024-07-23,Creator Series,Video,630.46,191463,4238,8,626.27
2024-07-23,Competitor Terms,Search,720.5,91811,4063,49,5416.98
2024-07-24,Always-on Brand,Display,409.85,149225,1870,5,525.36
2024-07-24,Retargeting,Social,676.38,67514,1792,16,1947.43
2024-07-24,Newsletter,Email,49.51,5886,413,18,2344.97
2024-07-24,Creator Series,Video,631.22,219843,4861,11,1105.3
2024-07-24,Competitor Terms,Search,854.8,89241,4640,54,5821.73
2024-07-25,Always-on Brand,Display,466.9,186308,2596,7,588.95
2024-07-25,Retargeting,Social,531.73,52125,2013,20,1313.75
2024-07-25,Newsletter,Email,0.0,0,0,0,0.0
2024-07-25,Creator Series,Video,595.58,231750,3570,14,1451.81
2024-07-25,Competitor Terms,Search,730.4,99722,5173,38,3384.8
2024-07-26,Always-on Brand,Display,436.16,140593,1454,6,486.5
2024-07-26,Retargeting,Social,753.21,61490,2026,14,1853.75
2024-07-26,Newsletter,Email,106.4,10535,818,23,1916.71
2024-07-26,Creator Series,Video,595.21,241539,3152,7,914.18
2024-07-26,Competitor Terms,Search,751.26,91129,3909,42,3730.71
2024-07-27,Always-on Brand,Display,379.69,128029,1673,8,643.94
2024-07-27,Retargeting,Social,653.31,74606,2328,26,2558.64
2024-07-27,Newsletter,Email,225.49,23562,2000,45,4786.43
2024-07-27,Creator Series,Video,418.0,140253,2945,9,913.15
2024-07-27,Competitor Terms,Search,797.98,81933,2888,46,5791.73
2024-07-28,Always-on Brand,Display,396.41,147657,2273,8,548.59
2024-07-28,Retargeting,Social,547.53,47333,1742,23,1651.29
2024-07-28,Newsletter,Email,285.95,26470,2713,41,2558.17
2024-07-28,Creator Series,Video,539.33,212784,3912,6,549.83
2024-07-28,Competitor Terms,Search,832.49,67116,4173,52,6107.23
2024-07-29,Always-on Brand,Display,736.0,211611,2768,11,1151.86
2024-07-29,Retargeting,Social,661.88,57552,1463,24,1677.55
2024-07-29,Newsletter,Email,0.0,0,0,0,0.0
2024-07-29,Creator Series,Video,794.41,303585,5022,16,2016.67
2024-07-29,Competitor Terms,Search,907.92,96908,3749,56,4891.99
2024-07-30,Always-on Brand,Display,597.68,209245,1848,11,1522.74
2024-07-30,Retargeting,Social,633.98,75934,2235,19,1471.89
2024-07-30,Newsletter,Email,1.77,157,17,3,359.24
2024-07-30,Creator Series,Video,603.18,204461,3245,12,1133.56
2024-07-30,Competitor Terms,Search,732.0,92994,4068,34,2263.15
2024-07-31,Always-on Brand,Display,546.05,132707,1520,7,913.97
2024-07-31,Retargeting,Social,677.03,55895,2164,14,1769.83
2024-07-31,Newsletter,Email,3.17,369,30,2,140.89
2024-07-31,Creator Series,Video,676.9,245198,4995,16,1283.91
2024-07-31,Competitor Terms,Search,858.45,95244,4129,38,5059.06
2024-08-01,Always-on Brand,Display,398.69,113750,1303,9,865.28
2024-08-01,Retargeting,Social,772.32,77993,2649,24,2170.58
2024-08-01,Newsletter,Email,0.0,0,0,0,0.0
2024-08-01,Creator Series,Video,628.39,235514,3079,12,1551.15
2024-08-01,Competitor Terms,Search,783.71,81887,4685,45,4506.33
2024-08-02,Always-on Brand,Display,527.81,138102,1680,9,658.3
2024-08-02,Retargeting,Social,574.27,61846,2228,11,1419.53
2024-08-02,Newsletter,Email,0.0,0,0,0,0.0
2024-08-02,Creator Series,Video,756.61,238881,5305,17,1996.28
2024-08-02,Competitor Terms,Search,856.0,115421,4596,29,3697.33
2024-08-03,Always-on Brand,Display,333.99,81345,989,5,667.32
2024-08-03,Retargeting,Social,652.13,54694,1613,21,2045.04
2024-08-03,Newsletter,Email,0.0,0,0,0,0.0
2024-08-03,Creator Series,Video,643.84,175214,3983,14,1293.72
2024-08-03,Competitor Terms,Search,994.74,99245,4569,57,7563.57
2024-08-04,Always-on Brand,Display,740.4,268313,2479,12,880.68
2024-08-04,Retargeting,Social,642.84,79938,2192,12,1351.74
2024-08-04,Newsletter,Email,53.35,4846,479,15,956.96
2024-08-04,Creator Series,Video,918.95,267168,4258,16,1947.47
2024-08-04,Competitor Terms,Search,985.71,91350,4220,37,2830.37
2024-08-05,Always-on Brand,Display,480.94,180575,1524,7,494.52
2024-08-05,Retargeting,Social,674.51,72678,2754,24,2264.92
2024-08-05,Newsletter,Email,154.93,21595,1656,20,2217.88
2024-08-05,Creator Series,Video,687.68,227811,4648,10,1358.68
2024-08-05,Competitor Terms,Search,723.14,89979,5311,38,5071.08
2024-08-06,Always-on Brand,Display,214.8,68696,1047,4,405.18
2024-08-06,Retargeting,Social,771.19,87625,2707,28,3578.83
2024-08-06,Newsletter,Email,140.8,15705,1332,18,2389.63
2024-08-06,Creator Series,Video,837.16,349931,7146,13,866.07
2024-08-06,Competitor Terms,Search,870.81,74186,3431,36,3349.48
2024-08-07,Always-on Brand,Display,608.65,153622,1436,11,1148.07
2024-08-07,Retargeting,Social,728.4,74140,2204,16,1912.93
2024-08-07,Newsletter,Email,194.13,26396,2558,41,5132.68
2024-08-07,Creator Series,Video,518.31,188846,3128,6,577.0
2024-08-07,Competitor Terms,Search,883.57,113993,6297,26,3278.75
2024-08-08,Always-on Brand,Display,651.65,177205,1871,7,764.49
2024-08-08,Retargeting,Social,756.99,92843,3427,22,1425.88
2024-08-08,Newsletter,Email,111.38,9765,707,19,1368.41
2024-08-08,Creator Series,Video,675.22,265436,4375,11,1350.38
2024-08-08,Competitor Terms,Search,979.0,80737,4000,58,6110.05
2024-08-09,Always-on Brand,Display,640.82,188667,2445,8,798.61
2024-08-09,Retargeting,Social,587.69,78413,3025,26,3245.65
2024-08-09,Newsletter,Email,0.0,0,0,0,0.0
2024-08-09,Creator Series,Video,735.09,179149,3698,8,654.28
2024-08-09,Competitor Terms,Search,808.72,109399,4451,50,4066.7
2024-08-10,Always-on Brand,Display,542.61,185129,2466,9,689.33
2024-08-10,Retargeting,Social,598.58,71990,1727,15,1833.85
2024-08-10,Newsletter,Email,133.75,11614,1096,18,1599.98
2024-08-10,Creator Series,Video,766.68,319077,5555,12,750.98
2024-08-10,Competitor Terms,Search,913.38,107034,4241,31,2215.12
2024-08-11,Always-on Brand,Display,567.75,211940,2775,6,511.01
2024-08-11,Retargeting,Social,688.69,78633,1839,15,1651.79
2024-08-11,Newsletter,Email,213.3,20645,2042,23,1560.53
2024-08-11,Creator Series,Video,881.62,296748,3801,11,1215.72
2024-08-11,Competitor Terms,Search,1020.67,95049,5698,27,2755.78
2024-08-12,Always-on Brand,Display,439.43,183536,2263,5,602.01
2024-08-12,Retargeting,Social,678.23,55405,1843,26,2888.52
2024-08-12,Newsletter,Email,105.23,13659,1485,18,2416.65
2024-08-12,Creator Series,Video,669.42,258684,3558,15,916.51
2024-08-12,Competitor Terms,Search,880.18,81513,4075,26,3568.55
2024-08-13,Always-on Brand,Display,584.8,162488,2162,7,933.73
2024-08-13,Retargeting,Social,580.92,72979,2270,18,1329.62
2024-08-13,Newsletter,Email,8.03,1027,99,6,834.41
2024-08-13,Creator Series,Video,466.72,125758,2072,10,806.89
2024-08-13,Competitor Terms,Search,962.7,134561,8708,48,5641.08
2024-08-14,Always-on Brand,Display,482.07,190375,2228,8,898.83
2024-08-14,Retargeting,Social,922.66,87599,1911,18,1836.46
2024-08-14,Newsletter,Email,0.0,0,0,0,0.0
2024-08-14,Creator Series,Video,480.53,137720,2462,11,752.85
2024-08-14,Competitor Terms,Search,981.67,109224,4399,49,5153.26
2024-08-15,Always-on Brand,Display,632.61,261486,3992,9,603.69
2024-08-15,Retargeting,Social,617.56,59733,1335,22,2475.37
2024-08-15,Newsletter,Email,47.73,4605,347,21,2188.6
2024-08-15,Creator Series,Video,633.09,259326,5280,11,758.51
2024-08-15,Competitor Terms,Search,831.04,88248,3154,30,3676.06
2024-08-16,Always-on Brand,Display,573.56,172910,2657,6,559.79
2024-08-16,Retargeting,Social,767.39,85909,1874,23,1508.81
2024-08-16,Newsletter,Email,15.42,2156,186,7,604.38
2024-08-16,Creator Series,Video,760.82,223695,3209,10,1153.29
2024-08-16,Competitor Terms,Search,864.91,71183,4173,34,2776.07
2024-08-17,Always-on Brand,Display,580.64,227987,3505,8,524.37
2024-08-17,Retargeting,Social,820.86,66524,1741,29,2843.74
2024-08-17,Newsletter,Email,0.0,0,0,0,0.0
2024-08-17,Creator Series,Video,539.72,198231,2540,6,462.96
2024-08-17,Competitor Terms,Search,579.47,69477,4431,23,2609.84
2024-08-18,Always-on Brand,Display,496.43,199809,2129,7,863.74
2024-08-18,Retargeting,Social,687.31,77387,2497,13,1427.25
2024-08-18,Newsletter,Email,196.17,24806,2432,34,4695.79
2024-08-18,Creator Series,Video,846.9,329669,6703,11,671.03
2024-08-18,Competitor Terms,Search,962.55,79493,4200,60,5737.18
2024-08-19,Always-on Brand,Display,509.99,141598,1208,5,445.0
2024-08-19,Retargeting,Social,657.59,87281,3402,28,2119.3
2024-08-19,Newsletter,Email,139.98,17053,1225,25,2500.66
2024-08-19,Creator Series,Video,577.59,161453,3433,13,1434.18
2024-08-19,Competitor Terms,Search,1114.54,94255,3642,58,7927.94
2024-08-20,Always-on Brand,Display,522.0,196492,2879,5,381.95
2024-08-20,Retargeting,Social,894.99,74972,2509,21,2432.68
2024-08-20,Newsletter,Email,150.28,14481,1255,28,3809.4
2024-08-20,Creator Series,Video,813.14,223179,4699,8,593.29
2024-08-20,Competitor Terms,Search,901.26,117580,7249,32,3729.27
2024-08-21,Always-on Brand,Display,461.85,164795,2544,7,626.13
2024-08-21,Retargeting,Social,783.61,105629,2907,20,2536.82
2024-08-21,Newsletter,Email,0.0,0,0,0,0.0
2024-08-21,Creator Series,Video,536.38,192066,3913,9,814.03
2024-08-21,Competitor Terms,Search,1009.78,91508,4921,38,4671.34
2024-08-22,Always-on Brand,Display,708.76,190555,2792,11,973.44
2024-08-22,Retargeting,Social,770.45,66223,1641,17,2351.05
2024-08-22,Newsletter,Email,70.55,5680,529,17,1771.24
2024-08-22,Creator Series,Video,637.78,249638,5403,8,1099.95
2024-08-22,Competitor Terms,Search,784.6,69880,2946,29,2391.45
2024-08-23,Always-on Brand,Display,545.11,184219,1889,6,413.09
2024-08-23,Retargeting,Social,958.1,101855,2968,17,2357.95
2024-08-23,Newsletter,Email,174.61,14101,1485,18,1495.2
2024-08-23,Creator Series,Video,528.59,193869,3636,12,784.14
2024-08-23,Competitor Terms,Search,929.77,90737,3922,42,3927.63
2024-08-24,Always-on Brand,Display,559.99,140525,1235,9,1233.92
2024-08-24,Retargeting,Social,754.29,87205,2141,23,2290.91
2024-08-24,Newsletter,Email,15.48,1482,117,5,396.82
2024-08-24,Creator Series,Video,879.19,357010,6346,15,1487.87
2024-08-24,Competitor Terms,Search,906.93,100258,4436,42,2604.02
2024-08-25,Always-on Brand,Display,624.0,193281,1784,8,819.42
2024-08-25,Retargeting,Social,924.61,123532,3583,20,2555.94
2024-08-25,Newsletter,Email,0.0,0,0,0,0.0
2024-08-25,Creator Series,Video,654.46,178964,3871,13,1346.5
2024-08-25,Competitor Terms,Search,638.61,68083,4028,34,4613.22
2024-08-26,Always-on Brand,Display,614.47,207054,2379,11,1411.5
2024-08-26,Retargeting,Social,661.03,68772,1899,17,1923.48
2024-08-26,Newsletter,Email,0.0,0,0,0,0.0
2024-08-26,Creator Series,Video,516.16,188309,3856,12,936.61
2024-08-26,Competitor Terms,Search,1206.9,141485,8436,36,2701.01
2024-08-27,Always-on Brand,Display,366.28,102243,1251,8,704.05
2024-08-27,Retargeting,Social,924.75,76442,1645,34,3399.66
2024-08-27,Newsletter,Email,0.0,0,0,0,0.0
2024-08-27,Creator Series,Video,852.59,265901,5248,8,1081.28
2024-08-27,Competitor Terms,Search,707.35,82532,5309,42,3727.91
2024-08-28,Always-on Brand,Display,573.12,226738,2776,8,620.77
2024-08-28,Retargeting,Social,846.89,75224,1902,19,1857.26
2024-08-28,Newsletter,Email,152.23,14263,1469,36,2838.8
2024-08-28,Creator Series,Video,628.27,184561,3151,7,471.95
2024-08-28,Competitor Terms,Search,830.82,78103,4620,39,4099.89
2024-08-29,Always-on Brand,Display,480.74,172143,2366,10,1376.18
2024-08-29,Retargeting,Social,867.21,70672,1635,18,1266.46
2024-08-29,Newsletter,Email,191.34,17056,1289,38,4671.18
2024-08-29,Creator Series,Video,508.37,190432,3614,6,580.65
2024-08-29,Competitor Terms,Search,916.6,84477,4149,58,4393.77
2024-08-30,Always-on Brand,Display,438.79,157373,1668,6,599.33
2024-08-30,Retargeting,Social,859.1,116652,2553,30,3136.98
2024-08-30,Newsletter,Email,166.5,19816,1273,22,2461.99
2024-08-30,Creator Series,Video,601.84,180138,3277,15,1572.47
2024-08-30,Competitor Terms,Search,841.21,80030,5168,36,2228.61
2024-08-31,Always-on Brand,Display,372.19,117813,1341,5,471.1
2024-08-31,Retargeting,Social,975.33,108505,2838,25,2682.76
2024-08-31,Newsletter,Email,189.6,19595,2090,29,3880.9
2024-08-31,Creator Series,Video,682.3,183729,3711,16,2000.88
2024-08-31,Competitor Terms,Search,730.96,60399,2627,22,2490.38
2024-09-01,Always-on Brand,Display,638.18,229418,2822,10,1037.35
2024-09-01,Retargeting,Social,580.38,74255,1767,18,1986.05
2024-09-01,Newsletter,Email,200.15,27003,1828,36,4230.37
2024-09-01,Creator Series,Video,714.48,285901,6586,13,1401.45
2024-09-01,Competitor Terms,Search,772.41,89683,4047,48,4978.37
2024-09-02,Always-on Brand,Display,520.62,165701,2006,9,1142.03
2024-09-02,Retargeting,Social,774.91,73353,1540,15,1001.13
2024-09-02,Newsletter,Email,0.0,0,0,0,0.0
2024-09-02,Creator Series,Video,422.94,128884,2298,7,493.26
2024-09-02,Competitor Terms,Search,989.15,113421,4391,31,2579.57
2024-09-03,Always-on Brand,Display,454.34,126804,1284,10,1064.45
2024-09-03,Retargeting,Social,369.93,47276,1843,17,1356.41
2024-09-03,Newsletter,Email,311.75,24994,2880,43,3378.23
2024-09-03,Creator Series,Video,621.07,202075,3204,13,1195.85
2024-09-03,Competitor Terms,Search,1116.08,111456,4483,54,3802.77
2024-09-04,Always-on Brand,Display,629.23,219552,2546,6,818.32
2024-09-04,Retargeting,Social,685.83,91884,2996,26,3165.64
2024-09-04,Newsletter,Email,21.88,1973,157,7,874.23
2024-09-04,Creator Series,Video,798.17,287237,6648,12,1143.09
2024-09-04,Competitor Terms,Search,849.17,82247,5311,28,2106.22
2024-09-05,Always-on Brand,Display,516.64,142422,1738,6,544.61
2024-09-05,Retargeting,Social,677.43,55224,1824,13,1081.08
2024-09-05,Newsletter,Email,208.57,19406,1803,19,2000.6
2024-09-05,Creator Series,Video,760.43,229363,5139,9,753.34
2024-09-05,Competitor Terms,Search,928.91,101657,5038,35,2570.71
2024-09-06,Always-on Brand,Display,468.7,154566,1331,4,331.52
2024-09-06,Retargeting,Social,633.32,77663,2211,21,2250.98
2024-09-06,Newsletter,Email,124.43,15261,1729,25,2888.54
2024-09-06,Creator Series,Video,605.23,236132,4323,6,716.62
2024-09-06,Competitor Terms,Search,883.34,97238,6166,38,3712.18
2024-09-07,Always-on Brand,Display,718.52,272068,3156,8,950.99
2024-09-07,Retargeting,Social,532.34,71246,2083,21,2203.14
2024-09-07,Newsletter,Email,0.0,0,0,0,0.0
2024-09-07,Creator Series,Video,623.51,174231,2577,14,1591.86
2024-09-07,Competitor Terms,Search,879.56,105884,6077,46,5390.37
2024-09-08,Always-on Brand,Display,553.22,192340,1656,10,1296.75
2024-09-08,Retargeting,Social,758.49,105443,4067,27,3440.78
2024-09-08,Newsletter,Email,162.39,14522,1601,35,2660.07
2024-09-08,Creator Series,Video,837.19,338966,7558,8,588.5
2024-09-08,Competitor Terms,Search,784.6,100703,4047,34,4186.11
2024-09-09,Always-on Brand,Display,558.58,175554,2354,11,1212.65
2024-09-09,Retargeting,Social,593.91,59873,1516,14,1524.82
2024-09-09,Newsletter,Email,44.02,5486,524,15,1531.49
2024-09-09,Creator Series,Video,566.39,177864,2270,11,1242.64
2024-09-09,Competitor Terms,Search,1145.13,136111,5419,60,5587.87
2024-09-10,Always-on Brand,Display,290.66,120162,1826,4,256.67
2024-09-10,Retargeting,Social,871.46,95443,3075,20,2149.0
2024-09-10,Newsletter,Email,114.84,9841,729,27,2114.28
2024-09-10,Creator Series,Video,781.12,325714,7394,16,1873.13
2024-09-10,Competitor Terms,Search,1013.95,81596,3237,47,4821.19
2024-09-11,Always-on Brand,Display,515.55,181775,1621,9,604.39
2024-09-11,Retargeting,Social,674.46,73654,2570,28,3464.78
2024-09-11,Newsletter,Email,80.27,9498,876,19,2045.13
2024-09-11,Creator Series,Video,551.05,176375,2943,12,1340.94
2024-09-11,Competitor Terms,Search,1171.15,149957,5743,48,4788.41
2024-09-12,Always-on Brand,Display,457.31,174788,2613,5,304.2
2024-09-12,Retargeting,Social,923.99,92665,2948,22,1995.85
2024-09-12,Newsletter,Email,0.0,0,0,0,0.0
2024-09-12,Creator Series,Video,518.73,216560,3938,13,1787.39
2024-09-12,Competitor Terms,Search,904.67,73932,4299,29,2894.41
2024-09-13,Always-on Brand,Display,466.75,160626,2149,6,618.76
2024-09-13,Retargeting,Social,664.6,68970,1637,16,2164.8
2024-09-13,Newsletter,Email,0.0,0,0,0,0.0
2024-09-13,Creator Series,Video,536.54,180934,2909,6,803.85
2024-09-13,Competitor Terms,Search,1001.38,131294,5817,58,3579.29
2024-09-14,Always-on Brand,Display,555.93,148421,1724,9,1111.04
2024-09-14,Retargeting,Social,876.64,79887,3103,15,1459.96
2024-09-14,Newsletter,Email,0.0,0,0,0,0.0
2024-09-14,Creator Series,Video,758.33,318482,6552,7,757.47
2024-09-14,Competitor Terms,Search,879.38,81160,3517,48,3676.42
2024-09-15,Always-on Brand,Display,492.27,146609,1552,5,338.88
2024-09-15,Retargeting,Social,710.33,74156,1666,28,2257.66
2024-09-15,Newsletter,Email,30.72,3954,289,8,717.39
2024-09-15,Creator Series,Video,682.24,275796,6209,11,1170.83
2024-09-15,Competitor Terms,Search,1132.33,141821,6011,59,4295.23
2024-09-16,Always-on Brand,Display,615.03,201054,2103,9,720.66
2024-09-16,Retargeting,Social,611.24,49473,1139,24,2299.14
2024-09-16,Newsletter,Email,35.1,3886,383,10,750.6
2024-09-16,Creator Series,Video,482.33,179304,3149,10,803.91
2024-09-16,Competitor Terms,Search,1009.47,138179,7489,55,4924.33
2024-09-17,Always-on Brand,Display,333.73,112071,1555,5,613.9
2024-09-17,Retargeting,Social,610.32,60475,1831,14,1292.08
2024-09-17,Newsletter,Email,82.49,7530,694,22,2529.07
2024-09-17,Creator Series,Video,630.51,229246,4670,12,867.5
2024-09-17,Competitor Terms,Search,806.31,64773,3252,54,5255.62
2024-09-18,Always-on Brand,Display,473.29,178357,2298,4,415.64
2024-09-18,Retargeting,Social,874.31,85554,3190,26,3500.12
2024-09-18,Newsletter,Email,47.31,6192,585,14,1433.85
2024-09-18,Creator Series,Video,550.66,144798,3371,9,856.7
2024-09-18,Competitor Terms,Search,1113.1,129707,5750,50,3219.12
2024-09-19,Always-on Brand,Display,538.64,213940,3119,9,1080.38
2024-09-19,Retargeting,Social,658.64,60067,1875,13,1555.43
2024-09-19,Newsletter,Email,79.47,8467,574,22,2548.63
2024-09-19,Creator Series,Video,569.81,142899,2746,13,965.49
2024-09-19,Competitor Terms,Search,980.13,79378,2977,52,3920.91
2024-09-20,Always-on Brand,Display,447.47,176633,2037,4,501.28
2024-09-20,Retargeting,Social,670.11,53763,1421,20,1993.18
2024-09-20,Newsletter,Email,116.25,13362,900,14,1833.52
2024-09-20,Creator Series,Video,478.63,191960,3650,11,854.35
2024-09-20,Competitor Terms,Search,987.41,91540,4613,61,8399.66
2024-09-21,Always-on Brand,Display,519.58,151808,1667,6,837.82
2024-09-21,Retargeting,Social,869.05,89525,2627,15,1917.48
2024-09-21,Newsletter,Email,253.73,23948,1813,22,1942.38
2024-09-21,Creator Series,Video,765.44,315392,5204,10,1194.95
2024-09-21,Competitor Terms,Search,925.3,127687,7749,26,3185.15
2024-09-22,Always-on Brand,Display,700.29,267545,3777,9,616.98
2024-09-22,Retargeting,Social,629.71,68727,2392,14,1260.84
2024-09-22,Newsletter,Email,0.0,0,0,0,0.0
2024-09-22,Creator Series,Video,640.08,214084,3761,7,625.02
2024-09-22,Competitor Terms,Search,1025.23,139287,6445,58,7616.55
2024-09-23,Always-on Brand,Display,233.52,97085,822,5,681.58
2024-09-23,Retargeting,Social,675.88,66649,1835,15,1958.19
2024-09-23,Newsletter,Email,0.0,0,0,0,0.0
2024-09-23,Creator Series,Video,587.61,188324,3055,15,1675.66
2024-09-23,Competitor Terms,Search,848.01,100362,3645,39,2999.19
2024-09-24,Always-on Brand,Display,501.82,155835,1557,6,569.97
2024-09-24,Retargeting,Social,766.66,94441,2156,28,2601.59
2024-09-24,Newsletter,Email,122.52,11360,1189,21,1877.13
2024-09-24,Creator Series,Video,725.24,296420,5316,11,1178.95
2024-09-24,Competitor Terms,Search,900.47,76874,3039,54,5966.54
2024-09-25,Always-on Brand,Display,399.62,116857,1357,8,1025.31
2024-09-25,Retargeting,Social,916.95,88793,3434,18,1463.19
2024-09-25,Newsletter,Email,0.0,0,0,0,0.0
2024-09-25,Creator Series,Video,636.31,202542,4030,14,1125.01
2024-09-25,Competitor Terms,Search,817.1,78498,3953,54,4248.64
2024-09-26,Always-on Brand,Display,606.82,236403,3498,8,704.74
2024-09-26,Retargeting,Social,811.75,106077,2956,18,2273.38
2024-09-26,Newsletter,Email,162.3,14517,1356,34,3427.73
2024-09-26,Creator Series,Video,606.75,182375,3615,13,1614.04
2024-09-26,Competitor Terms,Search,1056.24,133536,5170,37,4197.26
2024-09-27,Always-on Brand,Display,333.52,106478,940,4,255.59
2024-09-27,Retargeting,Social,508.48,57097,1531,11,1459.41
2024-09-27,Newsletter,Email,161.93,20481,2046,21,2876.53
2024-09-27,Creator Series,Video,693.99,222430,4779,11,1229.37
2024-09-27,Competitor Terms,Search,940.27,107248,5654,58,6270.42
2024-09-28,Always-on Brand,Display,488.56,140276,1318,8,585.68
2024-09-28,Retargeting,Social,520.77,47369,1169,20,2005.98
2024-09-28,Newsletter,Email,304.25,40921,3301,46,4285.43
2024-09-28,Creator Series,Video,918.68,252540,4195,13,1269.13
2024-09-28,Competitor Terms,Search,890.25,102814,5729,30,3358.59
2024-09-29,Always-on Brand,Display,554.96,160111,1635,8,557.08
2024-09-29,Retargeting,Social,589.44,54628,1443,22,2626.72
2024-09-29,Newsletter,Email,0.0,0,0,0,0.0
2024-09-29,Creator Series,Video,631.59,246846,3766,9,643.33
2024-09-29,Competitor Terms,Search,760.92,86060,3846,27,2208.38
2024-09-30,Always-on Brand,Display,618.25,234015,2263,12,1524.12
2024-09-30,Retargeting,Social,704.38,91192,1985,24,2405.14
2024-09-30,Newsletter,Email,67.86,7106,670,11,1320.15
2024-09-30,Creator Series,Video,667.97,194195,4208,8,572.57
2024-09-30,Competitor Terms,Search,872.02,111864,7237,57,4304.14
2024-10-01,Always-on Brand,Display,537.22,140374,1510,11,1324.85
2024-10-01,Retargeting,Social,748.42,67993,1913,22,1597.76
2024-10-01,Newsletter,Email,139.71,13689,890,35,4826.13
2024-10-01,Creator Series,Video,711.58,231258,3997,12,1520.98
2024-10-01,Competitor Terms,Search,705.25,96907,4197,39,5322.5
2024-10-02,Always-on Brand,Display,675.96,199238,3096,9,1023.15
2024-10-02,Retargeting,Social,839.27,100195,2473,31,2843.96
2024-10-02,Newsletter,Email,134.39,15324,1609,21,2439.13
2024-10-02,Creator Series,Video,659.02,195884,3185,12,1149.18
2024-10-02,Competitor Terms,Search,728.42,78929,4103,45,3215.46
2024-10-03,Always-on Brand,Display,540.37,180104,1780,10,764.81
2024-10-03,Retargeting,Social,798.62,85334,2971,18,1194.95
2024-10-03,Newsletter,Email,86.16,8698,991,14,1179.62
2024-10-03,Creator Series,Video,877.99,288870,4682,11,750.97
2024-10-03,Competitor Terms,Search,735.67,75153,4849,41,3648.89
2024-10-04,Always-on Brand,Display,517.68,158344,1647,5,488.87
2024-10-04,Retargeting,Social,515.68,43674,940,24,2132.11
2024-10-04,Newsletter,Email,14.99,1850,204,7,519.49
2024-10-04,Creator Series,Video,702.85,232217,2928,12,1143.07
2024-10-04,Competitor Terms,Search,840.0,77751,3170,54,7123.43
2024-10-05,Always-on Brand,Display,484.05,145723,1586,6,820.8
2024-10-05,Retargeting,Social,837.21,67808,1867,24,2612.72
2024-10-05,Newsletter,Email,0.0,0,0,0,0.0
2024-10-05,Creator Series,Video,856.95,314300,7115,9,1084.38
2024-10-05,Competitor Terms,Search,965.45,130326,5102,44,6085.46
2024-10-06,Always-on Brand,Display,410.59,137357,2020,6,671.05
2024-10-06,Retargeting,Social,537.57,66702,2263,22,1695.96
2024-10-06,Newsletter,Email,80.75,9623,1018,23,1707.78
2024-10-06,Creator Series,Video,661.95,274559,5381,9,973.54
2024-10-06,Competitor Terms,Search,938.35,92673,4792,52,6689.36
2024-10-07,Always-on Brand,Display,708.72,238721,2891,6,376.07
2024-10-07,Retargeting,Social,714.35,95255,3670,27,2027.41
2024-10-07,Newsletter,Email,4.54,450,47,6,365.89
2024-10-07,Creator Series,Video,623.44,237088,4806,13,933.51
2024-10-07,Competitor Terms,Search,822.04,75816,3040,39,2870.53
2024-10-08,Always-on Brand,Display,693.08,199141,1897,7,477.12
2024-10-08,Retargeting,Social,637.39,56342,1363,18,1182.25
2024-10-08,Newsletter,Email,122.83,12014,785,29,2023.24
2024-10-08,Creator Series,Video,615.54,223362,5162,12,802.19
2024-10-08,Competitor Terms,Search,958.19,87881,3511,56,3733.75
2024-10-09,Always-on Brand,Display,542.4,211586,2425,7,617.0
2024-10-09,Retargeting,Social,519.59,61915,1839,21,1995.02
2024-10-09,Newsletter,Email,156.65,15072,1292,21,2799.59
2024-10-09,Creator Series,Video,540.21,134214,2273,9,976.52
2024-10-09,Competitor Terms,Search,1094.84,96341,4174,39,2570.24
2024-10-10,Always-on Brand,Display,638.65,268098,2369,11,1263.56
2024-10-10,Retargeting,Social,887.63,100183,2907,24,2073.86
2024-10-10,Newsletter,Email,0.0,0,0,0,0.0
2024-10-10,Creator Series,Video,826.26,228733,4262,9,1158.91
2024-10-10,Competitor Terms,Search,851.14,106668,4937,35,4590.18
2024-10-11,Always-on Brand,Display,478.33,172314,1970,5,642.37
2024-10-11,Retargeting,Social,754.78,69885,1708,22,1758.59
2024-10-11,Newsletter,Email,0.0,0,0,0,0.0
2024-10-11,Creator Series,Video,801.98,326292,7342,7,870.94
2024-10-11,Competitor Terms,Search,976.75,120761,6612,33,4437.78
2024-10-12,Always-on Brand,Display,328.75,125906,1275,6,450.23
2024-10-12,Retargeting,Social,751.29,66427,1404,23,2512.7
2024-10-12,Newsletter,Email,238.96,32135,2071,28,1948.7
2024-10-12,Creator Series,Video,878.34,234903,4156,15,1644.08
2024-10-12,Competitor Terms,Search,828.15,90240,4619,30,1948.19
2024-10-13,Always-on Brand,Display,607.39,161443,2383,7,427.24
2024-10-13,Retargeting,Social,860.48,102196,3367,28,2678.92
2024-10-13,Newsletter,Email,226.17,30765,3258,27,2550.71
2024-10-13,Creator Series,Video,586.63,162599,3158,9,871.83
2024-10-13,Competitor Terms,Search,892.41,102972,5845,36,2531.45
2024-10-14,Always-on Brand,Display,583.3,204532,2635,8,1010.34
2024-10-14,Retargeting,Social,934.36,108317,4105,25,2535.2
2024-10-14,Newsletter,Email,0.0,0,0,0,0.0
2024-10-14,Creator Series,Video,670.51,173441,3227,11,1367.02
2024-10-14,Competitor Terms,Search,1024.29,126498,7954,59,4059.01
2024-10-15,Always-on Brand,Display,368.01,93799,881,4,297.12
2024-10-15,Retargeting,Social,493.99,67581,2488,12,724.31
2024-10-15,Newsletter,Email,260.45,25883,2427,31,2903.33
2024-10-15,Creator Series,Video,839.61,297522,6770,8,748.84
2024-10-15,Competitor Terms,Search,894.94,105270,4570,26,2036.34
2024-10-16,Always-on Brand,Display,309.11,105349,1563,6,646.69
2024-10-16,Retargeting,Social,579.22,80050,2364,21,2151.87
2024-10-16,Newsletter,Email,203.64,19393,2171,20,1872.53
2024-10-16,Creator Series,Video,828.44,256981,3816,11,1318.12
2024-10-16,Competitor Terms,Search,869.71,105137,5636,56,5011.54
2024-10-17,Always-on Brand,Display,487.35,198523,2677,9,1136.59
2024-10-17,Retargeting,Social,906.59,73734,2395,19,2175.21
2024-10-17,Newsletter,Email,115.93,10602,880,17,2146.37
2024-10-17,Creator Series,Video,460.82,169052,3150,10,1189.29
2024-10-17,Competitor Terms,Search,868.93,119252,6941,41,4304.23
2024-10-18,Always-on Brand,Display,547.62,151836,1531,5,565.46
2024-10-18,Retargeting,Social,772.96,70855,2039,18,2170.0
2024-10-18,Newsletter,Email,0.0,0,0,0,0.0
2024-10-18,Creator Series,Video,667.83,177098,2330,13,1460.18
2024-10-18,Competitor Terms,Search,884.06,79547,3458,53,3388.74
2024-10-19,Always-on Brand,Display,497.69,178043,1903,9,1203.91
2024-10-19,Retargeting,Social,500.04,56742,1826,19,2552.63
2024-10-19,Newsletter,Email,246.65,26955,1878,34,3191.74
2024-10-19,Creator Series,Video,652.07,236260,4216,9,683.59
2024-10-19,Competitor Terms,Search,944.25,119150,4860,41,2841.8
2024-10-20,Always-on Brand,Display,361.09,97896,1068,5,681.37
2024-10-20,Retargeting,Social,854.07,73082,2699,15,1927.75
2024-10-20,Newsletter,Email,156.04,15438,1271,18,1982.05
2024-10-20,Creator Series,Video,850.73,285776,4450,14,1634.04
2024-10-20,Competitor Terms,Search,1026.96,86174,5376,58,7184.67
2024-10-21,Always-on Brand,Display,627.4,165137,1900,11,1257.93
2024-10-21,Retargeting,Social,681.52,58984,2035,26,2518.34
2024-10-21,Newsletter,Email,0.0,0,0,0,0.0
2024-10-21,Creator Series,Video,477.42,187402,2659,7,748.48
2024-10-21,Competitor Terms,Search,884.16,70751,3417,58,5375.99
2024-10-22,Always-on Brand,Display,611.61,170475,1889,9,558.97
2024-10-22,Retargeting,Social,809.02,82404,2761,16,1040.26
2024-10-22,Newsletter,Email,197.76,26645,2758,34,3680.04
2024-10-22,Creator Series,Video,707.86,226573,4527,11,1100.39
2024-10-22,Competitor Terms,Search,1011.92,85783,5443,35,3189.21
2024-10-23,Always-on Brand,Display,628.63,192494,2241,11,1089.8
2024-10-23,Retargeting,Social,448.11,39041,972,14,843.31
2024-10-23,Newsletter,Email,308.98,40175,4328,32,2812.08
2024-10-23,Creator Series,Video,786.0,321399,4230,11,979.88
2024-10-23,Competitor Terms,Search,937.27,130884,8375,46,6136.78
2024-10-24,Always-on Brand,Display,333.57,115956,1146,6,488.88
2024-10-24,Retargeting,Social,925.8,79742,2606,27,3285.57
2024-10-24,Newsletter,Email,0.0,0,0,0,0.0
2024-10-24,Creator Series,Video,606.39,190114,3452,7,715.36
2024-10-24,Competitor Terms,Search,1035.36,87491,4901,28,2764.71
2024-10-25,Always-on Brand,Display,744.81,305127,4199,9,873.04
2024-10-25,Retargeting,Social,740.04,92739,2075,19,1870.32
2024-10-25,Newsletter,Email,127.88,12922,911,26,2466.94
2024-10-25,Creator Series,Video,805.98,211656,3889,9,949.48
2024-10-25,Competitor Terms,Search,860.8,99760,3499,35,4224.0
2024-10-26,Always-on Brand,Display,706.98,212567,2964,12,1608.64
2024-10-26,Retargeting,Social,736.4,80117,1806,18,1457.15
2024-10-26,Newsletter,Email,0.0,0,0,0,0.0
2024-10-26,Creator Series,Video,519.42,157982,2014,10,1301.85
2024-10-26,Competitor Terms,Search,1021.33,112191,6964,40,3212.19
2024-10-27,Always-on Brand,Display,597.25,176641,1623,7,953.74
2024-10-27,Retargeting,Social,847.38,107462,3070,18,1794.98
2024-10-27,Newsletter,Email,0.0,0,0,0,0.0
2024-10-27,Creator Series,Video,834.33,233496,4372,13,1696.63
2024-10-27,Competitor Terms,Search,998.86,109507,6420,46,3204.46
2024-10-28,Always-on Brand,Display,395.54,122101,1127,7,856.96
2024-10-28,Retargeting,Social,707.25,73772,1572,24,2885.12
2024-10-28,Newsletter,Email,31.17,2869,291,7,501.07
2024-10-28,Creator Series,Video,761.3,271617,6163,15,1446.77
2024-10-28,Competitor Terms,Search,905.86,95756,4506,30,3683.93
2024-10-29,Always-on Brand,Display,312.7,102029,1030,4,277.9
2024-10-29,Retargeting,Social,707.93,87191,2616,19,2623.07
2024-10-29,Newsletter,Email,0.0,0,0,0,0.0
2024-10-29,Creator Series,Video,771.31,243379,4301,15,1321.02
2024-10-29,Competitor Terms,Search,826.95,113168,5985,54,4799.59
2024-10-30,Always-on Brand,Display,431.2,118488,1172,9,622.16
2024-10-30,Retargeting,Social,673.47,56408,1898,18,1400.94
2024-10-30,Newsletter,Email,299.66,40979,4483,29,2046.71
2024-10-30,Creator Series,Video,636.23,261013,4212,9,579.81
2024-10-30,Competitor Terms,Search,928.38,101470,5259,29,3365.13
2024-10-31,Always-on Brand,Display,292.19,118493,1738,5,438.84
2024-10-31,Retargeting,Social,715.32,84576,2396,20,1595.16
2024-10-31,Newsletter,Email,97.8,11544,1295,30,2439.29
2024-10-31,Creator Series,Video,729.73,202058,2733,8,1005.34
2024-10-31,Competitor Terms,Search,876.4,80407,4504,31,4224.56
2024-11-01,Always-on Brand,Display,784.99,191699,2889,9,859.26
2024-11-01,Retargeting,Social,807.28,108964,3305,23,2984.42
2024-11-01,Newsletter,Email,78.3,9369,1014,13,1091.35
2024-11-01,Creator Series,Video,902.41,259086,5775,10,911.16
2024-11-01,Holiday Push,Social,1108.49,115602,3088,31,3081.78
2024-11-01,Competitor Terms,Search,1230.07,160126,9611,45,6073.36
2024-11-02,Always-on Brand,Display,518.51,211023,2113,8,1037.52
2024-11-02,Retargeting,Social,966.41,94893,3394,22,2981.73
2024-11-02,Newsletter,Email,395.08,52397,4374,26,2847.62
2024-11-02,Creator Series,Video,736.75,298271,5106,12,936.01
2024-11-02,Holiday Push,Social,870.12,107778,3302,16,2162.71
2024-11-02,Competitor Terms,Search,1173.12,144721,6888,59,5548.72
2024-11-03,Always-on Brand,Display,744.59,252977,3434,12,877.28
2024-11-03,Retargeting,Social,1062.13,94752,3345,22,1947.18
2024-11-03,Newsletter,Email,196.53,16729,1300,27,2193.19
2024-11-03,Creator Series,Video,889.1,329245,4584,13,1454.85
2024-11-03,Holiday Push,Social,1049.08,85301,3048,31,2467.05
2024-11-03,Competitor Terms,Search,1245.47,164953,5981,53,5663.81
2024-11-04,Always-on Brand,Display,682.11,244515,2844,8,776.89
2024-11-04,Retargeting,Social,927.21,89124,2663,22,2396.67
2024-11-04,Newsletter,Email,6.26,648,74,4,534.8
2024-11-04,Creator Series,Video,1146.6,296321,4656,14,1859.01
2024-11-04,Holiday Push,Social,954.57,83947,2532,30,2971.37
2024-11-04,Competitor Terms,Search,1084.87,139032,5909,39,4052.4
2024-11-05,Always-on Brand,Display,72.33,27129,419,3,367.33
2024-11-05,Retargeting,Social,731.19,96725,3424,15,1171.22
2024-11-05,Newsletter,Email,0.0,0,0,0,0.0
2024-11-05,Creator Series,Video,789.26,313308,7295,13,1399.82
2024-11-05,Holiday Push,Social,1162.83,104770,3804,20,1401.94
2024-11-05,Competitor Terms,Search,1311.83,141277,5754,67,7700.45
2024-11-06,Always-on Brand,Display,512.43,202721,2272,7,706.44
2024-11-06,Retargeting,Social,950.4,109928,3017,31,3752.46
2024-11-06,Newsletter,Email,96.4,11579,1088,17,1811.47
2024-11-06,Creator Series,Video,796.57,257880,3443,14,1324.36
2024-11-06,Holiday Push,Social,818.41,76182,2573,28,2167.98
2024-11-06,Competitor Terms,Search,1397.56,191628,7209,65,7050.49
2024-11-07,Always-on Brand,Display,669.49,245617,2085,8,507.53
2024-11-07,Retargeting,Social,1369.47,168075,5327,36,2537.66
2024-11-07,Newsletter,Email,0.0,0,0,0,0.0
2024-11-07,Creator Series,Video,1174.2,323150,5827,18,2131.26
2024-11-07,Holiday Push,Social,1099.86,117130,3917,33,2516.77
2024-11-07,Competitor Terms,Search,1032.16,125456,6528,28,2226.07
2024-11-08,Always-on Brand,Display,797.12,242583,3550,10,816.96
2024-11-08,Retargeting,Social,802.62,110773,3710,29,2646.88
2024-11-08,Newsletter,Email,25.2,2214,233,8,1025.43
2024-11-08,Creator Series,Video,893.42,306435,5991,8,658.83
2024-11-08,Holiday Push,Social,609.58,53160,1176,20,1299.75
2024-11-08,Competitor Terms,Search,1095.65,100029,5904,64,7076.17
2024-11-09,Always-on Brand,Display,663.06,232481,2252,8,1049.76
2024-11-09,Retargeting,Social,1062.93,100521,2514,18,2135.62
2024-11-09,Newsletter,Email,146.84,14730,1711,22,2565.8
2024-11-09,Creator Series,Video,679.19,170333,3955,9,1072.61
2024-11-09,Holiday Push,Social,1128.64,112170,2390,27,1892.09
2024-11-09,Competitor Terms,Search,1210.24,100431,5138,52,5789.31
2024-11-10,Always-on Brand,Display,552.12,203423,1782,10,1246.13
2024-11-10,Retargeting,Social,923.67,90001,2222,31,2528.67
2024-11-10,Newsletter,Email,61.98,6434,477,20,1393.46
2024-11-10,Creator Series,Video,598.96,182757,2749,11,827.16
2024-11-10,Holiday Push,Social,980.79,121267,4322,19,1216.61
2024-11-10,Competitor Terms,Search,1171.37,153385,9755,51,5194.55
2024-11-11,Always-on Brand,Display,677.07,234217,2577,9,982.5
2024-11-11,Retargeting,Social,1000.48,88868,2577,16,1358.99
2024-11-11,Newsletter,Email,0.0,0,0,0,0.0
2024-11-11,Creator Series,Video,958.09,382038,6170,10,1158.23
2024-11-11,Holiday Push,Social,476.41,59244,1678,21,2343.26
2024-11-11,Competitor Terms,Search,1192.06,155398,9536,38,4833.41
2024-11-12,Always-on Brand,Display,651.2,187176,2717,11,1390.59
2024-11-12,Retargeting,Social,1010.22,114047,2885,22,3008.63
2024-11-12,Newsletter,Email,137.89,18575,1333,18,2201.59
2024-11-12,Creator Series,Video,838.81,346297,5047,8,1046.31
2024-11-12,Holiday Push,Social,915.16,118584,2705,25,3385.92
2024-11-12,Competitor Terms,Search,1534.12,199973,12618,50,5841.6
2024-11-13,Always-on Brand,Display,651.18,256551,3670,9,1144.35
2024-11-13,Retargeting,Social,940.86,126444,4643,18,1569.41
2024-11-13,Newsletter,Email,0.0,0,0,0,0.0
2024-11-13,Creator Series,Video,1039.8,346288,4781,14,1884.47
2024-11-13,Holiday Push,Social,895.63,88230,2895,30,2892.37
2024-11-13,Competitor Terms,Search,960.03,87022,3929,34,2214.29
2024-11-14,Always-on Brand,Display,763.76,216786,3118,11,1014.77
2024-11-14,Retargeting,Social,1067.18,103701,3353,33,2933.05
2024-11-14,Newsletter,Email,204.16,20338,2189,40,4618.62
2024-11-14,Creator Series,Video,673.16,169279,3939,13,844.19
2024-11-14,Holiday Push,Social,1234.82,111339,3933,37,2511.48
2024-11-14,Competitor Terms,Search,958.53,115027,7228,56,4152.52
2024-11-15,Always-on Brand,Display,447.48,114243,1693,5,650.58
2024-11-15,Retargeting,Social,1074.8,135413,3356,26,1815.91
2024-11-15,Newsletter,Email,36.84,4333,306,12,743.26
2024-11-15,Creator Series,Video,1074.85,323356,4860,18,1786.85
2024-11-15,Holiday Push,Social,893.69,101850,2215,21,2043.8
2024-11-15,Competitor Terms,Search,1245.48,103323,5283,38,2396.52
2024-11-16,Always-on Brand,Display,569.68,147830,1753,7,568.37
2024-11-16,Retargeting,Social,909.58,88794,2656,19,2608.92
2024-11-16,Newsletter,Email,30.55,3064,268,16,1625.29
2024-11-16,Creator Series,Video,876.7,366818,7915,11,724.52
2024-11-16,Holiday Push,Social,1103.16,149494,3945,17,1591.2
2024-11-16,Competitor Terms,Search,1200.86,153926,9718,55,7180.29
2024-11-17,Always-on Brand,Display,507.82,175729,1583,9,723.89
2024-11-17,Retargeting,Social,1045.53,112875,3802,16,1696.07
2024-11-17,Newsletter,Email,0.0,0,0,0,0.0
2024-11-17,Creator Series,Video,872.98,280205,6469,8,1037.11
2024-11-17,Holiday Push,Social,706.34,61267,1553,23,1474.66
2024-11-17,Competitor Terms,Search,1201.1,153457,8134,39,4808.28
2024-11-18,Always-on Brand,Display,524.61,212615,2996,5,476.9
2024-11-18,Retargeting,Social,1081.66,104855,3201,34,4066.27
2024-11-18,Newsletter,Email,150.15,19161,1265,26,2425.54
2024-11-18,Creator Series,Video,807.4,194857,4270,11,688.89
2024-11-18,Holiday Push,Social,597.34,69986,2143,26,3230.9
2024-11-18,Competitor Terms,Search,917.83,122453,6182,36,4040.76
2024-11-19,Always-on Brand,Display,713.93,280677,3796,10,730.92
2024-11-19,Retargeting,Social,895.75,110539,3235,15,1205.4
2024-11-19,Newsletter,Email,0.0,0,0,0,0.0
2024-11-19,Creator Series,Video,938.41,301143,6762,16,1090.58
2024-11-19,Holiday Push,Social,1024.58,106018,3770,15,1749.9
2024-11-19,Competitor Terms,Search,1164.0,94067,4164,41,4639.74
2024-11-20,Always-on Brand,Display,542.01,137519,1319,9,568.65
2024-11-20,Retargeting,Social,797.55,79859,2264,19,2347.14
2024-11-20,Newsletter,Email,0.0,0,0,0,0.0
2024-11-20,Creator Series,Video,996.26,243927,5064,18,1275.81
2024-11-20,Holiday Push,Social,1036.35,109188,3514,26,1672.95
2024-11-20,Competitor Terms,Search,1067.1,123948,7658,30,3097.18
2024-11-21,Always-on Brand,Display,738.26,238540,2667,7,672.78
2024-11-21,Retargeting,Social,1098.8,107316,3938,21,1614.91
2024-11-21,Newsletter,Email,239.68,21877,2237,43,5568.07
2024-11-21,Creator Series,Video,633.32,192611,3541,7,908.52
2024-11-21,Holiday Push,Social,901.56,95122,2820,16,1617.38
2024-11-21,Competitor Terms,Search,1339.23,113114,5161,33,2512.21
2024-11-22,Always-on Brand,Display,1088.75,359662,3196,12,1295.71
2024-11-22,Retargeting,Social,938.61,110881,3002,28,3892.07
2024-11-22,Newsletter,Email,0.0,0,0,0,0.0
2024-11-22,Creator Series,Video,1038.48,344652,6617,17,1473.68
2024-11-22,Holiday Push,Social,982.39,126119,4265,19,1492.22
2024-11-22,Competitor Terms,Search,888.85,117773,6000,42,4182.9
2024-11-23,Always-on Brand,Display,751.62,281540,2410,11,1113.97
2024-11-23,Retargeting,Social,636.78,55066,1663,27,2149.39
2024-11-23,Newsletter,Email,0.0,0,0,0,0.0
2024-11-23,Creator Series,Video,913.54,276295,4807,16,2166.8
2024-11-23,Holiday Push,Social,990.49,112079,2535,24,3253.08
2024-11-23,Competitor Terms,Search,1338.87,128516,6989,39,2480.18
2024-11-24,Always-on Brand,Display,740.55,202576,2467,8,1019.83
2024-11-24,Retargeting,Social,977.5,132548,2845,24,1839.1
2024-11-24,Newsletter,Email,302.68,31218,2402,46,3705.8
2024-11-24,Creator Series,Video,965.21,282838,5515,9,664.2
2024-11-24,Holiday Push,Social,912.56,91298,3007,30,3215.43
2024-11-24,Competitor Terms,Search,1141.85,158643,7307,32,2018.59
2024-11-25,Always-on Brand,Display,858.62,276045,4205,13,1502.99
2024-11-25,Retargeting,Social,941.21,87311,2523,29,1812.08
2024-11-25,Newsletter,Email,232.41,25857,1928,36,4433.5
2024-11-25,Creator Series,Video,872.29,350195,4465,11,789.67
2024-11-25,Holiday Push,Social,778.37,94199,2798,24,1548.86
2024-11-25,Competitor Terms,Search,1397.64,166195,10403,49,5280.24
2024-11-26,Always-on Brand,Display,819.68,259991,3825,8,794.77
2024-11-26,Retargeting,Social,959.73,101759,2318,33,3302.85
2024-11-26,Newsletter,Email,0.0,0,0,0,0.0
2024-11-26,Creator Series,Video,916.45,278348,5435,8,1115.46
2024-11-26,Holiday Push,Social,1062.46,138766,2939,25,2968.4
2024-11-26,Competitor Terms,Search,1510.39,208584,7732,46,6322.8
2024-11-27,Always-on Brand,Display,744.82,216894,2973,11,663.65
2024-11-27,Retargeting,Social,783.59,101440,2274,25,1548.7
2024-11-27,Newsletter,Email,98.5,11467,1016,29,4029.12
2024-11-27,Creator Series,Video,966.04,297426,5647,13,1551.9
2024-11-27,Holiday Push,Social,703.69,97500,3203,15,1561.66
2024-11-27,Competitor Terms,Search,856.84,85058,3989,47,5093.1
2024-11-28,Always-on Brand,Display,593.18,195069,2483,6,403.12
2024-11-28,Retargeting,Social,744.87,92183,2594,18,2460.34
2024-11-28,Newsletter,Email,155.25,20880,1551,35,3055.8
2024-11-28,Creator Series,Video,1125.92,376987,8542,14,885.95
2024-11-28,Holiday Push,Social,1014.02,104959,3519,20,2253.37
2024-11-28,Competitor Terms,Search,1220.12,98460,5536,37,3365.97
2024-11-29,Always-on Brand,Display,893.23,370112,3387,6,825.25
2024-11-29,Retargeting,Social,1002.35,111790,3273,28,3510.13
2024-11-29,Newsletter,Email,0.0,0,0,0,0.0
2024-11-29,Creator Series,Video,1034.78,431632,9235,12,1043.22
2024-11-29,Holiday Push,Social,1067.49,148670,5320,28,1859.24
2024-11-29,Competitor Terms,Search,1367.27,139539,7651,37,4247.0
2024-11-30,Always-on Brand,Display,852.83,283520,2606,7,559.62
2024-11-30,Retargeting,Social,769.19,105204,2567,16,1639.41
2024-11-30,Newsletter,Email,201.61,18824,1191,31,2882.0
2024-11-30,Creator Series,Video,748.24,189488,3288,8,528.51
2024-11-30,Holiday Push,Social,770.07,101270,3779,30,3558.95
2024-11-30,Competitor Terms,Search,1045.89,116522,5191,58,5631.74
2024-12-01,Always-on Brand,Display,631.36,255324,2808,7,777.47
2024-12-01,Retargeting,Social,1023.89,95417,2147,28,1981.26
2024-12-01,Newsletter,Email,0.0,0,0,0,0.0
2024-12-01,Creator Series,Video,1122.81,469845,6245,17,1426.49
2024-12-01,Holiday Push,Social,1009.01,137559,4384,30,3111.2
2024-12-01,Competitor Terms,Search,1410.24,144828,7950,34,2823.8
2024-12-02,Always-on Brand,Display,623.93,171882,1661,7,434.22
2024-12-02,Retargeting,Social,902.9,112327,4300,25,2815.31
2024-12-02,Newsletter,Email,25.2,3369,387,10,1291.07
2024-12-02,Creator Series,Video,822.8,235147,4852,10,852.49
2024-12-02,Holiday Push,Social,1177.54,125597,2674,34,2042.58
2024-12-02,Competitor Terms,Search,1659.84,209890,7481,44,4092.48
2024-12-03,Always-on Brand,Display,1070.34,260512,2627,10,1384.52
2024-12-03,Retargeting,Social,1357.75,125868,4062,17,2044.41
2024-12-03,Newsletter,Email,185.61,25136,1667,41,5280.2
2024-12-03,Creator Series,Video,930.51,224192,3264,8,700.3
2024-12-03,Holiday Push,Social,1284.48,122072,2715,18,1345.93
2024-12-03,Competitor Terms,Search,1489.01,193955,9262,36,4654.56
2024-12-04,Always-on Brand,Display,810.87,219710,2199,6,761.97
2024-12-04,Retargeting,Social,853.12,94431,3432,30,3722.79
2024-12-04,Newsletter,Email,172.24,19278,1940,22,2838.98
2024-12-04,Creator Series,Video,965.32,289063,6599,11,765.55
2024-12-04,Holiday Push,Social,1080.46,150330,4315,27,2401.98
2024-12-04,Competitor Terms,Search,1384.59,188272,9350,60,6548.13
2024-12-05,Always-on Brand,Display,938.74,266814,3982,14,995.98
2024-12-05,Retargeting,Social,1370.46,122014,4466,29,2937.01
2024-12-05,Newsletter,Email,182.23,17589,1635,25,1532.52
2024-12-05,Creator Series,Video,638.9,229944,4054,14,893.82
2024-12-05,Holiday Push,Social,1002.58,93020,2569,15,1007.98
2024-12-05,Competitor Terms,Search,1459.68,174106,7055,71,9496.73
2024-12-06,Always-on Brand,Display,575.48,173165,1702,7,579.41
2024-12-06,Retargeting,Social,875.3,110275,4101,25,3143.84
2024-12-06,Newsletter,Email,282.35,33576,2259,27,2130.5
2024-12-06,Creator Series,Video,1120.09,403787,8329,14,1451.21
2024-12-06,Holiday Push,Social,1175.11,139238,4638,25,2226.38
2024-12-06,Competitor Terms,Search,1151.84,101567,4955,47,5680.49
2024-12-07,Always-on Brand,Display,742.09,216201,3308,11,1207.43
2024-12-07,Retargeting,Social,971.11,97540,2592,24,1580.39
2024-12-07,Newsletter,Email,91.99,7474,873,12,1007.96
2024-12-07,Creator Series,Video,556.31,167696,2635,10,1102.32
2024-12-07,Holiday Push,Social,1398.86,185416,6193,19,2511.45
2024-12-07,Competitor Terms,Search,1468.01,189661,11839,68,9146.8
2024-12-08,Always-on Brand,Display,727.27,214756,2787,11,1392.39
2024-12-08,Retargeting,Social,777.38,92989,2593,30,2785.11
2024-12-08,Newsletter,Email,0.0,0,0,0,0.0
2024-12-08,Creator Series,Video,1252.86,456135,7347,16,1464.19
2024-12-08,Holiday Push,Social,872.77,112161,2988,22,2684.0
2024-12-08,Competitor Terms,Search,1642.78,186018,10294,64,5087.02
2024-12-09,Always-on Brand,Display,988.9,395563,5089,9,616.65
2024-12-09,Retargeting,Social,1098.63,107068,2512,16,1027.52
2024-12-09,Newsletter,Email,140.73,12123,906,17,1439.12
2024-12-09,Creator Series,Video,1093.0,376629,6273,17,1334.3
2024-12-09,Holiday Push,Social,1152.6,137250,3577,25,2006.08
2024-12-09,Competitor Terms,Search,1950.8,186287,6534,67,4321.73
2024-12-10,Always-on Brand,Display,1133.1,292813,2939,8,718.9
2024-12-10,Retargeting,Social,1003.45,127103,3541,33,3832.76
2024-12-10,Newsletter,Email,230.42,30661,2647,29,3086.28
2024-12-10,Creator Series,Video,1083.04,392790,8448,15,1048.8
2024-12-10,Holiday Push,Social,1084.39,151691,4078,35,3429.37
2024-12-10,Competitor Terms,Search,1564.39,152851,6766,72,9508.74
2024-12-11,Always-on Brand,Display,930.14,319593,4194,12,1151.25
2024-12-11,Retargeting,Social,1113.14,155338,5506,34,2140.99
2024-12-11,Newsletter,Email,0.0,0,0,0,0.0
2024-12-11,Creator Series,Video,1146.61,390137,8398,18,2329.66
2024-12-11,Holiday Push,Social,934.24,76775,1752,23,2457.48
2024-12-11,Competitor Terms,Search,1567.22,138361,5859,38,4551.4
2024-12-12,Always-on Brand,Display,758.56,256516,2616,11,996.85
2024-12-12,Retargeting,Social,1108.59,140402,5045,31,4239.14
2024-12-12,Newsletter,Email,161.02,22193,1404,19,1904.39
2024-12-12,Creator Series,Video,834.71,232839,3601,17,1690.63
2024-12-12,Holiday Push,Social,1067.26,112350,3856,30,3719.45
2024-12-12,Competitor Terms,Search,1428.53,135265,6771,63,5130.75
2024-12-13,Always-on Brand,Display,618.88,249538,2313,6,544.99
2024-12-13,Retargeting,Social,1128.58,111409,2356,29,3012.67
2024-12-13,Newsletter,Email,181.74,16101,1658,27,2802.78
2024-12-13,Creator Series,Video,1171.43,304076,4926,11,1441.27
2024-12-13,Holiday Push,Social,939.61,88566,1973,23,1997.26
2024-12-13,Competitor Terms,Search,1403.05,131024,5823,35,3537.24
2024-12-14,Always-on Brand,Display,736.45,295325,4442,10,608.69
2024-12-14,Retargeting,Social,1016.26,113971,3666,34,3584.16
2024-12-14,Newsletter,Email,12.5,1190,80,9,794.79
2024-12-14,Creator Series,Video,917.91,331236,6338,8,1015.58
2024-12-14,Holiday Push,Social,1299.66,155555,5701,32,3603.41
2024-12-14,Competitor Terms,Search,1372.71,186714,8296,68,5495.98
2024-12-15,Always-on Brand,Display,945.13,304549,4672,11,1117.97
2024-12-15,Retargeting,Social,1270.98,111679,3483,39,3151.84
2024-12-15,Newsletter,Email,104.2,14146,1597,16,2093.38
2024-12-15,Creator Series,Video,980.22,260599,5011,18,1514.63
2024-12-15,Holiday Push,Social,975.83,123163,4006,17,1979.14
2024-12-15,Competitor Terms,Search,1367.18,146940,5297,67,4213.42
2024-12-16,Always-on Brand,Display,884.98,369212,5723,13,1399.75
2024-12-16,Retargeting,Social,1140.92,116657,3446,19,2184.37
2024-12-16,Newsletter,Email,88.56,11431,995,13,1124.33
2024-12-16,Creator Series,Video,1351.89,417995,5329,21,2444.36
2024-12-16,Holiday Push,Social,657.53,54215,1627,18,2506.29
2024-12-16,Competitor Terms,Search,1008.91,105976,4810,45,3020.13
2024-12-17,Always-on Brand,Display,589.62,184507,1967,6,761.81
2024-12-17,Retargeting,Social,819.57,95323,2387,18,1346.36
2024-12-17,Newsletter,Email,0.0,0,0,0,0.0
2024-12-17,Creator Series,Video,1355.36,405362,8057,22,1748.56
2024-12-17,Holiday Push,Social,1455.61,193204,5211,31,2984.41
2024-12-17,Competitor Terms,Search,1122.03,141413,6558,54,7022.43
2024-12-18,Always-on Brand,Display,703.27,233319,2749,9,672.02
2024-12-18,Retargeting,Social,971.66,99462,3753,20,1732.77
2024-12-18,Newsletter,Email,2.09,249,23,4,280.35
2024-12-18,Creator Series,Video,999.05,265321,4473,17,2151.4
2024-12-18,Holiday Push,Social,1200.3,110256,3723,20,1924.98
2024-12-18,Competitor Terms,Search,1490.72,192090,10860,53,6941.0
2024-12-19,Always-on Brand,Display,873.17,227031,2391,11,773.67
2024-12-19,Retargeting,Social,899.27,81436,2114,19,1965.7
2024-12-19,Newsletter,Email,156.91,15742,1475,23,2706.83
2024-12-19,Creator Series,Video,1192.63,465388,8197,10,1317.31
2024-12-19,Holiday Push,Social,906.25,83263,1860,28,1891.35
2024-12-19,Competitor Terms,Search,1198.85,99627,4842,33,3827.41
2024-12-20,Always-on Brand,Display,762.27,298517,3406,10,914.33
2024-12-20,Retargeting,Social,684.75,64474,2045,12,1599.69
2024-12-20,Newsletter,Email,0.0,0,0,0,0.0
2024-12-20,Creator Series,Video,1007.05,337255,7218,19,1768.48
2024-12-20,Holiday Push,Social,1202.3,113803,3049,19,2467.75
2024-12-20,Competitor Terms,Search,1428.24,192369,9599,56,6187.42
2024-12-21,Always-on Brand,Display,679.04,254496,2527,8,831.99
2024-12-21,Retargeting,Social,881.7,82456,2022,27,2538.73
2024-12-21,Newsletter,Email,0.0,0,0,0,0.0
2024-12-21,Creator Series,Video,1256.86,313476,6650,20,1473.43
2024-12-21,Holiday Push,Social,866.94,75118,2797,17,1085.59
2024-12-21,Competitor Terms,Search,1288.17,126444,5134,48,6118.63
2024-12-22,Always-on Brand,Display,910.37,224222,2657,14,1745.68
2024-12-22,Retargeting,Social,1322.65,121223,2880,37,4928.05
2024-12-22,Newsletter,Email,135.1,18884,1205,15,1306.21
2024-12-22,Creator Series,Video,945.01,382281,6739,19,1208.98
2024-12-22,Holiday Push,Social,1148.34,124103,2840,37,4875.54
2024-12-22,Competitor Terms,Search,1524.64,210919,11142,50,5437.78
2024-12-23,Always-on Brand,Display,890.49,289181,4187,7,741.77
2024-12-23,Retargeting,Social,1123.55,110794,3159,28,3544.03
2024-12-23,Newsletter,Email,69.21,7785,526,24,1796.1
2024-12-23,Creator Series,Video,1039.19,269036,5321,13,1660.49
2024-12-23,Holiday Push,Social,1000.32,83634,1915,16,1533.12
2024-12-23,Competitor Terms,Search,1449.78,155484,9068,65,5980.61
2024-12-24,Always-on Brand,Display,871.32,263603,2707,11,987.44
2024-12-24,Retargeting,Social,1059.13,98913,3051,15,1976.49
2024-12-24,Newsletter,Email,4.59,598,51,3,270.62
2024-12-24,Creator Series,Video,908.73,289536,4094,8,529.01
2024-12-24,Holiday Push,Social,1228.13,108712,2666,26,1862.96
2024-12-24,Competitor Terms,Search,1544.16,175976,7628,64,6566.64
2024-12-25,Always-on Brand,Display,969.76,268926,3929,11,783.76
2024-12-25,Retargeting,Social,1027.19,101149,3739,23,2299.04
2024-12-25,Newsletter,Email,93.63,7671,665,27,3586.18
2024-12-25,Creator Series,Video,484.66,201591,2783,12,957.39
2024-12-25,Holiday Push,Social,1218.55,141645,4190,21,1588.51
2024-12-25,Competitor Terms,Search,1768.92,185238,11025,68,6123.11
2024-12-26,Always-on Brand,Display,742.43,287226,4153,8,1066.27
2024-12-26,Retargeting,Social,1003.89,133918,4733,19,1941.05
2024-12-26,Newsletter,Email,194.67,17413,1821,21,2932.58
2024-12-26,Creator Series,Video,1153.59,466100,8152,16,2121.03
2024-12-26,Holiday Push,Social,985.48,80151,1693,21,2165.19
2024-12-26,Competitor Terms,Search,1384.59,116612,4090,31,2371.7
2024-12-27,Always-on Brand,Display,651.0,266895,3048,7,522.64
2024-12-27,Retargeting,Social,955.7,88630,2585,23,3172.48
2024-12-27,Newsletter,Email,143.94,15160,990,17,1992.08
2024-12-27,Creator Series,Video,761.84,314226,4966,9,836.11
2024-12-27,Holiday Push,Social,1042.1,143030,5301,27,3226.3
2024-12-27,Competitor Terms,Search,1323.7,122665,6498,62,6496.67
2024-12-28,Always-on Brand,Display,967.98,381776,3865,13,1516.18
2024-12-28,Retargeting,Social,1241.09,121994,3405,33,2749.29
2024-12-28,Newsletter,Email,0.0,0,0,0,0.0
2024-12-28,Creator Series,Video,687.97,285297,3904,15,2022.67
2024-12-28,Holiday Push,Social,1061.17,108507,2986,17,1936.62
2024-12-28,Competitor Terms,Search,1232.04,113458,6842,30,4022.15
2024-12-29,Always-on Brand,Display,849.77,224700,2597,8,518.44
2024-12-29,Retargeting,Social,1168.07,94725,2406,23,2404.91
2024-12-29,Newsletter,Email,131.43,17671,1600,32,2969.59
2024-12-29,Creator Series,Video,1080.5,333607,5020,13,1291.34
2024-12-29,Holiday Push,Social,968.95,134706,4656,23,1901.56
2024-12-29,Competitor Terms,Search,1365.39,188785,11826,34,4470.53
2024-12-30,Always-on Brand,Display,512.55,131232,1401,6,472.87
2024-12-30,Retargeting,Social,988.83,107493,2785,25,3462.37
2024-12-30,Newsletter,Email,178.03,14808,1014,21,1617.67
2024-12-30,Creator Series,Video,1339.76,435888,10191,10,632.83
2024-12-30,Holiday Push,Social,1004.39,91104,3229,31,2703.58
2024-12-30,Competitor Terms,Search,1544.19,178723,10425,66,6933.04
2024-12-31,Always-on Brand,Display,660.82,198601,1906,8,1094.56
2024-12-31,Retargeting,Social,1465.8,180991,3853,30,4163.05
2024-12-31,Newsletter,Email,76.01,8407,822,20,2099.38
2024-12-31,Creator Series,Video,883.77,278464,6365,12,1316.64
2024-12-31,Holiday Push,Social,906.53,124358,3267,16,974.13
2024-12-31,Competitor Terms,Search,1499.15,163738,5851,71,7489.45
2025-01-01,Always-on Brand,Display,455.06,161826,2480,6,561.7
2025-01-01,Retargeting,Social,781.82,99728,2600,29,1785.36
2025-01-01,Newsletter,Email,0.0,0,0,0,0.0
2025-01-01,Creator Series,Video,623.11,164631,3611,8,1021.43
2025-01-01,Competitor Terms,Search,724.55,74387,3191,47,3693.04
2025-01-02,Always-on Brand,Display,447.6,112242,1058,10,813.95
2025-01-02,Retargeting,Social,565.08,53354,1471,11,1186.12
2025-01-02,Newsletter,Email,0.0,0,0,0,0.0
2025-01-02,Creator Series,Video,626.83,191251,4347,11,726.01
2025-01-02,Competitor Terms,Search,815.37,113784,4054,28,3418.64
2025-01-03,Always-on Brand,Display,557.82,218472,2071,7,753.84
2025-01-03,Retargeting,Social,485.69,55742,2113,23,1915.64
2025-01-03,Newsletter,Email,0.67,92,7,1,95.08
2025-01-03,Creator Series,Video,550.55,222943,4727,10,950.45
2025-01-03,Competitor Terms,Search,712.33,89116,5246,40,2553.45
2025-01-04,Always-on Brand,Display,329.28,106518,1580,4,545.92
2025-01-04,Retargeting,Social,599.24,62086,2105,22,2674.44
2025-01-04,Newsletter,Email,50.96,6070,501,21,1467.56
2025-01-04,Creator Series,Video,459.72,117605,1647,6,411.75
2025-01-04,Competitor Terms,Search,624.44,66821,2463,24,1498.64
2025-01-05,Always-on Brand,Display,479.53,167907,1755,7,610.57
2025-01-05,Retargeting,Social,647.29,60423,2131,20,2178.53
2025-01-05,Newsletter,Email,0.0,0,0,0,0.0
2025-01-05,Creator Series,Video,525.11,160268,3308,14,1799.97
2025-01-05,Competitor Terms,Search,765.5,101214,4132,25,2680.57
2025-01-06,Always-on Brand,Display,435.96,140281,1550,8,989.87
2025-01-06,Retargeting,Social,569.48,71633,2526,11,1282.51
2025-01-06,Newsletter,Email,100.63,8268,892,29,1780.16
2025-01-06,Creator Series,Video,464.03,158123,2505,11,1091.08
2025-01-06,Competitor Terms,Search,848.5,77904,4138,29,2001.56
2025-01-07,Always-on Brand,Display,263.51,96009,1093,7,934.79
2025-01-07,Retargeting,Social,619.05,54605,1469,12,1210.05
2025-01-07,Newsletter,Email,0.0,0,0,0,0.0
2025-01-07,Creator Series,Video,616.86,176977,4002,10,975.74
2025-01-07,Competitor Terms,Search,724.31,98240,6323,23,2598.71
2025-01-08,Always-on Brand,Display,516.84,161641,2246,9,1008.37
2025-01-08,Retargeting,Social,644.09,83583,2428,17,1109.21
2025-01-08,Newsletter,Email,0.0,0,0,0,0.0
2025-01-08,Creator Series,Video,614.05,253691,5150,8,644.84
2025-01-08,Competitor Terms,Search,788.67,76572,3856,45,5100.51
2025-01-09,Always-on Brand,Display,265.89,103410,1172,7,773.96
2025-01-09,Retargeting,Social,344.84,39785,1207,9,580.84
2025-01-09,Newsletter,Email,0.0,0,0,0,0.0
2025-01-09,Creator Series,Video,583.22,190008,3733,7,541.84
2025-01-09,Competitor Terms,Search,821.89,84255,3126,42,5345.34
2025-01-10,Always-on Brand,Display,522.77,146648,2193,8,1002.41
2025-01-10,Retargeting,Social,493.43,44696,986,12,747.64
2025-01-10,Newsletter,Email,0.0,0,0,0,0.0
2025-01-10,Creator Series,Video,505.2,203356,3571,6,650.07
2025-01-10,Competitor Terms,Search,766.5,92226,4802,23,1848.92
2025-01-11,Always-on Brand,Display,390.76,102029,1203,6,505.52
2025-01-11,Retargeting,Social,511.86,41544,1162,14,1426.61
2025-01-11,Newsletter,Email,0.0,0,0,0,0.0
2025-01-11,Creator Series,Video,542.31,168951,3552,9,644.17
2025-01-11,Competitor Terms,Search,659.56,69331,2669,37,2263.38
2025-01-12,Always-on Brand,Display,492.26,169825,1976,10,695.62
2025-01-12,Retargeting,Social,735.3,70353,1813,26,2361.72
2025-01-12,Newsletter,Email,135.06,11261,780,23,3045.93
2025-01-12,Creator Series,Video,551.53,165886,3158,10,998.58
2025-01-12,Competitor Terms,Search,767.76,67819,2832,34,2818.55
2025-01-13,Always-on Brand,Display,355.19,99538,978,7,621.96
2025-01-13,Retargeting,Social,531.54,53409,1310,23,1880.81
2025-01-13,Newsletter,Email,4.03,395,27,4,327.44
2025-01-13,Creator Series,Video,491.69,171132,3127,13,1037.94
2025-01-13,Competitor Terms,Search,648.77,85089,3457,37,4242.27
2025-01-14,Always-on Brand,Display,493.6,154742,1473,9,620.58
2025-01-14,Retargeting,Social,585.08,61608,1505,22,2542.81
2025-01-14,Newsletter,Email,79.76,9278,1037,18,2444.55
2025-01-14,Creator Series,Video,416.66,121773,2078,12,807.58
2025-01-14,Competitor Terms,Search,590.17,67997,2433,30,3783.17
2025-01-15,Always-on Brand,Display,463.18,147715,1589,6,719.39
2025-01-15,Retargeting,Social,733.26,71116,2110,27,3350.95
2025-01-15,Newsletter,Email,96.06,12118,876,15,1946.39
2025-01-15,Creator Series,Video,458.4,143234,2402,12,1451.78
2025-01-15,Competitor Terms,Search,707.24,75099,4317,46,3773.67
2025-01-16,Always-on Brand,Display,452.19,113177,1543,6,558.79
2025-01-16,Retargeting,Social,685.01,91188,2291,14,1827.11
2025-01-16,Newsletter,Email,266.43,30534,2008,43,3497.97
2025-01-16,Creator Series,Video,548.41,166451,3729,7,611.65
2025-01-16,Competitor Terms,Search,839.91,96228,3487,56,6211.43
2025-01-17,Always-on Brand,Display,360.58,142526,1311,4,325.84
2025-01-17,Retargeting,Social,580.21,78869,2915,17,1554.76
2025-01-17,Newsletter,Email,16.56,1942,182,6,565.68
2025-01-17,Creator Series,Video,757.53,210252,4599,12,1185.62
2025-01-17,Competitor Terms,Search,927.95,95171,5809,40,2886.83
2025-01-18,Always-on Brand,Display,377.79,111570,1144,9,871.66
2025-01-18,Retargeting,Social,599.77,75147,1607,16,1978.09
2025-01-18,Newsletter,Email,0.0,0,0,0,0.0
2025-01-18,Creator Series,Video,362.39,120517,2104,11,1491.36
2025-01-18,Competitor Terms,Search,545.65,53332,2414,45,3836.17
2025-01-19,Always-on Brand,Display,277.69,115912,1029,4,441.64
2025-01-19,Retargeting,Social,587.8,54085,1159,14,1421.69
2025-01-19,Newsletter,Email,35.32,3326,230,14,997.82
2025-01-19,Creator Series,Video,724.71,290560,6551,16,2081.55
2025-01-19,Competitor Terms,Search,702.32,67524,2380,24,1446.84
2025-01-20,Always-on Brand,Display,346.04,127378,1435,4,369.68
2025-01-20,Retargeting,Social,656.76,79235,2523,12,1123.83
2025-01-20,Newsletter,Email,37.58,3805,401,17,1407.31
2025-01-20,Creator Series,Video,473.32,119943,1811,11,1318.66
2025-01-20,Competitor Terms,Search,793.04,83458,4147,34,2158.82
2025-01-21,Always-on Brand,Display,479.62,148807,1833,10,601.83
2025-01-21,Retargeting,Social,607.81,56117,1986,11,844.31
2025-01-21,Newsletter,Email,0.0,0,0,0,0.0
2025-01-21,Creator Series,Video,488.13,119501,1781,6,418.77
2025-01-21,Competitor Terms,Search,732.81,75059,4871,52,4172.75
2025-01-22,Always-on Brand,Display,415.56,114066,1569,7,766.54
2025-01-22,Retargeting,Social,672.29,71185,1772,14,1019.52
2025-01-22,Newsletter,Email,0.0,0,0,0,0.0
2025-01-22,Creator Series,Video,605.56,247597,4275,7,740.78
2025-01-22,Competitor Terms,Search,652.32,74234,4458,28,2493.29
2025-01-23,Always-on Brand,Display,354.68,132783,1178,7,516.76
2025-01-23,Retargeting,Social,536.92,67821,1930,22,1629.37
2025-01-23,Newsletter,Email,223.52,26012,2428,44,5671.33
2025-01-23,Creator Series,Video,460.69,125053,2858,6,490.91
2025-01-23,Competitor Terms,Search,727.79,82826,3023,50,5765.64
2025-01-24,Always-on Brand,Display,477.87,172020,1455,9,1156.51
2025-01-24,Retargeting,Social,489.94,53719,1765,13,1082.78
2025-01-24,Newsletter,Email,0.0,0,0,0,0.0
2025-01-24,Creator Series,Video,632.5,167833,3545,9,564.41
2025-01-24,Competitor Terms,Search,699.43,93615,3815,29,1914.13
2025-01-25,Always-on Brand,Display,435.91,142509,1718,5,584.72
2025-01-25,Retargeting,Social,625.93,59894,1471,18,1702.19
2025-01-25,Newsletter,Email,23.95,2421,224,14,1479.66
2025-01-25,Creator Series,Video,616.02,207356,3729,8,723.67
2025-01-25,Competitor Terms,Search,819.05,81544,4288,55,5251.77
2025-01-26,Always-on Brand,Display,388.24,102905,1047,7,775.93
2025-01-26,Retargeting,Social,603.28,62283,2229,27,2393.17
2025-01-26,Newsletter,Email,117.58,11048,778,23,2624.65
2025-01-26,Creator Series,Video,435.81,134549,2660,11,698.78
2025-01-26,Competitor Terms,Search,641.77,82356,3196,39,3358.88
2025-01-27,Always-on Brand,Display,512.18,210721,2595,10,1238.64
2025-01-27,Retargeting,Social,489.83,47009,1212,12,1670.97
2025-01-27,Newsletter,Email,30.54,3961,390,8,1085.98
2025-01-27,Creator Series,Video,396.79,110731,2487,5,464.15
2025-01-27,Competitor Terms,Search,722.85,76381,4845,39,4057.9
2025-01-28,Always-on Brand,Display,277.13,67681,992,7,679.57
2025-01-28,Retargeting,Social,633.7,67844,2059,21,2608.66
2025-01-28,Newsletter,Email,62.9,5840,662,12,1441.75
2025-01-28,Creator Series,Video,442.84,148464,2280,7,499.42
2025-01-28,Competitor Terms,Search,631.63,54034,2779,24,3264.17
2025-01-29,Always-on Brand,Display,347.61,136992,1384,7,659.29
2025-01-29,Retargeting,Social,664.45,91281,3075,27,2940.51
2025-01-29,Newsletter,Email,153.24,19398,1347,17,1210.75
2025-01-29,Creator Series,Video,545.04,148316,2589,13,1488.35
2025-01-29,Competitor Terms,Search,528.92,55164,3490,39,2506.64
2025-01-30,Always-on Brand,Display,309.53,107144,1330,7,855.55
2025-01-30,Retargeting,Social,509.68,43914,1634,17,2071.99
2025-01-30,Newsletter,Email,69.17,7345,857,24,2813.11
2025-01-30,Creator Series,Video,624.96,184871,3161,8,995.77
2025-01-30,Competitor Terms,Search,623.08,65069,2315,30,2468.23
2025-01-31,Always-on Brand,Display,290.0,89613,957,5,645.64
2025-01-31,Retargeting,Social,660.73,75001,1978,23,2750.27
2025-01-31,Newsletter,Email,70.7,7170,720,15,1416.75
2025-01-31,Creator Series,Video,550.36,185925,3345,12,937.76
2025-01-31,Competitor Terms,Search,694.81,83014,4261,47,6119.56
2025-02-01,Always-on Brand,Display,435.84,126672,1813,6,512.23
2025-02-01,Retargeting,Social,438.53,43961,1628,11,1419.89
2025-02-01,Newsletter,Email,0.0,0,0,0,0.0
2025-02-01,Creator Series,Video,363.15,133561,2105,11,765.04
2025-02-01,Competitor Terms,Search,652.1,77621,4576,26,3394.04
2025-02-02,Always-on Brand,Display,414.57,133566,1958,7,833.23
2025-02-02,Retargeting,Social,509.58,52623,1980,14,1684.3
2025-02-02,Newsletter,Email,135.34,16425,1863,32,3385.04
2025-02-02,Creator Series,Video,738.9,293537,5801,10,626.94
2025-02-02,Competitor Terms,Search,736.66,85525,5383,28,1992.28
2025-02-03,Always-on Brand,Display,343.31,135038,2053,7,748.12
2025-02-03,Retargeting,Social,732.96,83494,2549,21,2724.9
2025-02-03,Newsletter,Email,164.88,17886,1883,36,2725.51
2025-02-03,Creator Series,Video,634.88,159097,3428,6,635.9
2025-02-03,Competitor Terms,Search,760.69,91152,5547,46,4219.13
2025-02-04,Always-on Brand,Display,464.76,183779,2389,9,984.84
2025-02-04,Retargeting,Social,732.31,80574,2467,26,3546.01
2025-02-04,Newsletter,Email,69.73,7480,681,19,1703.58
2025-02-04,Creator Series,Video,642.69,177110,2428,7,837.98
2025-02-04,Competitor Terms,Search,817.45,88805,4979,42,4813.04
2025-02-05,Always-on Brand,Display,392.14,113550,1168,6,389.71
2025-02-05,Retargeting,Social,540.66,72535,1935,20,1335.52
2025-02-05,Newsletter,Email,0.0,0,0,0,0.0
2025-02-05,Creator Series,Video,429.07,114266,2060,5,512.79
2025-02-05,Competitor Terms,Search,755.15,83660,4018,25,1737.81
2025-02-06,Always-on Brand,Display,372.62,131638,1461,7,563.86
2025-02-06,Retargeting,Social,514.65,63986,2395,24,2026.75
2025-02-06,Newsletter,Email,96.3,8399,970,29,2664.79
2025-02-06,Creator Series,Video,496.9,204211,4078,6,568.55
2025-02-06,Competitor Terms,Search,567.0,45918,2759,40,2764.44
2025-02-07,Always-on Brand,Display,229.77,69653,855,3,308.25
2025-02-07,Retargeting,Social,588.19,48011,1815,25,2411.08
2025-02-07,Newsletter,Email,110.39,15419,1514,21,2848.14
2025-02-07,Creator Series,Video,500.73,198716,4105,8,531.2
2025-02-07,Competitor Terms,Search,776.56,89395,4113,43,3470.06
2025-02-08,Always-on Brand,Display,303.24,114919,1474,7,653.75
2025-02-08,Retargeting,Social,493.95,40526,1053,16,1216.65
2025-02-08,Newsletter,Email,0.0,0,0,0,0.0
2025-02-08,Creator Series,Video,383.99,98921,1461,7,685.2
2025-02-08,Competitor Terms,Search,735.94,63006,3921,29,3518.48
2025-02-09,Always-on Brand,Display,317.16,110516,1290,6,452.16
2025-02-09,Retargeting,Social,384.67,50959,1150,16,1531.53
2025-02-09,Newsletter,Email,90.49,10210,1025,17,2374.45
2025-02-09,Creator Series,Video,415.21,160659,2351,10,781.88
2025-02-09,Competitor Terms,Search,769.86,101070,4211,30,4128.86
2025-02-10,Always-on Brand,Display,593.25,206066,2414,9,683.58
2025-02-10,Retargeting,Social,324.37,32017,840,15,1726.28
2025-02-10,Newsletter,Email,0.0,0,0,0,0.0
2025-02-10,Creator Series,Video,537.72,142852,2099,14,1151.24
2025-02-10,Competitor Terms,Search,661.31,87242,3697,27,2293.81
2025-02-11,Always-on Brand,Display,549.94,194609,1965,7,773.86
2025-02-11,Retargeting,Social,585.68,78918,2568,20,1379.46
2025-02-11,Newsletter,Email,0.0,0,0,0,0.0
2025-02-11,Creator Series,Video,393.05,160027,3206,12,1356.56
2025-02-11,Competitor Terms,Search,703.11,85029,4350,49,3903.89
2025-02-12,Always-on Brand,Display,509.98,158298,2329,7,657.54
2025-02-12,Retargeting,Social,538.02,67597,2159,24,2725.56
2025-02-12,Newsletter,Email,0.0,0,0,0,0.0
2025-02-12,Creator Series,Video,379.99,99682,1307,9,1033.32
2025-02-12,Competitor Terms,Search,846.37,102857,3914,47,6313.26
2025-02-13,Always-on Brand,Display,286.27,78384,847,5,616.84
2025-02-13,Retargeting,Social,745.67,86228,2094,28,1727.37
2025-02-13,Newsletter,Email,105.62,13276,1195,29,4013.6
2025-02-13,Creator Series,Video,407.13,106212,2268,9,570.95
2025-02-13,Competitor Terms,Search,686.76,59421,2483,23,1906.38
2025-02-14,Always-on Brand,Display,434.19,135837,1574,8,814.69
2025-02-14,Retargeting,Social,578.21,62002,2392,15,1010.66
2025-02-14,Newsletter,Email,26.42,2948,278,11,825.85
2025-02-14,Creator Series,Video,610.22,214736,3042,13,1536.07
2025-02-14,Competitor Terms,Search,614.4,81538,3630,23,2872.98
2025-02-15,Always-on Brand,Display,358.38,128502,1358,4,527.53
2025-02-15,Retargeting,Social,486.89,56213,1870,12,748.13
2025-02-15,Newsletter,Email,85.28,11599,921,27,2018.67
2025-02-15,Creator Series,Video,388.08,121870,2529,10,744.39
2025-02-15,Competitor Terms,Search,571.78,50038,2894,43,3705.8
2025-02-16,Always-on Brand,Display,351.44,94741,818,7,547.38
2025-02-16,Retargeting,Social,564.9,69276,2057,20,1670.81
2025-02-16,Newsletter,Email,0.0,0,0,0,0.0
2025-02-16,Creator Series,Video,642.31,238923,4740,7,739.0
2025-02-16,Competitor Terms,Search,498.65,42771,1693,28,3635.51
2025-02-17,Always-on Brand,Display,362.15,119088,1582,7,939.81
2025-02-17,Retargeting,Social,530.2,73686,2790,12,1654.03
2025-02-17,Newsletter,Email,166.38,13386,1381,23,3044.08
2025-02-17,Creator Series,Video,320.59,84065,1523,8,782.52
2025-02-17,Competitor Terms,Search,761.6,83139,5045,45,2878.79
2025-02-18,Always-on Brand,Display,382.09,149117,1433,8,1059.76
2025-02-18,Retargeting,Social,476.02,42747,1533,22,2564.7
2025-02-18,Newsletter,Email,98.07,13360,1105,14,1697.52
2025-02-18,Creator Series,Video,424.29,160792,2929,9,1056.3
2025-02-18,Competitor Terms,Search,675.4,61085,3447,23,1596.76
2025-02-19,Always-on Brand,Display,350.13,111883,1481,4,491.71
2025-02-19,Retargeting,Social,672.59,79516,2469,17,1455.11
2025-02-19,Newsletter,Email,89.01,12428,1010,16,1948.34
2025-02-19,Creator Series,Video,503.33,156391,2161,9,770.76
2025-02-19,Competitor Terms,Search,644.62,71899,2578,22,2983.47
2025-02-20,Always-on Brand,Display,457.04,187081,2118,6,509.5
2025-02-20,Retargeting,Social,625.51,81068,3083,15,1470.77
2025-02-20,Newsletter,Email,85.7,7725,731,19,1817.29
2025-02-20,Creator Series,Video,431.78,108416,2340,12,1445.96
2025-02-20,Competitor Terms,Search,554.95,68754,2843,44,4768.84
2025-02-21,Always-on Brand,Display,334.69,119159,1240,8,1055.1
2025-02-21,Retargeting,Social,510.16,60925,2075,23,2584.41
2025-02-21,Newsletter,Email,116.83,10859,1171,19,2602.87
2025-02-21,Creator Series,Video,640.65,250268,5198,15,1173.94
2025-02-21,Competitor Terms,Search,840.34,109595,6449,50,6200.49
2025-02-22,Always-on Brand,Display,270.41,87875,1345,5,605.32
2025-02-22,Retargeting,Social,554.92,50003,1861,21,1741.67
2025-02-22,Newsletter,Email,0.0,0,0,0,0.0
2025-02-22,Creator Series,Video,651.01,168769,3546,11,708.56
2025-02-22,Competitor Terms,Search,597.01,59893,3572,32,2350.83
2025-02-23,Always-on Brand,Display,345.91,89805,921,3,289.07
2025-02-23,Retargeting,Social,546.98,70186,2431,21,2661.62
2025-02-23,Newsletter,Email,130.27,14884,1464,19,2165.97
2025-02-23,Creator Series,Video,506.18,158522,2331,8,1102.98
2025-02-23,Competitor Terms,Search,589.46,72708,3162,24,3237.94
2025-02-24,Always-on Brand,Display,463.75,112172,1253,10,1009.93
2025-02-24,Retargeting,Social,508.28,58840,1382,22,1785.6
2025-02-24,Newsletter,Email,0.0,0,0,0,0.0
2025-02-24,Creator Series,Video,554.67,195511,4173,11,832.21
2025-02-24,Competitor Terms,Search,716.74,93396,3920,36,4917.47
2025-02-25,Always-on Brand,Display,334.98,97928,982,8,675.62
2025-02-25,Retargeting,Social,587.02,48261,1041,23,2470.98
2025-02-25,Newsletter,Email,0.0,0,0,0,0.0
2025-02-25,Creator Series,Video,504.83,184774,3075,10,815.5
2025-02-25,Competitor Terms,Search,829.41,78544,2757,30,2452.21
2025-02-26,Always-on Brand,Display,500.57,129807,1648,6,552.53
2025-02-26,Retargeting,Social,362.31,32660,883,13,1334.28
2025-02-26,Newsletter,Email,0.0,0,0,0,0.0
2025-02-26,Creator Series,Video,602.39,185004,3165,11,1093.46
2025-02-26,Competitor Terms,Search,660.82,73751,3240,37,4403.6
2025-02-27,Always-on Brand,Display,230.88,87506,992,5,607.36
2025-02-27,Retargeting,Social,566.1,56857,1981,24,2243.9
2025-02-27,Newsletter,Email,116.44,13839,1531,26,2994.06
2025-02-27,Creator Series,Video,532.73,185746,3146,12,1517.0
2025-02-27,Competitor Terms,Search,882.11,102788,5451,37,4239.06
2025-02-28,Always-on Brand,Display,340.53,124206,1912,6,540.78
2025-02-28,Retargeting,Social,434.47,37063,1242,15,1663.28
2025-02-28,Newsletter,Email,36.39,4522,304,17,2234.22
2025-02-28,Creator Series,Video,569.03,205525,4235,7,487.76
2025-02-28,Competitor Terms,Search,658.52,89122,5347,48,5239.21
2025-03-01,Spring Launch,Search,681.64,93163,4211,26,3396.33
2025-03-01,Always-on Brand,Display,484.02,117953,1587,6,758.15
2025-03-01,Retargeting,Social,674.96,71734,2228,13,1648.14
2025-03-01,Newsletter,Email,7.67,829,68,5,362.34
2025-03-01,Creator Series,Video,793.92,311448,4294,16,1089.52
2025-03-01,Competitor Terms,Search,638.65,64461,3725,39,2789.04
2025-03-02,Spring Launch,Search,946.27,126882,6509,36,2880.17
2025-03-02,Always-on Brand,Display,542.29,194695,2414,8,808.99
2025-03-02,Retargeting,Social,480.38,48255,1354,18,1744.01
2025-03-02,Newsletter,Email,0.0,0,0,0,0.0
2025-03-02,Creator Series,Video,665.36,207368,4387,14,852.13
2025-03-02,Competitor Terms,Search,824.85,92959,5205,24,2999.31
2025-03-03,Spring Launch,Search,815.47,112072,5692,44,4803.04
2025-03-03,Always-on Brand,Display,681.13,250229,2506,11,1026.87
2025-03-03,Retargeting,Social,752.81,78550,2876,21,1952.09
2025-03-03,Newsletter,Email,0.0,0,0,0,0.0
2025-03-03,Creator Series,Video,598.11,250833,4761,7,691.69
2025-03-03,Competitor Terms,Search,823.92,85180,3706,54,7517.8
2025-03-04,Spring Launch,Search,924.89,110739,4318,27,1893.01
2025-03-04,Always-on Brand,Display,233.17,81961,1166,6,468.01
2025-03-04,Retargeting,Social,615.9,58664,1890,14,948.83
2025-03-04,Newsletter,Email,67.48,6758,686,11,1074.27
2025-03-04,Creator Series,Video,577.0,150252,2975,9,850.86
2025-03-04,Competitor Terms,Search,872.34,108867,4541,35,2897.97
2025-03-05,Spring Launch,Search,1029.82,111628,4344,52,5706.94
2025-03-05,Always-on Brand,Display,421.22,168659,2282,7,452.2
2025-03-05,Retargeting,Social,618.64,73267,2559,26,1643.37
2025-03-05,Newsletter,Email,135.38,14187,1355,31,3714.16
2025-03-05,Creator Series,Video,622.28,246666,4195,12,748.3
2025-03-05,Competitor Terms,Search,883.27,115174,5227,48,3176.44
2025-03-06,Spring Launch,Search,810.91,74213,3459,55,5912.66
2025-03-06,Always-on Brand,Display,370.17,89301,787,8,790.29
2025-03-06,Retargeting,Social,453.95,62351,2400,10,882.6
2025-03-06,Newsletter,Email,211.09,28166,2931,25,3247.88
2025-03-06,Creator Series,Video,843.09,319584,4195,8,1054.75
2025-03-06,Competitor Terms,Search,705.27,73679,3349,44,4736.35
2025-03-07,Spring Launch,Search,774.12,80500,5143,27,2607.12
2025-03-07,Always-on Brand,Display,556.84,179246,2628,9,1110.65
2025-03-07,Retargeting,Social,556.99,52975,2034,13,1629.5
2025-03-07,Newsletter,Email,85.96,7133,541,16,2190.52
2025-03-07,Creator Series,Video,561.56,233802,3218,12,1271.18
2025-03-07,Competitor Terms,Search,700.27,78286,3387,33,2285.7
2025-03-08,Spring Launch,Search,986.54,131467,5202,42,4653.26
2025-03-08,Always-on Brand,Display,500.24,187820,1867,7,665.26
2025-03-08,Retargeting,Social,709.14,91918,3222,17,1842.0
2025-03-08,Newsletter,Email,44.07,4582,309,12,801.83
2025-03-08,Creator Series,Video,487.44,123728,2092,12,1295.16
2025-03-08,Competitor Terms,Search,666.78,89186,3235,38,5196.5
2025-03-09,Spring Launch,Search,881.13,86211,5020,38,3855.35
2025-03-09,Always-on Brand,Display,640.89,235194,2855,11,1054.86
2025-03-09,Retargeting,Social,695.69,81818,2277,23,1402.96
2025-03-09,Newsletter,Email,151.7,12619,1363,26,1958.36
2025-03-09,Creator Series,Video,575.48,146589,2547,9,749.28
2025-03-09,Competitor Terms,Search,814.56,69085,3396,33,3890.82
2025-03-10,Spring Launch,Search,992.85,86132,4274,31,2663.21
2025-03-10,Always-on Brand,Display,366.85,129864,1139,4,559.96
2025-03-10,Retargeting,Social,492.85,39880,1017,12,1433.42
2025-03-10,Newsletter,Email,297.98,27528,1905,50,6019.43
2025-03-10,Creator Series,Video,438.06,180962,3681,12,887.93
2025-03-10,Competitor Terms,Search,882.29,109114,3844,54,7452.39
2025-03-11,Spring Launch,Search,760.06,71058,4382,43,6012.55
2025-03-11,Always-on Brand,Display,314.4,130336,1264,5,302.31
2025-03-11,Retargeting,Social,643.13,69559,1567,21,1623.09
2025-03-11,Newsletter,Email,18.09,1584,131,6,684.63
2025-03-11,Creator Series,Video,633.54,159397,2268,10,1353.75
2025-03-11,Competitor Terms,Search,1033.18,141760,5395,46,5433.46
2025-03-12,Spring Launch,Search,717.53,98122,3568,41,2542.9
2025-03-12,Always-on Brand,Display,446.23,181801,2740,9,852.7
2025-03-12,Retargeting,Social,609.37,67442,1905,17,2129.05
2025-03-12,Newsletter,Email,180.78,16420,1286,23,2170.15
2025-03-12,Creator Series,Video,456.68,143888,3300,10,801.69
2025-03-12,Competitor Terms,Search,889.21,124251,6570,54,4331.36
2025-03-13,Spring Launch,Search,781.18,91148,4022,52,3956.72
2025-03-13,Always-on Brand,Display,568.86,189911,2538,11,1368.52
2025-03-13,Retargeting,Social,476.44,56335,1435,10,1315.5
2025-03-13,Newsletter,Email,150.79,15886,1470,22,3043.09
2025-03-13,Creator Series,Video,641.22,215673,2982,10,927.6
2025-03-13,Competitor Terms,Search,791.5,105070,6761,31,2221.3
2025-03-14,Spring Launch,Search,827.2,67064,3144,35,3513.49
2025-03-14,Always-on Brand,Display,573.91,201895,2206,7,444.72
2025-03-14,Retargeting,Social,583.31,54347,1608,21,2063.43
2025-03-14,Newsletter,Email,25.33,2833,271,8,588.05
2025-03-14,Creator Series,Video,550.66,171369,3484,7,649.58
2025-03-14,Competitor Terms,Search,689.54,55619,2553,42,4194.62
2025-03-15,Spring Launch,Search,833.36,95710,4968,38,4194.24
2025-03-15,Always-on Brand,Display,428.96,121123,1539,8,500.82
2025-03-15,Retargeting,Social,726.31,80009,2966,23,2938.56
2025-03-15,Newsletter,Email,88.39,9032,916,28,3459.56
2025-03-15,Creator Series,Video,659.68,184947,4026,13,943.89
2025-03-15,Competitor Terms,Search,916.3,105892,6024,50,6429.3
2025-03-16,Spring Launch,Search,943.72,107525,5934,46,3420.59
2025-03-16,Always-on Brand,Display,268.93,78112,1104,5,415.01
2025-03-16,Retargeting,Social,532.79,54298,1179,19,2167.82
2025-03-16,Newsletter,Email,227.85,28456,2751,21,1445.57
2025-03-16,Creator Series,Video,262.4,104264,1957,5,603.44
2025-03-16,Competitor Terms,Search,848.15,101191,3576,25,2962.14
2025-03-17,Spring Launch,Search,983.11,95991,3744,32,3067.72
2025-03-17,Always-on Brand,Display,355.5,145957,1605,7,479.22
2025-03-17,Retargeting,Social,724.82,75879,2009,24,1843.31
2025-03-17,Newsletter,Email,147.0,13824,1151,30,2691.48
2025-03-17,Creator Series,Video,804.17,275573,4516,11,661.57
2025-03-17,Competitor Terms,Search,1093.37,126353,4643,56,6335.02
2025-03-18,Spring Launch,Search,749.61,73294,3616,43,3188.02
2025-03-18,Always-on Brand,Display,620.48,199225,2485,10,1388.2
2025-03-18,Retargeting,Social,578.96,49636,1452,18,1589.85
2025-03-18,Newsletter,Email,214.99,23878,1889,23,2513.18
2025-03-18,Creator Series,Video,415.66,169202,3719,7,625.17
2025-03-18,Competitor Terms,Search,946.87,90453,4063,33,2607.6
2025-03-19,Spring Launch,Search,1145.48,140796,5982,59,5668.31
2025-03-19,Always-on Brand,Display,596.12,203843,2683,10,679.71
2025-03-19,Retargeting,Social,664.25,54459,1570,24,2101.22
2025-03-19,Newsletter,Email,0.0,0,0,0,0.0
2025-03-19,Creator Series,Video,669.19,171113,3732,12,1391.56
2025-03-19,Competitor Terms,Search,836.82,71838,2846,53,3258.87
2025-03-20,Spring Launch,Search,895.58,98740,5057,46,5706.92
2025-03-20,Always-on Brand,Display,595.94,183261,2290,6,789.56
2025-03-20,Retargeting,Social,672.05,64627,1471,21,1448.75
2025-03-20,Newsletter,Email,27.06,3102,258,7,423.99
2025-03-20,Creator Series,Video,651.54,169733,2803,10,1009.63
2025-03-20,Competitor Terms,Search,965.87,133772,8316,47,6515.8
2025-03-21,Spring Launch,Search,956.42,122942,4365,58,6640.0
2025-03-21,Always-on Brand,Display,550.67,225971,2283,5,571.05
2025-03-21,Retargeting,Social,722.34,71601,1703,16,2090.3
2025-03-21,Newsletter,Email,177.33,15835,1078,26,2016.53
2025-03-21,Creator Series,Video,419.95,171262,3401,7,566.93
2025-03-21,Competitor Terms,Search,798.9,84799,3706,41,3909.8
2025-03-22,Spring Launch,Search,959.96,112092,7136,57,4670.96
2025-03-22,Always-on Brand,Display,321.36,126962,1893,7,931.1
2025-03-22,Retargeting,Social,891.77,106446,2593,28,3670.06
2025-03-22,Newsletter,Email,134.96,15563,1778,29,3100.11
2025-03-22,Creator Series,Video,750.73,291906,5407,14,1116.97
2025-03-22,Competitor Terms,Search,581.91,53139,2036,30,3671.45
2025-03-23,Spring Launch,Search,724.13,70336,3128,49,3413.64
2025-03-23,Always-on Brand,Display,290.02,116388,1666,5,628.77
2025-03-23,Retargeting,Social,780.03,98614,2314,30,1898.75
2025-03-23,Newsletter,Email,4.36,515,53,5,397.39
2025-03-23,Creator Series,Video,539.88,155251,3218,13,1002.21
2025-03-23,Competitor Terms,Search,780.97,99992,5228,38,3421.79
2025-03-24,Spring Launch,Search,728.74,64127,4026,48,5371.3
2025-03-24,Always-on Brand,Display,351.46,120701,1751,7,807.46
2025-03-24,Retargeting,Social,593.41,80698,3066,22,2601.76
2025-03-24,Newsletter,Email,91.85,7842,820,26,2229.77
2025-03-24,Creator Series,Video,579.81,191292,4322,13,1280.33
2025-03-24,Competitor Terms,Search,858.84,116672,6140,29,2655.65
2025-03-25,Spring Launch,Search,898.02,81208,3349,47,4806.33
2025-03-25,Always-on Brand,Display,324.7,91473,908,4,517.0
2025-03-25,Retargeting,Social,690.98,85272,1896,13,1520.15
2025-03-25,Newsletter,Email,0.0,0,0,0,0.0
2025-03-25,Creator Series,Video,401.79,99663,1924,9,899.43
2025-03-25,Competitor Terms,Search,640.42,76448,3608,25,2974.94
2025-03-26,Spring Launch,Search,946.49,124776,7521,45,5825.16
2025-03-26,Always-on Brand,Display,415.56,125321,1388,7,678.32
2025-03-26,Retargeting,Social,675.05,78598,1949,21,1834.4
2025-03-26,Newsletter,Email,95.04,9953,819,28,1764.5
2025-03-26,Creator Series,Video,610.76,162965,3129,10,1339.59
2025-03-26,Competitor Terms,Search,839.94,76636,3505,54,5373.85
2025-03-27,Spring Launch,Search,730.76,100316,6004,35,4441.72
2025-03-27,Always-on Brand,Display,565.89,235046,2553,7,924.31
2025-03-27,Retargeting,Social,607.78,60087,2040,15,1576.02
2025-03-27,Newsletter,Email,79.05,6813,589,22,1453.22
2025-03-27,Creator Series,Video,526.65,167910,3349,6,573.46
2025-03-27,Competitor Terms,Search,790.26,89127,5748,40,5217.87
2025-03-28,Spring Launch,Search,992.76,110278,4346,36,2420.54
2025-03-28,Always-on Brand,Display,309.82,78258,905,7,815.32
2025-03-28,Retargeting,Social,653.61,57659,1243,20,1669.09
2025-03-28,Newsletter,Email,0.0,0,0,0,0.0
2025-03-28,Creator Series,Video,379.03,151573,3113,10,1133.89
2025-03-28,Competitor Terms,Search,822.76,67113,3758,24,1476.25
2025-03-29,Spring Launch,Search,837.76,105524,5911,31,4277.44
2025-03-29,Always-on Brand,Display,552.35,134755,1643,10,690.62
2025-03-29,Retargeting,Social,586.87,66321,1423,23,2454.78
2025-03-29,Newsletter,Email,0.0,0,0,0,0.0
2025-03-29,Creator Series,Video,523.68,148834,2615,8,910.82
2025-03-29,Competitor Terms,Search,897.97,92535,3297,30,1817.85
2025-03-30,Spring Launch,Search,725.85,71342,3693,44,4265.2
2025-03-30,Always-on Brand,Display,529.58,182876,2737,4,323.01
2025-03-30,Retargeting,Social,755.33,97784,3113,26,2395.67
2025-03-30,Newsletter,Email,140.46,19163,1917,33,2364.65
2025-03-30,Creator Series,Video,639.3,178510,3631,11,1517.5
2025-03-30,Competitor Terms,Search,995.63,107858,5471,38,4974.48
2025-03-31,Spring Launch,Search,845.95,115914,7404,34,2488.41
2025-03-31,Always-on Brand,Display,507.61,158060,1590,7,781.67
2025-03-31,Retargeting,Social,511.72,52262,1756,16,1316.41
2025-03-31,Newsletter,Email,107.54,11347,1026,25,3498.91
2025-03-31,Creator Series,Video,508.91,138058,2894,12,1191.17
2025-03-31,Competitor Terms,Search,936.22,88385,3429,39,3087.81
2025-04-01,Spring Launch,Search,932.22,126055,7580,44,2971.03
2025-04-01,Always-on Brand,Display,382.41,141812,1556,9,997.53
2025-04-01,Retargeting,Social,606.96,50924,1179,18,1382.09
2025-04-01,Newsletter,Email,0.0,0,0,0,0.0
2025-04-01,Creator Series,Video,798.99,248247,4027,10,899.05
2025-04-01,Competitor Terms,Search,839.27,71431,2705,34,2965.21
2025-04-02,Spring Launch,Search,877.13,115027,4778,25,2650.3
2025-04-02,Always-on Brand,Display,412.47,119049,1189,7,548.3
2025-04-02,Retargeting,Social,756.41,96940,3556,17,1549.97
2025-04-02,Newsletter,Email,231.66,24926,1951,27,2699.64
2025-04-02,Creator Series,Video,719.23,223466,5196,10,616.55
2025-04-02,Competitor Terms,Search,947.34,108556,5828,56,6239.78
2025-04-03,Spring Launch,Search,877.33,84788,4798,43,4031.34
2025-04-03,Always-on Brand,Display,572.12,219709,3036,7,512.52
2025-04-03,Retargeting,Social,707.52,70640,1756,13,1372.03
2025-04-03,Newsletter,Email,158.6,17015,1579,37,5007.34
2025-04-03,Creator Series,Video,538.95,198574,3155,8,865.43
2025-04-03,Competitor Terms,Search,924.84,85741,4329,51,4171.44
2025-04-04,Spring Launch,Search,973.02,84008,4650,28,1887.67
2025-04-04,Always-on Brand,Display,476.67,177091,2699,8,523.1
2025-04-04,Retargeting,Social,627.69,76162,2075,25,2639.93
2025-04-04,Newsletter,Email,147.14,12297,1020,19,2343.12
2025-04-04,Creator Series,Video,779.97,222397,4937,8,511.14
2025-04-04,Competitor Terms,Search,922.43,110689,4400,29,3650.57
2025-04-05,Spring Launch,Search,982.68,127263,7291,39,5116.71
2025-04-05,Always-on Brand,Display,312.45,87881,1286,8,1068.91
2025-04-05,Retargeting,Social,477.51,53838,1482,13,1394.94
2025-04-05,Newsletter,Email,256.05,33323,3271,24,1450.06
2025-04-05,Creator Series,Video,782.16,204791,4318,15,935.14
2025-04-05,Competitor Terms,Search,795.92,70714,4402,44,5811.39
2025-04-06,Spring Launch,Search,847.54,104291,5895,36,3313.31
2025-04-06,Always-on Brand,Display,543.64,166905,2206,11,694.9
2025-04-06,Retargeting,Social,432.83,40998,931,12,1461.94
2025-04-06,Newsletter,Email,0.0,0,0,0,0.0
2025-04-06,Creator Series,Video,586.75,225742,5274,8,1016.93
2025-04-06,Competitor Terms,Search,1021.33,96343,5020,35,2410.68
2025-04-07,Spring Launch,Search,832.18,96983,5727,35,3987.36
2025-04-07,Always-on Brand,Display,491.27,122480,1440,9,957.25
2025-04-07,Retargeting,Social,608.82,72990,2666,18,2464.2
2025-04-07,Newsletter,Email,129.2,13154,831,19,2189.56
2025-04-07,Creator Series,Video,466.6,135596,3041,10,1283.55
2025-04-07,Competitor Terms,Search,748.34,93278,3707,23,2316.26
2025-04-08,Spring Launch,Search,847.77,98603,6220,52,6511.08
2025-04-08,Always-on Brand,Display,649.06,227269,2220,5,634.63
2025-04-08,Retargeting,Social,707.9,71939,2336,25,3389.44
2025-04-08,Newsletter,Email,174.87,20636,2092,19,1569.58
2025-04-08,Creator Series,Video,775.74,274381,6276,12,1092.68
2025-04-08,Competitor Terms,Search,939.79,108856,6841,52,5286.31
2025-04-09,Spring Launch,Search,857.33,91284,5442,56,5195.65
2025-04-09,Always-on Brand,Display,487.0,125034,1086,9,1119.48
2025-04-09,Retargeting,Social,658.25,79958,2698,23,2473.71
2025-04-09,Newsletter,Email,0.0,0,0,0,0.0
2025-04-09,Creator Series,Video,755.59,314584,4314,11,694.22
2025-04-09,Competitor Terms,Search,812.9,67448,2852,47,3153.31
2025-04-10,Spring Launch,Search,1001.63,108636,4972,60,5219.36
2025-04-10,Always-on Brand,Display,621.63,176772,2516,10,1006.37
2025-04-10,Retargeting,Social,609.0,62962,1371,25,1660.94
2025-04-10,Newsletter,Email,0.0,0,0,0,0.0
2025-04-10,Creator Series,Video,608.51,254125,5276,14,1049.15
2025-04-10,Competitor Terms,Search,832.96,109253,5632,29,2297.55
2025-04-11,Spring Launch,Search,819.65,75880,4768,55,6210.08
2025-04-11,Always-on Brand,Display,442.43,177867,2575,5,525.38
2025-04-11,Retargeting,Social,633.89,87096,2511,25,3418.87
2025-04-11,Newsletter,Email,120.44,11702,774,27,2743.4
2025-04-11,Creator Series,Video,593.01,166388,2099,11,1533.52
2025-04-11,Competitor Terms,Search,869.11,74893,3095,29,3078.09
2025-04-12,Spring Launch,Search,1092.16,89159,5794,55,5587.68
2025-04-12,Always-on Brand,Display,463.2,132344,1613,4,507.95
2025-04-12,Retargeting,Social,577.4,68542,2397,26,3210.78
2025-04-12,Newsletter,Email,143.55,19445,2022,32,3177.01
2025-04-12,Creator Series,Video,727.1,276106,3657,13,1613.61
2025-04-12,Competitor Terms,Search,1024.73,139603,7545,40,4256.13
2025-04-13,Spring Launch,Search,831.56,88689,4462,39,4752.28
2025-04-13,Always-on Brand,Display,511.45,147157,1440,7,662.79
2025-04-13,Retargeting,Social,1112.97,129594,4893,36,3682.28
2025-04-13,Newsletter,Email,181.8,17764,1179,23,1824.29
2025-04-13,Creator Series,Video,498.64,200521,4286,10,998.85
2025-04-13,Competitor Terms,Search,931.22,124211,7839,49,5371.88
2025-04-14,Spring Launch,Search,884.11,117821,6542,36,4295.87
2025-04-14,Always-on Brand,Display,554.21,145851,1274,8,1050.03
2025-04-14,Retargeting,Social,350.26,31570,764,12,1107.31
2025-04-14,Newsletter,Email,46.68,6481,590,11,1337.74
2025-04-14,Creator Series,Video,855.54,231093,4749,17,1868.54
2025-04-14,Competitor Terms,Search,684.01,55064,2002,50,3061.92
2025-04-15,Spring Launch,Search,714.11,65405,2914,22,2201.0
2025-04-15,Always-on Brand,Display,456.05,177836,1788,6,361.0
2025-04-15,Retargeting,Social,512.44,50809,1858,10,1130.91
2025-04-15,Newsletter,Email,178.83,14723,1024,35,4516.66
2025-04-15,Creator Series,Video,602.99,252325,3710,10,968.23
2025-04-15,Competitor Terms,Search,720.9,100685,5124,35,4177.33
2025-04-16,Spring Launch,Search,994.15,136184,8635,41,4031.46
2025-04-16,Always-on Brand,Display,537.59,172991,2018,6,495.42
2025-04-16,Retargeting,Social,732.67,86060,2432,14,1103.79
2025-04-16,Newsletter,Email,61.99,7391,467,15,1470.67
2025-04-16,Creator Series,Video,559.08,135771,2787,9,600.09
2025-04-16,Competitor Terms,Search,958.28,113717,6754,27,3006.34
2025-04-17,Spring Launch,Search,848.48,108518,5901,48,3286.22
2025-04-17,Always-on Brand,Display,625.15,252197,3074,7,598.42
2025-04-17,Retargeting,Social,592.57,49555,1460,26,1883.11
2025-04-17,Newsletter,Email,29.16,3180,288,15,1881.21
2025-04-17,Creator Series,Video,610.89,151917,1982,8,953.06
2025-04-17,Competitor Terms,Search,920.69,106758,4671,55,5677.68
2025-04-18,Spring Launch,Search,778.92,103325,5941,30,2498.57
2025-04-18,Always-on Brand,Display,736.15,188753,2551,10,925.49
2025-04-18,Retargeting,Social,778.99,81023,2222,27,2470.08
2025-04-18,Newsletter,Email,67.53,7174,524,11,919.93
2025-04-18,Creator Series,Video,539.37,193674,3878,12,1133.88
2025-04-18,Competitor Terms,Search,627.55,79962,4369,27,2954.83
2025-04-19,Spring Launch,Search,834.45,78256,4750,46,4853.9
2025-04-19,Always-on Brand,Display,360.5,151301,1872,7,819.68
2025-04-19,Retargeting,Social,794.89,79811,2634,26,2882.2
2025-04-19,Newsletter,Email,0.0,0,0,0,0.0
2025-04-19,Creator Series,Video,646.08,268535,3954,11,1402.3
2025-04-19,Competitor Terms,Search,905.56,83479,5232,48,4942.01
2025-04-20,Spring Launch,Search,953.59,114869,4961,46,3721.72
2025-04-20,Always-on Brand,Display,340.99,127113,1732,5,457.05
2025-04-20,Retargeting,Social,660.81,66750,1852,25,3370.99
2025-04-20,Newsletter,Email,0.0,0,0,0,0.0
2025-04-20,Creator Series,Video,667.44,247970,5775,7,429.51
2025-04-20,Competitor Terms,Search,1131.12,125184,8048,30,2330.9
2025-04-21,Spring Launch,Search,828.32,83212,3558,24,2240.34
2025-04-21,Always-on Brand,Display,410.34,137941,1408,7,689.8
2025-04-21,Retargeting,Social,774.41,99821,3637,13,1761.04
2025-04-21,Newsletter,Email,32.63,3654,282,12,1225.11
2025-04-21,Creator Series,Video,518.6,132386,2175,11,1004.26
2025-04-21,Competitor Terms,Search,1014.29,101631,5748,43,4588.63
2025-04-22,Spring Launch,Search,807.22,72219,3365,24,2000.34
2025-04-22,Always-on Brand,Display,477.16,169501,2052,7,532.12
2025-04-22,Retargeting,Social,762.35,61634,1663,24,2442.45
2025-04-22,Newsletter,Email,85.08,7036,682,26,1675.79
2025-04-22,Creator Series,Video,669.11,220330,3096,12,1006.0
2025-04-22,Competitor Terms,Search,883.49,111330,5316,55,4561.22
2025-04-23,Spring Launch,Search,960.92,95293,5875,27,3087.88
2025-04-23,Always-on Brand,Display,359.11,89811,1225,4,289.58
2025-04-23,Retargeting,Social,844.2,91815,2763,23,2804.71
2025-04-23,Newsletter,Email,174.38,17054,1309,39,3464.08
2025-04-23,Creator Series,Video,621.56,234956,3304,9,1024.01
2025-04-23,Competitor Terms,Search,991.17,89702,3219,35,2440.11
2025-04-24,Spring Launch,Search,848.25,69669,3817,37,4743.13
2025-04-24,Always-on Brand,Display,613.67,153108,1319,8,1069.52
2025-04-24,Retargeting,Social,713.79,66247,2551,13,1545.52
2025-04-24,Newsletter,Email,0.0,0,0,0,0.0
2025-04-24,Creator Series,Video,548.33,222194,3371,6,799.49
2025-04-24,Competitor Terms,Search,708.03,65130,2664,46,4234.96
2025-04-25,Spring Launch,Search,918.92,106727,4313,57,3892.94
2025-04-25,Always-on Brand,Display,605.51,155600,2091,5,489.6
2025-04-25,Retargeting,Social,657.73,57528,1459,27,3176.41
2025-04-25,Newsletter,Email,216.37,24191,2444,24,2320.11
2025-04-25,Creator Series,Video,597.38,199130,2834,9,991.52
2025-04-25,Competitor Terms,Search,807.56,112768,7212,49,3098.76
2025-04-26,Spring Launch,Search,890.69,110085,4452,49,3635.17
2025-04-26,Always-on Brand,Display,396.35,155864,1959,4,450.57
2025-04-26,Retargeting,Social,530.08,63957,2219,14,1837.27
2025-04-26,Newsletter,Email,0.0,0,0,0,0.0
2025-04-26,Creator Series,Video,828.71,271756,5024,13,1334.93
2025-04-26,Competitor Terms,Search,910.55,85288,4480,52,4058.88
2025-04-27,Spring Launch,Search,880.07,98169,4031,30,4154.15
2025-04-27,Always-on Brand,Display,524.35,205928,2193,10,978.93
2025-04-27,Retargeting,Social,586.04,58101,2265,12,783.12
2025-04-27,Newsletter,Email,39.75,5178,492,13,1792.96
2025-04-27,Creator Series,Video,701.25,222145,3458,10,1082.35
2025-04-27,Competitor Terms,Search,848.05,80949,3435,43,5470.21
2025-04-28,Spring Launch,Search,770.73,89335,4383,40,4237.27
2025-04-28,Always-on Brand,Display,522.51,181505,2663,5,423.73
2025-04-28,Retargeting,Social,856.56,71820,2372,26,2507.17
2025-04-28,Newsletter,Email,190.28,16862,1580,27,2938.55
2025-04-28,Creator Series,Video,633.07,229753,5176,11,1186.18
2025-04-28,Competitor Terms,Search,905.8,124095,5376,54,6604.95
2025-04-29,Spring Launch,Search,1046.54,121804,5066,58,6334.93
2025-04-29,Always-on Brand,Display,509.32,168016,2044,10,758.6
2025-04-29,Retargeting,Social,636.3,61046,1282,14,1901.48
2025-04-29,Newsletter,Email,185.62,21882,2078,28,2933.75
2025-04-29,Creator Series,Video,687.74,253930,3858,9,827.13
2025-04-29,Competitor Terms,Search,823.48,93966,5199,25,2089.25
2025-04-30,Spring Launch,Search,826.2,94273,6085,43,2865.22
2025-04-30,Always-on Brand,Display,458.13,155479,1638,8,799.75
2025-04-30,Retargeting,Social,663.83,63485,1386,15,1983.95
2025-04-30,Newsletter,Email,58.74,6053,705,13,1014.51
2025-04-30,Creator Series,Video,585.33,195015,2616,6,788.66
2025-04-30,Competitor Terms,Search,890.98,90510,5076,49,4689.0
2025-05-01,Spring Launch,Search,739.52,69996,2882,41,5329.47
2025-05-01,Always-on Brand,Display,596.4,174941,1692,7,754.63
2025-05-01,Retargeting,Social,683.03,60339,1605,14,984.78
2025-05-01,Newsletter,Email,0.0,0,0,0,0.0
2025-05-01,Creator Series,Video,649.43,200700,3278,12,1224.72
2025-05-01,Competitor Terms,Search,888.15,73235,3889,29,3374.33
2025-05-02,Spring Launch,Search,938.48,104221,6324,56,7515.12
2025-05-02,Always-on Brand,Display,666.65,225020,3240,10,849.92
2025-05-02,Retargeting,Social,668.43,89964,1959,28,2157.21
2025-05-02,Newsletter,Email,0.0,0,0,0,0.0
2025-05-02,Creator Series,Video,707.06,290784,4788,9,568.39
2025-05-02,Competitor Terms,Search,844.57,69063,2445,40,5025.12
2025-05-03,Spring Launch,Search,1191.43,139841,6034,60,5490.3
2025-05-03,Always-on Brand,Display,286.17,101798,941,5,569.45
2025-05-03,Retargeting,Social,852.02,103209,2217,27,3208.77
2025-05-03,Newsletter,Email,76.27,7252,539,21,2890.71
2025-05-03,Creator Series,Video,674.1,166595,3260,10,1316.95
2025-05-03,Competitor Terms,Search,1103.07,137898,5990,41,4913.06
2025-05-04,Spring Launch,Search,895.76,94938,4717,36,3748.46
2025-05-04,Always-on Brand,Display,611.58,192002,2775,9,795.61
2025-05-04,Retargeting,Social,554.84,60238,1268,20,1692.51
2025-05-04,Newsletter,Email,237.12,28681,1823,30,1959.96
2025-05-04,Creator Series,Video,775.22,196983,2521,11,1116.88
2025-05-04,Competitor Terms,Search,976.25,111431,5960,55,7415.21
2025-05-05,Spring Launch,Search,859.05,78643,3705,32,4457.36
2025-05-05,Always-on Brand,Display,508.17,178656,1990,7,625.92
2025-05-05,Retargeting,Social,858.49,83208,2065,17,1995.23
2025-05-05,Newsletter,Email,116.35,12674,1306,14,1404.4
2025-05-05,Creator Series,Video,509.31,160420,2273,13,1749.1
2025-05-05,Competitor Terms,Search,985.55,99055,4202,40,3453.62
2025-05-06,Spring Launch,Search,786.23,80655,5201,24,2305.9
2025-05-06,Always-on Brand,Display,553.13,135790,1949,9,731.77
2025-05-06,Retargeting,Social,726.28,88921,3441,15,1091.71
2025-05-06,Newsletter,Email,0.0,0,0,0,0.0
2025-05-06,Creator Series,Video,747.35,263650,4867,11,1051.75
2025-05-06,Competitor Terms,Search,842.92,99947,5523,51,6534.55
2025-05-07,Spring Launch,Search,861.34,85124,3790,38,2648.04
2025-05-07,Always-on Brand,Display,502.35,145043,2023,5,545.73
2025-05-07,Retargeting,Social,766.7,76566,1668,26,3105.09
2025-05-07,Newsletter,Email,0.0,0,0,0,0.0
2025-05-07,Creator Series,Video,703.19,235341,4148,15,1327.64
2025-05-07,Competitor Terms,Search,774.31,92327,4653,37,5081.93
2025-05-08,Spring Launch,Search,834.97,69789,2628,25,3289.2
2025-05-08,Always-on Brand,Display,298.41,74930,864,3,374.21
2025-05-08,Retargeting,Social,790.3,95713,3188,14,1536.72
2025-05-08,Newsletter,Email,91.14,12362,1332,20,2754.83
2025-05-08,Creator Series,Video,360.35,125439,2381,8,1052.98
2025-05-08,Competitor Terms,Search,858.98,94515,5260,39,3272.42
2025-05-09,Spring Launch,Search,685.58,56449,3210,27,3137.91
2025-05-09,Always-on Brand,Display,771.04,253669,2886,12,1670.43
2025-05-09,Retargeting,Social,770.06,76897,1936,28,2085.62
2025-05-09,Newsletter,Email,110.82,15056,1067,15,1445.88
2025-05-09,Creator Series,Video,569.9,174561,2434,8,812.36
2025-05-09,Competitor Terms,Search,1141.31,134172,6444,58,6888.89
2025-05-10,Spring Launch,Search,884.95,117845,7379,43,5160.48
2025-05-10,Always-on Brand,Display,584.42,157542,1773,7,756.61
2025-05-10,Retargeting,Social,622.43,60038,2129,13,1626.9
2025-05-10,Newsletter,Email,118.44,14429,1495,26,1975.05
2025-05-10,Creator Series,Video,563.13,171683,2518,7,832.94
2025-05-10,Competitor Terms,Search,815.22,106932,6843,30,4114.56
2025-05-11,Spring Launch,Search,1031.63,143514,6602,51,3638.44
2025-05-11,Always-on Brand,Display,603.95,206774,1934,7,852.53
2025-05-11,Retargeting,Social,779.59,63774,2251,29,2961.84
2025-05-11,Newsletter,Email,179.83,16225,1293,27,2996.49
2025-05-11,Creator Series,Video,659.96,160752,3152,9,790.31
2025-05-11,Competitor Terms,Search,845.52,102608,5661,29,3254.03
2025-05-12,Spring Launch,Search,836.73,77753,2853,25,2442.41
2025-05-12,Always-on Brand,Display,538.68,142694,1726,7,489.1
2025-05-12,Retargeting,Social,658.84,89128,2988,28,2317.62
2025-05-12,Newsletter,Email,50.88,5366,370,18,2146.38
2025-05-12,Creator Series,Video,785.8,287096,5347,10,1301.82
2025-05-12,Competitor Terms,Search,999.37,115669,5636,57,7903.12
2025-05-13,Spring Launch,Search,766.15,93869,5825,47,4956.58
2025-05-13,Always-on Brand,Display,389.46,125416,1618,6,560.45
2025-05-13,Retargeting,Social,607.07,65134,1977,17,2127.7
2025-05-13,Newsletter,Email,265.25,29554,3180,45,2972.02
2025-05-13,Creator Series,Video,633.26,198057,2856,7,910.71
2025-05-13,Competitor Terms,Search,845.83,111538,4741,39,3314.51
2025-05-14,Spring Launch,Search,820.83,77854,4481,32,3324.16
2025-05-14,Always-on Brand,Display,708.46,215540,3268,9,931.16
2025-05-14,Retargeting,Social,685.36,90822,2759,26,3073.15
2025-05-14,Newsletter,Email,51.98,5452,566,20,2429.99
2025-05-14,Creator Series,Video,724.31,179154,3773,16,2039.67
2025-05-14,Competitor Terms,Search,866.16,119033,7303,26,3352.46
2025-05-15,Spring Launch,Search,726.52,67135,3158,39,3386.59
2025-05-15,Always-on Brand,Display,639.62,193810,2875,10,1349.66
2025-05-15,Retargeting,Social,803.56,111928,4324,30,2268.21
2025-05-15,Newsletter,Email,89.09,9517,1111,17,1522.53
2025-05-15,Creator Series,Video,663.54,190505,3198,8,915.17
2025-05-15,Competitor Terms,Search,628.54,76270,3961,43,4197.63
2025-05-16,Spring Launch,Search,1071.48,90561,4154,30,2855.62
2025-05-16,Always-on Brand,Display,484.91,123281,1171,8,985.49
2025-05-16,Retargeting,Social,500.64,52050,1365,18,2296.59
2025-05-16,Newsletter,Email,213.87,18610,2170,20,1668.04
2025-05-16,Creator Series,Video,744.35,243468,4375,14,1946.34
2025-05-16,Competitor Terms,Search,1168.31,109259,5428,54,5403.2
2025-05-17,Spring Launch,Search,1077.37,130265,4968,40,2581.0
2025-05-17,Always-on Brand,Display,436.45,110715,1290,9,1231.12
2025-05-17,Retargeting,Social,741.44,99744,3867,17,1609.04
2025-05-17,Newsletter,Email,45.65,4952,379,11,799.13
2025-05-17,Creator Series,Video,682.9,263184,6056,12,1235.9
2025-05-17,Competitor Terms,Search,767.73,76314,2751,25,3499.32
2025-05-18,Spring Launch,Search,900.15,75553,4351,50,6414.95
2025-05-18,Always-on Brand,Display,545.17,175643,2631,11,1123.86
2025-05-18,Retargeting,Social,1024.19,108208,3384,22,2684.74
2025-05-18,Newsletter,Email,107.7,12680,874,18,2119.84
2025-05-18,Creator Series,Video,476.82,121456,2661,7,673.24
2025-05-18,Competitor Terms,Search,1068.74,127796,5717,59,7564.76
2025-05-19,Spring Launch,Search,955.8,103175,3764,36,4110.18
2025-05-19,Always-on Brand,Display,445.41,159432,1995,7,760.06
2025-05-19,Retargeting,Social,726.93,92108,2695,16,1489.82
2025-05-19,Newsletter,Email,62.66,6975,695,21,1323.26
2025-05-19,Creator Series,Video,553.17,166295,3668,11,1308.43
2025-05-19,Competitor Terms,Search,829.24,89962,5065,37,3780.93
2025-05-20,Spring Launch,Search,915.62,73693,3203,40,2673.48
2025-05-20,Always-on Brand,Display,553.51,221646,2810,6,742.51
2025-05-20,Retargeting,Social,749.24,96586,3456,25,2669.76
2025-05-20,Newsletter,Email,226.64,31298,2044,21,1774.02
2025-05-20,Creator Series,Video,607.07,215959,4830,7,677.49
2025-05-20,Competitor Terms,Search,1049.65,137998,6825,31,2900.26
2025-05-21,Spring Launch,Search,908.9,88913,3481,37,4807.18
2025-05-21,Always-on Brand,Display,510.76,180575,2316,11,1166.81
2025-05-21,Retargeting,Social,504.87,52079,1311,18,1844.52
2025-05-21,Newsletter,Email,89.64,8709,927,18,2069.9
2025-05-21,Creator Series,Video,769.06,228471,3362,10,1103.43
2025-05-21,Competitor Terms,Search,953.83,98488,6202,48,3646.66
2025-05-22,Spring Launch,Search,936.82,89174,5545,35,2379.84
2025-05-22,Always-on Brand,Display,717.84,236176,3023,11,788.9
2025-05-22,Retargeting,Social,531.15,48157,1286,23,3181.42
2025-05-22,Newsletter,Email,0.0,0,0,0,0.0
2025-05-22,Creator Series,Video,692.16,269414,5464,15,1704.82
2025-05-22,Competitor Terms,Search,706.24,74054,4522,41,3355.63
2025-05-23,Spring Launch,Search,1127.36,156519,9007,56,7304.53
2025-05-23,Always-on Brand,Display,510.24,209874,2697,10,1022.67
2025-05-23,Retargeting,Social,467.14,60400,2316,15,1866.23
2025-05-23,Newsletter,Email,103.68,14313,1496,16,1251.08
2025-05-23,Creator Series,Video,703.96,189309,4221,8,501.3
2025-05-23,Competitor Terms,Search,764.43,78469,3473,51,4406.2
2025-05-24,Spring Launch,Search,692.48,57744,2313,43,5718.66
2025-05-24,Always-on Brand,Display,326.34,99717,1508,6,663.31
2025-05-24,Retargeting,Social,825.73,87835,2083,16,1253.66
2025-05-24,Newsletter,Email,220.8,24073,1657,24,2931.43
2025-05-24,Creator Series,Video,703.56,247407,4766,8,985.39
2025-05-24,Competitor Terms,Search,681.15,87743,4627,37,2407.13
2025-05-25,Spring Launch,Search,1008.36,136251,6169,58,7842.51
2025-05-25,Always-on Brand,Display,527.76,151951,1785,10,1115.8
2025-05-25,Retargeting,Social,618.53,54248,1685,20,2348.67
2025-05-25,Newsletter,Email,16.66,1552,136,6,685.3
2025-05-25,Creator Series,Video,596.66,160912,2130,6,818.34
2025-05-25,Competitor Terms,Search,817.44,101051,4885,50,3510.06
2025-05-26,Spring Launch,Search,978.84,115535,6005,44,3343.23
2025-05-26,Always-on Brand,Display,485.28,163822,2540,9,989.06
2025-05-26,Retargeting,Social,776.76,64638,1616,18,1956.78
2025-05-26,Newsletter,Email,18.4,2405,242,11,1221.15
2025-05-26,Creator Series,Video,572.69,195484,2822,8,824.93
2025-05-26,Competitor Terms,Search,883.15,79430,3912,44,3517.8
2025-05-27,Spring Launch,Search,1019.99,83778,3235,33,3544.94
2025-05-27,Always-on Brand,Display,430.81,164581,1563,6,775.56
2025-05-27,Retargeting,Social,811.8,97223,3763,27,2050.85
2025-05-27,Newsletter,Email,0.0,0,0,0,0.0
2025-05-27,Creator Series,Video,661.03,172124,2175,12,1489.52
2025-05-27,Competitor Terms,Search,722.92,80133,3290,49,5209.42
2025-05-28,Spring Launch,Search,943.05,111408,6180,39,3266.09
2025-05-28,Always-on Brand,Display,705.12,216502,2859,10,896.52
2025-05-28,Retargeting,Social,746.66,84388,1936,16,2071.31
2025-05-28,Newsletter,Email,161.73,16261,1384,18,1838.01
2025-05-28,Creator Series,Video,669.9,224205,3987,12,1098.83
2025-05-28,Competitor Terms,Search,930.66,87512,5354,54,3758.41
2025-05-29,Spring Launch,Search,1047.07,139258,7073,35,4547.59
2025-05-29,Always-on Brand,Display,380.43,140793,1413,5,369.01
2025-05-29,Retargeting,Social,430.26,45732,1378,21,1961.73
2025-05-29,Newsletter,Email,309.1,30136,2680,33,2710.22
2025-05-29,Creator Series,Video,641.81,175242,2324,9,881.52
2025-05-29,Competitor Terms,Search,892.54,81691,2879,45,6241.77
2025-05-30,Spring Launch,Search,993.35,92104,4736,44,5566.43
2025-05-30,Always-on Brand,Display,583.89,154704,1806,5,536.87
2025-05-30,Retargeting,Social,684.69,78541,2034,28,3439.57
2025-05-30,Newsletter,Email,229.85,31033,3186,26,2371.64
2025-05-30,Creator Series,Video,448.26,152118,3466,9,546.87
2025-05-30,Competitor Terms,Search,886.52,117291,6355,57,6949.5
2025-05-31,Spring Launch,Search,769.68,68201,3322,49,4541.78
2025-05-31,Always-on Brand,Display,540.2,167075,2557,6,401.08
2025-05-31,Retargeting,Social,836.31,99675,3669,25,3399.6
2025-05-31,Newsletter,Email,172.69,14009,1009,34,2994.38
2025-05-31,Creator Series,Video,659.07,190355,2736,9,672.23
2025-05-31,Competitor Terms,Search,850.22,82050,4365,56,6995.33
2025-06-01,Always-on Brand,Display,498.98,147631,1809,9,1228.02
2025-06-01,Retargeting,Social,661.44,56108,1817,20,2284.91
2025-06-01,Newsletter,Email,19.03,1808,208,7,951.94
2025-06-01,Creator Series,Video,658.84,272168,4846,8,1059.74
2025-06-01,Competitor Terms,Search,820.8,71622,3308,50,6517.37
2025-06-02,Always-on Brand,Display,548.06,144113,1938,6,733.98
2025-06-02,Retargeting,Social,700.41,63003,1562,14,1215.43
2025-06-02,Newsletter,Email,304.71,41447,4145,42,3885.44
2025-06-02,Creator Series,Video,744.42,295978,4233,13,1177.29
2025-06-02,Competitor Terms,Search,828.5,102639,4032,26,3011.4
2025-06-03,Always-on Brand,Display,572.73,214646,3032,10,792.33
2025-06-03,Retargeting,Social,705.92,98121,2552,25,2988.31
2025-06-03,Newsletter,Email,145.95,16327,1860,25,2097.91
2025-06-03,Creator Series,Video,671.7,278075,6431,7,902.07
2025-06-03,Competitor Terms,Search,825.78,87680,3897,33,2593.28
2025-06-04,Always-on Brand,Display,351.42,85097,752,5,353.91
2025-06-04,Retargeting,Social,610.09,64337,1699,14,1363.38
2025-06-04,Newsletter,Email,58.48,7260,562,14,1174.25
2025-06-04,Creator Series,Video,561.87,154006,2549,9,1088.07
2025-06-04,Competitor Terms,Search,906.44,93875,5601,32,3500.13
2025-06-05,Always-on Brand,Display,446.92,153784,1645,7,828.98
2025-06-05,Retargeting,Social,729.57,71539,2265,28,3681.83
2025-06-05,Newsletter,Email,223.13,26681,2902,40,2608.44
2025-06-05,Creator Series,Video,687.99,280789,5176,15,1997.48
2025-06-05,Competitor Terms,Search,885.77,74961,4540,36,2882.99
2025-06-06,Always-on Brand,Display,531.02,139710,1377,8,621.31
2025-06-06,Retargeting,Social,547.47,49630,1278,16,1537.76
2025-06-06,Newsletter,Email,0.0,0,0,0,0.0
2025-06-06,Creator Series,Video,503.06,165252,2189,12,1026.42
2025-06-06,Competitor Terms,Search,911.56,125920,6583,30,4172.78
2025-06-07,Always-on Brand,Display,629.64,151156,2357,11,1047.55
2025-06-07,Retargeting,Social,624.4,69288,2548,12,843.95
2025-06-07,Newsletter,Email,225.52,20611,2342,27,2171.11
2025-06-07,Creator Series,Video,729.33,301824,5263,9,1013.23
2025-06-07,Competitor Terms,Search,706.56,64433,3167,27,1997.91
2025-06-08,Always-on Brand,Display,525.83,143867,2073,6,401.71
2025-06-08,Retargeting,Social,641.17,77999,2654,21,2154.84
2025-06-08,Newsletter,Email,168.34,19051,1665,21,1307.07
2025-06-08,Creator Series,Video,553.16,137417,2236,14,1310.93
2025-06-08,Competitor Terms,Search,1028.93,95774,4945,28,2039.29
2025-06-09,Always-on Brand,Display,317.4,97193,1101,4,265.32
2025-06-09,Retargeting,Social,644.17,68900,2368,15,1774.86
2025-06-09,Newsletter,Email,186.93,16477,1912,19,1953.99
2025-06-09,Creator Series,Video,389.28,142949,2493,7,775.27
2025-06-09,Competitor Terms,Search,941.83,120370,5454,41,5238.89
2025-06-10,Always-on Brand,Display,515.75,169470,2008,10,1025.83
2025-06-10,Retargeting,Social,559.01,62962,1473,26,1692.12
2025-06-10,Newsletter,Email,72.6,6590,716,21,2928.09
2025-06-10,Creator Series,Video,569.25,173874,3653,10,606.44
2025-06-10,Competitor Terms,Search,661.1,64630,3118,46,6141.65
2025-06-11,Always-on Brand,Display,619.04,215238,3129,6,393.75
2025-06-11,Retargeting,Social,673.86,68947,2180,17,1190.37
2025-06-11,Newsletter,Email,0.0,0,0,0,0.0
2025-06-11,Creator Series,Video,620.34,161920,2768,7,665.53
2025-06-11,Competitor Terms,Search,666.74,91042,5736,31,2373.78
2025-06-12,Always-on Brand,Display,640.85,209040,2716,5,325.64
2025-06-12,Retargeting,Social,665.85,63972,2076,23,1833.69
2025-06-12,Newsletter,Email,174.27,15108,1405,31,3854.45
2025-06-12,Creator Series,Video,620.52,221918,2969,9,984.73
2025-06-12,Competitor Terms,Search,974.38,109271,6615,40,3636.87
2025-06-13,Always-on Brand,Display,673.97,271070,2388,12,1250.57
2025-06-13,Retargeting,Social,834.64,85122,2378,16,1684.63
2025-06-13,Newsletter,Email,0.0,0,0,0,0.0
2025-06-13,Creator Series,Video,594.65,207566,4342,9,1213.88
2025-06-13,Competitor Terms,Search,887.59,96198,4447,30,3762.11
2025-06-14,Always-on Brand,Display,260.88,103283,1308,7,690.75
2025-06-14,Retargeting,Social,726.98,98947,3424,14,1645.47
2025-06-14,Newsletter,Email,48.78,5761,613,11,790.8
2025-06-14,Creator Series,Video,483.81,149879,3408,9,809.78
2025-06-14,Competitor Terms,Search,926.25,92340,4150,53,6528.29
2025-06-15,Always-on Brand,Display,544.61,165875,1900,6,598.99
2025-06-15,Retargeting,Social,701.97,75809,2749,20,1274.56
2025-06-15,Newsletter,Email,276.21,37501,3687,42,3457.18
2025-06-15,Creator Series,Video,701.54,242696,3136,15,1634.98
2025-06-15,Competitor Terms,Search,1034.73,142902,8791,41,3054.6
2025-06-16,Always-on Brand,Display,424.4,158791,1503,4,406.28
2025-06-16,Retargeting,Social,819.93,106981,3999,30,2111.29
2025-06-16,Newsletter,Email,0.0,0,0,0,0.0
2025-06-16,Creator Series,Video,534.34,129531,2363,13,910.57
2025-06-16,Competitor Terms,Search,1003.9,86541,4840,50,4688.91
2025-06-17,Always-on Brand,Display,652.29,175654,2292,8,917.9
2025-06-17,Retargeting,Social,556.54,49841,1592,25,3078.25
2025-06-17,Newsletter,Email,132.12,10959,1107,32,3371.09
2025-06-17,Creator Series,Video,695.87,172390,2443,14,1474.06
2025-06-17,Competitor Terms,Search,805.22,80092,4237,54,4830.17
2025-06-18,Always-on Brand,Display,515.85,128942,1769,5,416.55
2025-06-18,Retargeting,Social,915.99,77994,2528,21,2002.92
2025-06-18,Newsletter,Email,0.0,0,0,0,0.0
2025-06-18,Creator Series,Video,581.88,147008,1885,12,1105.22
2025-06-18,Competitor Terms,Search,788.96,90440,4349,25,2599.32
2025-06-19,Always-on Brand,Display,393.61,114991,1046,8,987.36
2025-06-19,Retargeting,Social,691.25,73976,2237,17,1497.81
2025-06-19,Newsletter,Email,0.0,0,0,0,0.0
2025-06-19,Creator Series,Video,411.87,148290,2361,11,1474.46
2025-06-19,Competitor Terms,Search,746.56,100287,6119,26,1637.53
2025-06-20,Always-on Brand,Display,331.66,87773,830,4,411.95
2025-06-20,Retargeting,Social,632.3,56359,1444,27,2974.67
2025-06-20,Newsletter,Email,84.82,10433,1170,27,2108.2
2025-06-20,Creator Series,Video,746.82,278187,4049,13,1429.29
2025-06-20,Competitor Terms,Search,763.37,94156,3745,25,2419.26
2025-06-21,Always-on Brand,Display,578.01,240627,2409,9,1037.72
2025-06-21,Retargeting,Social,641.81,61100,1541,17,2291.86
2025-06-21,Newsletter,Email,64.69,8484,578,21,2434.19
2025-06-21,Creator Series,Video,554.96,142802,2239,14,1912.49
2025-06-21,Competitor Terms,Search,934.2,93736,4671,55,4108.44
2025-06-22,Always-on Brand,Display,671.53,197404,3027,6,509.32
2025-06-22,Retargeting,Social,747.41,95067,2043,14,1774.08
2025-06-22,Newsletter,Email,0.0,0,0,0,0.0
2025-06-22,Creator Series,Video,613.88,245638,4901,15,1062.95
2025-06-22,Competitor Terms,Search,1018.03,93772,3285,35,3699.85
2025-06-23,Always-on Brand,Display,465.93,156522,2309,8,617.85
2025-06-23,Retargeting,Social,984.31,113780,4387,30,2585.34
2025-06-23,Newsletter,Email,321.95,41385,3609,34,4362.84
2025-06-23,Creator Series,Video,594.26,195210,3384,6,427.65
2025-06-23,Competitor Terms,Search,987.28,94365,4285,27,3002.32
2025-06-24,Always-on Brand,Display,630.14,257479,3747,11,1383.48
2025-06-24,Retargeting,Social,731.45,67207,2616,17,1778.18
2025-06-24,Newsletter,Email,141.95,15266,1645,29,4016.8
2025-06-24,Creator Series,Video,516.51,204389,2595,12,1105.96
2025-06-24,Competitor Terms,Search,1002.63,108151,4844,42,5813.46
2025-06-25,Always-on Brand,Display,465.47,138172,1760,6,600.39
2025-06-25,Retargeting,Social,664.15,71180,2165,13,1098.08
2025-06-25,Newsletter,Email,39.95,5312,591,9,1245.12
2025-06-25,Creator Series,Video,496.05,153195,2690,13,1649.49
2025-06-25,Competitor Terms,Search,793.49,69945,4138,42,2794.64
2025-06-26,Always-on Brand,Display,691.4,252984,3778,7,902.07
2025-06-26,Retargeting,Social,732.72,90356,2644,25,3252.4
2025-06-26,Newsletter,Email,204.11,24767,2760,24,2898.37
2025-06-26,Creator Series,Video,589.12,228657,2883,9,622.25
2025-06-26,Competitor Terms,Search,896.15,97631,5994,40,5037.32
2025-06-27,Always-on Brand,Display,323.94,89533,836,6,469.03
2025-06-27,Retargeting,Social,719.74,90550,2158,19,2054.09
2025-06-27,Newsletter,Email,16.81,2025,159,12,1515.84
2025-06-27,Creator Series,Video,665.05,176822,2327,8,688.27
2025-06-27,Competitor Terms,Search,707.41,78548,3831,46,6112.16
2025-06-28,Always-on Brand,Display,530.27,137741,1601,7,899.3
2025-06-28,Retargeting,Social,811.95,84294,2656,26,3437.84
2025-06-28,Newsletter,Email,0.0,0,0,0,0.0
2025-06-28,Creator Series,Video,615.71,219782,2808,7,652.84
2025-06-28,Competitor Terms,Search,868.0,113847,7038,54,5994.0
2025-06-29,Always-on Brand,Display,377.21,102364,1266,6,566.06
2025-06-29,Retargeting,Social,703.39,93038,3237,29,3659.03
2025-06-29,Newsletter,Email,0.0,0,0,0,0.0
2025-06-29,Creator Series,Video,566.79,210443,4217,13,1364.74
2025-06-29,Competitor Terms,Search,947.46,89758,3477,55,4288.93
2025-06-30,Always-on Brand,Display,546.89,194291,2984,6,770.86
2025-06-30,Retargeting,Social,614.03,66931,1839,17,1028.43
2025-06-30,Newsletter,Email,0.0,0,0,0,0.0
2025-06-30,Creator Series,Video,673.42,187999,2892,11,1310.67
2025-06-30,Competitor Terms,Search,783.62,93188,3625,46,6265.25
2025-07-01,Always-on Brand,Display,501.75,165303,1671,8,587.97
2025-07-01,Retargeting,Social,705.48,94313,2362,13,1784.61
2025-07-01,Newsletter,Email,0.0,0,0,0,0.0
2025-07-01,Creator Series,Video,667.94,240240,3283,11,1313.28
2025-07-01,Competitor Terms,Search,840.89,93532,4823,48,4566.7
2025-07-02,Always-on Brand,Display,446.26,109656,1264,10,937.88
2025-07-02,Retargeting,Social,695.9,95237,2232,17,1422.43
2025-07-02,Newsletter,Email,217.74,27742,2037,28,2444.69
2025-07-02,Creator Series,Video,518.53,197615,4344,14,1364.34
2025-07-02,Competitor Terms,Search,845.23,85217,4138,34,2056.17
2025-07-03,Always-on Brand,Display,558.66,151961,1479,8,822.62
2025-07-03,Retargeting,Social,751.27,104029,2911,18,2017.64
2025-07-03,Newsletter,Email,208.62,19799,1957,36,3255.65
2025-07-03,Creator Series,Video,668.02,258691,3460,14,1172.74
2025-07-03,Competitor Terms,Search,1039.46,91859,4537,62,8620.57
2025-07-04,Always-on Brand,Display,466.04,139019,1331,5,420.67
2025-07-04,Retargeting,Social,713.91,61540,2128,21,2812.92
2025-07-04,Newsletter,Email,208.34,24174,2031,26,3408.48
2025-07-04,Creator Series,Video,664.64,183046,3043,6,706.13
2025-07-04,Competitor Terms,Search,713.69,87837,4026,44,2716.9
2025-07-05,Always-on Brand,Display,320.33,81471,1231,5,655.25
2025-07-05,Retargeting,Social,555.03,72443,2573,15,978.49
2025-07-05,Newsletter,Email,0.0,0,0,0,0.0
2025-07-05,Creator Series,Video,542.38,209686,3965,9,1042.08
2025-07-05,Competitor Terms,Search,923.33,114804,4925,38,5248.65
2025-07-06,Always-on Brand,Display,574.2,188940,2710,10,1234.32
2025-07-06,Retargeting,Social,644.49,84280,2263,21,1652.19
2025-07-06,Newsletter,Email,115.03,16007,1030,24,3358.72
2025-07-06,Creator Series,Video,532.73,206474,3595,10,1265.3
2025-07-06,Competitor Terms,Search,800.81,71879,3121,26,2823.9
2025-07-07,Always-on Brand,Display,478.55,184402,2719,4,535.1
2025-07-07,Retargeting,Social,785.06,96685,2246,25,2540.72
2025-07-07,Newsletter,Email,119.14,15186,1538,16,1633.06
2025-07-07,Creator Series,Video,550.17,139839,2553,6,497.68
2025-07-07,Competitor Terms,Search,906.56,114904,6017,29,1862.33
2025-07-08,Always-on Brand,Display,587.1,143790,2146,8,846.31
2025-07-08,Retargeting,Social,649.64,88869,2393,17,1787.31
2025-07-08,Newsletter,Email,298.47,27394,1878,37,2599.09
2025-07-08,Creator Series,Video,805.55,314100,4568,15,1681.76
2025-07-08,Competitor Terms,Search,1014.03,131166,6734,57,3851.76
2025-07-09,Always-on Brand,Display,543.92,144710,1458,9,1069.7
2025-07-09,Retargeting,Social,785.2,73084,2219,13,1234.53
2025-07-09,Newsletter,Email,240.7,19854,1852,24,1710.48
2025-07-09,Creator Series,Video,478.45,194759,4302,6,645.52
2025-07-09,Competitor Terms,Search,842.23,93401,4268,27,2568.17
2025-07-10,Always-on Brand,Display,466.55,134945,1693,7,462.89
2025-07-10,Retargeting,Social,808.79,75103,2022,15,1776.79
2025-07-10,Newsletter,Email,0.0,0,0,0,0.0
2025-07-10,Creator Series,Video,579.93,175260,3978,8,998.6
2025-07-10,Competitor Terms,Search,889.49,77971,3726,43,5232.47
2025-07-11,Always-on Brand,Display,578.17,163373,2295,10,687.23
2025-07-11,Retargeting,Social,688.21,84584,2243,15,1067.2
2025-07-11,Newsletter,Email,31.96,3076,199,17,1446.69
2025-07-11,Creator Series,Video,594.44,212068,3443,12,837.37
2025-07-11,Competitor Terms,Search,887.54,85937,4863,48,5379.2
2025-07-12,Always-on Brand,Display,399.38,134896,1307,5,371.6
2025-07-12,Retargeting,Social,722.43,73358,2622,22,1673.27
2025-07-12,Newsletter,Email,106.77,10150,703,27,2858.41
2025-07-12,Creator Series,Video,736.72,244161,4161,8,482.31
2025-07-12,Competitor Terms,Search,731.04,85198,3896,40,3299.68
2025-07-13,Always-on Brand,Display,521.89,135993,1736,8,1077.1
2025-07-13,Retargeting,Social,741.9,79281,2293,21,2091.94
2025-07-13,Newsletter,Email,211.85,20204,1712,34,2996.22
2025-07-13,Creator Series,Video,545.25,223941,3743,13,1484.01
2025-07-13,Competitor Terms,Search,903.37,102537,5678,37,2995.26
2025-07-14,Always-on Brand,Display,516.05,167951,1586,6,792.18
2025-07-14,Retargeting,Social,766.53,80756,1808,22,2539.42
2025-07-14,Newsletter,Email,101.62,11495,1308,17,2102.93
2025-07-14,Creator Series,Video,723.16,174938,3789,16,1364.93
2025-07-14,Competitor Terms,Search,956.97,78402,3162,43,5787.73
2025-07-15,Always-on Brand,Display,663.13,181525,2482,7,455.24
2025-07-15,Retargeting,Social,545.99,65537,1845,25,2304.35
2025-07-15,Newsletter,Email,3.13,274,23,5,670.81
2025-07-15,Creator Series,Video,711.35,273579,3930,10,877.06
2025-07-15,Competitor Terms,Search,918.5,123676,6091,39,2817.42
2025-07-16,Always-on Brand,Display,495.58,184433,2853,5,454.19
2025-07-16,Retargeting,Social,603.04,49366,1586,13,852.23
2025-07-16,Newsletter,Email,0.0,0,0,0,0.0
2025-07-16,Creator Series,Video,541.48,224653,3254,12,874.66
2025-07-16,Competitor Terms,Search,806.08,109352,5748,43,5611.78
2025-07-17,Always-on Brand,Display,482.69,130131,1148,5,613.32
2025-07-17,Retargeting,Social,639.38,77644,1806,17,1970.45
2025-07-17,Newsletter,Email,0.0,0,0,0,0.0
2025-07-17,Creator Series,Video,598.87,158716,2916,10,723.89
2025-07-17,Competitor Terms,Search,893.08,116832,4548,34,2086.91
2025-07-18,Always-on Brand,Display,449.3,181876,2019,5,308.68
2025-07-18,Retargeting,Social,605.37,60403,1462,16,1071.32
2025-07-18,Newsletter,Email,85.8,9810,676,22,2908.78
2025-07-18,Creator Series,Video,793.01,236001,3704,12,1620.72
2025-07-18,Competitor Terms,Search,1020.45,125489,6149,32,3410.24
2025-07-19,Always-on Brand,Display,432.02,162662,2017,8,1058.66
2025-07-19,Retargeting,Social,685.26,78672,2166,23,2289.84
2025-07-19,Newsletter,Email,68.22,8358,535,20,1675.71
2025-07-19,Creator Series,Video,625.76,261558,5464,8,738.71
2025-07-19,Competitor Terms,Search,697.5,95196,4179,26,2480.6
2025-07-20,Always-on Brand,Display,436.93,123711,1516,10,1026.48
2025-07-20,Retargeting,Social,785.24,97212,2965,16,1299.3
2025-07-20,Newsletter,Email,174.18,20593,2129,21,1823.51
2025-07-20,Creator Series,Video,623.46,216701,3156,14,1891.61
2025-07-20,Competitor Terms,Search,852.96,87818,4515,24,1849.27
2025-07-21,Always-on Brand,Display,433.04,178292,1547,7,615.39
2025-07-21,Retargeting,Social,694.89,96491,3749,29,4020.21
2025-07-21,Newsletter,Email,90.54,9628,752,26,2699.59
2025-07-21,Creator Series,Video,672.2,242264,4175,15,1328.32
2025-07-21,Competitor Terms,Search,949.07,108910,4641,39,5137.24
2025-07-22,Always-on Brand,Display,550.3,211388,2147,5,373.28
2025-07-22,Retargeting,Social,716.47,58492,1496,13,1411.9
2025-07-22,Newsletter,Email,0.0,0,0,0,0.0
2025-07-22,Creator Series,Video,592.7,235968,5302,8,908.56
2025-07-22,Competitor Terms,Search,885.71,109750,3978,51,4745.13
2025-07-23,Always-on Brand,Display,538.51,212387,2511,11,830.67
2025-07-23,Retargeting,Social,785.76,100252,2399,30,3990.09
2025-07-23,Newsletter,Email,38.63,3576,234,8,926.92
2025-07-23,Creator Series,Video,794.43,195461,3609,12,855.28
2025-07-23,Competitor Terms,Search,760.13,99351,4082,39,5115.76
2025-07-24,Always-on Brand,Display,437.45,168297,1687,8,598.97
2025-07-24,Retargeting,Social,716.93,60268,1779,21,1998.03
2025-07-24,Newsletter,Email,30.04,3121,199,14,1551.38
2025-07-24,Creator Series,Video,554.45,164146,2300,7,438.7
2025-07-24,Competitor Terms,Search,1054.85,127412,4562,31,3750.51
2025-07-25,Always-on Brand,Display,456.31,138980,2140,9,877.01
2025-07-25,Retargeting,Social,609.96,72937,2732,19,1937.08
2025-07-25,Newsletter,Email,46.37,6417,595,15,1630.68
2025-07-25,Creator Series,Video,507.24,147606,3438,7,891.87
2025-07-25,Competitor Terms,Search,914.77,121499,6816,44,3505.78
2025-07-26,Always-on Brand,Display,582.96,181073,1803,8,883.11
2025-07-26,Retargeting,Social,733.35,100438,3770,17,1971.33
2025-07-26,Newsletter,Email,75.92,9798,1045,18,1174.42
2025-07-26,Creator Series,Video,525.22,166716,3408,8,753.28
2025-07-26,Competitor Terms,Search,755.63,101755,5773,47,3693.08
2025-07-27,Always-on Brand,Display,361.4,145685,1694,5,658.85
2025-07-27,Retargeting,Social,713.27,66705,1582,16,1417.33
2025-07-27,Newsletter,Email,0.0,0,0,0,0.0
2025-07-27,Creator Series,Video,657.75,265026,3484,14,1431.88
2025-07-27,Competitor Terms,Search,696.46,96095,3664,47,2877.59
2025-07-28,Always-on Brand,Display,663.12,213580,2026,5,548.51
2025-07-28,Retargeting,Social,707.48,75901,2172,25,1604.72
2025-07-28,Newsletter,Email,90.74,10820,1193,26,2688.97
2025-07-28,Creator Series,Video,639.14,244996,4325,10,736.12
2025-07-28,Competitor Terms,Search,1095.45,140328,8351,29,1798.39
2025-07-29,Always-on Brand,Display,417.96,160147,1533,8,992.72
2025-07-29,Retargeting,Social,742.5,75863,2454,15,1876.52
2025-07-29,Newsletter,Email,183.71,15665,1623,33,4418.67
2025-07-29,Creator Series,Video,481.54,181370,4001,6,534.13
2025-07-29,Competitor Terms,Search,795.46,80044,3348,41,5435.14
2025-07-30,Always-on Brand,Display,594.66,206627,3047,7,478.26
2025-07-30,Retargeting,Social,497.57,63419,1803,17,2221.37
2025-07-30,Newsletter,Email,0.0,0,0,0,0.0
2025-07-30,Creator Series,Video,648.02,178261,2890,8,867.68
2025-07-30,Competitor Terms,Search,626.84,83162,3162,38,4586.29
2025-07-31,Always-on Brand,Display,554.45,214096,1943,8,530.41
2025-07-31,Retargeting,Social,798.76,99637,2530,16,1032.59
2025-07-31,Newsletter,Email,285.46,35351,2351,36,3133.11
2025-07-31,Creator Series,Video,652.35,196226,3829,10,1001.46
2025-07-31,Competitor Terms,Search,1029.26,105518,6234,36,4734.25
2025-08-01,Always-on Brand,Display,375.08,141270,1618,9,1010.94
2025-08-01,Retargeting,Social,835.52,67832,2359,27,3059.31
2025-08-01,Newsletter,Email,192.38,20346,1750,39,4874.8
2025-08-01,Creator Series,Video,655.78,240635,5489,10,969.36
2025-08-01,Competitor Terms,Search,913.39,78089,3211,53,5725.65
2025-08-02,Always-on Brand,Display,305.87,122576,1817,7,594.49
2025-08-02,Retargeting,Social,588.96,77105,2604,22,2571.55
2025-08-02,Newsletter,Email,111.18,13146,897,26,1991.73
2025-08-02,Creator Series,Video,672.2,170203,3890,7,572.61
2025-08-02,Competitor Terms,Search,758.55,64793,2535,29,3094.97
2025-08-03,Always-on Brand,Display,616.57,252808,3812,5,345.76
2025-08-03,Retargeting,Social,689.07,71319,1924,15,2004.33
2025-08-03,Newsletter,Email,40.33,4428,466,11,1530.06
2025-08-03,Creator Series,Video,682.14,243563,4959,12,1559.89
2025-08-03,Competitor Terms,Search,901.53,81295,4895,42,5771.48
2025-08-04,Always-on Brand,Display,457.41,157509,2346,5,507.64
2025-08-04,Retargeting,Social,784.76,95951,3562,18,1558.84
2025-08-04,Newsletter,Email,9.04,739,50,6,753.48
2025-08-04,Creator Series,Video,591.59,231720,3865,7,857.62
2025-08-04,Competitor Terms,Search,1264.65,159860,6765,35,2491.95
2025-08-05,Always-on Brand,Display,714.61,283157,2951,10,1222.3
2025-08-05,Retargeting,Social,745.58,71914,2066,27,1970.63
2025-08-05,Newsletter,Email,164.35,21388,1527,29,2499.85
2025-08-05,Creator Series,Video,666.42,247547,5671,8,613.89
2025-08-05,Competitor Terms,Search,996.77,111581,4194,49,6178.56
2025-08-06,Always-on Brand,Display,626.63,251433,2633,5,460.33
2025-08-06,Retargeting,Social,746.35,84097,2865,21,1347.51
2025-08-06,Newsletter,Email,0.0,0,0,0,0.0
2025-08-06,Creator Series,Video,537.83,141439,3109,12,981.29
2025-08-06,Competitor Terms,Search,877.93,104075,4753,49,5415.45
2025-08-07,Always-on Brand,Display,411.43,120852,1809,6,839.33
2025-08-07,Retargeting,Social,672.67,78713,1808,27,2223.69
2025-08-07,Newsletter,Email,71.24,7862,584,18,1291.52
2025-08-07,Creator Series,Video,727.93,274567,5535,9,942.22
2025-08-07,Competitor Terms,Search,967.3,99762,4119,31,3250.07
2025-08-08,Always-on Brand,Display,603.6,238874,2896,11,908.49
2025-08-08,Retargeting,Social,745.44,89536,3172,21,2076.96
2025-08-08,Newsletter,Email,0.0,0,0,0,0.0
2025-08-08,Creator Series,Video,606.2,196942,3186,14,1495.92
2025-08-08,Competitor Terms,Search,969.01,124628,8069,56,4936.19
2025-08-09,Always-on Brand,Display,527.87,220957,2212,10,679.07
2025-08-09,Retargeting,Social,761.57,82346,2041,17,2108.77
2025-08-09,Newsletter,Email,335.56,32977,2415,37,4041.89
2025-08-09,Creator Series,Video,609.3,177892,2500,12,1145.62
2025-08-09,Competitor Terms,Search,728.19,87928,3606,47,4405.48
2025-08-10,Always-on Brand,Display,586.74,238423,3640,11,1128.23
2025-08-10,Retargeting,Social,634.74,82201,1810,23,2136.95
2025-08-10,Newsletter,Email,106.18,12631,1356,30,3853.56
2025-08-10,Creator Series,Video,783.59,251741,4360,9,1048.31
2025-08-10,Competitor Terms,Search,929.5,77959,3053,40,4496.31
2025-08-11,Always-on Brand,Display,699.42,222794,3294,5,645.77
2025-08-11,Retargeting,Social,835.16,90063,2523,21,2600.61
2025-08-11,Newsletter,Email,94.9,10744,864,18,2333.23
2025-08-11,Creator Series,Video,661.57,212074,2813,12,1132.41
2025-08-11,Competitor Terms,Search,984.88,97629,5233,43,2925.24
2025-08-12,Always-on Brand,Display,745.66,309498,3429,7,692.1
2025-08-12,Retargeting,Social,770.99,75042,2292,28,3816.5
2025-08-12,Newsletter,Email,313.97,28010,3231,24,2140.37
2025-08-12,Creator Series,Video,770.27,310705,6019,12,1420.15
2025-08-12,Competitor Terms,Search,992.7,130736,7458,36,4620.14
2025-08-13,Always-on Brand,Display,422.28,124924,1404,7,749.0
2025-08-13,Retargeting,Social,875.84,107647,3560,28,3193.07
2025-08-13,Newsletter,Email,0.0,0,0,0,0.0
2025-08-13,Creator Series,Video,772.95,228486,4953,17,1862.88
2025-08-13,Competitor Terms,Search,900.36,113484,4381,45,2949.22
2025-08-14,Always-on Brand,Display,493.21,161212,2160,7,555.41
2025-08-14,Retargeting,Social,489.21,50576,1774,21,1646.12
2025-08-14,Newsletter,Email,33.48,3620,245,7,636.14
2025-08-14,Creator Series,Video,742.08,290556,4987,17,1127.91
2025-08-14,Competitor Terms,Search,967.32,131414,4946,37,4028.79
2025-08-15,Always-on Brand,Display,835.71,284692,3608,12,1465.81
2025-08-15,Retargeting,Social,592.35,51970,1662,24,1939.75
2025-08-15,Newsletter,Email,24.0,2050,210,7,883.78
2025-08-15,Creator Series,Video,594.42,177050,3940,13,1620.8
2025-08-15,Competitor Terms,Search,975.37,101472,4472,35,2880.63
2025-08-16,Always-on Brand,Display,435.68,177291,1748,9,803.83
2025-08-16,Retargeting,Social,675.06,62741,2001,16,2177.34
2025-08-16,Newsletter,Email,0.0,0,0,0,0.0
2025-08-16,Creator Series,Video,505.92,169064,2738,9,1043.56
2025-08-16,Competitor Terms,Search,952.54,129020,6357,53,6894.42
2025-08-17,Always-on Brand,Display,305.47,95046,1307,4,406.39
2025-08-17,Retargeting,Social,607.14,84176,3071,26,2034.36
2025-08-17,Newsletter,Email,103.69,10313,751,20,2180.92
2025-08-17,Creator Series,Video,789.22,293260,5858,9,712.67
2025-08-17,Competitor Terms,Search,898.26,110358,4377,45,3175.67
2025-08-18,Always-on Brand,Display,862.58,267031,3654,12,1429.82
2025-08-18,Retargeting,Social,750.58,102106,3905,20,1338.6
2025-08-18,Newsletter,Email,233.17,32045,3278,37,2885.38
2025-08-18,Creator Series,Video,634.99,218182,3366,15,1850.75
2025-08-18,Competitor Terms,Search,964.88,118459,4352,59,3938.05
2025-08-19,Always-on Brand,Display,538.45,181585,2729,7,937.2
2025-08-19,Retargeting,Social,669.81,89284,3008,22,2371.09
2025-08-19,Newsletter,Email,10.69,891,63,6,467.82
2025-08-19,Creator Series,Video,856.98,326951,4943,11,700.71
2025-08-19,Competitor Terms,Search,773.31,92494,5821,52,4919.84
2025-08-20,Always-on Brand,Display,611.98,146878,1574,11,1108.6
2025-08-20,Retargeting,Social,608.07,71859,2416,15,1080.67
2025-08-20,Newsletter,Email,0.0,0,0,0,0.0
2025-08-20,Creator Series,Video,724.99,187677,2874,12,810.72
2025-08-20,Competitor Terms,Search,1003.02,95153,4937,57,4865.65
2025-08-21,Always-on Brand,Display,615.66,150659,1624,6,622.05
2025-08-21,Retargeting,Social,835.97,67627,2376,25,2893.3
2025-08-21,Newsletter,Email,165.78,19333,2244,31,2316.15
2025-08-21,Creator Series,Video,652.17,179102,3539,14,1108.35
2025-08-21,Competitor Terms,Search,1049.96,92829,4438,45,4518.87
2025-08-22,Always-on Brand,Display,564.0,139839,1986,11,963.77
2025-08-22,Retargeting,Social,653.4,81201,2893,17,1399.48
2025-08-22,Newsletter,Email,1.77,200,22,3,181.12
2025-08-22,Creator Series,Video,640.43,219847,3309,8,808.5
2025-08-22,Competitor Terms,Search,998.1,103668,5378,60,4116.76
2025-08-23,Always-on Brand,Display,656.71,181117,1836,7,922.47
2025-08-23,Retargeting,Social,721.56,79059,2107,25,2769.74
2025-08-23,Newsletter,Email,241.83,31468,3438,47,3723.32
2025-08-23,Creator Series,Video,726.61,207539,2873,11,882.1
2025-08-23,Competitor Terms,Search,822.52,105073,4595,31,2312.27
2025-08-24,Always-on Brand,Display,489.99,173191,1839,9,899.47
2025-08-24,Retargeting,Social,547.46,71594,2225,23,2481.58
2025-08-24,Newsletter,Email,47.55,4589,499,17,2053.97
2025-08-24,Creator Series,Video,714.64,203864,3949,11,893.69
2025-08-24,Competitor Terms,Search,945.17,89756,4357,42,3959.35
2025-08-25,Always-on Brand,Display,600.13,202114,2400,8,937.54
2025-08-25,Retargeting,Social,619.29,58366,2174,16,1040.98
2025-08-25,Newsletter,Email,276.17,24790,2236,38,3158.05
2025-08-25,Creator Series,Video,813.65,305296,5957,13,1416.75
2025-08-25,Competitor Terms,Search,859.23,95606,3700,52,6506.29
2025-08-26,Always-on Brand,Display,500.06,149580,1259,8,800.0
2025-08-26,Retargeting,Social,642.27,66407,2566,17,2054.95
2025-08-26,Newsletter,Email,0.0,0,0,0,0.0
2025-08-26,Creator Series,Video,574.51,189732,4360,13,931.15
2025-08-26,Competitor Terms,Search,967.67,82004,4451,45,4772.69
2025-08-27,Always-on Brand,Display,482.51,185596,2052,5,376.31
2025-08-27,Retargeting,Social,652.82,65581,1629,20,2768.86
2025-08-27,Newsletter,Email,84.52,10427,745,26,3388.12
2025-08-27,Creator Series,Video,695.43,233553,4594,12,1482.82
2025-08-27,Competitor Terms,Search,785.07,64861,4123,48,5608.13
2025-08-28,Always-on Brand,Display,244.24,78968,961,5,546.31
2025-08-28,Retargeting,Social,638.14,86615,3304,13,1146.3
2025-08-28,Newsletter,Email,356.03,40740,3050,56,3841.41
2025-08-28,Creator Series,Video,496.6,122876,2372,9,842.66
2025-08-28,Competitor Terms,Search,1114.99,107287,5097,43,3476.44
2025-08-29,Always-on Brand,Display,540.01,132954,1687,6,574.17
2025-08-29,Retargeting,Social,916.08,126439,4803,23,2522.97
2025-08-29,Newsletter,Email,111.38,10492,831,14,1878.04
2025-08-29,Creator Series,Video,688.1,228587,4533,9,932.44
2025-08-29,Competitor Terms,Search,1027.77,86795,3761,56,4375.89
2025-08-30,Always-on Brand,Display,385.48,110790,1030,9,756.13
2025-08-30,Retargeting,Social,693.12,87452,2679,26,3473.45
2025-08-30,Newsletter,Email,28.16,2832,243,9,1165.23
2025-08-30,Creator Series,Video,610.93,229668,4295,15,1632.58
2025-08-30,Competitor Terms,Search,984.91,83220,4938,39,3321.84
2025-08-31,Always-on Brand,Display,702.76,269293,3735,9,702.55
2025-08-31,Retargeting,Social,823.71,102576,3941,30,4099.42
2025-08-31,Newsletter,Email,10.05,938,98,6,708.65
2025-08-31,Creator Series,Video,560.69,186744,3535,8,546.43
2025-08-31,Competitor Terms,Search,881.33,71133,3241,42,4273.31
2025-09-01,Always-on Brand,Display,294.12,87761,899,6,460.86
2025-09-01,Retargeting,Social,520.5,71066,1730,16,1370.53
2025-09-01,Newsletter,Email,91.07,10056,857,26,2176.1
2025-09-01,Creator Series,Video,733.57,197379,3351,11,1070.73
2025-09-01,Competitor Terms,Search,920.14,102446,5925,30,3234.17
2025-09-02,Always-on Brand,Display,664.12,165650,1416,7,845.85
2025-09-02,Retargeting,Social,775.42,101176,2748,14,1644.93
2025-09-02,Newsletter,Email,155.95,20395,1871,18,2093.21
2025-09-02,Creator Series,Video,798.15,266856,5988,15,1348.54
2025-09-02,Competitor Terms,Search,817.71,100353,5599,48,3621.7
2025-09-03,Always-on Brand,Display,388.86,118591,1519,7,482.87
2025-09-03,Retargeting,Social,741.69,71624,2540,15,1012.27
2025-09-03,Newsletter,Email,35.8,3940,425,8,907.91
2025-09-03,Creator Series,Video,598.47,158668,2404,13,1391.28
2025-09-03,Competitor Terms,Search,975.91,88825,3608,55,3905.84
2025-09-04,Always-on Brand,Display,488.23,173163,2305,5,679.68
2025-09-04,Retargeting,Social,913.75,103165,2337,21,1781.66
2025-09-04,Newsletter,Email,0.0,0,0,0,0.0
2025-09-04,Creator Series,Video,542.69,132617,1997,12,799.87
2025-09-04,Competitor Terms,Search,866.61,83629,3146,54,7300.8
2025-09-05,Always-on Brand,Display,521.74,206143,3172,6,481.23
2025-09-05,Retargeting,Social,514.98,41756,940,20,1263.24
2025-09-05,Newsletter,Email,0.0,0,0,0,0.0
2025-09-05,Creator Series,Video,666.47,190872,2972,13,1085.88
2025-09-05,Competitor Terms,Search,879.86,80193,3426,52,4347.39
2025-09-06,Always-on Brand,Display,446.66,115160,1036,7,504.12
2025-09-06,Retargeting,Social,677.13,67704,2401,22,1404.35
2025-09-06,Newsletter,Email,2.49,292,31,3,329.3
2025-09-06,Creator Series,Video,631.0,218295,3157,9,1146.59
2025-09-06,Competitor Terms,Search,1035.34,106270,4605,39,4966.39
2025-09-07,Always-on Brand,Display,492.14,196916,2669,6,620.83
2025-09-07,Retargeting,Social,736.86,103008,2473,18,2159.15
2025-09-07,Newsletter,Email,173.07,15498,1047,21,2005.06
2025-09-07,Creator Series,Video,494.92,191083,3640,11,1147.99
2025-09-07,Competitor Terms,Search,839.26,108222,5895,39,4089.98
2025-09-08,Always-on Brand,Display,306.15,79686,789,7,811.28
2025-09-08,Retargeting,Social,824.56,111675,3410,26,2370.38
2025-09-08,Newsletter,Email,130.62,17374,1674,19,2149.56
2025-09-08,Creator Series,Video,358.1,101962,1637,8,522.03
2025-09-08,Competitor Terms,Search,964.68,112117,6250,27,3752.17
2025-09-09,Always-on Brand,Display,445.07,108241,1084,8,753.03
2025-09-09,Retargeting,Social,641.15,61678,2186,26,3065.69
2025-09-09,Newsletter,Email,188.08,21931,2190,23,1745.45
2025-09-09,Creator Series,Video,440.65,145875,3110,7,536.22
2025-09-09,Competitor Terms,Search,792.62,67502,3454,42,2729.62
2025-09-10,Always-on Brand,Display,510.85,206063,3103,7,500.92
2025-09-10,Retargeting,Social,828.81,72254,1709,21,2127.09
2025-09-10,Newsletter,Email,117.35,13628,1427,22,1673.12
2025-09-10,Creator Series,Video,438.0,145340,2391,10,1272.84
2025-09-10,Competitor Terms,Search,767.3,64148,3298,44,3161.06
2025-09-11,Always-on Brand,Display,593.37,203026,2600,6,474.5
2025-09-11,Retargeting,Social,676.5,55372,1721,27,3457.08
2025-09-11,Newsletter,Email,0.0,0,0,0,0.0
2025-09-11,Creator Series,Video,832.72,232809,5196,17,2088.55
2025-09-11,Competitor Terms,Search,800.27,66937,4275,31,3263.23
2025-09-12,Always-on Brand,Display,358.56,139571,2091,8,925.71
2025-09-12,Retargeting,Social,827.67,100304,2527,18,1754.01
2025-09-12,Newsletter,Email,78.88,10347,712,27,3042.23
2025-09-12,Creator Series,Video,600.35,209459,3664,9,1118.25
2025-09-12,Competitor Terms,Search,724.11,71645,4437,29,3318.56
2025-09-13,Always-on Brand,Display,551.99,210855,2527,7,929.44
2025-09-13,Retargeting,Social,543.01,48543,1856,22,1639.82
2025-09-13,Newsletter,Email,42.76,3685,380,10,646.01
2025-09-13,Creator Series,Video,628.73,214407,4993,10,1207.82
2025-09-13,Competitor Terms,Search,945.02,75703,2755,28,1952.42
2025-09-14,Always-on Brand,Display,552.8,224581,2203,5,303.67
2025-09-14,Retargeting,Social,491.95,56448,1916,14,1603.37
2025-09-14,Newsletter,Email,97.78,10319,742,30,2968.57
2025-09-14,Creator Series,Video,891.08,359680,5088,9,1106.83
2025-09-14,Competitor Terms,Search,800.1,109989,4086,52,4161.8
2025-09-15,Always-on Brand,Display,291.83,99236,1124,3,367.85
2025-09-15,Retargeting,Social,623.13,71390,1832,12,1150.98
2025-09-15,Newsletter,Email,309.35,25496,1675,45,6091.32
2025-09-15,Creator Series,Video,849.11,266300,3758,10,1177.45
2025-09-15,Competitor Terms,Search,878.81,118777,5061,40,2969.91
2025-09-16,Always-on Brand,Display,586.45,161920,1507,8,992.73
2025-09-16,Retargeting,Social,913.96,104687,3979,32,2487.94
2025-09-16,Newsletter,Email,87.23,7695,651,22,2962.06
2025-09-16,Creator Series,Video,694.12,274661,3810,14,1277.99
2025-09-16,Competitor Terms,Search,740.28,79418,5054,32,1920.2
2025-09-17,Always-on Brand,Display,500.29,169499,1977,7,583.45
2025-09-17,Retargeting,Social,760.38,97411,3589,14,1525.49
2025-09-17,Newsletter,Email,131.17,14972,1250,24,2394.08
2025-09-17,Creator Series,Video,661.68,269415,5956,11,706.6
2025-09-17,Competitor Terms,Search,882.71,78082,4607,50,4359.89
2025-09-18,Always-on Brand,Display,542.15,207620,2313,4,496.51
2025-09-18,Retargeting,Social,500.17,48967,1061,22,2077.78
2025-09-18,Newsletter,Email,0.0,0,0,0,0.0
2025-09-18,Creator Series,Video,710.79,212559,4534,15,1492.52
2025-09-18,Competitor Terms,Search,1031.83,132826,6298,57,4641.16
2025-09-19,Always-on Brand,Display,795.46,247869,3516,6,813.15
2025-09-19,Retargeting,Social,676.74,85011,2940,19,1605.29
2025-09-19,Newsletter,Email,143.68,18391,1770,33,3200.29
2025-09-19,Creator Series,Video,635.99,170664,3048,8,1100.94
2025-09-19,Competitor Terms,Search,928.71,97123,3907,27,2685.92
2025-09-20,Always-on Brand,Display,403.78,138260,1278,5,436.08
2025-09-20,Retargeting,Social,685.66,88429,3185,20,1901.17
2025-09-20,Newsletter,Email,0.0,0,0,0,0.0
2025-09-20,Creator Series,Video,636.01,242448,4774,10,707.66
2025-09-20,Competitor Terms,Search,685.83,83507,4778,25,2634.29
2025-09-21,Always-on Brand,Display,496.9,188923,2151,5,336.29
2025-09-21,Retargeting,Social,690.6,96526,3223,28,3793.11
2025-09-21,Newsletter,Email,99.76,11106,1242,26,3058.11
2025-09-21,Creator Series,Video,611.9,170528,2234,13,795.09
2025-09-21,Competitor Terms,Search,762.62,86511,4679,51,5144.55
2025-09-22,Always-on Brand,Display,437.49,176563,2443,7,681.35
2025-09-22,Retargeting,Social,832.5,69096,1481,29,1947.2
2025-09-22,Newsletter,Email,218.34,20777,2275,38,3552.12
2025-09-22,Creator Series,Video,529.4,208774,4092,6,669.96
2025-09-22,Competitor Terms,Search,828.17,100148,3924,36,2845.16
2025-09-23,Always-on Brand,Display,471.47,132403,1784,9,701.02
2025-09-23,Retargeting,Social,793.11,72446,1736,17,2184.09
2025-09-23,Newsletter,Email,219.79,26504,2801,36,4875.69
2025-09-23,Creator Series,Video,618.02,163102,2250,10,1233.02
2025-09-23,Competitor Terms,Search,773.39,75663,3597,45,4643.9
2025-09-24,Always-on Brand,Display,426.17,174332,1991,6,831.82
2025-09-24,Retargeting,Social,824.18,88785,3115,22,1512.35
2025-09-24,Newsletter,Email,0.0,0,0,0,0.0
2025-09-24,Creator Series,Video,566.74,195209,3737,9,1084.73
2025-09-24,Competitor Terms,Search,803.41,68338,3002,40,5449.14
2025-09-25,Always-on Brand,Display,353.46,131872,1317,6,544.6
2025-09-25,Retargeting,Social,695.64,59375,2161,21,1999.76
2025-09-25,Newsletter,Email,0.0,0,0,0,0.0
2025-09-25,Creator Series,Video,739.14,232863,4073,16,2182.58
2025-09-25,Competitor Terms,Search,1001.93,126489,7086,54,6433.38
2025-09-26,Always-on Brand,Display,377.09,101668,1580,6,653.63
2025-09-26,Retargeting,Social,576.85,65977,1975,16,2092.87
2025-09-26,Newsletter,Email,0.0,0,0,0,0.0
2025-09-26,Creator Series,Video,554.68,225717,4720,12,1294.67
2025-09-26,Competitor Terms,Search,845.21,76883,3213,42,4782.74
2025-09-27,Always-on Brand,Display,536.99,188851,2451,6,580.59
2025-09-27,Retargeting,Social,840.86,109600,3224,20,1793.64
2025-09-27,Newsletter,Email,203.15,27771,2648,37,2550.53
2025-09-27,Creator Series,Video,603.64,212832,4841,13,907.83
2025-09-27,Competitor Terms,Search,853.05,76436,4331,44,4163.13
2025-09-28,Always-on Brand,Display,479.9,183075,2606,6,719.59
2025-09-28,Retargeting,Social,692.37,73420,2478,27,3145.7
2025-09-28,Newsletter,Email,51.13,6673,565,14,1854.29
2025-09-28,Creator Series,Video,723.72,246929,5211,12,1447.53
2025-09-28,Competitor Terms,Search,784.85,96365,4309,53,6845.35
2025-09-29,Always-on Brand,Display,569.52,222267,2360,10,817.21
2025-09-29,Retargeting,Social,860.38,89931,2806,18,2479.77
2025-09-29,Newsletter,Email,113.08,11867,1035,17,1626.48
2025-09-29,Creator Series,Video,773.35,299801,6625,12,1402.58
2025-09-29,Competitor Terms,Search,782.84,106220,4382,33,2543.69
2025-09-30,Always-on Brand,Display,579.15,218818,3262,5,657.11
2025-09-30,Retargeting,Social,663.96,56897,1229,28,2747.93
2025-09-30,Newsletter,Email,0.0,0,0,0,0.0
2025-09-30,Creator Series,Video,732.65,186774,4160,11,1477.38
2025-09-30,Competitor Terms,Search,1048.61,93338,5196,48,5158.02
2025-10-01,Always-on Brand,Display,387.26,93894,1262,5,461.03
2025-10-01,Retargeting,Social,743.89,81392,2059,23,1850.42
2025-10-01,Newsletter,Email,166.68,21474,1411,28,1807.22
2025-10-01,Creator Series,Video,655.07,246080,5054,14,1412.65
2025-10-01,Competitor Terms,Search,1102.2,143713,9174,53,5053.23
2025-10-02,Always-on Brand,Display,556.21,145058,1599,6,507.76
2025-10-02,Retargeting,Social,860.21,89087,2197,28,3433.9
2025-10-02,Newsletter,Email,112.33,15625,1540,26,1724.48
2025-10-02,Creator Series,Video,552.47,218721,4211,7,426.82
2025-10-02,Competitor Terms,Search,767.84,97412,6122,24,1916.74
2025-10-03,Always-on Brand,Display,582.53,196660,2092,8,1007.55
2025-10-03,Retargeting,Social,632.9,51094,1279,19,2250.52
2025-10-03,Newsletter,Email,13.71,1395,102,8,627.8
2025-10-03,Creator Series,Video,664.55,185510,4217,8,1080.99
2025-10-03,Competitor Terms,Search,957.83,98078,3523,59,4567.91
2025-10-04,Always-on Brand,Display,562.09,181570,2112,11,1466.62
2025-10-04,Retargeting,Social,562.26,73435,2552,17,2148.6
2025-10-04,Newsletter,Email,222.22,19541,1729,29,2653.6
2025-10-04,Creator Series,Video,714.87,195822,4369,8,579.52
2025-10-04,Competitor Terms,Search,673.17,66367,4191,47,5943.71
2025-10-05,Always-on Brand,Display,601.6,155392,2386,7,514.55
2025-10-05,Retargeting,Social,756.52,83260,1833,22,2912.46
2025-10-05,Newsletter,Email,53.39,6006,573,19,1560.5
2025-10-05,Creator Series,Video,578.4,231264,2917,11,889.33
2025-10-05,Competitor Terms,Search,1044.65,106200,3906,51,6095.46
2025-10-06,Always-on Brand,Display,611.76,244932,3406,6,768.27
2025-10-06,Retargeting,Social,818.87,106224,2455,17,1367.82
2025-10-06,Newsletter,Email,167.55,16862,1557,29,3789.74
2025-10-06,Creator Series,Video,768.79,312735,4113,12,1123.21
2025-10-06,Competitor Terms,Search,998.62,102016,4950,39,3399.23
2025-10-07,Always-on Brand,Display,881.88,339291,4915,11,1095.92
2025-10-07,Retargeting,Social,767.51,87507,3091,20,2544.1
2025-10-07,Newsletter,Email,0.0,0,0,0,0.0
2025-10-07,Creator Series,Video,757.65,233869,4542,9,1209.08
2025-10-07,Competitor Terms,Search,1208.73,131091,5896,48,4466.56
2025-10-08,Always-on Brand,Display,511.07,195724,2488,10,990.54
2025-10-08,Retargeting,Social,871.5,111288,3960,29,2146.35
2025-10-08,Newsletter,Email,122.92,14332,1337,29,1876.9
2025-10-08,Creator Series,Video,748.44,221103,4948,14,1723.83
2025-10-08,Competitor Terms,Search,1075.86,109574,5926,52,4411.97
2025-10-09,Always-on Brand,Display,470.64,180237,2348,8,656.51
2025-10-09,Retargeting,Social,832.45,82138,2786,18,1241.7
2025-10-09,Newsletter,Email,0.0,0,0,0,0.0
2025-10-09,Creator Series,Video,542.91,167325,2912,14,1013.97
2025-10-09,Competitor Terms,Search,1062.57,138286,8878,40,4761.69
2025-10-10,Always-on Brand,Display,315.67,131931,1418,8,937.76
2025-10-10,Retargeting,Social,657.67,70740,2000,23,2201.67
2025-10-10,Newsletter,Email,159.89,13912,1160,18,1606.63
2025-10-10,Creator Series,Video,671.24,249046,5674,8,847.15
2025-10-10,Competitor Terms,Search,941.77,76623,2987,36,2196.68
2025-10-11,Always-on Brand,Display,640.32,198914,2657,10,919.9
2025-10-11,Retargeting,Social,738.94,80343,2273,15,1277.15
2025-10-11,Newsletter,Email,0.0,0,0,0,0.0
2025-10-11,Creator Series,Video,884.04,215706,2967,10,854.62
2025-10-11,Competitor Terms,Search,1053.17,110143,6668,39,4873.61
2025-10-12,Always-on Brand,Display,167.19,54370,638,4,281.81
2025-10-12,Retargeting,Social,530.65,62430,1638,16,1072.51
2025-10-12,Newsletter,Email,0.0,0,0,0,0.0
2025-10-12,Creator Series,Video,611.4,226348,4447,12,1076.0
2025-10-12,Competitor Terms,Search,1155.12,108030,5136,63,4910.29
2025-10-13,Always-on Brand,Display,439.99,151936,2004,10,1111.56
2025-10-13,Retargeting,Social,788.74,85663,1897,24,3127.28
2025-10-13,Newsletter,Email,233.37,19214,1373,40,5104.04
2025-10-13,Creator Series,Video,437.57,157572,2398,11,923.82
2025-10-13,Competitor Terms,Search,1119.8,117059,6815,34,2542.18
2025-10-14,Always-on Brand,Display,440.93,105831,994,4,538.13
2025-10-14,Retargeting,Social,609.53,50115,1169,16,1612.79
2025-10-14,Newsletter,Email,103.08,13017,1119,31,1877.96
2025-10-14,Creator Series,Video,657.34,236794,4472,8,995.22
2025-10-14,Competitor Terms,Search,1013.79,114416,4113,40,2840.21
2025-10-15,Always-on Brand,Display,620.14,227719,2141,6,387.26
2025-10-15,Retargeting,Social,594.08,67259,2225,22,2250.15
2025-10-15,Newsletter,Email,18.72,2498,240,11,891.91
2025-10-15,Creator Series,Video,707.71,248101,5744,12,1447.85
2025-10-15,Competitor Terms,Search,926.58,76791,3615,51,6057.78
2025-10-16,Always-on Brand,Display,524.28,139446,1955,5,618.03
2025-10-16,Retargeting,Social,646.96,58184,1481,25,1636.91
2025-10-16,Newsletter,Email,0.0,0,0,0,0.0
2025-10-16,Creator Series,Video,652.78,222499,3120,7,971.25
2025-10-16,Competitor Terms,Search,894.9,104877,4919,25,2640.08
2025-10-17,Always-on Brand,Display,607.59,245026,3383,9,1045.03
2025-10-17,Retargeting,Social,826.7,100988,2123,25,2931.27
2025-10-17,Newsletter,Email,28.01,3838,317,9,653.77
2025-10-17,Creator Series,Video,690.45,210759,3211,11,987.11
2025-10-17,Competitor Terms,Search,1011.07,131819,4888,60,5555.7
2025-10-18,Always-on Brand,Display,715.56,194993,2429,10,747.73
2025-10-18,Retargeting,Social,725.75,65914,1739,26,1691.01
2025-10-18,Newsletter,Email,236.83,30490,3555,26,2915.7
2025-10-18,Creator Series,Video,526.97,167078,3892,12,990.1
2025-10-18,Competitor Terms,Search,986.58,131953,6990,50,4108.19
2025-10-19,Always-on Brand,Display,563.68,139678,1636,10,1230.96
2025-10-19,Retargeting,Social,636.49,59156,1784,21,1332.74
2025-10-19,Newsletter,Email,94.82,13178,1366,21,1475.82
2025-10-19,Creator Series,Video,766.91,249574,5372,14,1950.63
2025-10-19,Competitor Terms,Search,803.89,83919,4473,38,4472.14
2025-10-20,Always-on Brand,Display,597.77,248935,3265,5,312.06
2025-10-20,Retargeting,Social,396.24,45329,1545,21,2162.9
2025-10-20,Newsletter,Email,169.81,19721,1883,18,1618.49
2025-10-20,Creator Series,Video,429.02,105638,1712,9,874.66
2025-10-20,Competitor Terms,Search,955.8,106738,4991,33,3576.61
2025-10-21,Always-on Brand,Display,483.16,158641,2102,10,1311.19
2025-10-21,Retargeting,Social,720.4,88386,3064,21,2337.69
2025-10-21,Newsletter,Email,2.79,372,24,4,285.52
2025-10-21,Creator Series,Video,469.76,162829,2323,9,680.83
2025-10-21,Competitor Terms,Search,1000.09,129465,8230,44,4355.05
2025-10-22,Always-on Brand,Display,519.07,142795,1999,9,1163.91
2025-10-22,Retargeting,Social,781.1,76060,2317,28,3077.86
2025-10-22,Newsletter,Email,332.29,45119,5177,49,3552.77
2025-10-22,Creator Series,Video,617.46,215099,2727,12,928.0
2025-10-22,Competitor Terms,Search,986.57,112738,4813,42,5092.55
2025-10-23,Always-on Brand,Display,525.35,212961,3237,9,649.6
2025-10-23,Retargeting,Social,767.07,95854,3490,13,1619.38
2025-10-23,Newsletter,Email,37.88,3601,283,17,2312.98
2025-10-23,Creator Series,Video,804.27,292960,5297,8,525.2
2025-10-23,Competitor Terms,Search,1021.61,119755,5362,30,3423.94
2025-10-24,Always-on Brand,Display,679.81,221767,2451,8,804.67
2025-10-24,Retargeting,Social,753.7,89582,2184,19,2629.48
2025-10-24,Newsletter,Email,166.37,22139,2244,32,2487.99
2025-10-24,Creator Series,Video,524.7,202018,3854,6,791.29
2025-10-24,Competitor Terms,Search,1005.85,107413,4057,48,5477.77
2025-10-25,Always-on Brand,Display,623.57,191547,2554,9,737.06
2025-10-25,Retargeting,Social,697.96,94039,2972,29,1952.67
2025-10-25,Newsletter,Email,27.25,3749,434,10,1377.84
2025-10-25,Creator Series,Video,745.28,279553,6266,15,919.51
2025-10-25,Competitor Terms,Search,974.93,104392,6582,59,5569.28
2025-10-26,Always-on Brand,Display,672.94,231988,2508,11,893.6
2025-10-26,Retargeting,Social,474.72,45845,1085,18,2105.53
2025-10-26,Newsletter,Email,260.52,33954,2678,30,2601.34
2025-10-26,Creator Series,Video,911.04,298361,6807,11,1118.44
2025-10-26,Competitor Terms,Search,881.14,110871,5224,56,3649.33
2025-10-27,Always-on Brand,Display,547.06,192218,1725,5,332.62
2025-10-27,Retargeting,Social,797.92,103506,3925,30,3216.81
2025-10-27,Newsletter,Email,12.94,1634,127,6,419.47
2025-10-27,Creator Series,Video,921.15,315530,6633,11,914.69
2025-10-27,Competitor Terms,Search,869.26,121490,7001,28,1921.83
2025-10-28,Always-on Brand,Display,644.36,212384,2235,6,462.06
2025-10-28,Retargeting,Social,591.96,67210,2137,19,2207.66
2025-10-28,Newsletter,Email,168.69,14504,955,17,1055.26
2025-10-28,Creator Series,Video,767.26,319712,5202,15,1222.02
2025-10-28,Competitor Terms,Search,1012.62,89531,5801,58,6189.17
2025-10-29,Always-on Brand,Display,281.91,89570,1361,4,458.14
2025-10-29,Retargeting,Social,758.7,62570,2362,21,2754.39
2025-10-29,Newsletter,Email,141.65,14918,1400,27,3124.26
2025-10-29,Creator Series,Video,808.4,308345,6253,10,751.69
2025-10-29,Competitor Terms,Search,910.71,114068,4016,46,3457.18
2025-10-30,Always-on Brand,Display,534.23,191382,2261,5,554.47
2025-10-30,Retargeting,Social,675.42,91109,2618,18,2292.64
2025-10-30,Newsletter,Email,166.2,17661,1609,31,1896.76
2025-10-30,Creator Series,Video,538.31,147210,3174,9,862.95
2025-10-30,Competitor Terms,Search,1025.66,134411,7405,46,6356.42
2025-10-31,Always-on Brand,Display,588.45,194720,2321,9,1252.17
2025-10-31,Retargeting,Social,902.53,95115,2137,17,1902.41
2025-10-31,Newsletter,Email,17.05,1704,191,12,928.2
2025-10-31,Creator Series,Video,522.15,203549,2817,9,1224.16
2025-10-31,Competitor Terms,Search,1097.71,90522,3564,48,2974.59
2025-11-01,Always-on Brand,Display,567.35,207672,2759,9,1175.3
2025-11-01,Retargeting,Social,947.6,113575,2594,19,1604.43
2025-11-01,Newsletter,Email,161.34,16300,1869,27,3105.12
2025-11-01,Creator Series,Video,897.85,339675,4799,18,2401.96
2025-11-01,Holiday Push,Social,838.18,80362,1983,29,2123.74
2025-11-01,Competitor Terms,Search,1282.38,110911,5302,60,4332.84
2025-11-02,Always-on Brand,Display,672.52,239467,3615,7,506.18
2025-11-02,Retargeting,Social,897.74,90646,2833,25,2425.28
2025-11-02,Newsletter,Email,387.43,52838,3969,54,4392.33
2025-11-02,Creator Series,Video,803.8,275578,3791,10,947.14
2025-11-02,Holiday Push,Social,1048.76,116881,2919,33,2694.89
2025-11-02,Competitor Terms,Search,1088.73,95289,5394,35,3797.29
2025-11-03,Always-on Brand,Display,623.63,175190,1778,10,940.37
2025-11-03,Retargeting,Social,1037.89,131597,3831,21,2321.12
2025-11-03,Newsletter,Email,0.0,0,0,0,0.0
2025-11-03,Creator Series,Video,730.03,272441,5140,7,495.8
2025-11-03,Holiday Push,Social,981.53,80113,2107,30,3461.43
2025-11-03,Competitor Terms,Search,1111.47,99965,6201,60,5154.34
2025-11-04,Always-on Brand,Display,499.58,170847,1553,7,447.84
2025-11-04,Retargeting,Social,979.51,111591,3578,23,3147.13
2025-11-04,Newsletter,Email,126.79,10806,1204,32,2818.32
2025-11-04,Creator Series,Video,938.07,236453,3364,15,1371.26
2025-11-04,Holiday Push,Social,885.97,115707,3527,32,2999.2
2025-11-04,Competitor Terms,Search,1211.12,117960,5608,60,7811.66
2025-11-05,Always-on Brand,Display,827.66,332343,4910,11,722.14
2025-11-05,Retargeting,Social,953.51,125083,3349,26,3509.24
2025-11-05,Newsletter,Email,193.23,18630,1946,31,2558.66
2025-11-05,Creator Series,Video,614.92,187380,3449,6,512.11
2025-11-05,Holiday Push,Social,1147.76,129929,3115,32,2286.28
2025-11-05,Competitor Terms,Search,1004.53,129778,6108,60,7863.79
2025-11-06,Always-on Brand,Display,1211.19,299692,2548,7,910.58
2025-11-06,Retargeting,Social,944.01,107966,3723,30,4174.68
2025-11-06,Newsletter,Email,83.24,9129,803,17,2146.45
2025-11-06,Creator Series,Video,925.9,250501,5141,16,1475.33
2025-11-06,Holiday Push,Social,962.62,91352,2707,16,1260.23
2025-11-06,Competitor Terms,Search,1436.13,151267,9633,38,3424.18
2025-11-07,Always-on Brand,Display,954.19,316920,4912,7,973.59
2025-11-07,Retargeting,Social,1169.57,113313,3565,34,4037.83
2025-11-07,Newsletter,Email,0.0,0,0,0,0.0
2025-11-07,Creator Series,Video,778.56,311353,4200,12,1407.04
2025-11-07,Holiday Push,Social,944.04,131803,4349,17,2214.1
2025-11-07,Competitor Terms,Search,987.92,133578,7230,34,2373.1
2025-11-08,Always-on Brand,Display,824.18,204701,2443,7,893.56
2025-11-08,Retargeting,Social,959.36,109839,2396,18,1853.96
2025-11-08,Newsletter,Email,27.64,2824,215,9,757.89
2025-11-08,Creator Series,Video,739.44,309960,6784,15,962.2
2025-11-08,Holiday Push,Social,1065.42,138287,5012,35,4618.32
2025-11-08,Competitor Terms,Search,1191.12,159218,5970,54,4227.93
2025-11-09,Always-on Brand,Display,688.19,264607,3040,6,471.18
2025-11-09,Retargeting,Social,1009.33,91370,1950,34,3378.72
2025-11-09,Newsletter,Email,216.21,26852,2166,23,2969.3
2025-11-09,Creator Series,Video,628.35,172293,2874,7,607.01
2025-11-09,Holiday Push,Social,1028.25,135964,5288,21,2419.11
2025-11-09,Competitor Terms,Search,1232.71,112074,6176,41,4286.57
2025-11-10,Always-on Brand,Display,805.69,227681,3125,7,591.01
2025-11-10,Retargeting,Social,806.18,79843,2944,15,2044.21
2025-11-10,Newsletter,Email,289.72,36254,3999,37,4892.1
2025-11-10,Creator Series,Video,1136.74,449225,7454,17,2045.15
2025-11-10,Holiday Push,Social,736.94,82408,1879,24,3339.4
2025-11-10,Competitor Terms,Search,1083.95,112521,5026,49,4581.59
2025-11-11,Always-on Brand,Display,670.01,209517,2911,10,679.17
2025-11-11,Retargeting,Social,1075.38,126188,2917,34,4251.99
2025-11-11,Newsletter,Email,408.15,46793,4162,39,4262.52
2025-11-11,Creator Series,Video,454.63,178439,2990,7,612.51
2025-11-11,Holiday Push,Social,967.33,119052,3780,19,1807.42
2025-11-11,Competitor Terms,Search,1033.6,89047,3819,42,5563.81
2025-11-12,Always-on Brand,Display,615.15,223547,2608,11,1345.06
2025-11-12,Retargeting,Social,856.04,74694,2522,20,2044.14
2025-11-12,Newsletter,Email,118.62,11937,1283,27,3662.2
2025-11-12,Creator Series,Video,892.06,369560,7944,17,2303.26
2025-11-12,Holiday Push,Social,690.15,95501,2692,25,2260.51
2025-11-12,Competitor Terms,Search,1250.35,100154,6467,66,5036.07
2025-11-13,Always-on Brand,Display,701.11,288245,3380,12,736.82
2025-11-13,Retargeting,Social,941.97,117820,3662,33,3034.63
2025-11-13,Newsletter,Email,134.45,15755,1490,19,1187.24
2025-11-13,Creator Series,Video,1011.19,312123,5224,10,1191.34
2025-11-13,Holiday Push,Social,842.95,90405,3385,31,1871.65
2025-11-13,Competitor Terms,Search,1156.45,106584,5097,48,5392.38
2025-11-14,Always-on Brand,Display,975.72,261194,3240,6,593.85
2025-11-14,Retargeting,Social,1185.89,133693,3355,37,4280.05
2025-11-14,Newsletter,Email,31.01,3368,318,10,1099.65
2025-11-14,Creator Series,Video,877.09,333369,7019,13,1359.59
2025-11-14,Holiday Push,Social,977.91,102046,2967,32,2127.94
2025-11-14,Competitor Terms,Search,1236.22,134140,7670,64,6072.09
2025-11-15,Always-on Brand,Display,667.58,223303,2235,5,407.56
2025-11-15,Retargeting,Social,812.3,98839,3324,23,2825.41
2025-11-15,Newsletter,Email,75.44,6598,700,16,2183.04
2025-11-15,Creator Series,Video,753.71,263123,5972,7,667.77
2025-11-15,Holiday Push,Social,736.48,92931,2688,28,2974.67
2025-11-15,Competitor Terms,Search,828.69,78001,4117,35,4557.95
2025-11-16,Always-on Brand,Display,613.89,253515,3686,10,996.57
2025-11-16,Retargeting,Social,933.62,102205,3953,17,1359.55
2025-11-16,Newsletter,Email,0.0,0,0,0,0.0
2025-11-16,Creator Series,Video,877.25,335679,5333,15,1619.48
2025-11-16,Holiday Push,Social,921.13,120005,3933,18,1425.98
2025-11-16,Competitor Terms,Search,1125.74,109220,4955,35,3413.32
2025-11-17,Always-on Brand,Display,777.86,220758,1871,8,738.27
2025-11-17,Retargeting,Social,1117.56,150735,4381,29,3350.12
2025-11-17,Newsletter,Email,129.35,14307,1243,26,2568.4
2025-11-17,Creator Series,Video,886.51,285352,4859,16,1667.51
2025-11-17,Holiday Push,Social,891.71,75717,2899,30,3076.73
2025-11-17,Competitor Terms,Search,1080.14,148864,9196,41,5324.06
2025-11-18,Always-on Brand,Display,810.0,240573,2768,10,839.72
2025-11-18,Retargeting,Social,851.96,111275,3819,19,1385.44
2025-11-18,Newsletter,Email,0.0,0,0,0,0.0
2025-11-18,Creator Series,Video,739.49,309438,5691,11,1176.39
2025-11-18,Holiday Push,Social,957.71,105640,4075,18,1463.43
2025-11-18,Competitor Terms,Search,1252.09,109815,5611,31,1909.52
2025-11-19,Always-on Brand,Display,507.5,185904,2140,9,658.07
2025-11-19,Retargeting,Social,1076.04,103033,3714,20,2702.66
2025-11-19,Newsletter,Email,254.48,22743,2465,35,4206.27
2025-11-19,Creator Series,Video,1140.1,395356,8505,17,1349.75
2025-11-19,Holiday Push,Social,853.82,103731,3760,26,2280.61
2025-11-19,Competitor Terms,Search,1263.2,118202,5264,42,2555.46
2025-11-20,Always-on Brand,Display,932.97,310358,3491,14,1308.12
2025-11-20,Retargeting,Social,1032.54,144377,3475,33,2649.25
2025-11-20,Newsletter,Email,0.0,0,0,0,0.0
2025-11-20,Creator Series,Video,958.14,247370,3288,18,2311.78
2025-11-20,Holiday Push,Social,1306.49,150828,4891,38,5144.82
2025-11-20,Competitor Terms,Search,1174.02,97432,3734,50,3972.87
2025-11-21,Always-on Brand,Display,540.21,224919,2345,9,915.41
2025-11-21,Retargeting,Social,1295.72,143508,3048,25,1981.49
2025-11-21,Newsletter,Email,0.0,0,0,0,0.0
2025-11-21,Creator Series,Video,811.27,267707,5660,14,909.25
2025-11-21,Holiday Push,Social,977.72,114740,2939,16,2021.41
2025-11-21,Competitor Terms,Search,1183.71,160695,7703,45,4877.95
2025-11-22,Always-on Brand,Display,722.07,216177,2221,11,1271.24
2025-11-22,Retargeting,Social,1106.45,88777,2687,36,3788.55
2025-11-22,Newsletter,Email,21.85,2522,233,7,950.94
2025-11-22,Creator Series,Video,848.2,223684,3334,9,625.13
2025-11-22,Holiday Push,Social,668.04,74311,1794,23,2293.5
2025-11-22,Competitor Terms,Search,1147.3,119900,6781,50,6737.1
2025-11-23,Always-on Brand,Display,532.67,135508,1666,6,574.52
2025-11-23,Retargeting,Social,1118.87,124206,2740,30,3554.79
2025-11-23,Newsletter,Email,0.0,0,0,0,0.0
2025-11-23,Creator Series,Video,833.81,243578,3774,9,932.17
2025-11-23,Holiday Push,Social,1039.58,121778,4124,21,2379.44
2025-11-23,Competitor Terms,Search,1379.68,152147,7211,45,3502.86
2025-11-24,Always-on Brand,Display,767.37,300887,4413,9,901.54
2025-11-24,Retargeting,Social,498.12,58387,1272,22,2039.26
2025-11-24,Newsletter,Email,0.0,0,0,0,0.0
2025-11-24,Creator Series,Video,900.45,271566,5439,17,1242.4
2025-11-24,Holiday Push,Social,942.64,87812,2267,29,3288.96
2025-11-24,Competitor Terms,Search,980.79,91415,3556,50,4722.13
2025-11-25,Always-on Brand,Display,728.68,178626,2436,7,779.28
2025-11-25,Retargeting,Social,763.88,81560,3062,24,1745.56
2025-11-25,Newsletter,Email,286.34,23194,2198,24,2303.93
2025-11-25,Creator Series,Video,1015.74,293190,5083,18,1380.35
2025-11-25,Holiday Push,Social,1265.72,136660,2986,22,2909.17
2025-11-25,Competitor Terms,Search,1119.39,146471,6392,46,4271.51
2025-11-26,Always-on Brand,Display,783.28,235022,2379,7,669.1
2025-11-26,Retargeting,Social,697.26,67751,1773,17,1397.83
2025-11-26,Newsletter,Email,196.74,26143,1668,39,3227.75
2025-11-26,Creator Series,Video,900.92,328430,5981,13,1776.6
2025-11-26,Holiday Push,Social,911.88,125091,4703,18,1499.18
2025-11-26,Competitor Terms,Search,1326.1,161051,8077,54,6167.66
2025-11-27,Always-on Brand,Display,558.87,216915,2557,5,387.19
2025-11-27,Retargeting,Social,1109.09,127176,3732,22,2364.6
2025-11-27,Newsletter,Email,0.0,0,0,0,0.0
2025-11-27,Creator Series,Video,788.19,292492,4660,16,1755.4
2025-11-27,Holiday Push,Social,790.36,70605,2667,20,2703.88
2025-11-27,Competitor Terms,Search,823.18,109810,5584,50,5906.98
2025-11-28,Always-on Brand,Display,985.51,357212,3949,14,1715.81
2025-11-28,Retargeting,Social,824.11,78882,1790,31,2652.27
2025-11-28,Newsletter,Email,0.0,0,0,0,0.0
2025-11-28,Creator Series,Video,810.58,331634,4526,10,1132.42
2025-11-28,Holiday Push,Social,959.88,110650,2708,22,2001.27
2025-11-28,Competitor Terms,Search,1172.06,127430,6843,55,6016.55
2025-11-29,Always-on Brand,Display,645.68,227899,2457,7,855.14
2025-11-29,Retargeting,Social,838.25,97089,3675,15,1620.05
2025-11-29,Newsletter,Email,292.39,26734,2604,27,2848.32
2025-11-29,Creator Series,Video,805.44,294554,4892,13,1457.21
2025-11-29,Holiday Push,Social,1010.67,88108,3214,26,2426.95
2025-11-29,Competitor Terms,Search,1245.23,129156,6819,56,5071.37
2025-11-30,Always-on Brand,Display,668.11,212576,2872,10,1299.44
2025-11-30,Retargeting,Social,994.6,116550,3511,24,3261.1
2025-11-30,Newsletter,Email,0.0,0,0,0,0.0
2025-11-30,Creator Series,Video,922.46,376724,8012,18,2371.7
2025-11-30,Holiday Push,Social,1220.1,99386,2197,35,4834.45
2025-11-30,Competitor Terms,Search,1095.11,129919,6128,52,3988.27
2025-12-01,Always-on Brand,Display,923.77,352721,5187,7,901.02
2025-12-01,Retargeting,Social,1364.19,178929,4834,40,4225.4
2025-12-01,Newsletter,Email,0.0,0,0,0,0.0
2025-12-01,Creator Series,Video,1142.63,354933,5327,16,1161.1
2025-12-01,Holiday Push,Social,1049.9,113491,3236,17,1309.14
2025-12-01,Competitor Terms,Search,1134.3,146982,5254,35,3221.91
2025-12-02,Always-on Brand,Display,495.06,196166,2178,7,611.55
2025-12-02,Retargeting,Social,1149.36,101890,2683,26,3551.11
2025-12-02,Newsletter,Email,252.35,28606,3318,38,4891.24
2025-12-02,Creator Series,Video,1051.77,435786,9418,13,780.22
2025-12-02,Holiday Push,Social,803.15,106300,2781,30,3959.95
2025-12-02,Competitor Terms,Search,1647.54,172288,8636,75,10366.17
2025-12-03,Always-on Brand,Display,619.8,238081,3417,8,1085.95
2025-12-03,Retargeting,Social,1128.48,156968,3423,25,1577.65
2025-12-03,Newsletter,Email,0.0,0,0,0,0.0
2025-12-03,Creator Series,Video,1028.32,269350,5728,9,1099.42
2025-12-03,Holiday Push,Social,1410.54,171543,6592,30,2484.01
2025-12-03,Competitor Terms,Search,1464.84,161021,7465,51,7099.45
2025-12-04,Always-on Brand,Display,915.88,382573,3447,8,716.17
2025-12-04,Retargeting,Social,943.22,96496,2579,31,3845.91
2025-12-04,Newsletter,Email,126.47,14228,1360,23,1751.08
2025-12-04,Creator Series,Video,1034.32,263535,5047,15,1129.52
2025-12-04,Holiday Push,Social,971.73,88916,2939,31,2878.45
2025-12-04,Competitor Terms,Search,1326.0,120995,5858,56,5012.52
2025-12-05,Always-on Brand,Display,977.75,271771,2365,14,1126.38
2025-12-05,Retargeting,Social,1342.95,149545,4575,24,3082.92
2025-12-05,Newsletter,Email,85.33,10186,958,14,991.0
2025-12-05,Creator Series,Video,957.01,284912,4494,18,1165.59
2025-12-05,Holiday Push,Social,1000.75,113150,4311,25,3187.07
2025-12-05,Competitor Terms,Search,1212.11,124399,5420,66,6851.74
2025-12-06,Always-on Brand,Display,629.32,198896,2393,10,1166.84
2025-12-06,Retargeting,Social,830.29,105287,3268,32,2813.33
2025-12-06,Newsletter,Email,306.63,26202,2525,43,5906.71
2025-12-06,Creator Series,Video,953.44,262324,4696,10,880.97
2025-12-06,Holiday Push,Social,830.78,78385,2693,31,4259.8
2025-12-06,Competitor Terms,Search,1326.47,159440,8897,39,4602.76
2025-12-07,Always-on Brand,Display,1084.56,301401,3893,11,1298.82
2025-12-07,Retargeting,Social,870.04,83180,2709,19,1810.45
2025-12-07,Newsletter,Email,385.01,50524,4136,54,4085.08
2025-12-07,Creator Series,Video,1037.94,290093,5250,8,679.23
2025-12-07,Holiday Push,Social,1159.11,116802,4038,26,3039.22
2025-12-07,Competitor Terms,Search,1377.81,158435,8262,33,3196.48
2025-12-08,Always-on Brand,Display,556.92,229227,2857,8,543.35
2025-12-08,Retargeting,Social,1232.43,119828,3707,20,2643.93
2025-12-08,Newsletter,Email,312.92,40509,2885,30,2584.68
2025-12-08,Creator Series,Video,1129.24,399581,8892,20,1528.49
2025-12-08,Holiday Push,Social,1046.23,139882,4691,20,2304.3
2025-12-08,Competitor Terms,Search,1482.76,134545,8615,72,5384.3
2025-12-09,Always-on Brand,Display,733.71,280567,3632,11,1530.59
2025-12-09,Retargeting,Social,907.28,125491,2829,25,3015.42
2025-12-09,Newsletter,Email,211.12,20349,1559,38,4717.24
2025-12-09,Creator Series,Video,1249.55,482433,10153,17,1021.88
2025-12-09,Holiday Push,Social,1293.82,156085,4635,22,1399.32
2025-12-09,Competitor Terms,Search,1476.02,193647,9004,58,7115.32
2025-12-10,Always-on Brand,Display,938.72,314036,2724,8,819.19
2025-12-10,Retargeting,Social,1094.27,138402,5033,28,2669.17
2025-12-10,Newsletter,Email,0.0,0,0,0,0.0
2025-12-10,Creator Series,Video,975.59,235392,5215,14,850.28
2025-12-10,Holiday Push,Social,1257.2,143352,5175,21,1401.06
2025-12-10,Competitor Terms,Search,1541.84,201245,8217,56,3526.73
2025-12-11,Always-on Brand,Display,822.49,330643,4212,9,711.16
2025-12-11,Retargeting,Social,968.89,94810,2307,27,2828.04
2025-12-11,Newsletter,Email,43.54,5551,439,17,1796.27
2025-12-11,Creator Series,Video,1347.97,456826,10683,13,1202.49
2025-12-11,Holiday Push,Social,1172.25,161886,5107,28,3853.26
2025-12-11,Competitor Terms,Search,1466.66,150059,6024,48,6361.84
2025-12-12,Always-on Brand,Display,791.06,318011,3046,12,1653.68
2025-12-12,Retargeting,Social,1276.05,178100,5829,37,3106.82
2025-12-12,Newsletter,Email,258.08,35510,2385,24,1677.16
2025-12-12,Creator Series,Video,1131.84,409321,8104,18,1732.5
2025-12-12,Holiday Push,Social,1301.16,180214,4877,24,2546.71
2025-12-12,Competitor Terms,Search,1538.26,195781,6942,45,4969.5
2025-12-13,Always-on Brand,Display,1050.33,258328,2668,8,832.64
2025-12-13,Retargeting,Social,1413.98,113434,2737,34,2901.69
2025-12-13,Newsletter,Email,16.72,2219,219,7,492.55
2025-12-13,Creator Series,Video,1001.85,408374,6163,9,1204.27
2025-12-13,Holiday Push,Social,994.2,89614,2098,32,4402.71
2025-12-13,Competitor Terms,Search,1230.49,114506,5201,30,2391.41
2025-12-14,Always-on Brand,Display,833.01,333579,4123,7,515.01
2025-12-14,Retargeting,Social,1227.99,116300,4121,17,1894.65
2025-12-14,Newsletter,Email,60.0,6188,492,13,1568.94
2025-12-14,Creator Series,Video,1146.54,284822,5744,10,1049.11
2025-12-14,Holiday Push,Social,940.12,130470,3378,28,3738.8
2025-12-14,Competitor Terms,Search,1700.31,153608,7723,41,3861.97
2025-12-15,Always-on Brand,Display,669.08,178687,2164,11,962.42
2025-12-15,Retargeting,Social,733.97,97910,3075,24,2058.6
2025-12-15,Newsletter,Email,0.0,0,0,0,0.0
2025-12-15,Creator Series,Video,876.09,213606,2712,10,794.12
2025-12-15,Holiday Push,Social,1266.62,153366,4430,27,2008.41
2025-12-15,Competitor Terms,Search,1289.52,145104,6644,35,3029.78
2025-12-16,Always-on Brand,Display,598.07,164563,2215,8,794.0
2025-12-16,Retargeting,Social,770.08,96520,3610,27,2830.08
2025-12-16,Newsletter,Email,124.1,15282,1034,18,2321.93
2025-12-16,Creator Series,Video,946.68,334147,6502,18,2137.81
2025-12-16,Holiday Push,Social,1449.49,191426,6990,21,1903.28
2025-12-16,Competitor Terms,Search,1039.39,116723,4344,36,3103.5
2025-12-17,Always-on Brand,Display,843.78,209696,2551,8,540.6
2025-12-17,Retargeting,Social,648.89,69930,1893,15,1231.38
2025-12-17,Newsletter,Email,233.95,24081,2359,22,2953.29
2025-12-17,Creator Series,Video,708.36,226124,4983,14,1342.05
2025-12-17,Holiday Push,Social,1137.25,112269,2541,27,2650.22
2025-12-17,Competitor Terms,Search,1327.92,127460,4499,38,3664.43
2025-12-18,Always-on Brand,Display,529.95,127938,1475,8,977.31
2025-12-18,Retargeting,Social,1203.01,121733,3633,32,3389.58
2025-12-18,Newsletter,Email,507.03,42364,4411,55,4942.68
2025-12-18,Creator Series,Video,1029.98,317914,4444,15,1762.87
2025-12-18,Holiday Push,Social,1614.5,147335,3742,23,1840.42
2025-12-18,Competitor Terms,Search,1420.77,143525,6268,71,5800.99
2025-12-19,Always-on Brand,Display,770.61,194552,2269,11,1088.19
2025-12-19,Retargeting,Social,939.36,125086,3773,15,1135.47
2025-12-19,Newsletter,Email,0.0,0,0,0,0.0
2025-12-19,Creator Series,Video,1248.11,420233,9566,18,1962.04
2025-12-19,Holiday Push,Social,916.98,104371,2998,21,1800.98
2025-12-19,Competitor Terms,Search,1250.75,151458,8552,44,3183.86
2025-12-20,Always-on Brand,Display,578.37,174875,2158,8,620.51
2025-12-20,Retargeting,Social,909.81,126027,2997,20,2586.0
2025-12-20,Newsletter,Email,224.18,20550,1873,34,4316.54
2025-12-20,Creator Series,Video,1220.69,399964,8989,11,1005.08
2025-12-20,Holiday Push,Social,965.62,112533,3088,26,1850.64
2025-12-20,Competitor Terms,Search,1492.96,186592,6887,68,4813.28
2025-12-21,Always-on Brand,Display,763.18,259679,2922,10,862.27
2025-12-21,Retargeting,Social,1342.96,111848,2353,32,3143.95
2025-12-21,Newsletter,Email,0.0,0,0,0,0.0
2025-12-21,Creator Series,Video,965.62,399448,8710,17,1255.39
2025-12-21,Holiday Push,Social,934.8,106218,2573,28,2474.55
2025-12-21,Competitor Terms,Search,1406.63,125792,7806,56,5136.03
2025-12-22,Always-on Brand,Display,722.03,175681,1769,8,797.53
2025-12-22,Retargeting,Social,1022.99,128789,2716,33,3094.96
2025-12-22,Newsletter,Email,13.16,1615,160,7,829.09
2025-12-22,Creator Series,Video,1294.94,492990,7972,19,1848.56
2025-12-22,Holiday Push,Social,832.01,102830,2266,24,1988.86
2025-12-22,Competitor Terms,Search,1094.86,101917,4453,55,5011.53
2025-12-23,Always-on Brand,Display,706.32,249158,2681,10,1108.99
2025-12-23,Retargeting,Social,913.84,92858,3220,29,2462.36
2025-12-23,Newsletter,Email,85.52,8584,696,23,3162.6
2025-12-23,Creator Series,Video,1233.61,341488,7176,17,1650.38
2025-12-23,Holiday Push,Social,1318.22,175051,4475,29,2132.44
2025-12-23,Competitor Terms,Search,1228.13,146397,8129,34,2226.53
2025-12-24,Always-on Brand,Display,888.98,268546,2701,8,886.32
2025-12-24,Retargeting,Social,1048.48,131622,3927,26,1748.9
2025-12-24,Newsletter,Email,0.0,0,0,0,0.0
2025-12-24,Creator Series,Video,1122.42,458859,10578,20,1697.86
2025-12-24,Holiday Push,Social,1199.65,110767,2619,21,2236.35
2025-12-24,Competitor Terms,Search,1248.43,161535,8114,64,8320.55
2025-12-25,Always-on Brand,Display,778.68,263317,2964,13,1223.59
2025-12-25,Retargeting,Social,990.67,108517,3432,28,2545.04
2025-12-25,Newsletter,Email,202.41,17148,1818,31,1892.08
2025-12-25,Creator Series,Video,919.8,301743,4712,12,1616.2
2025-12-25,Holiday Push,Social,783.39,87103,2617,30,2584.5
2025-12-25,Competitor Terms,Search,1499.45,168735,7168,74,8707.66
2025-12-26,Always-on Brand,Display,1052.29,265532,3430,7,513.53
2025-12-26,Retargeting,Social,714.05,60617,1375,25,1738.64
2025-12-26,Newsletter,Email,141.72,15066,1615,20,2021.07
2025-12-26,Creator Series,Video,1144.14,316187,4984,13,972.6
2025-12-26,Holiday Push,Social,1157.15,147514,4735,18,2048.77
2025-12-26,Competitor Terms,Search,1441.25,188194,10328,36,4955.12
2025-12-27,Always-on Brand,Display,866.45,241256,2143,10,748.21
2025-12-27,Retargeting,Social,929.19,122918,3222,24,3027.82
2025-12-27,Newsletter,Email,141.68,17389,1781,24,2159.51
2025-12-27,Creator Series,Video,848.34,242969,4767,8,535.55
2025-12-27,Holiday Push,Social,843.93,85690,1863,15,1478.88
2025-12-27,Competitor Terms,Search,1294.5,105879,4734,34,4333.19
2025-12-28,Always-on Brand,Display,685.94,249110,2323,8,638.9
2025-12-28,Retargeting,Social,1049.16,135626,4842,31,3073.1
2025-12-28,Newsletter,Email,389.25,49205,5061,58,4691.41
2025-12-28,Creator Series,Video,1168.66,392562,7545,9,606.99
2025-12-28,Holiday Push,Social,861.32,110781,2878,28,1826.01
2025-12-28,Competitor Terms,Search,1470.46,163592,9267,71,9561.13
2025-12-29,Always-on Brand,Display,741.78,295942,3600,11,841.6
2025-12-29,Retargeting,Social,876.52,86434,2602,31,4116.51
2025-12-29,Newsletter,Email,0.0,0,0,0,0.0
2025-12-29,Creator Series,Video,1234.44,476321,7217,21,1768.13
2025-12-29,Holiday Push,Social,694.48,61325,1785,16,1604.99
2025-12-29,Competitor Terms,Search,1352.47,130822,7268,56,7357.17
2025-12-30,Always-on Brand,Display,876.8,269574,3162,7,824.83
2025-12-30,Retargeting,Social,1161.37,128964,4035,19,1410.99
2025-12-30,Newsletter,Email,0.0,0,0,0,0.0
2025-12-30,Creator Series,Video,878.62,304350,3915,12,1602.8
2025-12-30,Holiday Push,Social,1215.45,124062,3169,22,1885.47
2025-12-30,Competitor Terms,Search,1309.36,182723,6493,51,4791.67
2025-12-31,Always-on Brand,Display,787.85,288237,3888,9,799.43
2025-12-31,Retargeting,Social,1755.22,205745,7051,46,5408.69
2025-12-31,Newsletter,Email,51.29,4136,445,12,1631.29
2025-12-31,Creator Series,Video,1188.89,357564,7824,17,2142.11
2025-12-31,Holiday Push,Social,1214.38,103586,2817,38,4873.47
2025-12-31,Competitor Terms,Search,1349.71,110570,5251,33,3723.17
