timestamp,line,shift,product_type,units_produced,defects,downtime_minutes,temperature_c,vibration_mm_s
2025-07-01 00:00:00,L1,Night,Housing A,132,3,0,22.11,1.626
2025-07-01 00:00:00,L2,Night,Housing A,113,3,0,23.07,2.689
2025-07-01 00:00:00,L3,Night,Bracket B,127,2,0,26.46,2.349
2025-07-01 00:00:00,L4,Night,Bracket B,118,2,0,23.73,1.837
2025-07-01 01:00:00,L1,Night,Housing A,125,1,0,25.5,1.855
2025-07-01 01:00:00,L2,Night,Housing A,117,2,0,24.4,2.666
2025-07-01 01:00:00,L3,Night,Bracket B,119,1,0,25.59,1.797
2025-07-01 01:00:00,L4,Night,Bracket B,130,2,0,23.44,1.019
2025-07-01 02:00:00,L1,Night,Housing A,129,1,0,25.62,2.426
2025-07-01 02:00:00,L2,Night,Housing A,123,4,0,22.4,3.207
2025-07-01 02:00:00,L3,Night,Bracket B,114,3,0,27.77,1.436
2025-07-01 02:00:00,L4,Night,Bracket B,121,1,0,21.52,1.962
2025-07-01 03:00:00,L1,Night,Housing A,115,2,0,22.82,1.958
2025-07-01 03:00:00,L2,Night,Housing A,127,4,0,26.07,3.449
2025-07-01 03:00:00,L3,Night,Bracket B,28,0,45,27.8,2.553
2025-07-01 03:00:00,L4,Night,Bracket B,114,0,0,24.49,1.785
2025-07-01 04:00:00,L1,Night,Housing A,135,1,0,24.73,2.277
2025-07-01 04:00:00,L2,Night,Housing A,125,2,0,25.65,3.073
2025-07-01 04:00:00,L3,Night,Bracket B,113,5,0,27.9,2.392
2025-07-01 04:00:00,L4,Night,Bracket B,118,2,0,25.81,2.647
2025-07-01 05:00:00,L1,Night,Housing A,113,2,0,25.17,2.802
2025-07-01 05:00:00,L2,Night,Housing A,123,0,0,25.02,3.007
2025-07-01 05:00:00,L3,Night,Bracket B,135,8,0,29.75,2.525
2025-07-01 05:00:00,L4,Night,Bracket B,135,2,0,24.79,2.917
2025-07-01 06:00:00,L1,Day,Housing A,128,5,0,25.95,2.332
2025-07-01 06:00:00,L2,Day,Housing A,128,1,0,24.65,2.743
2025-07-01 06:00:00,L3,Day,Bracket B,117,6,0,31.37,1.76
2025-07-01 06:00:00,L4,Day,Bracket B,115,1,0,25.46,2.377
2025-07-01 07:00:00,L1,Day,Housing A,126,3,0,28.66,2.735
2025-07-01 07:00:00,L2,Day,Housing A,122,5,0,27.18,3.874
2025-07-01 07:00:00,L3,Day,Bracket B,114,3,0,29.63,2.475
2025-07-01 07:00:00,L4,Day,Bracket B,111,4,0,28.7,1.265
2025-07-01 08:00:00,L1,Day,Housing A,134,5,0,28.22,1.807
2025-07-01 08:00:00,L2,Day,Housing A,115,8,0,29.68,3.807
2025-07-01 08:00:00,L3,Day,Bracket B,118,4,0,27.44,3.046
2025-07-01 08:00:00,L4,Day,Bracket B,122,0,0,24.95,2.231
2025-07-01 09:00:00,L1,Day,Housing A,118,0,0,23.43,2.172
2025-07-01 09:00:00,L2,Day,Housing A,127,6,0,26.36,3.157
2025-07-01 09:00:00,L3,Day,Bracket B,125,3,0,28.23,3.405
2025-07-01 09:00:00,L4,Day,Bracket B,117,5,0,26.68,2.416
2025-07-01 10:00:00,L1,Day,Housing A,107,1,10,26.31,1.941
2025-07-01 10:00:00,L2,Day,Housing A,122,3,0,26.36,3.382
2025-07-01 10:00:00,L3,Day,Bracket B,115,6,0,31.74,2.373
2025-07-01 10:00:00,L4,Day,Bracket B,121,5,0,28.72,2.721
2025-07-01 11:00:00,L1,Day,Housing A,108,0,0,25.24,0.995
2025-07-01 11:00:00,L2,Day,Housing A,120,0,0,25.36,4.444
2025-07-01 11:00:00,L3,Day,Bracket B,121,6,0,31.32,2.957
2025-07-01 11:00:00,L4,Day,Bracket B,123,5,0,30.09,1.978
2025-07-01 12:00:00,L1,Day,Housing A,111,2,0,26.31,1.737
2025-07-01 12:00:00,L2,Day,Housing A,116,4,0,27.6,3.228
2025-07-01 12:00:00,L3,Day,Bracket B,115,4,0,29.13,2.415
2025-07-01 12:00:00,L4,Day,Bracket B,110,1,10,26.86,2.785
2025-07-01 13:00:00,L1,Day,Housing A,115,2,0,24.06,2.278
2025-07-01 13:00:00,L2,Day,Housing A,127,1,0,27.65,2.885
2025-07-01 13:00:00,L3,Day,Bracket B,124,5,0,28.09,2.641
2025-07-01 13:00:00,L4,Day,Bracket B,121,6,0,28.87,2.825
2025-07-01 14:00:00,L1,Evening,Housing A,128,0,0,25.34,1.655
2025-07-01 14:00:00,L2,Evening,Housing A,124,2,0,23.47,2.689
2025-07-01 14:00:00,L3,Evening,Bracket B,121,3,0,28.66,2.032
2025-07-01 14:00:00,L4,Evening,Bracket B,29,0,45,24.49,1.332
2025-07-01 15:00:00,L1,Evening,Housing A,119,6,0,26.22,1.24
2025-07-01 15:00:00,L2,Evening,Housing A,132,2,0,20.86,2.564
2025-07-01 15:00:00,L3,Evening,Bracket B,115,1,0,23.36,1.901
2025-07-01 15:00:00,L4,Evening,Bracket B,109,3,0,26.07,2.825
2025-07-01 16:00:00,L1,Evening,Housing A,110,1,0,23.42,2.406
2025-07-01 16:00:00,L2,Evening,Housing A,114,1,0,24.18,2.404
2025-07-01 16:00:00,L3,Evening,Bracket B,58,3,30,28.8,1.81
2025-07-01 16:00:00,L4,Evening,Bracket B,123,2,0,25.43,2.631
2025-07-01 17:00:00,L1,Evening,Housing A,55,1,30,22.15,2.323
2025-07-01 17:00:00,L2,Evening,Housing A,122,2,0,25.14,2.825
2025-07-01 17:00:00,L3,Evening,Bracket B,121,7,0,29.53,2.251
2025-07-01 17:00:00,L4,Evening,Bracket B,116,0,0,25.0,2.224
2025-07-01 18:00:00,L1,Evening,Housing A,128,0,0,19.85,1.935
2025-07-01 18:00:00,L2,Evening,Housing A,126,3,0,22.86,3.07
2025-07-01 18:00:00,L3,Evening,Bracket B,121,3,0,25.2,0.838
2025-07-01 18:00:00,L4,Evening,Bracket B,138,3,0,24.23,1.749
2025-07-01 19:00:00,L1,Evening,Housing A,123,0,0,24.55,2.26
2025-07-01 19:00:00,L2,Evening,Housing A,111,1,0,25.72,2.465
2025-07-01 19:00:00,L3,Evening,Bracket B,124,2,0,27.42,1.852
2025-07-01 19:00:00,L4,Evening,Bracket B,116,0,0,24.46,1.868
2025-07-01 20:00:00,L1,Evening,Housing A,119,1,0,23.17,2.395
2025-07-01 20:00:00,L2,Evening,Housing A,117,1,0,24.21,2.852
2025-07-01 20:00:00,L3,Evening,Bracket B,29,0,45,27.0,2.439
2025-07-01 20:00:00,L4,Evening,Bracket B,114,2,5,23.83,2.186
2025-07-01 21:00:00,L1,Evening,Housing A,99,2,0,24.72,2.113
2025-07-01 21:00:00,L2,Evening,Housing A,106,1,0,25.18,3.861
2025-07-01 21:00:00,L3,Evening,Bracket B,121,1,0,26.84,2.432
2025-07-01 21:00:00,L4,Evening,Bracket B,123,2,0,23.55,2.781
2025-07-01 22:00:00,L1,Night,Housing A,117,1,0,26.08,1.391
2025-07-01 22:00:00,L2,Night,Housing A,112,4,0,21.45,3.391
2025-07-01 22:00:00,L3,Night,Bracket B,134,5,0,26.81,2.437
2025-07-01 22:00:00,L4,Night,Bracket B,115,0,0,21.58,3.268
2025-07-01 23:00:00,L1,Night,Housing A,116,2,0,23.44,1.302
2025-07-01 23:00:00,L2,Night,Housing A,110,0,0,23.01,3.352
2025-07-01 23:00:00,L3,Night,Bracket B,119,5,0,26.8,3.279
2025-07-01 23:00:00,L4,Night,Bracket B,112,1,0,23.98,1.747
2025-07-02 00:00:00,L1,Night,Housing A,128,0,0,22.76,2.17
2025-07-02 00:00:00,L2,Night,Housing A,120,1,0,25.26,2.513
2025-07-02 00:00:00,L3,Night,Bracket B,113,5,0,27.27,2.118
2025-07-02 00:00:00,L4,Night,Bracket B,127,2,0,26.43,2.617
2025-07-02 01:00:00,L1,Night,Housing A,127,2,0,24.42,2.635
2025-07-02 01:00:00,L2,Night,Housing A,117,0,0,24.16,3.962
2025-07-02 01:00:00,L3,Night,Bracket B,127,4,0,28.28,2.317
2025-07-02 01:00:00,L4,Night,Bracket B,118,0,0,20.57,2.038
2025-07-02 02:00:00,L1,Night,Housing A,129,0,0,25.45,2.363
2025-07-02 02:00:00,L2,Night,Housing A,130,2,0,25.84,3.012
2025-07-02 02:00:00,L3,Night,Bracket B,124,3,0,27.27,3.3
2025-07-02 02:00:00,L4,Night,Bracket B,120,1,0,23.82,1.651
2025-07-02 03:00:00,L1,Night,Housing A,118,1,0,23.72,2.351
2025-07-02 03:00:00,L2,Night,Housing A,133,2,0,23.17,3.417
2025-07-02 03:00:00,L3,Night,Bracket B,124,1,0,26.36,2.031
2025-07-02 03:00:00,L4,Night,Bracket B,121,3,0,22.68,2.759
2025-07-02 04:00:00,L1,Night,Housing A,94,0,15,23.02,1.925
2025-07-02 04:00:00,L2,Night,Housing A,109,7,0,29.0,3.418
2025-07-02 04:00:00,L3,Night,Bracket B,117,2,0,27.39,1.847
2025-07-02 04:00:00,L4,Night,Bracket B,131,0,0,22.18,2.412
2025-07-02 05:00:00,L1,Night,Housing A,123,1,0,23.09,2.039
2025-07-02 05:00:00,L2,Night,Housing A,139,1,0,21.23,2.948
2025-07-02 05:00:00,L3,Night,Bracket B,130,5,0,29.59,2.603
2025-07-02 05:00:00,L4,Night,Bracket B,131,0,0,23.34,1.951
2025-07-02 06:00:00,L1,Day,Housing A,119,3,0,26.09,2.269
2025-07-02 06:00:00,L2,Day,Housing A,115,4,0,29.23,2.592
2025-07-02 06:00:00,L3,Day,Bracket B,120,7,0,27.49,2.846
2025-07-02 06:00:00,L4,Day,Bracket B,124,3,0,26.92,2.382
2025-07-02 07:00:00,L1,Day,Housing A,125,2,0,25.81,0.872
2025-07-02 07:00:00,L2,Day,Housing A,121,6,0,27.69,3.651
2025-07-02 07:00:00,L3,Day,Bracket B,122,4,0,28.89,2.959
2025-07-02 07:00:00,L4,Day,Bracket B,127,0,0,25.38,2.027
2025-07-02 08:00:00,L1,Day,Housing A,116,2,0,24.78,2.359
2025-07-02 08:00:00,L2,Day,Housing A,114,3,0,26.4,3.152
2025-07-02 08:00:00,L3,Day,Bracket B,103,1,0,29.89,2.734
2025-07-02 08:00:00,L4,Day,Bracket B,123,3,0,26.24,2.123
2025-07-02 09:00:00,L1,Day,Housing A,112,1,0,25.99,1.946
2025-07-02 09:00:00,L2,Day,Housing A,129,5,0,26.23,2.524
2025-07-02 09:00:00,L3,Day,Bracket B,129,1,0,28.61,2.161
2025-07-02 09:00:00,L4,Day,Bracket B,114,2,0,26.92,1.972
2025-07-02 10:00:00,L1,Day,Housing A,121,0,0,24.48,2.53
2025-07-02 10:00:00,L2,Day,Housing A,132,5,0,26.39,2.949
2025-07-02 10:00:00,L3,Day,Bracket B,120,3,0,27.1,2.767
2025-07-02 10:00:00,L4,Day,Bracket B,115,2,0,25.83,2.505
2025-07-02 11:00:00,L1,Day,Housing A,131,4,0,28.32,2.214
2025-07-02 11:00:00,L2,Day,Housing A,125,1,0,24.86,3.56
2025-07-02 11:00:00,L3,Day,Bracket B,127,7,0,30.34,2.438
2025-07-02 11:00:00,L4,Day,Bracket B,119,1,0,26.3,2.854
2025-07-02 12:00:00,L1,Day,Housing A,134,3,0,25.3,2.227
2025-07-02 12:00:00,L2,Day,Housing A,95,4,15,23.53,2.693
2025-07-02 12:00:00,L3,Day,Bracket B,131,2,0,29.49,1.872
2025-07-02 12:00:00,L4,Day,Bracket B,117,4,0,27.25,1.523
2025-07-02 13:00:00,L1,Day,Housing A,29,0,45,26.06,2.299
2025-07-02 13:00:00,L2,Day,Housing A,114,3,0,27.26,3.204
2025-07-02 13:00:00,L3,Day,Bracket B,113,8,0,31.57,2.491
2025-07-02 13:00:00,L4,Day,Bracket B,110,3,0,27.06,1.613
2025-07-02 14:00:00,L1,Evening,Housing A,109,0,0,24.67,1.09
2025-07-02 14:00:00,L2,Evening,Housing A,122,2,0,22.49,3.818
2025-07-02 14:00:00,L3,Evening,Bracket B,128,7,0,28.09,1.249
2025-07-02 14:00:00,L4,Evening,Bracket B,112,1,0,23.93,2.022
2025-07-02 15:00:00,L1,Evening,Housing A,121,1,0,22.3,1.885
2025-07-02 15:00:00,L2,Evening,Housing A,107,1,0,24.54,2.98
2025-07-02 15:00:00,L3,Evening,Bracket B,127,4,0,28.36,1.924
2025-07-02 15:00:00,L4,Evening,Bracket B,122,1,0,26.25,2.753
2025-07-02 16:00:00,L1,Evening,Housing A,106,1,10,22.42,2.188
2025-07-02 16:00:00,L2,Evening,Housing A,114,1,0,21.44,3.05
2025-07-02 16:00:00,L3,Evening,Bracket B,128,2,0,26.75,2.13
2025-07-02 16:00:00,L4,Evening,Bracket B,120,1,0,24.1,1.571
2025-07-02 17:00:00,L1,Evening,Housing A,108,4,0,23.27,2.327
2025-07-02 17:00:00,L2,Evening,Housing A,118,0,0,25.07,3.104
2025-07-02 17:00:00,L3,Evening,Bracket B,115,0,0,25.87,1.575
2025-07-02 17:00:00,L4,Evening,Bracket B,118,1,0,22.16,1.376
2025-07-02 18:00:00,L1,Evening,Housing A,110,1,0,23.45,3.087
2025-07-02 18:00:00,L2,Evening,Housing A,115,2,0,25.44,3.595
2025-07-02 18:00:00,L3,Evening,Bracket B,123,2,0,25.88,2.098
2025-07-02 18:00:00,L4,Evening,Bracket B,125,1,0,25.84,1.619
2025-07-02 19:00:00,L1,Evening,Housing A,118,1,0,22.66,2.217
2025-07-02 19:00:00,L2,Evening,Housing A,128,1,0,23.23,3.136
2025-07-02 19:00:00,L3,Evening,Bracket B,122,1,0,24.15,2.147
2025-07-02 19:00:00,L4,Evening,Bracket B,108,3,0,23.94,3.349
2025-07-02 20:00:00,L1,Evening,Housing A,106,2,0,25.62,2.649
2025-07-02 20:00:00,L2,Evening,Housing A,131,2,0,23.33,3.291
2025-07-02 20:00:00,L3,Evening,Bracket B,117,2,0,29.39,2.404
2025-07-02 20:00:00,L4,Evening,Bracket B,112,1,0,23.07,2.667
2025-07-02 21:00:00,L1,Evening,Housing A,119,1,0,24.24,1.743
2025-07-02 21:00:00,L2,Evening,Housing A,116,1,0,25.22,3.336
2025-07-02 21:00:00,L3,Evening,Bracket B,121,6,0,26.34,2.845
2025-07-02 21:00:00,L4,Evening,Bracket B,125,0,0,23.65,2.545
2025-07-02 22:00:00,L1,Night,Housing A,27,0,45,23.56,1.701
2025-07-02 22:00:00,L2,Night,Housing A,129,2,0,23.22,3.55
2025-07-02 22:00:00,L3,Night,Bracket B,118,3,0,27.28,1.897
2025-07-02 22:00:00,L4,Night,Bracket B,129,2,0,22.4,2.027
2025-07-02 23:00:00,L1,Night,Housing A,110,1,0,26.34,3.403
2025-07-02 23:00:00,L2,Night,Housing A,120,1,0,24.05,3.244
2025-07-02 23:00:00,L3,Night,Bracket B,138,1,0,25.85,2.458
2025-07-02 23:00:00,L4,Night,Bracket B,132,0,0,23.19,1.535
2025-07-03 00:00:00,L1,Night,Housing A,126,2,0,25.53,1.495
2025-07-03 00:00:00,L2,Night,Housing A,125,4,0,24.27,2.523
2025-07-03 00:00:00,L3,Night,Bracket B,102,2,10,27.83,2.932
2025-07-03 00:00:00,L4,Night,Bracket B,117,2,0,25.17,2.974
2025-07-03 01:00:00,L1,Night,Housing A,115,1,0,20.6,2.214
2025-07-03 01:00:00,L2,Night,Housing A,136,2,0,21.58,2.586
2025-07-03 01:00:00,L3,Night,Bracket B,126,0,0,25.12,3.022
2025-07-03 01:00:00,L4,Night,Bracket B,118,1,0,25.86,1.642
2025-07-03 02:00:00,L1,Night,Housing A,118,1,0,24.06,1.72
2025-07-03 02:00:00,L2,Night,Housing A,129,1,0,23.16,2.489
2025-07-03 02:00:00,L3,Night,Bracket B,116,4,0,28.4,1.995
2025-07-03 02:00:00,L4,Night,Bracket B,123,0,0,24.64,2.441
2025-07-03 03:00:00,L1,Night,Housing A,127,1,0,23.36,1.995
2025-07-03 03:00:00,L2,Night,Housing A,120,4,0,24.09,3.737
2025-07-03 03:00:00,L3,Night,Bracket B,123,6,0,26.91,2.257
2025-07-03 03:00:00,L4,Night,Bracket B,119,2,0,22.88,2.202
2025-07-03 04:00:00,L1,Night,Housing A,135,3,0,26.66,2.407
2025-07-03 04:00:00,L2,Night,Housing A,118,1,0,26.6,3.454
2025-07-03 04:00:00,L3,Night,Bracket B,118,2,0,26.87,1.68
2025-07-03 04:00:00,L4,Night,Bracket B,96,3,10,25.75,1.925
2025-07-03 05:00:00,L1,Night,Housing A,128,6,0,22.7,3.145
2025-07-03 05:00:00,L2,Night,Housing A,117,1,0,24.47,2.778
2025-07-03 05:00:00,L3,Night,Bracket B,116,8,0,28.55,2.569
2025-07-03 05:00:00,L4,Night,Bracket B,107,4,0,25.92,1.58
2025-07-03 06:00:00,L1,Day,Housing A,134,1,0,24.7,2.702
2025-07-03 06:00:00,L2,Day,Housing A,124,2,0,25.25,2.653
2025-07-03 06:00:00,L3,Day,Bracket B,27,0,45,29.47,1.9
2025-07-03 06:00:00,L4,Day,Bracket B,132,3,0,28.72,1.778
2025-07-03 07:00:00,L1,Day,Housing A,125,0,0,26.9,2.097
2025-07-03 07:00:00,L2,Day,Housing A,120,1,0,23.92,2.944
2025-07-03 07:00:00,L3,Day,Bracket B,109,4,0,29.56,1.61
2025-07-03 07:00:00,L4,Day,Bracket B,117,1,0,24.51,2.25
2025-07-03 08:00:00,L1,Day,Housing A,111,6,0,29.17,2.861
2025-07-03 08:00:00,L2,Day,Housing A,102,7,10,28.65,3.525
2025-07-03 08:00:00,L3,Day,Bracket B,113,4,0,29.39,1.957
2025-07-03 08:00:00,L4,Day,Bracket B,126,2,0,27.92,1.936
2025-07-03 09:00:00,L1,Day,Housing A,107,1,0,27.27,2.62
2025-07-03 09:00:00,L2,Day,Housing A,131,1,0,28.62,2.407
2025-07-03 09:00:00,L3,Day,Bracket B,115,11,0,31.74,2.933
2025-07-03 09:00:00,L4,Day,Bracket B,130,6,0,25.71,2.645
2025-07-03 10:00:00,L1,Day,Housing A,125,2,0,27.27,2.511
2025-07-03 10:00:00,L2,Day,Housing A,117,5,0,29.42,2.561
2025-07-03 10:00:00,L3,Day,Bracket B,124,6,0,30.89,1.583
2025-07-03 10:00:00,L4,Day,Bracket B,129,1,0,22.44,1.497
2025-07-03 11:00:00,L1,Day,Housing A,30,0,45,25.01,2.787
2025-07-03 11:00:00,L2,Day,Housing A,112,1,0,26.21,3.347
2025-07-03 11:00:00,L3,Day,Bracket B,122,14,0,30.58,1.629
2025-07-03 11:00:00,L4,Day,Bracket B,130,2,0,28.71,2.072
2025-07-03 12:00:00,L1,Day,Housing A,115,1,0,25.91,1.879
2025-07-03 12:00:00,L2,Day,Housing A,123,3,0,25.98,2.704
2025-07-03 12:00:00,L3,Day,Bracket B,116,9,0,33.74,2.828
2025-07-03 12:00:00,L4,Day,Bracket B,116,3,0,27.15,1.826
2025-07-03 13:00:00,L1,Day,Housing A,116,3,0,27.2,1.696
2025-07-03 13:00:00,L2,Day,Housing A,122,2,0,26.01,3.058
2025-07-03 13:00:00,L3,Day,Bracket B,112,9,0,31.11,2.875
2025-07-03 13:00:00,L4,Day,Bracket B,111,3,0,25.84,1.861
2025-07-03 14:00:00,L1,Evening,Housing A,113,1,0,23.05,1.814
2025-07-03 14:00:00,L2,Evening,Housing A,125,1,0,22.88,2.446
2025-07-03 14:00:00,L3,Evening,Bracket B,134,1,0,27.95,2.0
2025-07-03 14:00:00,L4,Evening,Bracket B,107,2,0,21.42,2.629
2025-07-03 15:00:00,L1,Evening,Housing A,117,3,0,26.94,2.399
2025-07-03 15:00:00,L2,Evening,Housing A,124,1,0,24.05,3.312
2025-07-03 15:00:00,L3,Evening,Bracket B,57,2,30,26.22,2.485
2025-07-03 15:00:00,L4,Evening,Bracket B,30,0,45,25.47,2.204
2025-07-03 16:00:00,L1,Evening,Housing A,109,1,0,24.89,2.295
2025-07-03 16:00:00,L2,Evening,Housing A,121,1,0,24.03,2.66
2025-07-03 16:00:00,L3,Evening,Bracket B,120,4,0,27.07,2.291
2025-07-03 16:00:00,L4,Evening,Bracket B,119,2,0,24.02,2.558
2025-07-03 17:00:00,L1,Evening,Housing A,121,0,0,25.21,2.306
2025-07-03 17:00:00,L2,Evening,Housing A,129,3,0,22.67,2.922
2025-07-03 17:00:00,L3,Evening,Bracket B,130,8,0,31.53,1.761
2025-07-03 17:00:00,L4,Evening,Bracket B,130,0,0,20.37,0.806
2025-07-03 18:00:00,L1,Evening,Housing A,118,1,0,22.78,2.305
2025-07-03 18:00:00,L2,Evening,Housing A,106,1,0,23.96,4.189
2025-07-03 18:00:00,L3,Evening,Bracket B,133,5,0,27.68,1.258
2025-07-03 18:00:00,L4,Evening,Bracket B,126,1,0,24.92,1.582
2025-07-03 19:00:00,L1,Evening,Housing A,119,0,0,23.81,2.338
2025-07-03 19:00:00,L2,Evening,Housing A,123,3,0,23.87,2.479
2025-07-03 19:00:00,L3,Evening,Bracket B,109,1,0,25.99,3.009
2025-07-03 19:00:00,L4,Evening,Bracket B,128,2,0,25.01,2.567
2025-07-03 20:00:00,L1,Evening,Housing A,104,1,0,23.94,2.382
2025-07-03 20:00:00,L2,Evening,Housing A,105,1,0,25.75,3.499
2025-07-03 20:00:00,L3,Evening,Bracket B,116,3,0,30.15,0.82
2025-07-03 20:00:00,L4,Evening,Bracket B,120,2,0,24.54,2.303
2025-07-03 21:00:00,L1,Evening,Housing A,92,0,15,23.47,1.657
2025-07-03 21:00:00,L2,Evening,Housing A,121,2,0,21.7,2.803
2025-07-03 21:00:00,L3,Evening,Bracket B,127,4,0,28.61,1.658
2025-07-03 21:00:00,L4,Evening,Bracket B,115,0,0,23.12,1.874
2025-07-03 22:00:00,L1,Night,Housing A,28,1,45,24.51,2.204
2025-07-03 22:00:00,L2,Night,Housing A,108,1,0,22.17,3.336
2025-07-03 22:00:00,L3,Night,Bracket B,109,0,0,26.19,2.283
2025-07-03 22:00:00,L4,Night,Bracket B,125,3,0,22.27,1.171
2025-07-03 23:00:00,L1,Night,Housing A,93,0,10,23.34,1.617
2025-07-03 23:00:00,L2,Night,Housing A,117,1,0,21.54,3.709
2025-07-03 23:00:00,L3,Night,Bracket B,120,2,0,26.02,2.428
2025-07-03 23:00:00,L4,Night,Bracket B,108,0,0,25.54,2.576
2025-07-04 00:00:00,L1,Night,Housing A,112,3,0,25.73,1.244
2025-07-04 00:00:00,L2,Night,Housing A,122,3,0,24.72,4.041
2025-07-04 00:00:00,L3,Night,Bracket B,106,7,0,28.66,1.471
2025-07-04 00:00:00,L4,Night,Bracket B,121,1,0,22.65,2.085
2025-07-04 01:00:00,L1,Night,Housing A,122,1,0,23.06,3.285
2025-07-04 01:00:00,L2,Night,Housing A,119,3,0,27.75,2.324
2025-07-04 01:00:00,L3,Night,Bracket B,121,0,0,25.13,1.21
2025-07-04 01:00:00,L4,Night,Bracket B,113,1,0,22.41,2.981
2025-07-04 02:00:00,L1,Night,Housing A,132,1,0,21.46,1.758
2025-07-04 02:00:00,L2,Night,Housing A,115,2,0,25.4,3.077
2025-07-04 02:00:00,L3,Night,Bracket B,115,5,0,31.22,2.346
2025-07-04 02:00:00,L4,Night,Bracket B,111,3,0,26.06,2.174
2025-07-04 03:00:00,L1,Night,Housing A,33,1,45,23.88,2.813
2025-07-04 03:00:00,L2,Night,Housing A,108,1,0,24.25,3.759
2025-07-04 03:00:00,L3,Night,Bracket B,118,6,0,30.05,2.141
2025-07-04 03:00:00,L4,Night,Bracket B,29,0,45,23.01,2.617
2025-07-04 04:00:00,L1,Night,Housing A,129,4,0,20.3,1.719
2025-07-04 04:00:00,L2,Night,Housing A,116,1,0,23.67,3.74
2025-07-04 04:00:00,L3,Night,Bracket B,112,4,0,31.18,3.195
2025-07-04 04:00:00,L4,Night,Bracket B,84,1,15,21.23,2.43
2025-07-04 05:00:00,L1,Night,Housing A,112,1,0,26.62,2.351
2025-07-04 05:00:00,L2,Night,Housing A,117,2,0,24.79,3.626
2025-07-04 05:00:00,L3,Night,Bracket B,129,2,0,23.58,1.731
2025-07-04 05:00:00,L4,Night,Bracket B,113,1,0,25.28,1.675
2025-07-04 06:00:00,L1,Day,Housing A,119,1,0,24.62,1.81
2025-07-04 06:00:00,L2,Day,Housing A,115,1,0,26.62,2.965
2025-07-04 06:00:00,L3,Day,Bracket B,116,2,0,29.71,1.245
2025-07-04 06:00:00,L4,Day,Bracket B,137,3,0,26.77,2.742
2025-07-04 07:00:00,L1,Day,Housing A,114,3,0,27.96,3.223
2025-07-04 07:00:00,L2,Day,Housing A,128,4,0,25.49,3.178
2025-07-04 07:00:00,L3,Day,Bracket B,108,0,0,29.96,2.332
2025-07-04 07:00:00,L4,Day,Bracket B,123,2,0,27.15,2.236
2025-07-04 08:00:00,L1,Day,Housing A,117,3,0,26.64,2.463
2025-07-04 08:00:00,L2,Day,Housing A,112,1,0,24.95,2.514
2025-07-04 08:00:00,L3,Day,Bracket B,126,10,0,33.55,2.287
2025-07-04 08:00:00,L4,Day,Bracket B,120,2,0,29.17,3.131
2025-07-04 09:00:00,L1,Day,Housing A,132,1,0,27.48,1.299
2025-07-04 09:00:00,L2,Day,Housing A,116,3,0,27.52,3.547
2025-07-04 09:00:00,L3,Day,Bracket B,123,4,0,28.36,1.351
2025-07-04 09:00:00,L4,Day,Bracket B,111,3,0,25.94,2.521
2025-07-04 10:00:00,L1,Day,Housing A,116,1,0,25.46,1.856
2025-07-04 10:00:00,L2,Day,Housing A,119,5,0,24.59,3.309
2025-07-04 10:00:00,L3,Day,Bracket B,115,1,0,30.03,1.292
2025-07-04 10:00:00,L4,Day,Bracket B,127,4,0,25.22,1.763
2025-07-04 11:00:00,L1,Day,Housing A,125,0,0,25.76,2.405
2025-07-04 11:00:00,L2,Day,Housing A,121,3,0,22.85,2.861
2025-07-04 11:00:00,L3,Day,Bracket B,117,6,0,29.81,1.6
2025-07-04 11:00:00,L4,Day,Bracket B,120,1,0,26.15,1.663
2025-07-04 12:00:00,L1,Day,Housing A,132,4,0,23.99,2.039
2025-07-04 12:00:00,L2,Day,Housing A,116,1,0,24.64,3.57
2025-07-04 12:00:00,L3,Day,Bracket B,119,3,0,30.03,2.478
2025-07-04 12:00:00,L4,Day,Bracket B,127,6,0,27.16,2.055
2025-07-04 13:00:00,L1,Day,Housing A,122,9,0,28.55,2.075
2025-07-04 13:00:00,L2,Day,Housing A,111,1,0,24.6,2.386
2025-07-04 13:00:00,L3,Day,Bracket B,127,4,0,28.82,2.521
2025-07-04 13:00:00,L4,Day,Bracket B,126,3,0,25.14,1.923
2025-07-04 14:00:00,L1,Evening,Housing A,117,4,0,24.72,3.033
2025-07-04 14:00:00,L2,Evening,Housing A,121,2,0,24.52,2.136
2025-07-04 14:00:00,L3,Evening,Bracket B,85,1,15,27.41,1.946
2025-07-04 14:00:00,L4,Evening,Bracket B,126,2,0,25.02,1.039
2025-07-04 15:00:00,L1,Evening,Housing A,115,0,0,21.19,1.291
2025-07-04 15:00:00,L2,Evening,Housing A,120,0,0,26.25,2.443
2025-07-04 15:00:00,L3,Evening,Bracket B,113,1,0,26.05,2.476
2025-07-04 15:00:00,L4,Evening,Bracket B,135,2,0,24.4,1.905
2025-07-04 16:00:00,L1,Evening,Housing A,128,3,0,25.12,1.523
2025-07-04 16:00:00,L2,Evening,Housing A,116,1,0,23.08,2.977
2025-07-04 16:00:00,L3,Evening,Bracket B,124,3,0,28.21,2.262
2025-07-04 16:00:00,L4,Evening,Bracket B,128,1,0,23.9,2.136
2025-07-04 17:00:00,L1,Evening,Housing A,131,4,0,23.3,3.027
2025-07-04 17:00:00,L2,Evening,Housing A,123,1,0,25.57,2.617
2025-07-04 17:00:00,L3,Evening,Bracket B,132,5,0,27.04,1.598
2025-07-04 17:00:00,L4,Evening,Bracket B,128,2,0,24.83,2.398
2025-07-04 18:00:00,L1,Evening,Housing A,111,3,0,26.09,2.303
2025-07-04 18:00:00,L2,Evening,Housing A,128,5,0,24.25,3.458
2025-07-04 18:00:00,L3,Evening,Bracket B,128,1,0,24.55,2.32
2025-07-04 18:00:00,L4,Evening,Bracket B,122,0,0,22.29,3.206
2025-07-04 19:00:00,L1,Evening,Housing A,130,2,0,21.08,2.932
2025-07-04 19:00:00,L2,Evening,Housing A,132,0,0,24.04,4.16
2025-07-04 19:00:00,L3,Evening,Bracket B,121,4,0,28.18,2.045
2025-07-04 19:00:00,L4,Evening,Bracket B,121,2,0,23.89,1.588
2025-07-04 20:00:00,L1,Evening,Housing A,123,2,0,23.1,2.218
2025-07-04 20:00:00,L2,Evening,Housing A,116,2,0,25.21,2.546
2025-07-04 20:00:00,L3,Evening,Bracket B,118,1,0,26.83,2.674
2025-07-04 20:00:00,L4,Evening,Bracket B,136,3,0,22.93,2.351
2025-07-04 21:00:00,L1,Evening,Housing A,119,1,0,23.62,2.775
2025-07-04 21:00:00,L2,Evening,Housing A,115,0,0,24.56,3.22
2025-07-04 21:00:00,L3,Evening,Bracket B,117,2,0,25.13,2.798
2025-07-04 21:00:00,L4,Evening,Bracket B,127,3,0,26.43,2.171
2025-07-04 22:00:00,L1,Night,Housing A,125,1,0,21.08,1.997
2025-07-04 22:00:00,L2,Night,Housing A,121,2,0,23.8,2.794
2025-07-04 22:00:00,L3,Night,Bracket B,120,3,0,27.02,2.526
2025-07-04 22:00:00,L4,Night,Bracket B,120,0,0,25.38,2.358
2025-07-04 23:00:00,L1,Night,Housing A,122,2,0,22.69,1.806
2025-07-04 23:00:00,L2,Night,Housing A,33,1,45,22.37,2.561
2025-07-04 23:00:00,L3,Night,Bracket B,124,2,0,26.54,1.827
2025-07-04 23:00:00,L4,Night,Bracket B,119,3,0,25.28,1.174
2025-07-05 00:00:00,L1,Night,Housing A,82,0,15,24.54,1.686
2025-07-05 00:00:00,L2,Night,Housing A,120,1,0,22.61,3.838
2025-07-05 00:00:00,L3,Night,Bracket B,118,4,0,28.35,1.747
2025-07-05 00:00:00,L4,Night,Bracket B,57,1,30,26.62,2.465
2025-07-05 01:00:00,L1,Night,Housing A,108,0,0,23.4,2.295
2025-07-05 01:00:00,L2,Night,Housing A,106,0,0,25.85,2.416
2025-07-05 01:00:00,L3,Night,Bracket B,105,4,0,26.05,3.523
2025-07-05 01:00:00,L4,Night,Bracket B,123,3,0,24.94,2.43
2025-07-05 02:00:00,L1,Night,Housing A,114,1,0,24.0,2.569
2025-07-05 02:00:00,L2,Night,Housing A,116,2,0,24.86,3.279
2025-07-05 02:00:00,L3,Night,Bracket B,119,1,0,26.83,2.367
2025-07-05 02:00:00,L4,Night,Bracket B,114,0,0,22.37,2.003
2025-07-05 03:00:00,L1,Night,Housing A,118,5,0,27.88,2.312
2025-07-05 03:00:00,L2,Night,Housing A,117,2,0,26.78,2.691
2025-07-05 03:00:00,L3,Night,Bracket B,121,3,0,28.69,2.47
2025-07-05 03:00:00,L4,Night,Bracket B,118,1,0,25.6,1.601
2025-07-05 04:00:00,L1,Night,Housing A,121,2,0,26.14,3.143
2025-07-05 04:00:00,L2,Night,Housing A,137,1,0,22.64,2.957
2025-07-05 04:00:00,L3,Night,Bracket B,115,3,0,24.67,1.801
2025-07-05 04:00:00,L4,Night,Bracket B,118,0,0,22.48,1.154
2025-07-05 05:00:00,L1,Night,Housing A,121,2,0,26.12,1.172
2025-07-05 05:00:00,L2,Night,Housing A,109,3,0,21.76,3.26
2025-07-05 05:00:00,L3,Night,Bracket B,107,0,0,25.68,1.737
2025-07-05 05:00:00,L4,Night,Bracket B,114,2,0,24.82,2.182
2025-07-05 06:00:00,L1,Day,Housing A,116,0,0,23.12,2.512
2025-07-05 06:00:00,L2,Day,Housing A,128,6,0,29.49,3.706
2025-07-05 06:00:00,L3,Day,Bracket B,115,7,0,31.92,2.608
2025-07-05 06:00:00,L4,Day,Bracket B,129,7,0,27.04,2.175
2025-07-05 07:00:00,L1,Day,Housing A,106,2,0,28.0,2.85
2025-07-05 07:00:00,L2,Day,Housing A,111,1,0,24.51,2.986
2025-07-05 07:00:00,L3,Day,Bracket B,117,3,0,30.1,1.28
2025-07-05 07:00:00,L4,Day,Bracket B,125,1,0,26.31,1.956
2025-07-05 08:00:00,L1,Day,Housing A,114,1,0,26.83,1.882
2025-07-05 08:00:00,L2,Day,Housing A,129,3,0,25.8,3.446
2025-07-05 08:00:00,L3,Day,Bracket B,109,4,0,30.2,1.779
2025-07-05 08:00:00,L4,Day,Bracket B,116,2,0,26.38,2.441
2025-07-05 09:00:00,L1,Day,Housing A,110,4,0,29.49,2.202
2025-07-05 09:00:00,L2,Day,Housing A,116,1,0,25.28,3.802
2025-07-05 09:00:00,L3,Day,Bracket B,100,3,10,32.51,2.739
2025-07-05 09:00:00,L4,Day,Bracket B,107,1,0,25.84,2.314
2025-07-05 10:00:00,L1,Day,Housing A,118,1,0,26.69,1.521
2025-07-05 10:00:00,L2,Day,Housing A,124,4,0,25.53,3.062
2025-07-05 10:00:00,L3,Day,Bracket B,126,3,0,28.09,2.1
2025-07-05 10:00:00,L4,Day,Bracket B,60,1,30,27.92,2.045
2025-07-05 11:00:00,L1,Day,Housing A,146,1,0,26.35,2.061
2025-07-05 11:00:00,L2,Day,Housing A,119,1,0,25.58,3.674
2025-07-05 11:00:00,L3,Day,Bracket B,122,6,0,32.04,2.449
2025-07-05 11:00:00,L4,Day,Bracket B,130,0,0,24.15,1.716
2025-07-05 12:00:00,L1,Day,Housing A,119,3,0,25.53,2.089
2025-07-05 12:00:00,L2,Day,Housing A,123,3,0,28.11,3.309
2025-07-05 12:00:00,L3,Day,Bracket B,116,8,0,30.94,1.285
2025-07-05 12:00:00,L4,Day,Bracket B,111,2,0,25.54,2.159
2025-07-05 13:00:00,L1,Day,Housing A,101,2,10,26.52,0.938
2025-07-05 13:00:00,L2,Day,Housing A,123,4,0,28.58,3.155
2025-07-05 13:00:00,L3,Day,Bracket B,113,7,0,29.32,1.782
2025-07-05 13:00:00,L4,Day,Bracket B,131,4,0,27.53,2.455
2025-07-05 14:00:00,L1,Evening,Housing A,120,1,0,24.87,2.243
2025-07-05 14:00:00,L2,Evening,Housing A,118,2,0,25.87,3.246
2025-07-05 14:00:00,L3,Evening,Bracket B,128,3,0,26.81,1.368
2025-07-05 14:00:00,L4,Evening,Bracket B,111,0,0,24.42,2.436
2025-07-05 15:00:00,L1,Evening,Housing A,117,0,0,25.07,1.353
2025-07-05 15:00:00,L2,Evening,Housing A,108,0,0,25.29,3.603
2025-07-05 15:00:00,L3,Evening,Bracket B,124,2,0,26.88,2.056
2025-07-05 15:00:00,L4,Evening,Bracket B,115,4,0,26.93,2.745
2025-07-05 16:00:00,L1,Evening,Housing A,133,3,0,23.16,2.203
2025-07-05 16:00:00,L2,Evening,Housing A,119,2,0,23.06,3.628
2025-07-05 16:00:00,L3,Evening,Bracket B,118,2,0,27.95,2.379
2025-07-05 16:00:00,L4,Evening,Bracket B,124,0,0,24.29,2.49
2025-07-05 17:00:00,L1,Evening,Housing A,118,1,0,22.69,2.377
2025-07-05 17:00:00,L2,Evening,Housing A,26,0,45,25.84,2.485
2025-07-05 17:00:00,L3,Evening,Bracket B,124,5,0,29.4,1.743
2025-07-05 17:00:00,L4,Evening,Bracket B,132,1,0,24.1,1.763
2025-07-05 18:00:00,L1,Evening,Housing A,132,3,0,25.4,1.897
2025-07-05 18:00:00,L2,Evening,Housing A,113,3,0,22.28,2.993
2025-07-05 18:00:00,L3,Evening,Bracket B,125,7,0,28.45,1.561
2025-07-05 18:00:00,L4,Evening,Bracket B,123,0,0,23.83,2.521
2025-07-05 19:00:00,L1,Evening,Housing A,123,0,0,25.56,1.154
2025-07-05 19:00:00,L2,Evening,Housing A,111,0,0,24.99,3.037
2025-07-05 19:00:00,L3,Evening,Bracket B,134,2,0,27.17,2.335
2025-07-05 19:00:00,L4,Evening,Bracket B,131,0,0,24.91,1.45
2025-07-05 20:00:00,L1,Evening,Housing A,123,1,0,21.06,2.226
2025-07-05 20:00:00,L2,Evening,Housing A,125,2,0,23.08,2.44
2025-07-05 20:00:00,L3,Evening,Bracket B,119,5,0,28.74,2.406
2025-07-05 20:00:00,L4,Evening,Bracket B,128,1,0,26.72,1.719
2025-07-05 21:00:00,L1,Evening,Housing A,125,3,0,24.96,1.395
2025-07-05 21:00:00,L2,Evening,Housing A,139,11,0,27.31,3.381
2025-07-05 21:00:00,L3,Evening,Bracket B,121,4,0,28.45,2.055
2025-07-05 21:00:00,L4,Evening,Bracket B,61,1,30,25.77,2.951
2025-07-05 22:00:00,L1,Night,Housing A,118,0,0,25.67,2.162
2025-07-05 22:00:00,L2,Night,Housing A,113,2,0,22.07,2.939
2025-07-05 22:00:00,L3,Night,Bracket B,129,5,0,30.3,2.727
2025-07-05 22:00:00,L4,Night,Bracket B,122,4,0,23.02,2.421
2025-07-05 23:00:00,L1,Night,Housing A,118,2,0,23.05,2.308
2025-07-05 23:00:00,L2,Night,Housing A,112,2,0,23.88,2.905
2025-07-05 23:00:00,L3,Night,Bracket B,126,4,0,28.97,1.859
2025-07-05 23:00:00,L4,Night,Bracket B,115,0,0,23.63,1.603
2025-07-06 00:00:00,L1,Night,Housing A,121,0,0,23.21,2.454
2025-07-06 00:00:00,L2,Night,Housing A,124,1,0,26.45,3.518
2025-07-06 00:00:00,L3,Night,Bracket B,107,4,0,29.7,1.754
2025-07-06 00:00:00,L4,Night,Bracket B,123,3,0,23.84,2.314
2025-07-06 01:00:00,L1,Night,Housing A,116,1,0,21.98,2.101
2025-07-06 01:00:00,L2,Night,Housing A,120,4,0,22.01,3.0
2025-07-06 01:00:00,L3,Night,Bracket B,105,7,0,29.0,1.506
2025-07-06 01:00:00,L4,Night,Bracket B,119,0,0,20.45,2.672
2025-07-06 02:00:00,L1,Night,Housing A,120,5,0,24.19,2.267
2025-07-06 02:00:00,L2,Night,Housing A,118,2,0,24.7,3.827
2025-07-06 02:00:00,L3,Night,Bracket B,124,4,0,29.43,2.285
2025-07-06 02:00:00,L4,Night,Bracket B,127,1,0,23.6,2.082
2025-07-06 03:00:00,L1,Night,Housing A,113,0,0,24.8,2.586
2025-07-06 03:00:00,L2,Night,Housing A,115,4,0,25.68,3.474
2025-07-06 03:00:00,L3,Night,Bracket B,127,8,0,29.62,1.942
2025-07-06 03:00:00,L4,Night,Bracket B,116,0,0,23.9,2.805
2025-07-06 04:00:00,L1,Night,Housing A,112,3,0,24.77,1.836
2025-07-06 04:00:00,L2,Night,Housing A,99,0,10,24.24,2.368
2025-07-06 04:00:00,L3,Night,Bracket B,124,5,0,27.59,1.699
2025-07-06 04:00:00,L4,Night,Bracket B,30,1,45,21.91,2.326
2025-07-06 05:00:00,L1,Night,Housing A,114,2,0,22.98,1.417
2025-07-06 05:00:00,L2,Night,Housing A,110,1,0,24.35,3.159
2025-07-06 05:00:00,L3,Night,Bracket B,105,2,0,28.54,2.179
2025-07-06 05:00:00,L4,Night,Bracket B,121,0,0,24.38,1.517
2025-07-06 06:00:00,L1,Day,Housing A,128,5,0,28.02,1.486
2025-07-06 06:00:00,L2,Day,Housing A,120,2,0,26.04,2.828
2025-07-06 06:00:00,L3,Day,Bracket B,117,5,0,34.48,2.247
2025-07-06 06:00:00,L4,Day,Bracket B,107,0,5,23.35,2.919
2025-07-06 07:00:00,L1,Day,Housing A,114,3,0,29.86,2.213
2025-07-06 07:00:00,L2,Day,Housing A,133,3,0,25.54,3.041
2025-07-06 07:00:00,L3,Day,Bracket B,120,6,0,33.4,2.212
2025-07-06 07:00:00,L4,Day,Bracket B,100,4,0,22.84,2.342
2025-07-06 08:00:00,L1,Day,Housing A,126,2,0,28.32,2.106
2025-07-06 08:00:00,L2,Day,Housing A,124,5,0,28.05,1.805
2025-07-06 08:00:00,L3,Day,Bracket B,24,1,45,28.42,1.745
2025-07-06 08:00:00,L4,Day,Bracket B,114,2,0,27.3,1.739
2025-07-06 09:00:00,L1,Day,Housing A,112,2,0,26.84,2.427
2025-07-06 09:00:00,L2,Day,Housing A,113,5,0,29.02,3.652
2025-07-06 09:00:00,L3,Day,Bracket B,116,11,0,30.57,2.874
2025-07-06 09:00:00,L4,Day,Bracket B,137,5,0,32.04,2.108
2025-07-06 10:00:00,L1,Day,Housing A,120,5,0,28.89,2.116
2025-07-06 10:00:00,L2,Day,Housing A,128,3,0,28.63,2.901
2025-07-06 10:00:00,L3,Day,Bracket B,123,7,0,30.26,1.648
2025-07-06 10:00:00,L4,Day,Bracket B,118,3,0,28.32,2.606
2025-07-06 11:00:00,L1,Day,Housing A,126,8,0,28.34,2.533
2025-07-06 11:00:00,L2,Day,Housing A,104,3,0,26.31,2.831
2025-07-06 11:00:00,L3,Day,Bracket B,111,2,10,26.37,2.706
2025-07-06 11:00:00,L4,Day,Bracket B,98,4,10,27.06,2.657
2025-07-06 12:00:00,L1,Day,Housing A,120,1,0,26.95,2.041
2025-07-06 12:00:00,L2,Day,Housing A,127,3,0,26.97,2.715
2025-07-06 12:00:00,L3,Day,Bracket B,131,3,0,28.24,2.778
2025-07-06 12:00:00,L4,Day,Bracket B,125,3,0,27.05,2.779
2025-07-06 13:00:00,L1,Day,Housing A,101,5,0,29.23,2.369
2025-07-06 13:00:00,L2,Day,Housing A,86,1,15,25.68,2.805
2025-07-06 13:00:00,L3,Day,Bracket B,105,6,0,30.14,1.604
2025-07-06 13:00:00,L4,Day,Bracket B,120,3,0,23.75,1.854
2025-07-06 14:00:00,L1,Evening,Housing A,115,3,0,23.12,2.156
2025-07-06 14:00:00,L2,Evening,Housing A,123,2,0,25.06,2.535
2025-07-06 14:00:00,L3,Evening,Bracket B,104,3,0,28.66,2.59
2025-07-06 14:00:00,L4,Evening,Bracket B,113,1,0,25.24,2.581
2025-07-06 15:00:00,L1,Evening,Housing A,62,1,30,21.92,1.973
2025-07-06 15:00:00,L2,Evening,Housing A,127,4,0,25.09,3.299
2025-07-06 15:00:00,L3,Evening,Bracket B,130,4,0,27.34,2.756
2025-07-06 15:00:00,L4,Evening,Bracket B,116,3,0,23.53,2.432
2025-07-06 16:00:00,L1,Evening,Housing A,130,4,0,27.32,1.917
2025-07-06 16:00:00,L2,Evening,Housing A,122,3,0,24.4,2.579
2025-07-06 16:00:00,L3,Evening,Bracket B,122,0,0,24.92,2.522
2025-07-06 16:00:00,L4,Evening,Bracket B,124,1,0,22.81,1.802
2025-07-06 17:00:00,L1,Evening,Housing A,104,4,10,25.14,2.666
2025-07-06 17:00:00,L2,Evening,Housing A,111,0,0,26.24,3.631
2025-07-06 17:00:00,L3,Evening,Bracket B,106,5,0,30.51,1.962
2025-07-06 17:00:00,L4,Evening,Bracket B,110,1,0,23.74,2.811
2025-07-06 18:00:00,L1,Evening,Housing A,125,2,0,21.85,2.581
2025-07-06 18:00:00,L2,Evening,Housing A,124,1,0,22.19,3.205
2025-07-06 18:00:00,L3,Evening,Bracket B,111,1,0,27.66,1.735
2025-07-06 18:00:00,L4,Evening,Bracket B,124,0,0,23.24,2.409
2025-07-06 19:00:00,L1,Evening,Housing A,112,3,0,25.8,1.704
2025-07-06 19:00:00,L2,Evening,Housing A,98,0,15,21.87,2.499
2025-07-06 19:00:00,L3,Evening,Bracket B,111,4,0,26.68,2.594
2025-07-06 19:00:00,L4,Evening,Bracket B,118,2,0,22.89,1.725
2025-07-06 20:00:00,L1,Evening,Housing A,131,2,0,20.34,2.604
2025-07-06 20:00:00,L2,Evening,Housing A,128,0,0,25.24,2.825
2025-07-06 20:00:00,L3,Evening,Bracket B,118,3,0,24.33,2.74
2025-07-06 20:00:00,L4,Evening,Bracket B,126,0,0,20.55,2.996
2025-07-06 21:00:00,L1,Evening,Housing A,120,2,0,23.9,2.366
2025-07-06 21:00:00,L2,Evening,Housing A,98,1,10,21.68,2.65
2025-07-06 21:00:00,L3,Evening,Bracket B,124,2,0,26.71,1.623
2025-07-06 21:00:00,L4,Evening,Bracket B,112,1,0,26.55,2.235
2025-07-06 22:00:00,L1,Night,Housing A,102,0,0,24.13,1.163
2025-07-06 22:00:00,L2,Night,Housing A,105,3,0,25.48,3.028
2025-07-06 22:00:00,L3,Night,Bracket B,103,2,0,26.29,2.041
2025-07-06 22:00:00,L4,Night,Bracket B,103,0,0,22.81,1.957
2025-07-06 23:00:00,L1,Night,Housing A,118,2,0,22.09,2.343
2025-07-06 23:00:00,L2,Night,Housing A,121,1,0,21.28,3.028
2025-07-06 23:00:00,L3,Night,Bracket B,111,5,0,26.56,2.8
2025-07-06 23:00:00,L4,Night,Bracket B,110,3,0,25.29,2.691
2025-07-07 00:00:00,L1,Night,Housing A,137,4,0,27.15,3.638
2025-07-07 00:00:00,L2,Night,Housing A,125,0,0,25.18,3.223
2025-07-07 00:00:00,L3,Night,Bracket B,29,1,45,28.08,1.185
2025-07-07 00:00:00,L4,Night,Bracket B,129,1,0,24.28,1.667
2025-07-07 01:00:00,L1,Night,Housing A,102,3,0,23.17,2.809
2025-07-07 01:00:00,L2,Night,Housing A,115,1,0,23.26,3.212
2025-07-07 01:00:00,L3,Night,Bracket B,123,2,0,23.77,2.933
2025-07-07 01:00:00,L4,Night,Bracket B,118,1,0,24.84,2.229
2025-07-07 02:00:00,L1,Night,Housing A,121,2,0,26.21,1.35
2025-07-07 02:00:00,L2,Night,Housing A,31,1,45,24.98,3.83
2025-07-07 02:00:00,L3,Night,Bracket B,121,7,0,32.08,2.543
2025-07-07 02:00:00,L4,Night,Bracket B,123,1,0,22.58,2.162
2025-07-07 03:00:00,L1,Night,Housing A,125,0,0,23.91,1.137
2025-07-07 03:00:00,L2,Night,Housing A,115,0,0,25.25,3.294
2025-07-07 03:00:00,L3,Night,Bracket B,30,0,45,25.01,2.392
2025-07-07 03:00:00,L4,Night,Bracket B,118,2,0,22.41,1.806
2025-07-07 04:00:00,L1,Night,Housing A,128,2,0,27.07,1.716
2025-07-07 04:00:00,L2,Night,Housing A,108,3,0,25.45,2.853
2025-07-07 04:00:00,L3,Night,Bracket B,103,2,0,29.0,1.24
2025-07-07 04:00:00,L4,Night,Bracket B,129,0,0,25.87,2.335
2025-07-07 05:00:00,L1,Night,Housing A,127,1,0,25.01,2.85
2025-07-07 05:00:00,L2,Night,Housing A,134,1,0,24.98,2.979
2025-07-07 05:00:00,L3,Night,Bracket B,104,0,0,29.09,2.448
2025-07-07 05:00:00,L4,Night,Bracket B,118,0,0,22.3,1.615
2025-07-07 06:00:00,L1,Day,Housing A,115,6,0,27.47,2.043
2025-07-07 06:00:00,L2,Day,Housing A,117,6,0,24.07,2.375
2025-07-07 06:00:00,L3,Day,Bracket B,125,7,0,32.43,2.222
2025-07-07 06:00:00,L4,Day,Bracket B,102,2,0,30.03,3.017
2025-07-07 07:00:00,L1,Day,Housing A,126,3,0,27.88,2.688
2025-07-07 07:00:00,L2,Day,Housing A,111,2,0,23.49,3.517
2025-07-07 07:00:00,L3,Day,Bracket B,128,4,0,29.62,1.461
2025-07-07 07:00:00,L4,Day,Bracket B,116,3,0,27.95,2.263
2025-07-07 08:00:00,L1,Day,Housing A,28,1,45,26.03,3.194
2025-07-07 08:00:00,L2,Day,Housing A,123,2,0,28.9,2.823
2025-07-07 08:00:00,L3,Day,Bracket B,124,1,0,26.56,1.456
2025-07-07 08:00:00,L4,Day,Bracket B,118,1,0,25.53,2.417
2025-07-07 09:00:00,L1,Day,Housing A,116,4,0,26.35,2.875
2025-07-07 09:00:00,L2,Day,Housing A,108,3,0,26.99,2.396
2025-07-07 09:00:00,L3,Day,Bracket B,119,4,0,30.73,2.396
2025-07-07 09:00:00,L4,Day,Bracket B,120,3,0,25.3,1.38
2025-07-07 10:00:00,L1,Day,Housing A,107,2,0,27.32,3.242
2025-07-07 10:00:00,L2,Day,Housing A,123,2,0,25.45,3.993
2025-07-07 10:00:00,L3,Day,Bracket B,131,6,0,32.99,2.631
2025-07-07 10:00:00,L4,Day,Bracket B,127,1,0,25.84,2.788
2025-07-07 11:00:00,L1,Day,Housing A,122,3,0,28.88,2.245
2025-07-07 11:00:00,L2,Day,Housing A,111,4,0,28.0,3.1
2025-07-07 11:00:00,L3,Day,Bracket B,125,6,0,31.4,2.348
2025-07-07 11:00:00,L4,Day,Bracket B,128,4,0,26.38,3.203
2025-07-07 12:00:00,L1,Day,Housing A,123,4,0,25.99,2.817
2025-07-07 12:00:00,L2,Day,Housing A,111,1,0,23.75,3.303
2025-07-07 12:00:00,L3,Day,Bracket B,139,3,0,30.34,1.647
2025-07-07 12:00:00,L4,Day,Bracket B,121,1,0,25.6,2.14
2025-07-07 13:00:00,L1,Day,Housing A,104,0,0,24.8,2.299
2025-07-07 13:00:00,L2,Day,Housing A,114,1,0,26.98,2.512
2025-07-07 13:00:00,L3,Day,Bracket B,113,2,0,28.03,2.928
2025-07-07 13:00:00,L4,Day,Bracket B,108,0,0,24.98,1.884
2025-07-07 14:00:00,L1,Evening,Housing A,122,2,0,23.76,1.966
2025-07-07 14:00:00,L2,Evening,Housing A,109,2,0,27.34,3.945
2025-07-07 14:00:00,L3,Evening,Bracket B,126,2,0,25.7,2.153
2025-07-07 14:00:00,L4,Evening,Bracket B,124,2,0,25.12,2.808
2025-07-07 15:00:00,L1,Evening,Housing A,61,1,30,23.97,1.493
2025-07-07 15:00:00,L2,Evening,Housing A,130,3,0,23.61,4.058
2025-07-07 15:00:00,L3,Evening,Bracket B,100,2,10,27.62,3.006
2025-07-07 15:00:00,L4,Evening,Bracket B,119,5,0,23.84,2.321
2025-07-07 16:00:00,L1,Evening,Housing A,117,2,0,21.88,2.047
2025-07-07 16:00:00,L2,Evening,Housing A,129,5,0,23.8,2.833
2025-07-07 16:00:00,L3,Evening,Bracket B,117,7,0,29.24,2.611
2025-07-07 16:00:00,L4,Evening,Bracket B,120,0,0,25.68,2.392
2025-07-07 17:00:00,L1,Evening,Housing A,120,5,0,23.82,2.104
2025-07-07 17:00:00,L2,Evening,Housing A,114,1,0,22.36,2.583
2025-07-07 17:00:00,L3,Evening,Bracket B,114,0,0,26.16,0.928
2025-07-07 17:00:00,L4,Evening,Bracket B,126,5,0,26.4,2.38
2025-07-07 18:00:00,L1,Evening,Housing A,126,2,0,25.68,2.003
2025-07-07 18:00:00,L2,Evening,Housing A,125,3,0,26.28,3.646
2025-07-07 18:00:00,L3,Evening,Bracket B,109,6,0,26.47,2.177
2025-07-07 18:00:00,L4,Evening,Bracket B,120,0,0,23.95,1.585
2025-07-07 19:00:00,L1,Evening,Housing A,60,0,30,23.32,2.212
2025-07-07 19:00:00,L2,Evening,Housing A,118,4,0,25.19,3.27
2025-07-07 19:00:00,L3,Evening,Bracket B,115,4,0,27.34,2.433
2025-07-07 19:00:00,L4,Evening,Bracket B,64,2,30,24.08,2.237
2025-07-07 20:00:00,L1,Evening,Housing A,123,2,0,22.77,1.995
2025-07-07 20:00:00,L2,Evening,Housing A,135,4,0,23.99,3.42
2025-07-07 20:00:00,L3,Evening,Bracket B,105,6,0,28.98,2.154
2025-07-07 20:00:00,L4,Evening,Bracket B,109,0,0,24.17,1.913
2025-07-07 21:00:00,L1,Evening,Housing A,125,0,0,24.18,1.216
2025-07-07 21:00:00,L2,Evening,Housing A,106,2,0,23.79,2.828
2025-07-07 21:00:00,L3,Evening,Bracket B,121,1,0,27.42,2.542
2025-07-07 21:00:00,L4,Evening,Bracket B,109,4,0,27.71,2.177
2025-07-07 22:00:00,L1,Night,Housing A,103,0,10,25.24,2.416
2025-07-07 22:00:00,L2,Night,Housing A,131,1,0,22.71,2.582
2025-07-07 22:00:00,L3,Night,Bracket B,122,4,0,24.74,2.429
2025-07-07 22:00:00,L4,Night,Bracket B,28,0,45,25.27,1.75
2025-07-07 23:00:00,L1,Night,Housing A,112,3,0,23.26,3.21
2025-07-07 23:00:00,L2,Night,Housing A,116,3,0,25.67,3.396
2025-07-07 23:00:00,L3,Night,Bracket B,122,3,0,27.1,2.414
2025-07-07 23:00:00,L4,Night,Bracket B,132,3,0,23.88,2.149
2025-07-08 00:00:00,L1,Night,Housing A,112,1,0,25.48,2.222
2025-07-08 00:00:00,L2,Night,Housing A,111,2,10,23.77,3.222
2025-07-08 00:00:00,L3,Night,Bracket B,122,3,0,28.96,3.164
2025-07-08 00:00:00,L4,Night,Bracket B,128,3,0,26.08,2.519
2025-07-08 01:00:00,L1,Night,Housing A,120,3,0,22.26,2.14
2025-07-08 01:00:00,L2,Night,Housing A,113,1,0,24.99,3.431
2025-07-08 01:00:00,L3,Night,Bracket B,105,3,0,28.13,2.318
2025-07-08 01:00:00,L4,Night,Bracket B,133,4,0,22.75,1.873
2025-07-08 02:00:00,L1,Night,Housing A,136,2,0,24.48,2.139
2025-07-08 02:00:00,L2,Night,Housing A,113,1,0,24.37,3.647
2025-07-08 02:00:00,L3,Night,Bracket B,111,2,0,26.14,2.118
2025-07-08 02:00:00,L4,Night,Bracket B,109,2,0,27.51,2.501
2025-07-08 03:00:00,L1,Night,Housing A,101,5,15,23.36,1.363
2025-07-08 03:00:00,L2,Night,Housing A,95,0,10,22.52,3.266
2025-07-08 03:00:00,L3,Night,Bracket B,132,2,0,26.97,2.043
2025-07-08 03:00:00,L4,Night,Bracket B,139,1,0,23.12,3.422
2025-07-08 04:00:00,L1,Night,Housing A,121,5,0,22.43,2.526
2025-07-08 04:00:00,L2,Night,Housing A,123,5,0,27.44,2.302
2025-07-08 04:00:00,L3,Night,Bracket B,99,3,0,27.94,2.113
2025-07-08 04:00:00,L4,Night,Bracket B,83,2,15,23.71,2.799
2025-07-08 05:00:00,L1,Night,Housing A,121,3,0,23.44,2.456
2025-07-08 05:00:00,L2,Night,Housing A,126,1,0,26.28,3.005
2025-07-08 05:00:00,L3,Night,Bracket B,101,1,0,27.85,2.359
2025-07-08 05:00:00,L4,Night,Bracket B,122,2,0,24.69,2.003
2025-07-08 06:00:00,L1,Day,Housing A,131,3,0,25.95,2.355
2025-07-08 06:00:00,L2,Day,Housing A,125,2,0,25.99,2.426
2025-07-08 06:00:00,L3,Day,Bracket B,125,5,0,29.87,2.071
2025-07-08 06:00:00,L4,Day,Bracket B,139,4,0,27.83,2.235
2025-07-08 07:00:00,L1,Day,Housing A,123,1,0,25.67,2.157
2025-07-08 07:00:00,L2,Day,Housing A,127,1,0,24.65,2.439
2025-07-08 07:00:00,L3,Day,Bracket B,131,5,0,29.57,1.928
2025-07-08 07:00:00,L4,Day,Bracket B,108,4,0,27.97,2.351
2025-07-08 08:00:00,L1,Day,Housing A,123,6,0,26.12,1.672
2025-07-08 08:00:00,L2,Day,Housing A,130,3,0,22.61,3.915
2025-07-08 08:00:00,L3,Day,Bracket B,120,1,0,27.89,1.952
2025-07-08 08:00:00,L4,Day,Bracket B,121,3,0,26.97,1.483
2025-07-08 09:00:00,L1,Day,Housing A,119,3,0,26.38,1.928
2025-07-08 09:00:00,L2,Day,Housing A,122,3,0,27.95,4.115
2025-07-08 09:00:00,L3,Day,Bracket B,121,9,0,29.43,2.51
2025-07-08 09:00:00,L4,Day,Bracket B,117,5,0,27.65,1.65
2025-07-08 10:00:00,L1,Day,Housing A,118,2,0,24.84,1.592
2025-07-08 10:00:00,L2,Day,Housing A,32,1,45,26.75,3.287
2025-07-08 10:00:00,L3,Day,Bracket B,126,3,0,31.48,1.681
2025-07-08 10:00:00,L4,Day,Bracket B,120,8,0,28.06,2.057
2025-07-08 11:00:00,L1,Day,Housing A,113,6,0,29.94,1.477
2025-07-08 11:00:00,L2,Day,Housing A,121,3,0,27.7,2.781
2025-07-08 11:00:00,L3,Day,Bracket B,130,7,0,31.64,1.65
2025-07-08 11:00:00,L4,Day,Bracket B,117,0,0,24.79,2.512
2025-07-08 12:00:00,L1,Day,Housing A,128,1,0,24.68,2.157
2025-07-08 12:00:00,L2,Day,Housing A,122,3,0,26.38,3.067
2025-07-08 12:00:00,L3,Day,Bracket B,121,3,0,26.4,2.486
2025-07-08 12:00:00,L4,Day,Bracket B,114,1,0,25.93,2.194
2025-07-08 13:00:00,L1,Day,Housing A,88,1,15,27.82,2.03
2025-07-08 13:00:00,L2,Day,Housing A,118,3,0,26.61,2.953
2025-07-08 13:00:00,L3,Day,Bracket B,111,6,0,32.43,2.95
2025-07-08 13:00:00,L4,Day,Bracket B,130,2,0,23.62,1.369
2025-07-08 14:00:00,L1,Evening,Housing A,104,3,0,20.75,2.361
2025-07-08 14:00:00,L2,Evening,Housing A,125,2,0,20.93,2.387
2025-07-08 14:00:00,L3,Evening,Bracket B,123,0,0,25.46,2.475
2025-07-08 14:00:00,L4,Evening,Bracket B,114,2,0,25.32,2.352
2025-07-08 15:00:00,L1,Evening,Housing A,106,1,10,23.42,2.476
2025-07-08 15:00:00,L2,Evening,Housing A,120,3,0,22.87,3.272
2025-07-08 15:00:00,L3,Evening,Bracket B,133,4,0,29.04,1.506
2025-07-08 15:00:00,L4,Evening,Bracket B,121,1,0,23.98,1.764
2025-07-08 16:00:00,L1,Evening,Housing A,137,1,0,24.17,2.671
2025-07-08 16:00:00,L2,Evening,Housing A,117,2,0,25.48,3.443
2025-07-08 16:00:00,L3,Evening,Bracket B,113,0,0,27.05,1.731
2025-07-08 16:00:00,L4,Evening,Bracket B,122,2,0,25.14,1.739
2025-07-08 17:00:00,L1,Evening,Housing A,113,1,0,23.49,1.651
2025-07-08 17:00:00,L2,Evening,Housing A,125,1,0,24.65,2.472
2025-07-08 17:00:00,L3,Evening,Bracket B,124,5,0,30.3,1.979
2025-07-08 17:00:00,L4,Evening,Bracket B,123,0,0,22.67,1.977
2025-07-08 18:00:00,L1,Evening,Housing A,116,0,0,25.44,2.543
2025-07-08 18:00:00,L2,Evening,Housing A,134,4,0,25.06,3.431
2025-07-08 18:00:00,L3,Evening,Bracket B,119,4,0,26.23,1.779
2025-07-08 18:00:00,L4,Evening,Bracket B,112,2,0,27.05,1.758
2025-07-08 19:00:00,L1,Evening,Housing A,128,3,0,25.51,1.565
2025-07-08 19:00:00,L2,Evening,Housing A,133,0,0,24.57,2.774
2025-07-08 19:00:00,L3,Evening,Bracket B,133,4,0,27.04,1.672
2025-07-08 19:00:00,L4,Evening,Bracket B,121,1,0,23.39,2.223
2025-07-08 20:00:00,L1,Evening,Housing A,118,0,0,23.42,2.103
2025-07-08 20:00:00,L2,Evening,Housing A,119,2,0,22.89,3.937
2025-07-08 20:00:00,L3,Evening,Bracket B,133,4,0,28.75,2.191
2025-07-08 20:00:00,L4,Evening,Bracket B,110,1,0,24.82,1.706
2025-07-08 21:00:00,L1,Evening,Housing A,100,2,10,26.38,1.778
2025-07-08 21:00:00,L2,Evening,Housing A,111,2,0,22.9,3.274
2025-07-08 21:00:00,L3,Evening,Bracket B,114,2,0,28.01,1.811
2025-07-08 21:00:00,L4,Evening,Bracket B,118,0,0,24.67,2.32
2025-07-08 22:00:00,L1,Night,Housing A,110,4,0,22.86,1.63
2025-07-08 22:00:00,L2,Night,Housing A,114,1,0,22.73,2.086
2025-07-08 22:00:00,L3,Night,Bracket B,57,2,30,28.27,2.588
2025-07-08 22:00:00,L4,Night,Bracket B,120,2,0,24.92,2.936
2025-07-08 23:00:00,L1,Night,Housing A,109,3,0,25.29,2.509
2025-07-08 23:00:00,L2,Night,Housing A,31,0,45,27.8,2.981
2025-07-08 23:00:00,L3,Night,Bracket B,110,1,0,27.53,2.328
2025-07-08 23:00:00,L4,Night,Bracket B,126,2,0,26.38,0.897
2025-07-09 00:00:00,L1,Night,Housing A,110,1,0,24.29,2.467
2025-07-09 00:00:00,L2,Night,Housing A,30,0,45,24.18,2.846
2025-07-09 00:00:00,L3,Night,Bracket B,122,7,0,27.22,2.173
2025-07-09 00:00:00,L4,Night,Bracket B,116,3,0,23.05,1.209
2025-07-09 01:00:00,L1,Night,Housing A,125,2,0,23.54,1.683
2025-07-09 01:00:00,L2,Night,Housing A,59,1,30,25.44,2.855
2025-07-09 01:00:00,L3,Night,Bracket B,133,6,0,30.18,2.795
2025-07-09 01:00:00,L4,Night,Bracket B,116,2,0,24.0,2.763
2025-07-09 02:00:00,L1,Night,Housing A,118,1,0,21.82,2.3
2025-07-09 02:00:00,L2,Night,Housing A,80,3,15,21.34,2.812
2025-07-09 02:00:00,L3,Night,Bracket B,129,1,0,26.22,1.752
2025-07-09 02:00:00,L4,Night,Bracket B,114,0,0,22.93,1.988
2025-07-09 03:00:00,L1,Night,Housing A,128,2,0,23.49,2.092
2025-07-09 03:00:00,L2,Night,Housing A,116,1,0,22.55,3.058
2025-07-09 03:00:00,L3,Night,Bracket B,105,3,5,26.94,2.478
2025-07-09 03:00:00,L4,Night,Bracket B,126,1,0,24.98,2.645
2025-07-09 04:00:00,L1,Night,Housing A,94,3,10,25.87,2.033
2025-07-09 04:00:00,L2,Night,Housing A,120,0,0,23.48,3.14
2025-07-09 04:00:00,L3,Night,Bracket B,116,4,0,26.82,2.784
2025-07-09 04:00:00,L4,Night,Bracket B,108,3,5,25.09,3.23
2025-07-09 05:00:00,L1,Night,Housing A,127,1,0,21.99,2.358
2025-07-09 05:00:00,L2,Night,Housing A,28,0,45,23.35,4.714
2025-07-09 05:00:00,L3,Night,Bracket B,106,1,0,26.73,2.722
2025-07-09 05:00:00,L4,Night,Bracket B,114,1,0,24.29,1.88
2025-07-09 06:00:00,L1,Day,Housing A,124,4,0,28.37,2.238
2025-07-09 06:00:00,L2,Day,Housing A,131,5,0,26.68,3.58
2025-07-09 06:00:00,L3,Day,Bracket B,117,5,0,29.83,2.652
2025-07-09 06:00:00,L4,Day,Bracket B,104,1,0,26.24,2.494
2025-07-09 07:00:00,L1,Day,Housing A,116,6,0,25.69,2.773
2025-07-09 07:00:00,L2,Day,Housing A,118,2,0,21.39,3.336
2025-07-09 07:00:00,L3,Day,Bracket B,114,5,0,29.52,2.352
2025-07-09 07:00:00,L4,Day,Bracket B,119,2,0,24.21,2.79
2025-07-09 08:00:00,L1,Day,Housing A,116,0,0,25.1,2.677
2025-07-09 08:00:00,L2,Day,Housing A,123,7,0,28.77,2.837
2025-07-09 08:00:00,L3,Day,Bracket B,122,2,0,27.08,2.247
2025-07-09 08:00:00,L4,Day,Bracket B,129,5,0,29.08,2.936
2025-07-09 09:00:00,L1,Day,Housing A,119,1,0,25.24,1.252
2025-07-09 09:00:00,L2,Day,Housing A,117,1,5,24.24,3.77
2025-07-09 09:00:00,L3,Day,Bracket B,111,3,0,28.91,2.749
2025-07-09 09:00:00,L4,Day,Bracket B,107,3,0,26.02,1.957
2025-07-09 10:00:00,L1,Day,Housing A,130,4,0,27.58,1.628
2025-07-09 10:00:00,L2,Day,Housing A,112,0,0,26.39,3.595
2025-07-09 10:00:00,L3,Day,Bracket B,121,5,0,29.24,1.937
2025-07-09 10:00:00,L4,Day,Bracket B,122,1,0,25.46,2.006
2025-07-09 11:00:00,L1,Day,Housing A,126,6,0,28.41,3.099
2025-07-09 11:00:00,L2,Day,Housing A,123,4,0,26.02,3.09
2025-07-09 11:00:00,L3,Day,Bracket B,128,8,0,30.22,1.557
2025-07-09 11:00:00,L4,Day,Bracket B,118,2,0,26.23,2.061
2025-07-09 12:00:00,L1,Day,Housing A,111,0,0,26.14,2.288
2025-07-09 12:00:00,L2,Day,Housing A,137,4,0,27.73,2.706
2025-07-09 12:00:00,L3,Day,Bracket B,113,8,0,30.4,2.244
2025-07-09 12:00:00,L4,Day,Bracket B,107,2,0,26.35,1.622
2025-07-09 13:00:00,L1,Day,Housing A,115,5,0,29.79,1.423
2025-07-09 13:00:00,L2,Day,Housing A,133,3,0,25.29,3.061
2025-07-09 13:00:00,L3,Day,Bracket B,26,0,45,28.1,2.004
2025-07-09 13:00:00,L4,Day,Bracket B,112,5,0,26.27,1.827
2025-07-09 14:00:00,L1,Evening,Housing A,112,0,0,24.0,2.386
2025-07-09 14:00:00,L2,Evening,Housing A,116,4,0,27.56,4.563
2025-07-09 14:00:00,L3,Evening,Bracket B,120,4,0,28.24,2.613
2025-07-09 14:00:00,L4,Evening,Bracket B,121,0,0,24.31,2.192
2025-07-09 15:00:00,L1,Evening,Housing A,132,2,0,21.04,2.155
2025-07-09 15:00:00,L2,Evening,Housing A,122,2,0,24.09,2.925
2025-07-09 15:00:00,L3,Evening,Bracket B,132,4,0,24.84,2.299
2025-07-09 15:00:00,L4,Evening,Bracket B,117,1,0,23.39,2.394
2025-07-09 16:00:00,L1,Evening,Housing A,127,1,0,26.14,2.535
2025-07-09 16:00:00,L2,Evening,Housing A,116,2,0,25.27,4.344
2025-07-09 16:00:00,L3,Evening,Bracket B,109,2,0,27.1,2.017
2025-07-09 16:00:00,L4,Evening,Bracket B,120,1,0,26.13,2.737
2025-07-09 17:00:00,L1,Evening,Housing A,119,1,0,23.82,1.697
2025-07-09 17:00:00,L2,Evening,Housing A,123,2,0,25.08,2.994
2025-07-09 17:00:00,L3,Evening,Bracket B,106,5,0,29.4,2.224
2025-07-09 17:00:00,L4,Evening,Bracket B,115,2,0,24.92,2.356
2025-07-09 18:00:00,L1,Evening,Housing A,117,1,0,23.41,1.611
2025-07-09 18:00:00,L2,Evening,Housing A,132,1,0,23.75,3.496
2025-07-09 18:00:00,L3,Evening,Bracket B,115,2,0,27.73,2.743
2025-07-09 18:00:00,L4,Evening,Bracket B,119,0,0,25.43,2.684
2025-07-09 19:00:00,L1,Evening,Housing A,117,5,0,25.97,1.938
2025-07-09 19:00:00,L2,Evening,Housing A,107,2,0,24.32,3.515
2025-07-09 19:00:00,L3,Evening,Bracket B,122,2,0,26.66,1.853
2025-07-09 19:00:00,L4,Evening,Bracket B,121,2,0,26.08,2.43
2025-07-09 20:00:00,L1,Evening,Housing A,131,1,0,24.34,1.756
2025-07-09 20:00:00,L2,Evening,Housing A,64,3,30,27.48,3.434
2025-07-09 20:00:00,L3,Evening,Bracket B,123,2,0,28.49,2.937
2025-07-09 20:00:00,L4,Evening,Bracket B,114,2,0,24.29,1.786
2025-07-09 21:00:00,L1,Evening,Housing A,125,3,0,25.44,1.695
2025-07-09 21:00:00,L2,Evening,Housing A,115,3,0,24.63,3.514
2025-07-09 21:00:00,L3,Evening,Bracket B,113,1,0,26.44,2.346
2025-07-09 21:00:00,L4,Evening,Bracket B,115,1,0,24.78,1.144
2025-07-09 22:00:00,L1,Night,Housing A,106,3,0,23.33,2.861
2025-07-09 22:00:00,L2,Night,Housing A,130,0,0,22.03,2.544
2025-07-09 22:00:00,L3,Night,Bracket B,107,2,0,27.01,1.823
2025-07-09 22:00:00,L4,Night,Bracket B,111,0,0,23.35,1.581
2025-07-09 23:00:00,L1,Night,Housing A,96,2,0,23.3,2.869
2025-07-09 23:00:00,L2,Night,Housing A,112,1,0,24.14,3.055
2025-07-09 23:00:00,L3,Night,Bracket B,69,5,30,30.07,2.411
2025-07-09 23:00:00,L4,Night,Bracket B,126,2,0,21.45,2.12
2025-07-10 00:00:00,L1,Night,Housing A,128,3,0,24.93,2.07
2025-07-10 00:00:00,L2,Night,Housing A,134,3,0,24.3,3.625
2025-07-10 00:00:00,L3,Night,Bracket B,125,7,0,27.7,1.767
2025-07-10 00:00:00,L4,Night,Bracket B,125,2,0,26.59,1.775
2025-07-10 01:00:00,L1,Night,Housing A,127,2,0,22.48,3.171
2025-07-10 01:00:00,L2,Night,Housing A,132,1,0,22.29,3.364
2025-07-10 01:00:00,L3,Night,Bracket B,124,2,0,27.78,1.502
2025-07-10 01:00:00,L4,Night,Bracket B,127,4,0,21.49,1.794
2025-07-10 02:00:00,L1,Night,Housing A,121,2,0,23.25,1.686
2025-07-10 02:00:00,L2,Night,Housing A,102,0,0,24.26,3.211
2025-07-10 02:00:00,L3,Night,Bracket B,119,9,0,30.42,1.336
2025-07-10 02:00:00,L4,Night,Bracket B,135,3,0,25.99,2.655
2025-07-10 03:00:00,L1,Night,Housing A,132,3,0,25.61,2.5
2025-07-10 03:00:00,L2,Night,Housing A,27,0,45,24.74,3.252
2025-07-10 03:00:00,L3,Night,Bracket B,30,3,45,28.58,2.4
2025-07-10 03:00:00,L4,Night,Bracket B,114,2,0,21.91,2.645
2025-07-10 04:00:00,L1,Night,Housing A,112,0,0,24.1,1.771
2025-07-10 04:00:00,L2,Night,Housing A,114,1,0,26.44,2.989
2025-07-10 04:00:00,L3,Night,Bracket B,120,3,0,28.1,2.24
2025-07-10 04:00:00,L4,Night,Bracket B,113,0,0,22.42,1.438
2025-07-10 05:00:00,L1,Night,Housing A,112,1,0,24.65,1.442
2025-07-10 05:00:00,L2,Night,Housing A,122,0,0,24.13,3.734
2025-07-10 05:00:00,L3,Night,Bracket B,114,1,0,26.84,2.531
2025-07-10 05:00:00,L4,Night,Bracket B,117,0,0,23.9,2.326
2025-07-10 06:00:00,L1,Day,Housing A,112,4,0,28.24,2.096
2025-07-10 06:00:00,L2,Day,Housing A,111,7,0,26.88,2.969
2025-07-10 06:00:00,L3,Day,Bracket B,114,7,0,30.66,3.121
2025-07-10 06:00:00,L4,Day,Bracket B,118,5,0,28.04,1.292
2025-07-10 07:00:00,L1,Day,Housing A,118,1,0,25.92,3.494
2025-07-10 07:00:00,L2,Day,Housing A,137,1,0,24.44,3.039
2025-07-10 07:00:00,L3,Day,Bracket B,122,5,0,33.16,2.306
2025-07-10 07:00:00,L4,Day,Bracket B,122,3,0,26.73,2.115
2025-07-10 08:00:00,L1,Day,Housing A,123,4,0,28.1,1.72
2025-07-10 08:00:00,L2,Day,Housing A,127,10,0,29.81,3.792
2025-07-10 08:00:00,L3,Day,Bracket B,58,0,30,27.96,1.36
2025-07-10 08:00:00,L4,Day,Bracket B,123,3,0,25.84,2.169
2025-07-10 09:00:00,L1,Day,Housing A,116,2,0,26.1,2.481
2025-07-10 09:00:00,L2,Day,Housing A,118,2,0,27.91,4.251
2025-07-10 09:00:00,L3,Day,Bracket B,135,3,0,30.01,2.27
2025-07-10 09:00:00,L4,Day,Bracket B,126,2,0,26.02,1.367
2025-07-10 10:00:00,L1,Day,Housing A,116,4,0,28.97,2.523
2025-07-10 10:00:00,L2,Day,Housing A,112,2,0,27.26,3.446
2025-07-10 10:00:00,L3,Day,Bracket B,114,2,0,26.02,1.477
2025-07-10 10:00:00,L4,Day,Bracket B,123,1,0,25.66,2.616
2025-07-10 11:00:00,L1,Day,Housing A,120,3,0,29.2,2.356
2025-07-10 11:00:00,L2,Day,Housing A,118,0,0,25.37,3.204
2025-07-10 11:00:00,L3,Day,Bracket B,118,4,0,28.9,2.117
2025-07-10 11:00:00,L4,Day,Bracket B,126,7,0,27.91,2.213
2025-07-10 12:00:00,L1,Day,Housing A,118,4,0,26.77,1.612
2025-07-10 12:00:00,L2,Day,Housing A,124,7,0,26.19,1.644
2025-07-10 12:00:00,L3,Day,Bracket B,131,5,0,30.82,2.65
2025-07-10 12:00:00,L4,Day,Bracket B,92,3,10,25.55,1.996
2025-07-10 13:00:00,L1,Day,Housing A,126,4,0,25.94,1.179
2025-07-10 13:00:00,L2,Day,Housing A,121,5,0,27.64,3.298
2025-07-10 13:00:00,L3,Day,Bracket B,124,7,0,32.25,1.844
2025-07-10 13:00:00,L4,Day,Bracket B,127,8,0,27.21,2.456
2025-07-10 14:00:00,L1,Evening,Housing A,128,3,0,21.88,1.513
2025-07-10 14:00:00,L2,Evening,Housing A,114,0,0,22.05,3.172
2025-07-10 14:00:00,L3,Evening,Bracket B,132,4,0,28.17,2.379
2025-07-10 14:00:00,L4,Evening,Bracket B,107,2,0,23.07,1.76
2025-07-10 15:00:00,L1,Evening,Housing A,116,1,0,23.06,1.752
2025-07-10 15:00:00,L2,Evening,Housing A,98,2,10,24.85,2.462
2025-07-10 15:00:00,L3,Evening,Bracket B,116,4,0,27.62,1.742
2025-07-10 15:00:00,L4,Evening,Bracket B,114,1,0,25.12,2.237
2025-07-10 16:00:00,L1,Evening,Housing A,123,1,0,23.17,1.901
2025-07-10 16:00:00,L2,Evening,Housing A,60,0,30,20.73,2.399
2025-07-10 16:00:00,L3,Evening,Bracket B,126,1,0,27.75,3.039
2025-07-10 16:00:00,L4,Evening,Bracket B,107,0,0,23.1,2.543
2025-07-10 17:00:00,L1,Evening,Housing A,117,1,0,18.91,1.93
2025-07-10 17:00:00,L2,Evening,Housing A,124,5,0,20.85,3.291
2025-07-10 17:00:00,L3,Evening,Bracket B,112,3,0,26.75,1.939
2025-07-10 17:00:00,L4,Evening,Bracket B,123,5,0,27.21,2.436
2025-07-10 18:00:00,L1,Evening,Housing A,114,3,0,24.04,1.841
2025-07-10 18:00:00,L2,Evening,Housing A,117,2,0,24.07,3.595
2025-07-10 18:00:00,L3,Evening,Bracket B,135,5,0,26.39,1.837
2025-07-10 18:00:00,L4,Evening,Bracket B,115,0,0,25.08,2.19
2025-07-10 19:00:00,L1,Evening,Housing A,127,3,0,26.16,2.601
2025-07-10 19:00:00,L2,Evening,Housing A,117,4,0,25.96,2.877
2025-07-10 19:00:00,L3,Evening,Bracket B,112,5,5,28.12,2.246
2025-07-10 19:00:00,L4,Evening,Bracket B,127,2,0,25.33,3.181
2025-07-10 20:00:00,L1,Evening,Housing A,62,1,30,25.35,2.334
2025-07-10 20:00:00,L2,Evening,Housing A,118,0,0,22.83,4.097
2025-07-10 20:00:00,L3,Evening,Bracket B,110,5,0,28.6,2.009
2025-07-10 20:00:00,L4,Evening,Bracket B,127,2,0,23.32,1.694
2025-07-10 21:00:00,L1,Evening,Housing A,134,5,0,27.51,2.716
2025-07-10 21:00:00,L2,Evening,Housing A,126,4,0,25.19,2.901
2025-07-10 21:00:00,L3,Evening,Bracket B,130,6,0,27.96,1.321
2025-07-10 21:00:00,L4,Evening,Bracket B,123,2,0,20.99,2.315
2025-07-10 22:00:00,L1,Night,Housing A,82,1,15,23.71,2.335
2025-07-10 22:00:00,L2,Night,Housing A,126,1,0,24.51,2.917
2025-07-10 22:00:00,L3,Night,Bracket B,128,2,0,31.37,2.183
2025-07-10 22:00:00,L4,Night,Bracket B,109,1,0,23.93,2.151
2025-07-10 23:00:00,L1,Night,Housing A,116,2,0,21.09,2.421
2025-07-10 23:00:00,L2,Night,Housing A,135,2,0,25.0,3.049
2025-07-10 23:00:00,L3,Night,Bracket B,118,6,0,28.38,2.732
2025-07-10 23:00:00,L4,Night,Bracket B,112,1,0,26.24,1.387
2025-07-11 00:00:00,L1,Night,Housing A,124,3,0,23.75,2.225
2025-07-11 00:00:00,L2,Night,Housing A,134,3,0,24.48,2.007
2025-07-11 00:00:00,L3,Night,Bracket B,99,6,10,30.95,1.469
2025-07-11 00:00:00,L4,Night,Bracket B,104,2,0,24.44,2.469
2025-07-11 01:00:00,L1,Night,Housing A,123,0,0,26.13,1.36
2025-07-11 01:00:00,L2,Night,Housing A,128,2,0,23.69,2.7
2025-07-11 01:00:00,L3,Night,Bracket B,111,7,0,28.97,2.489
2025-07-11 01:00:00,L4,Night,Bracket B,55,0,30,22.6,1.627
2025-07-11 02:00:00,L1,Night,Housing A,107,3,0,19.95,2.839
2025-07-11 02:00:00,L2,Night,Housing A,128,1,0,23.96,3.186
2025-07-11 02:00:00,L3,Night,Bracket B,127,2,0,26.01,2.197
2025-07-11 02:00:00,L4,Night,Bracket B,121,4,0,24.17,2.462
2025-07-11 03:00:00,L1,Night,Housing A,115,1,0,23.43,2.635
2025-07-11 03:00:00,L2,Night,Housing A,117,1,0,22.74,3.322
2025-07-11 03:00:00,L3,Night,Bracket B,123,3,0,28.18,1.565
2025-07-11 03:00:00,L4,Night,Bracket B,109,2,0,26.71,2.186
2025-07-11 04:00:00,L1,Night,Housing A,103,0,10,24.0,2.582
2025-07-11 04:00:00,L2,Night,Housing A,109,3,0,25.72,2.766
2025-07-11 04:00:00,L3,Night,Bracket B,124,2,0,28.43,1.876
2025-07-11 04:00:00,L4,Night,Bracket B,120,1,0,24.58,1.514
2025-07-11 05:00:00,L1,Night,Housing A,115,1,0,23.68,1.889
2025-07-11 05:00:00,L2,Night,Housing A,123,1,0,22.27,2.13
2025-07-11 05:00:00,L3,Night,Bracket B,121,2,0,26.68,2.412
2025-07-11 05:00:00,L4,Night,Bracket B,119,1,0,23.01,2.566
2025-07-11 06:00:00,L1,Day,Housing A,115,6,0,28.66,1.941
2025-07-11 06:00:00,L2,Day,Housing A,116,1,0,24.7,2.81
2025-07-11 06:00:00,L3,Day,Bracket B,115,2,0,32.2,2.014
2025-07-11 06:00:00,L4,Day,Bracket B,112,0,0,23.41,1.028
2025-07-11 07:00:00,L1,Day,Housing A,119,0,0,26.0,2.131
2025-07-11 07:00:00,L2,Day,Housing A,117,1,0,24.95,2.282
2025-07-11 07:00:00,L3,Day,Bracket B,128,7,0,32.14,2.368
2025-07-11 07:00:00,L4,Day,Bracket B,126,9,0,31.41,1.997
2025-07-11 08:00:00,L1,Day,Housing A,112,2,0,28.12,1.432
2025-07-11 08:00:00,L2,Day,Housing A,118,1,0,24.78,3.115
2025-07-11 08:00:00,L3,Day,Bracket B,111,5,0,28.4,1.612
2025-07-11 08:00:00,L4,Day,Bracket B,123,2,0,27.26,1.878
2025-07-11 09:00:00,L1,Day,Housing A,118,2,0,25.63,2.449
2025-07-11 09:00:00,L2,Day,Housing A,119,1,0,26.29,2.697
2025-07-11 09:00:00,L3,Day,Bracket B,106,7,0,31.39,3.128
2025-07-11 09:00:00,L4,Day,Bracket B,126,2,0,25.81,2.591
2025-07-11 10:00:00,L1,Day,Housing A,113,2,5,24.57,2.51
2025-07-11 10:00:00,L2,Day,Housing A,103,1,5,28.29,3.139
2025-07-11 10:00:00,L3,Day,Bracket B,123,7,0,30.07,1.534
2025-07-11 10:00:00,L4,Day,Bracket B,125,1,0,26.01,1.635
2025-07-11 11:00:00,L1,Day,Housing A,107,2,0,24.14,1.956
2025-07-11 11:00:00,L2,Day,Housing A,131,1,0,26.17,2.015
2025-07-11 11:00:00,L3,Day,Bracket B,121,3,0,28.18,1.919
2025-07-11 11:00:00,L4,Day,Bracket B,112,3,0,25.85,2.177
2025-07-11 12:00:00,L1,Day,Housing A,112,4,0,25.58,1.591
2025-07-11 12:00:00,L2,Day,Housing A,100,0,10,26.65,2.849
2025-07-11 12:00:00,L3,Day,Bracket B,57,3,30,33.14,2.486
2025-07-11 12:00:00,L4,Day,Bracket B,122,4,0,26.93,1.629
2025-07-11 13:00:00,L1,Day,Housing A,109,3,10,25.46,1.344
2025-07-11 13:00:00,L2,Day,Housing A,85,4,15,29.2,3.991
2025-07-11 13:00:00,L3,Day,Bracket B,115,4,0,30.1,2.881
2025-07-11 13:00:00,L4,Day,Bracket B,109,3,0,26.84,2.276
2025-07-11 14:00:00,L1,Evening,Housing A,29,0,45,22.58,2.057
2025-07-11 14:00:00,L2,Evening,Housing A,112,0,0,21.37,2.348
2025-07-11 14:00:00,L3,Evening,Bracket B,123,3,0,27.57,2.088
2025-07-11 14:00:00,L4,Evening,Bracket B,123,4,0,23.19,2.477
2025-07-11 15:00:00,L1,Evening,Housing A,108,1,0,22.58,2.587
2025-07-11 15:00:00,L2,Evening,Housing A,111,2,0,25.46,2.903
2025-07-11 15:00:00,L3,Evening,Bracket B,111,6,0,28.88,3.016
2025-07-11 15:00:00,L4,Evening,Bracket B,125,3,0,23.36,1.719
2025-07-11 16:00:00,L1,Evening,Housing A,120,3,0,21.87,2.598
2025-07-11 16:00:00,L2,Evening,Housing A,124,3,0,21.51,2.252
2025-07-11 16:00:00,L3,Evening,Bracket B,113,2,0,27.15,2.209
2025-07-11 16:00:00,L4,Evening,Bracket B,113,3,0,24.4,1.634
2025-07-11 17:00:00,L1,Evening,Housing A,124,0,0,24.0,2.087
2025-07-11 17:00:00,L2,Evening,Housing A,137,3,0,23.08,2.69
2025-07-11 17:00:00,L3,Evening,Bracket B,119,2,0,28.93,3.147
2025-07-11 17:00:00,L4,Evening,Bracket B,123,1,0,23.14,2.514
2025-07-11 18:00:00,L1,Evening,Housing A,136,3,0,20.84,3.031
2025-07-11 18:00:00,L2,Evening,Housing A,129,1,0,23.79,2.289
2025-07-11 18:00:00,L3,Evening,Bracket B,126,1,0,26.14,2.104
2025-07-11 18:00:00,L4,Evening,Bracket B,125,0,0,24.17,2.452
2025-07-11 19:00:00,L1,Evening,Housing A,108,1,0,23.3,2.364
2025-07-11 19:00:00,L2,Evening,Housing A,114,6,0,27.05,4.021
2025-07-11 19:00:00,L3,Evening,Bracket B,126,3,0,28.35,2.107
2025-07-11 19:00:00,L4,Evening,Bracket B,133,2,0,24.92,2.145
2025-07-11 20:00:00,L1,Evening,Housing A,129,1,0,25.52,1.823
2025-07-11 20:00:00,L2,Evening,Housing A,119,3,0,24.7,2.878
2025-07-11 20:00:00,L3,Evening,Bracket B,128,7,0,27.71,2.194
2025-07-11 20:00:00,L4,Evening,Bracket B,114,0,0,24.68,2.055
2025-07-11 21:00:00,L1,Evening,Housing A,129,0,0,23.1,1.837
2025-07-11 21:00:00,L2,Evening,Housing A,128,2,0,21.14,3.326
2025-07-11 21:00:00,L3,Evening,Bracket B,122,3,0,26.7,1.83
2025-07-11 21:00:00,L4,Evening,Bracket B,137,1,0,23.05,2.331
2025-07-11 22:00:00,L1,Night,Housing A,113,2,0,26.91,1.466
2025-07-11 22:00:00,L2,Night,Housing A,103,2,0,24.28,2.625
2025-07-11 22:00:00,L3,Night,Bracket B,106,1,0,26.31,2.45
2025-07-11 22:00:00,L4,Night,Bracket B,117,2,0,25.98,2.388
2025-07-11 23:00:00,L1,Night,Housing A,102,4,0,20.41,2.307
2025-07-11 23:00:00,L2,Night,Housing A,59,0,30,24.4,3.152
2025-07-11 23:00:00,L3,Night,Bracket B,125,4,0,27.92,1.693
2025-07-11 23:00:00,L4,Night,Bracket B,120,3,0,24.15,1.91
2025-07-12 00:00:00,L1,Night,Housing A,118,1,0,23.73,1.529
2025-07-12 00:00:00,L2,Night,Housing A,124,3,0,20.65,2.752
2025-07-12 00:00:00,L3,Night,Bracket B,129,1,0,26.23,2.11
2025-07-12 00:00:00,L4,Night,Bracket B,123,5,0,26.38,2.414
2025-07-12 01:00:00,L1,Night,Housing A,121,0,0,22.05,1.569
2025-07-12 01:00:00,L2,Night,Housing A,116,2,0,25.4,2.188
2025-07-12 01:00:00,L3,Night,Bracket B,127,4,0,30.61,2.038
2025-07-12 01:00:00,L4,Night,Bracket B,112,4,0,26.06,1.53
2025-07-12 02:00:00,L1,Night,Housing A,121,1,0,22.06,2.491
2025-07-12 02:00:00,L2,Night,Housing A,117,3,0,23.87,3.144
2025-07-12 02:00:00,L3,Night,Bracket B,123,2,0,25.17,2.342
2025-07-12 02:00:00,L4,Night,Bracket B,112,3,0,26.03,1.593
2025-07-12 03:00:00,L1,Night,Housing A,95,1,10,24.75,2.249
2025-07-12 03:00:00,L2,Night,Housing A,115,3,0,22.56,2.715
2025-07-12 03:00:00,L3,Night,Bracket B,125,1,0,28.82,2.574
2025-07-12 03:00:00,L4,Night,Bracket B,118,0,0,24.46,2.455
2025-07-12 04:00:00,L1,Night,Housing A,111,0,0,23.75,2.563
2025-07-12 04:00:00,L2,Night,Housing A,115,3,0,25.47,3.709
2025-07-12 04:00:00,L3,Night,Bracket B,119,4,0,29.61,2.393
2025-07-12 04:00:00,L4,Night,Bracket B,107,2,0,21.11,3.028
2025-07-12 05:00:00,L1,Night,Housing A,119,2,0,24.88,1.747
2025-07-12 05:00:00,L2,Night,Housing A,131,2,0,20.24,3.316
2025-07-12 05:00:00,L3,Night,Bracket B,114,5,0,27.29,2.344
2025-07-12 05:00:00,L4,Night,Bracket B,115,2,0,23.54,1.755
2025-07-12 06:00:00,L1,Day,Housing A,123,1,0,26.39,1.396
2025-07-12 06:00:00,L2,Day,Housing A,119,3,0,27.75,2.577
2025-07-12 06:00:00,L3,Day,Bracket B,129,0,0,24.48,2.921
2025-07-12 06:00:00,L4,Day,Bracket B,106,1,0,26.09,1.24
2025-07-12 07:00:00,L1,Day,Housing A,107,1,0,24.27,1.686
2025-07-12 07:00:00,L2,Day,Housing A,121,0,0,27.41,3.157
2025-07-12 07:00:00,L3,Day,Bracket B,121,3,0,29.61,1.961
2025-07-12 07:00:00,L4,Day,Bracket B,117,6,0,27.03,3.076
2025-07-12 08:00:00,L1,Day,Housing A,121,1,0,24.39,2.485
2025-07-12 08:00:00,L2,Day,Housing A,134,3,0,27.93,2.556
2025-07-12 08:00:00,L3,Day,Bracket B,126,4,0,31.06,2.201
2025-07-12 08:00:00,L4,Day,Bracket B,105,2,5,26.83,2.573
2025-07-12 09:00:00,L1,Day,Housing A,109,0,0,23.01,1.531
2025-07-12 09:00:00,L2,Day,Housing A,107,1,0,26.61,3.382
2025-07-12 09:00:00,L3,Day,Bracket B,119,5,0,26.73,1.79
2025-07-12 09:00:00,L4,Day,Bracket B,105,0,0,23.4,2.856
2025-07-12 10:00:00,L1,Day,Housing A,122,0,0,23.69,2.084
2025-07-12 10:00:00,L2,Day,Housing A,113,0,0,23.15,2.04
2025-07-12 10:00:00,L3,Day,Bracket B,116,8,0,29.59,2.968
2025-07-12 10:00:00,L4,Day,Bracket B,129,1,0,27.89,2.549
2025-07-12 11:00:00,L1,Day,Housing A,112,1,0,28.99,2.632
2025-07-12 11:00:00,L2,Day,Housing A,119,1,0,24.26,3.012
2025-07-12 11:00:00,L3,Day,Bracket B,121,1,0,28.42,2.062
2025-07-12 11:00:00,L4,Day,Bracket B,122,4,0,25.25,2.717
2025-07-12 12:00:00,L1,Day,Housing A,112,2,0,26.02,1.251
2025-07-12 12:00:00,L2,Day,Housing A,106,6,0,28.92,3.079
2025-07-12 12:00:00,L3,Day,Bracket B,122,4,0,27.65,2.155
2025-07-12 12:00:00,L4,Day,Bracket B,122,5,0,26.16,2.019
2025-07-12 13:00:00,L1,Day,Housing A,125,1,0,27.25,1.841
2025-07-12 13:00:00,L2,Day,Housing A,138,3,0,25.23,3.748
2025-07-12 13:00:00,L3,Day,Bracket B,106,6,5,29.01,2.642
2025-07-12 13:00:00,L4,Day,Bracket B,120,5,0,27.37,3.513
2025-07-12 14:00:00,L1,Evening,Housing A,120,1,0,26.37,2.08
2025-07-12 14:00:00,L2,Evening,Housing A,108,0,0,20.54,2.906
2025-07-12 14:00:00,L3,Evening,Bracket B,126,6,0,27.56,2.513
2025-07-12 14:00:00,L4,Evening,Bracket B,105,1,0,23.83,3.06
2025-07-12 15:00:00,L1,Evening,Housing A,124,4,0,25.31,2.6
2025-07-12 15:00:00,L2,Evening,Housing A,112,3,0,26.78,2.926
2025-07-12 15:00:00,L3,Evening,Bracket B,114,0,0,25.04,1.721
2025-07-12 15:00:00,L4,Evening,Bracket B,123,4,0,26.14,2.61
2025-07-12 16:00:00,L1,Evening,Housing A,118,2,0,23.78,1.627
2025-07-12 16:00:00,L2,Evening,Housing A,108,3,0,25.39,2.848
2025-07-12 16:00:00,L3,Evening,Bracket B,116,1,0,26.73,2.548
2025-07-12 16:00:00,L4,Evening,Bracket B,125,2,0,22.46,1.782
2025-07-12 17:00:00,L1,Evening,Housing A,121,4,0,25.92,2.041
2025-07-12 17:00:00,L2,Evening,Housing A,117,1,5,23.75,2.979
2025-07-12 17:00:00,L3,Evening,Bracket B,112,0,5,25.6,1.858
2025-07-12 17:00:00,L4,Evening,Bracket B,113,3,0,24.05,2.521
2025-07-12 18:00:00,L1,Evening,Housing A,105,1,0,26.97,2.098
2025-07-12 18:00:00,L2,Evening,Housing A,131,3,0,20.94,2.738
2025-07-12 18:00:00,L3,Evening,Bracket B,115,6,0,28.52,2.606
2025-07-12 18:00:00,L4,Evening,Bracket B,109,1,0,23.17,2.239
2025-07-12 19:00:00,L1,Evening,Housing A,111,0,0,25.0,2.191
2025-07-12 19:00:00,L2,Evening,Housing A,113,2,0,23.12,4.719
2025-07-12 19:00:00,L3,Evening,Bracket B,119,2,0,24.66,2.633
2025-07-12 19:00:00,L4,Evening,Bracket B,105,0,0,23.89,2.457
2025-07-12 20:00:00,L1,Evening,Housing A,121,3,0,24.54,2.777
2025-07-12 20:00:00,L2,Evening,Housing A,123,2,0,25.03,2.718
2025-07-12 20:00:00,L3,Evening,Bracket B,129,0,0,28.22,2.604
2025-07-12 20:00:00,L4,Evening,Bracket B,132,0,0,21.7,2.678
2025-07-12 21:00:00,L1,Evening,Housing A,30,0,45,25.18,1.619
2025-07-12 21:00:00,L2,Evening,Housing A,127,1,0,20.79,2.676
2025-07-12 21:00:00,L3,Evening,Bracket B,111,7,0,27.56,2.193
2025-07-12 21:00:00,L4,Evening,Bracket B,107,1,0,25.09,2.891
2025-07-12 22:00:00,L1,Night,Housing A,101,2,0,24.9,3.019
2025-07-12 22:00:00,L2,Night,Housing A,123,4,0,22.03,2.872
2025-07-12 22:00:00,L3,Night,Bracket B,99,5,10,26.04,1.458
2025-07-12 22:00:00,L4,Night,Bracket B,117,1,0,22.95,1.887
2025-07-12 23:00:00,L1,Night,Housing A,106,2,0,22.69,3.27
2025-07-12 23:00:00,L2,Night,Housing A,116,2,0,23.83,2.466
2025-07-12 23:00:00,L3,Night,Bracket B,112,4,0,27.7,2.022
2025-07-12 23:00:00,L4,Night,Bracket B,116,2,0,23.75,2.565
2025-07-13 00:00:00,L1,Night,Housing A,113,5,0,26.29,1.887
2025-07-13 00:00:00,L2,Night,Housing A,126,1,0,20.95,2.833
2025-07-13 00:00:00,L3,Night,Bracket B,118,4,0,27.31,1.455
2025-07-13 00:00:00,L4,Night,Bracket B,113,4,0,24.66,2.07
2025-07-13 01:00:00,L1,Night,Housing A,119,4,0,22.3,2.353
2025-07-13 01:00:00,L2,Night,Housing A,118,1,0,22.82,4.153
2025-07-13 01:00:00,L3,Night,Bracket B,120,7,0,30.51,2.102
2025-07-13 01:00:00,L4,Night,Bracket B,120,3,0,24.76,1.767
2025-07-13 02:00:00,L1,Night,Housing A,112,2,0,23.92,2.211
2025-07-13 02:00:00,L2,Night,Housing A,119,1,0,22.74,3.252
2025-07-13 02:00:00,L3,Night,Bracket B,122,1,0,27.92,2.047
2025-07-13 02:00:00,L4,Night,Bracket B,32,1,45,25.19,2.154
2025-07-13 03:00:00,L1,Night,Housing A,132,3,0,26.28,2.067
2025-07-13 03:00:00,L2,Night,Housing A,110,2,0,25.05,4.037
2025-07-13 03:00:00,L3,Night,Bracket B,122,6,0,26.54,2.321
2025-07-13 03:00:00,L4,Night,Bracket B,117,2,0,23.39,1.406
2025-07-13 04:00:00,L1,Night,Housing A,116,1,0,23.03,3.301
2025-07-13 04:00:00,L2,Night,Housing A,119,2,0,21.32,3.065
2025-07-13 04:00:00,L3,Night,Bracket B,129,3,0,26.18,1.686
2025-07-13 04:00:00,L4,Night,Bracket B,116,1,0,27.19,1.502
2025-07-13 05:00:00,L1,Night,Housing A,118,5,0,24.04,1.465
2025-07-13 05:00:00,L2,Night,Housing A,106,0,0,23.05,3.091
2025-07-13 05:00:00,L3,Night,Bracket B,112,2,0,26.88,2.914
2025-07-13 05:00:00,L4,Night,Bracket B,121,4,0,24.38,1.822
2025-07-13 06:00:00,L1,Day,Housing A,123,4,0,27.79,2.526
2025-07-13 06:00:00,L2,Day,Housing A,91,3,15,29.47,3.102
2025-07-13 06:00:00,L3,Day,Bracket B,119,2,0,29.47,2.592
2025-07-13 06:00:00,L4,Day,Bracket B,128,1,0,24.78,2.434
2025-07-13 07:00:00,L1,Day,Housing A,118,2,0,26.78,2.806
2025-07-13 07:00:00,L2,Day,Housing A,105,2,0,25.5,3.302
2025-07-13 07:00:00,L3,Day,Bracket B,98,3,0,31.43,2.205
2025-07-13 07:00:00,L4,Day,Bracket B,127,3,0,25.0,2.699
2025-07-13 08:00:00,L1,Day,Housing A,117,1,0,25.76,1.419
2025-07-13 08:00:00,L2,Day,Housing A,132,0,0,24.62,3.181
2025-07-13 08:00:00,L3,Day,Bracket B,119,3,0,29.96,2.424
2025-07-13 08:00:00,L4,Day,Bracket B,111,1,0,25.08,1.913
2025-07-13 09:00:00,L1,Day,Housing A,117,4,0,28.51,2.033
2025-07-13 09:00:00,L2,Day,Housing A,83,6,15,27.35,2.709
2025-07-13 09:00:00,L3,Day,Bracket B,121,6,0,33.38,1.619
2025-07-13 09:00:00,L4,Day,Bracket B,125,5,0,26.53,1.551
2025-07-13 10:00:00,L1,Day,Housing A,109,3,0,26.96,2.363
2025-07-13 10:00:00,L2,Day,Housing A,120,3,0,27.82,4.046
2025-07-13 10:00:00,L3,Day,Bracket B,122,5,0,28.12,2.052
2025-07-13 10:00:00,L4,Day,Bracket B,128,1,0,26.39,2.492
2025-07-13 11:00:00,L1,Day,Housing A,115,4,0,26.89,1.807
2025-07-13 11:00:00,L2,Day,Housing A,113,6,0,27.3,3.652
2025-07-13 11:00:00,L3,Day,Bracket B,113,6,0,30.86,1.091
2025-07-13 11:00:00,L4,Day,Bracket B,119,4,0,27.55,2.08
2025-07-13 12:00:00,L1,Day,Housing A,114,6,0,27.72,2.671
2025-07-13 12:00:00,L2,Day,Housing A,122,1,0,23.47,2.634
2025-07-13 12:00:00,L3,Day,Bracket B,128,9,0,32.31,2.029
2025-07-13 12:00:00,L4,Day,Bracket B,126,1,0,25.42,1.759
2025-07-13 13:00:00,L1,Day,Housing A,122,5,0,26.76,1.752
2025-07-13 13:00:00,L2,Day,Housing A,111,0,0,24.5,3.056
2025-07-13 13:00:00,L3,Day,Bracket B,124,2,0,30.65,2.291
2025-07-13 13:00:00,L4,Day,Bracket B,134,5,0,28.75,1.284
2025-07-13 14:00:00,L1,Evening,Housing A,114,2,0,20.98,1.783
2025-07-13 14:00:00,L2,Evening,Housing A,123,1,0,24.32,3.391
2025-07-13 14:00:00,L3,Evening,Bracket B,118,2,0,27.64,2.487
2025-07-13 14:00:00,L4,Evening,Bracket B,118,0,0,22.1,2.264
2025-07-13 15:00:00,L1,Evening,Housing A,124,0,0,25.1,2.456
2025-07-13 15:00:00,L2,Evening,Housing A,122,1,0,24.24,3.451
2025-07-13 15:00:00,L3,Evening,Bracket B,112,2,0,29.55,1.48
2025-07-13 15:00:00,L4,Evening,Bracket B,104,1,0,23.88,2.053
2025-07-13 16:00:00,L1,Evening,Housing A,128,2,0,23.11,2.664
2025-07-13 16:00:00,L2,Evening,Housing A,115,1,0,24.09,3.419
2025-07-13 16:00:00,L3,Evening,Bracket B,122,2,0,28.25,2.29
2025-07-13 16:00:00,L4,Evening,Bracket B,115,4,0,25.75,2.35
2025-07-13 17:00:00,L1,Evening,Housing A,95,3,15,21.55,2.76
2025-07-13 17:00:00,L2,Evening,Housing A,129,2,0,22.77,2.108
2025-07-13 17:00:00,L3,Evening,Bracket B,105,6,10,28.51,3.016
2025-07-13 17:00:00,L4,Evening,Bracket B,128,0,0,24.67,1.9
2025-07-13 18:00:00,L1,Evening,Housing A,116,0,0,22.5,1.91
2025-07-13 18:00:00,L2,Evening,Housing A,120,1,0,25.06,3.317
2025-07-13 18:00:00,L3,Evening,Bracket B,114,5,0,28.88,2.402
2025-07-13 18:00:00,L4,Evening,Bracket B,119,3,0,24.95,2.823
2025-07-13 19:00:00,L1,Evening,Housing A,135,2,0,23.62,2.615
2025-07-13 19:00:00,L2,Evening,Housing A,139,5,0,23.56,3.283
2025-07-13 19:00:00,L3,Evening,Bracket B,117,1,0,24.91,3.152
2025-07-13 19:00:00,L4,Evening,Bracket B,117,7,0,26.1,2.468
2025-07-13 20:00:00,L1,Evening,Housing A,84,0,15,22.69,1.978
2025-07-13 20:00:00,L2,Evening,Housing A,122,1,0,22.51,3.32
2025-07-13 20:00:00,L3,Evening,Bracket B,115,2,0,26.81,2.437
2025-07-13 20:00:00,L4,Evening,Bracket B,125,3,0,26.28,2.86
2025-07-13 21:00:00,L1,Evening,Housing A,121,3,0,26.45,2.458
2025-07-13 21:00:00,L2,Evening,Housing A,127,3,0,23.39,2.973
2025-07-13 21:00:00,L3,Evening,Bracket B,116,1,0,27.46,3.502
2025-07-13 21:00:00,L4,Evening,Bracket B,104,0,0,25.42,2.024
2025-07-13 22:00:00,L1,Night,Housing A,121,2,0,23.63,2.318
2025-07-13 22:00:00,L2,Night,Housing A,120,4,0,25.13,2.401
2025-07-13 22:00:00,L3,Night,Bracket B,113,0,0,27.0,2.647
2025-07-13 22:00:00,L4,Night,Bracket B,115,2,0,24.42,2.395
2025-07-13 23:00:00,L1,Night,Housing A,136,2,0,24.69,1.886
2025-07-13 23:00:00,L2,Night,Housing A,122,1,0,24.17,2.424
2025-07-13 23:00:00,L3,Night,Bracket B,124,1,0,25.09,2.297
2025-07-13 23:00:00,L4,Night,Bracket B,109,3,0,25.21,2.353
2025-07-14 00:00:00,L1,Night,Housing A,121,1,0,22.72,1.992
2025-07-14 00:00:00,L2,Night,Housing A,124,3,0,25.11,3.197
2025-07-14 00:00:00,L3,Night,Bracket B,121,2,0,29.73,1.678
2025-07-14 00:00:00,L4,Night,Bracket B,124,3,0,25.44,2.763
2025-07-14 01:00:00,L1,Night,Housing A,58,0,30,20.74,2.425
2025-07-14 01:00:00,L2,Night,Housing A,120,2,0,26.12,3.383
2025-07-14 01:00:00,L3,Night,Bracket B,118,1,0,27.98,2.589
2025-07-14 01:00:00,L4,Night,Bracket B,108,1,0,24.15,2.418
2025-07-14 02:00:00,L1,Night,Housing A,127,4,0,26.44,2.093
2025-07-14 02:00:00,L2,Night,Housing A,124,2,0,23.62,2.076
2025-07-14 02:00:00,L3,Night,Bracket B,115,3,0,27.48,2.87
2025-07-14 02:00:00,L4,Night,Bracket B,123,2,0,21.03,1.95
2025-07-14 03:00:00,L1,Night,Housing A,117,0,0,23.47,1.471
2025-07-14 03:00:00,L2,Night,Housing A,119,1,0,21.01,2.592
2025-07-14 03:00:00,L3,Night,Bracket B,138,0,0,26.06,1.816
2025-07-14 03:00:00,L4,Night,Bracket B,120,2,0,24.6,2.221
2025-07-14 04:00:00,L1,Night,Housing A,121,2,0,23.95,1.736
2025-07-14 04:00:00,L2,Night,Housing A,116,0,0,23.55,3.749
2025-07-14 04:00:00,L3,Night,Bracket B,112,5,0,26.81,2.248
2025-07-14 04:00:00,L4,Night,Bracket B,127,2,0,24.54,1.924
2025-07-14 05:00:00,L1,Night,Housing A,139,5,0,24.9,3.053
2025-07-14 05:00:00,L2,Night,Housing A,113,2,0,24.64,3.587
2025-07-14 05:00:00,L3,Night,Bracket B,113,4,0,31.07,2.643
2025-07-14 05:00:00,L4,Night,Bracket B,120,0,0,21.07,1.65
2025-07-14 06:00:00,L1,Day,Housing A,125,1,0,26.48,2.044
2025-07-14 06:00:00,L2,Day,Housing A,111,1,0,26.93,3.127
2025-07-14 06:00:00,L3,Day,Bracket B,107,6,5,28.89,2.399
2025-07-14 06:00:00,L4,Day,Bracket B,125,4,0,25.87,1.85
2025-07-14 07:00:00,L1,Day,Housing A,122,2,0,27.53,2.194
2025-07-14 07:00:00,L2,Day,Housing A,123,4,0,23.61,4.139
2025-07-14 07:00:00,L3,Day,Bracket B,123,5,0,31.83,1.697
2025-07-14 07:00:00,L4,Day,Bracket B,127,4,0,27.3,2.451
2025-07-14 08:00:00,L1,Day,Housing A,103,2,0,27.42,2.294
2025-07-14 08:00:00,L2,Day,Housing A,129,0,0,27.48,2.679
2025-07-14 08:00:00,L3,Day,Bracket B,111,4,0,30.92,1.768
2025-07-14 08:00:00,L4,Day,Bracket B,55,6,30,27.87,2.506
2025-07-14 09:00:00,L1,Day,Housing A,113,4,5,26.31,1.662
2025-07-14 09:00:00,L2,Day,Housing A,127,3,0,26.61,3.329
2025-07-14 09:00:00,L3,Day,Bracket B,119,2,0,28.21,2.008
2025-07-14 09:00:00,L4,Day,Bracket B,135,7,0,28.34,2.642
2025-07-14 10:00:00,L1,Day,Housing A,123,4,0,26.55,2.798
2025-07-14 10:00:00,L2,Day,Housing A,111,5,0,26.02,2.745
2025-07-14 10:00:00,L3,Day,Bracket B,126,5,0,31.72,2.275
2025-07-14 10:00:00,L4,Day,Bracket B,109,9,0,27.99,2.981
2025-07-14 11:00:00,L1,Day,Housing A,121,3,0,25.56,2.051
2025-07-14 11:00:00,L2,Day,Housing A,126,4,0,25.41,4.004
2025-07-14 11:00:00,L3,Day,Bracket B,110,1,0,29.18,2.084
2025-07-14 11:00:00,L4,Day,Bracket B,113,2,0,28.98,1.969
2025-07-14 12:00:00,L1,Day,Housing A,108,1,0,25.43,2.675
2025-07-14 12:00:00,L2,Day,Housing A,117,1,0,26.58,3.866
2025-07-14 12:00:00,L3,Day,Bracket B,124,8,0,31.24,1.276
2025-07-14 12:00:00,L4,Day,Bracket B,117,3,0,25.97,1.88
2025-07-14 13:00:00,L1,Day,Housing A,114,0,0,26.3,2.045
2025-07-14 13:00:00,L2,Day,Housing A,111,7,0,28.31,2.862
2025-07-14 13:00:00,L3,Day,Bracket B,117,9,0,30.16,2.188
2025-07-14 13:00:00,L4,Day,Bracket B,134,1,0,24.95,1.475
2025-07-14 14:00:00,L1,Evening,Housing A,112,0,0,23.0,1.936
2025-07-14 14:00:00,L2,Evening,Housing A,123,2,0,25.24,2.967
2025-07-14 14:00:00,L3,Evening,Bracket B,121,3,0,28.2,2.621
2025-07-14 14:00:00,L4,Evening,Bracket B,120,3,0,23.13,2.975
2025-07-14 15:00:00,L1,Evening,Housing A,122,3,0,24.8,2.306
2025-07-14 15:00:00,L2,Evening,Housing A,111,2,5,28.12,3.663
2025-07-14 15:00:00,L3,Evening,Bracket B,131,3,0,27.47,1.455
2025-07-14 15:00:00,L4,Evening,Bracket B,114,0,0,24.18,1.671
2025-07-14 16:00:00,L1,Evening,Housing A,126,3,0,27.17,2.333
2025-07-14 16:00:00,L2,Evening,Housing A,123,2,0,24.42,2.938
2025-07-14 16:00:00,L3,Evening,Bracket B,120,1,0,24.65,2.026
2025-07-14 16:00:00,L4,Evening,Bracket B,114,1,0,23.3,2.525
2025-07-14 17:00:00,L1,Evening,Housing A,118,0,0,23.48,2.418
2025-07-14 17:00:00,L2,Evening,Housing A,109,2,0,23.04,3.247
2025-07-14 17:00:00,L3,Evening,Bracket B,108,5,0,28.18,2.866
2025-07-14 17:00:00,L4,Evening,Bracket B,136,2,0,24.57,2.762
2025-07-14 18:00:00,L1,Evening,Housing A,112,1,0,24.66,2.285
2025-07-14 18:00:00,L2,Evening,Housing A,30,0,45,23.79,2.366
2025-07-14 18:00:00,L3,Evening,Bracket B,133,2,0,26.85,2.358
2025-07-14 18:00:00,L4,Evening,Bracket B,112,1,0,20.48,1.787
2025-07-14 19:00:00,L1,Evening,Housing A,125,1,0,22.42,1.979
2025-07-14 19:00:00,L2,Evening,Housing A,123,1,0,22.56,3.186
2025-07-14 19:00:00,L3,Evening,Bracket B,107,1,0,27.27,1.953
2025-07-14 19:00:00,L4,Evening,Bracket B,124,2,0,24.14,2.285
2025-07-14 20:00:00,L1,Evening,Housing A,120,1,0,21.78,2.33
2025-07-14 20:00:00,L2,Evening,Housing A,137,2,0,23.29,1.679
2025-07-14 20:00:00,L3,Evening,Bracket B,112,5,0,29.47,2.214
2025-07-14 20:00:00,L4,Evening,Bracket B,118,3,0,22.05,3.109
2025-07-14 21:00:00,L1,Evening,Housing A,117,2,0,25.1,2.201
2025-07-14 21:00:00,L2,Evening,Housing A,121,2,0,24.36,2.407
2025-07-14 21:00:00,L3,Evening,Bracket B,128,4,0,26.82,2.364
2025-07-14 21:00:00,L4,Evening,Bracket B,120,2,0,24.58,2.283
2025-07-14 22:00:00,L1,Night,Housing A,129,1,0,25.31,2.366
2025-07-14 22:00:00,L2,Night,Housing A,125,2,0,21.85,3.543
2025-07-14 22:00:00,L3,Night,Bracket B,113,3,0,26.14,1.988
2025-07-14 22:00:00,L4,Night,Bracket B,119,3,0,25.24,2.074
2025-07-14 23:00:00,L1,Night,Housing A,116,1,0,20.34,2.469
2025-07-14 23:00:00,L2,Night,Housing A,115,1,0,23.83,3.288
2025-07-14 23:00:00,L3,Night,Bracket B,125,2,0,23.97,2.411
2025-07-14 23:00:00,L4,Night,Bracket B,113,4,0,27.8,2.16
2025-07-15 00:00:00,L1,Night,Housing A,134,3,0,23.98,2.344
2025-07-15 00:00:00,L2,Night,Housing A,121,2,0,24.44,2.546
2025-07-15 00:00:00,L3,Night,Bracket B,119,8,0,30.71,2.9
2025-07-15 00:00:00,L4,Night,Bracket B,100,2,0,20.34,1.659
2025-07-15 01:00:00,L1,Night,Housing A,114,1,0,26.5,1.231
2025-07-15 01:00:00,L2,Night,Housing A,114,3,0,26.19,3.645
2025-07-15 01:00:00,L3,Night,Bracket B,110,1,0,26.75,1.203
2025-07-15 01:00:00,L4,Night,Bracket B,121,1,0,24.62,2.919
2025-07-15 02:00:00,L1,Night,Housing A,136,2,0,21.59,2.774
2025-07-15 02:00:00,L2,Night,Housing A,113,5,0,23.43,3.924
2025-07-15 02:00:00,L3,Night,Bracket B,108,2,10,29.5,2.415
2025-07-15 02:00:00,L4,Night,Bracket B,126,1,0,25.84,2.031
2025-07-15 03:00:00,L1,Night,Housing A,100,2,0,22.24,2.215
2025-07-15 03:00:00,L2,Night,Housing A,133,2,0,25.04,4.303
2025-07-15 03:00:00,L3,Night,Bracket B,119,8,0,27.42,2.665
2025-07-15 03:00:00,L4,Night,Bracket B,116,5,0,23.55,1.788
2025-07-15 04:00:00,L1,Night,Housing A,115,1,0,24.33,1.808
2025-07-15 04:00:00,L2,Night,Housing A,123,3,0,24.74,2.824
2025-07-15 04:00:00,L3,Night,Bracket B,118,3,0,28.2,2.464
2025-07-15 04:00:00,L4,Night,Bracket B,113,1,0,21.82,2.289
2025-07-15 05:00:00,L1,Night,Housing A,113,2,0,26.36,2.222
2025-07-15 05:00:00,L2,Night,Housing A,122,1,0,22.34,3.264
2025-07-15 05:00:00,L3,Night,Bracket B,139,1,0,27.34,2.546
2025-07-15 05:00:00,L4,Night,Bracket B,115,2,0,25.26,2.297
2025-07-15 06:00:00,L1,Day,Housing A,124,1,0,25.88,3.495
2025-07-15 06:00:00,L2,Day,Housing A,119,3,0,26.85,3.626
2025-07-15 06:00:00,L3,Day,Bracket B,121,5,0,29.56,2.281
2025-07-15 06:00:00,L4,Day,Bracket B,138,0,0,25.48,1.875
2025-07-15 07:00:00,L1,Day,Housing A,122,2,0,27.39,2.441
2025-07-15 07:00:00,L2,Day,Housing A,117,1,0,24.56,2.505
2025-07-15 07:00:00,L3,Day,Bracket B,116,3,0,29.73,1.741
2025-07-15 07:00:00,L4,Day,Bracket B,95,2,15,26.63,2.385
2025-07-15 08:00:00,L1,Day,Housing A,113,2,0,23.27,1.284
2025-07-15 08:00:00,L2,Day,Housing A,60,0,30,25.43,3.713
2025-07-15 08:00:00,L3,Day,Bracket B,125,1,0,29.44,1.718
2025-07-15 08:00:00,L4,Day,Bracket B,112,1,0,25.28,1.538
2025-07-15 09:00:00,L1,Day,Housing A,116,3,0,26.8,1.662
2025-07-15 09:00:00,L2,Day,Housing A,57,2,30,22.69,3.007
2025-07-15 09:00:00,L3,Day,Bracket B,114,3,0,28.6,2.243
2025-07-15 09:00:00,L4,Day,Bracket B,113,8,0,29.06,0.799
2025-07-15 10:00:00,L1,Day,Housing A,109,3,0,29.12,1.485
2025-07-15 10:00:00,L2,Day,Housing A,124,5,0,27.7,3.552
2025-07-15 10:00:00,L3,Day,Bracket B,119,2,0,29.09,2.729
2025-07-15 10:00:00,L4,Day,Bracket B,118,3,0,29.68,2.091
2025-07-15 11:00:00,L1,Day,Housing A,125,0,0,24.52,2.351
2025-07-15 11:00:00,L2,Day,Housing A,114,5,0,25.96,2.709
2025-07-15 11:00:00,L3,Day,Bracket B,126,4,0,28.57,2.488
2025-07-15 11:00:00,L4,Day,Bracket B,94,0,15,25.86,2.233
2025-07-15 12:00:00,L1,Day,Housing A,118,2,0,26.74,1.362
2025-07-15 12:00:00,L2,Day,Housing A,124,5,0,27.98,3.283
2025-07-15 12:00:00,L3,Day,Bracket B,115,8,0,28.8,2.625
2025-07-15 12:00:00,L4,Day,Bracket B,55,2,30,25.03,2.873
2025-07-15 13:00:00,L1,Day,Housing A,120,1,0,26.99,1.933
2025-07-15 13:00:00,L2,Day,Housing A,104,3,0,26.91,3.663
2025-07-15 13:00:00,L3,Day,Bracket B,114,5,0,29.54,1.813
2025-07-15 13:00:00,L4,Day,Bracket B,117,1,0,25.59,2.03
2025-07-15 14:00:00,L1,Evening,Housing A,120,0,0,23.9,1.668
2025-07-15 14:00:00,L2,Evening,Housing A,110,2,0,24.89,2.838
2025-07-15 14:00:00,L3,Evening,Bracket B,118,5,0,29.96,2.848
2025-07-15 14:00:00,L4,Evening,Bracket B,127,0,0,23.43,2.296
2025-07-15 15:00:00,L1,Evening,Housing A,57,0,30,24.89,1.341
2025-07-15 15:00:00,L2,Evening,Housing A,121,5,0,24.29,3.588
2025-07-15 15:00:00,L3,Evening,Bracket B,61,0,30,29.33,1.82
2025-07-15 15:00:00,L4,Evening,Bracket B,123,1,0,24.01,1.507
2025-07-15 16:00:00,L1,Evening,Housing A,110,1,0,23.61,2.622
2025-07-15 16:00:00,L2,Evening,Housing A,130,0,0,25.7,2.522
2025-07-15 16:00:00,L3,Evening,Bracket B,113,1,0,26.5,2.655
2025-07-15 16:00:00,L4,Evening,Bracket B,117,2,0,23.28,2.141
2025-07-15 17:00:00,L1,Evening,Housing A,113,1,0,22.7,2.566
2025-07-15 17:00:00,L2,Evening,Housing A,130,2,0,23.87,3.825
2025-07-15 17:00:00,L3,Evening,Bracket B,118,1,0,26.79,2.177
2025-07-15 17:00:00,L4,Evening,Bracket B,110,3,0,22.16,1.974
2025-07-15 18:00:00,L1,Evening,Housing A,128,4,0,24.19,2.334
2025-07-15 18:00:00,L2,Evening,Housing A,113,1,0,23.95,2.982
2025-07-15 18:00:00,L3,Evening,Bracket B,117,1,0,28.19,2.599
2025-07-15 18:00:00,L4,Evening,Bracket B,111,3,5,26.99,2.399
2025-07-15 19:00:00,L1,Evening,Housing A,131,0,0,25.87,2.215
2025-07-15 19:00:00,L2,Evening,Housing A,109,0,0,25.93,4.033
2025-07-15 19:00:00,L3,Evening,Bracket B,118,3,0,27.75,2.086
2025-07-15 19:00:00,L4,Evening,Bracket B,123,1,0,23.2,2.038
2025-07-15 20:00:00,L1,Evening,Housing A,123,1,0,20.58,2.407
2025-07-15 20:00:00,L2,Evening,Housing A,118,1,0,26.09,2.939
2025-07-15 20:00:00,L3,Evening,Bracket B,137,4,0,28.08,2.233
2025-07-15 20:00:00,L4,Evening,Bracket B,115,1,0,23.51,2.689
2025-07-15 21:00:00,L1,Evening,Housing A,129,0,0,25.31,2.401
2025-07-15 21:00:00,L2,Evening,Housing A,112,1,0,24.96,3.974
2025-07-15 21:00:00,L3,Evening,Bracket B,114,0,0,27.44,1.814
2025-07-15 21:00:00,L4,Evening,Bracket B,119,2,0,25.61,2.38
2025-07-15 22:00:00,L1,Night,Housing A,135,3,0,23.39,1.802
2025-07-15 22:00:00,L2,Night,Housing A,113,0,0,19.23,2.992
2025-07-15 22:00:00,L3,Night,Bracket B,112,3,0,25.19,1.95
2025-07-15 22:00:00,L4,Night,Bracket B,121,2,0,25.82,2.259
2025-07-15 23:00:00,L1,Night,Housing A,135,0,0,23.22,2.163
2025-07-15 23:00:00,L2,Night,Housing A,124,1,0,23.7,2.687
2025-07-15 23:00:00,L3,Night,Bracket B,125,0,0,25.26,1.484
2025-07-15 23:00:00,L4,Night,Bracket B,103,1,0,24.72,2.389
2025-07-16 00:00:00,L1,Night,Housing A,121,0,0,23.16,1.92
2025-07-16 00:00:00,L2,Night,Housing A,126,1,0,24.0,3.056
2025-07-16 00:00:00,L3,Night,Bracket B,118,3,0,28.99,2.163
2025-07-16 00:00:00,L4,Night,Bracket B,123,0,0,23.66,1.83
2025-07-16 01:00:00,L1,Night,Housing A,111,2,0,26.16,2.333
2025-07-16 01:00:00,L2,Night,Housing A,117,1,0,23.19,3.593
2025-07-16 01:00:00,L3,Night,Bracket B,110,4,0,27.88,1.337
2025-07-16 01:00:00,L4,Night,Bracket B,98,2,0,25.12,1.794
2025-07-16 02:00:00,L1,Night,Housing A,113,1,0,22.28,2.276
2025-07-16 02:00:00,L2,Night,Housing A,129,0,0,24.87,2.58
2025-07-16 02:00:00,L3,Night,Bracket B,107,3,0,27.37,2.345
2025-07-16 02:00:00,L4,Night,Bracket B,111,1,0,24.38,3.068
2025-07-16 03:00:00,L1,Night,Housing A,117,2,0,22.6,1.622
2025-07-16 03:00:00,L2,Night,Housing A,122,2,0,23.74,2.661
2025-07-16 03:00:00,L3,Night,Bracket B,113,4,0,28.46,2.705
2025-07-16 03:00:00,L4,Night,Bracket B,125,0,0,23.2,1.947
2025-07-16 04:00:00,L1,Night,Housing A,102,0,5,24.57,2.126
2025-07-16 04:00:00,L2,Night,Housing A,107,3,0,22.58,3.747
2025-07-16 04:00:00,L3,Night,Bracket B,116,7,0,29.47,2.705
2025-07-16 04:00:00,L4,Night,Bracket B,119,2,0,25.32,1.781
2025-07-16 05:00:00,L1,Night,Housing A,115,1,0,22.74,2.085
2025-07-16 05:00:00,L2,Night,Housing A,106,2,0,25.89,4.174
2025-07-16 05:00:00,L3,Night,Bracket B,121,3,0,30.21,2.148
2025-07-16 05:00:00,L4,Night,Bracket B,120,0,0,24.0,2.629
2025-07-16 06:00:00,L1,Day,Housing A,136,3,0,26.97,2.328
2025-07-16 06:00:00,L2,Day,Housing A,110,1,0,24.53,3.018
2025-07-16 06:00:00,L3,Day,Bracket B,126,5,0,31.51,1.927
2025-07-16 06:00:00,L4,Day,Bracket B,111,1,0,26.56,1.121
2025-07-16 07:00:00,L1,Day,Housing A,125,0,0,24.04,2.526
2025-07-16 07:00:00,L2,Day,Housing A,106,3,0,26.75,3.242
2025-07-16 07:00:00,L3,Day,Bracket B,111,6,0,30.44,2.288
2025-07-16 07:00:00,L4,Day,Bracket B,131,3,0,28.36,1.721
2025-07-16 08:00:00,L1,Day,Housing A,120,1,0,26.12,2.168
2025-07-16 08:00:00,L2,Day,Housing A,133,4,0,25.02,3.444
2025-07-16 08:00:00,L3,Day,Bracket B,127,10,0,30.55,2.31
2025-07-16 08:00:00,L4,Day,Bracket B,126,1,0,25.44,1.876
2025-07-16 09:00:00,L1,Day,Housing A,122,3,0,26.92,1.936
2025-07-16 09:00:00,L2,Day,Housing A,113,5,0,27.07,3.55
2025-07-16 09:00:00,L3,Day,Bracket B,124,5,0,33.02,2.481
2025-07-16 09:00:00,L4,Day,Bracket B,130,1,0,26.57,2.354
2025-07-16 10:00:00,L1,Day,Housing A,126,4,0,27.64,2.162
2025-07-16 10:00:00,L2,Day,Housing A,127,3,0,25.77,3.265
2025-07-16 10:00:00,L3,Day,Bracket B,59,5,30,29.74,2.222
2025-07-16 10:00:00,L4,Day,Bracket B,133,0,0,24.76,2.597
2025-07-16 11:00:00,L1,Day,Housing A,139,5,0,26.37,1.485
2025-07-16 11:00:00,L2,Day,Housing A,111,1,0,25.32,2.88
2025-07-16 11:00:00,L3,Day,Bracket B,125,8,0,32.51,2.797
2025-07-16 11:00:00,L4,Day,Bracket B,102,1,0,27.26,1.923
2025-07-16 12:00:00,L1,Day,Housing A,101,0,0,26.37,2.745
2025-07-16 12:00:00,L2,Day,Housing A,109,4,10,25.59,2.923
2025-07-16 12:00:00,L3,Day,Bracket B,85,3,10,27.9,2.319
2025-07-16 12:00:00,L4,Day,Bracket B,140,2,0,26.13,1.691
2025-07-16 13:00:00,L1,Day,Housing A,117,5,0,28.51,2.637
2025-07-16 13:00:00,L2,Day,Housing A,130,3,0,27.46,2.696
2025-07-16 13:00:00,L3,Day,Bracket B,121,1,0,32.68,2.872
2025-07-16 13:00:00,L4,Day,Bracket B,131,4,0,27.83,2.705
2025-07-16 14:00:00,L1,Evening,Housing A,121,1,0,24.55,2.348
2025-07-16 14:00:00,L2,Evening,Housing A,29,1,45,24.01,2.989
2025-07-16 14:00:00,L3,Evening,Bracket B,126,10,0,28.71,2.796
2025-07-16 14:00:00,L4,Evening,Bracket B,126,2,0,22.78,2.758
2025-07-16 15:00:00,L1,Evening,Housing A,121,4,0,26.21,2.632
2025-07-16 15:00:00,L2,Evening,Housing A,110,3,0,21.87,3.408
2025-07-16 15:00:00,L3,Evening,Bracket B,110,5,0,26.54,2.4
2025-07-16 15:00:00,L4,Evening,Bracket B,108,0,0,25.15,1.679
2025-07-16 16:00:00,L1,Evening,Housing A,106,1,0,22.81,2.559
2025-07-16 16:00:00,L2,Evening,Housing A,121,3,0,22.23,3.996
2025-07-16 16:00:00,L3,Evening,Bracket B,129,2,0,31.26,1.977
2025-07-16 16:00:00,L4,Evening,Bracket B,129,4,0,24.39,2.068
2025-07-16 17:00:00,L1,Evening,Housing A,109,0,0,23.31,2.179
2025-07-16 17:00:00,L2,Evening,Housing A,64,0,30,21.46,3.211
2025-07-16 17:00:00,L3,Evening,Bracket B,119,7,0,27.67,3.001
2025-07-16 17:00:00,L4,Evening,Bracket B,107,1,0,22.72,1.658
2025-07-16 18:00:00,L1,Evening,Housing A,108,0,0,23.25,2.591
2025-07-16 18:00:00,L2,Evening,Housing A,114,0,0,24.58,2.126
2025-07-16 18:00:00,L3,Evening,Bracket B,109,7,0,29.83,1.896
2025-07-16 18:00:00,L4,Evening,Bracket B,114,0,0,24.71,2.718
2025-07-16 19:00:00,L1,Evening,Housing A,123,4,0,22.29,1.57
2025-07-16 19:00:00,L2,Evening,Housing A,57,0,30,24.64,2.958
2025-07-16 19:00:00,L3,Evening,Bracket B,126,7,0,29.07,2.345
2025-07-16 19:00:00,L4,Evening,Bracket B,54,0,30,23.45,2.268
2025-07-16 20:00:00,L1,Evening,Housing A,119,2,0,24.07,1.859
2025-07-16 20:00:00,L2,Evening,Housing A,121,1,0,25.45,2.716
2025-07-16 20:00:00,L3,Evening,Bracket B,132,6,0,27.84,2.204
2025-07-16 20:00:00,L4,Evening,Bracket B,104,0,5,25.86,2.361
2025-07-16 21:00:00,L1,Evening,Housing A,124,1,0,22.97,1.766
2025-07-16 21:00:00,L2,Evening,Housing A,132,4,0,25.66,3.42
2025-07-16 21:00:00,L3,Evening,Bracket B,105,2,0,28.25,2.032
2025-07-16 21:00:00,L4,Evening,Bracket B,128,1,0,23.38,1.596
2025-07-16 22:00:00,L1,Night,Housing A,112,1,5,22.89,2.363
2025-07-16 22:00:00,L2,Night,Housing A,120,1,0,23.68,2.928
2025-07-16 22:00:00,L3,Night,Bracket B,128,8,0,29.75,2.192
2025-07-16 22:00:00,L4,Night,Bracket B,116,4,0,25.66,1.766
2025-07-16 23:00:00,L1,Night,Housing A,113,1,0,22.67,2.388
2025-07-16 23:00:00,L2,Night,Housing A,127,1,0,23.05,3.517
2025-07-16 23:00:00,L3,Night,Bracket B,114,5,0,29.83,2.125
2025-07-16 23:00:00,L4,Night,Bracket B,117,4,0,22.39,2.016
2025-07-17 00:00:00,L1,Night,Housing A,106,2,0,22.44,2.529
2025-07-17 00:00:00,L2,Night,Housing A,117,2,0,22.84,2.801
2025-07-17 00:00:00,L3,Night,Bracket B,111,5,10,27.64,2.162
2025-07-17 00:00:00,L4,Night,Bracket B,137,5,0,24.73,2.086
2025-07-17 01:00:00,L1,Night,Housing A,122,1,0,23.54,2.492
2025-07-17 01:00:00,L2,Night,Housing A,108,1,0,24.81,2.775
2025-07-17 01:00:00,L3,Night,Bracket B,125,2,0,31.05,2.288
2025-07-17 01:00:00,L4,Night,Bracket B,126,2,0,25.35,1.847
2025-07-17 02:00:00,L1,Night,Housing A,113,1,0,22.51,2.646
2025-07-17 02:00:00,L2,Night,Housing A,118,1,0,24.12,3.0
2025-07-17 02:00:00,L3,Night,Bracket B,110,4,0,27.73,2.131
2025-07-17 02:00:00,L4,Night,Bracket B,128,2,0,21.09,2.676
2025-07-17 03:00:00,L1,Night,Housing A,121,1,0,21.61,2.057
2025-07-17 03:00:00,L2,Night,Housing A,131,0,0,23.19,3.925
2025-07-17 03:00:00,L3,Night,Bracket B,116,7,0,29.7,2.472
2025-07-17 03:00:00,L4,Night,Bracket B,123,0,0,25.32,1.712
2025-07-17 04:00:00,L1,Night,Housing A,122,1,0,24.28,2.428
2025-07-17 04:00:00,L2,Night,Housing A,121,2,0,22.07,3.336
2025-07-17 04:00:00,L3,Night,Bracket B,120,1,0,25.64,2.517
2025-07-17 04:00:00,L4,Night,Bracket B,123,0,0,24.14,2.265
2025-07-17 05:00:00,L1,Night,Housing A,124,3,0,26.19,2.201
2025-07-17 05:00:00,L2,Night,Housing A,118,0,0,23.28,2.703
2025-07-17 05:00:00,L3,Night,Bracket B,118,9,0,28.53,2.07
2025-07-17 05:00:00,L4,Night,Bracket B,117,0,0,21.37,1.863
2025-07-17 06:00:00,L1,Day,Housing A,129,1,0,25.95,3.086
2025-07-17 06:00:00,L2,Day,Housing A,121,4,0,23.55,3.751
2025-07-17 06:00:00,L3,Day,Bracket B,119,4,0,30.26,1.99
2025-07-17 06:00:00,L4,Day,Bracket B,107,7,0,27.99,2.486
2025-07-17 07:00:00,L1,Day,Housing A,107,1,0,26.33,2.14
2025-07-17 07:00:00,L2,Day,Housing A,103,0,0,27.0,3.1
2025-07-17 07:00:00,L3,Day,Bracket B,114,6,0,32.9,1.799
2025-07-17 07:00:00,L4,Day,Bracket B,112,3,0,25.71,1.639
2025-07-17 08:00:00,L1,Day,Housing A,103,3,0,25.25,2.565
2025-07-17 08:00:00,L2,Day,Housing A,103,1,0,26.12,3.139
2025-07-17 08:00:00,L3,Day,Bracket B,138,3,0,29.98,2.785
2025-07-17 08:00:00,L4,Day,Bracket B,125,0,0,24.79,1.998
2025-07-17 09:00:00,L1,Day,Housing A,116,2,0,25.6,1.673
2025-07-17 09:00:00,L2,Day,Housing A,114,2,0,28.01,3.594
2025-07-17 09:00:00,L3,Day,Bracket B,83,2,15,29.82,2.022
2025-07-17 09:00:00,L4,Day,Bracket B,130,2,0,27.23,2.459
2025-07-17 10:00:00,L1,Day,Housing A,115,1,0,26.03,2.806
2025-07-17 10:00:00,L2,Day,Housing A,116,3,0,26.08,3.373
2025-07-17 10:00:00,L3,Day,Bracket B,120,5,0,31.16,2.231
2025-07-17 10:00:00,L4,Day,Bracket B,125,0,0,24.46,2.368
2025-07-17 11:00:00,L1,Day,Housing A,112,3,0,27.62,1.984
2025-07-17 11:00:00,L2,Day,Housing A,123,1,0,26.09,2.543
2025-07-17 11:00:00,L3,Day,Bracket B,55,5,30,30.98,2.588
2025-07-17 11:00:00,L4,Day,Bracket B,128,0,0,24.59,2.55
2025-07-17 12:00:00,L1,Day,Housing A,121,4,0,27.83,2.191
2025-07-17 12:00:00,L2,Day,Housing A,107,4,0,28.0,2.24
2025-07-17 12:00:00,L3,Day,Bracket B,123,4,0,32.6,1.452
2025-07-17 12:00:00,L4,Day,Bracket B,112,3,0,25.93,2.88
2025-07-17 13:00:00,L1,Day,Housing A,119,2,0,26.49,2.337
2025-07-17 13:00:00,L2,Day,Housing A,113,3,0,24.54,3.131
2025-07-17 13:00:00,L3,Day,Bracket B,126,6,0,30.19,1.158
2025-07-17 13:00:00,L4,Day,Bracket B,127,6,0,28.77,2.866
2025-07-17 14:00:00,L1,Evening,Housing A,129,0,0,23.51,2.659
2025-07-17 14:00:00,L2,Evening,Housing A,119,4,0,24.48,4.164
2025-07-17 14:00:00,L3,Evening,Bracket B,126,3,0,27.63,2.157
2025-07-17 14:00:00,L4,Evening,Bracket B,102,0,10,21.83,2.763
2025-07-17 15:00:00,L1,Evening,Housing A,123,2,0,22.14,1.93
2025-07-17 15:00:00,L2,Evening,Housing A,116,2,0,23.79,3.692
2025-07-17 15:00:00,L3,Evening,Bracket B,122,4,0,28.07,3.288
2025-07-17 15:00:00,L4,Evening,Bracket B,130,1,0,24.34,3.209
2025-07-17 16:00:00,L1,Evening,Housing A,130,2,0,25.34,1.936
2025-07-17 16:00:00,L2,Evening,Housing A,114,3,0,22.02,3.029
2025-07-17 16:00:00,L3,Evening,Bracket B,137,2,0,28.19,2.057
2025-07-17 16:00:00,L4,Evening,Bracket B,116,1,0,25.38,2.068
2025-07-17 17:00:00,L1,Evening,Housing A,113,1,0,24.0,1.999
2025-07-17 17:00:00,L2,Evening,Housing A,123,2,0,25.6,2.812
2025-07-17 17:00:00,L3,Evening,Bracket B,111,4,0,26.86,2.175
2025-07-17 17:00:00,L4,Evening,Bracket B,130,2,0,20.78,3.086
2025-07-17 18:00:00,L1,Evening,Housing A,130,0,0,24.42,2.281
2025-07-17 18:00:00,L2,Evening,Housing A,120,3,0,21.78,2.964
2025-07-17 18:00:00,L3,Evening,Bracket B,116,5,0,27.61,2.252
2025-07-17 18:00:00,L4,Evening,Bracket B,121,0,0,23.89,1.422
2025-07-17 19:00:00,L1,Evening,Housing A,129,0,0,20.25,2.467
2025-07-17 19:00:00,L2,Evening,Housing A,93,1,15,23.98,2.701
2025-07-17 19:00:00,L3,Evening,Bracket B,121,5,0,29.32,1.787
2025-07-17 19:00:00,L4,Evening,Bracket B,116,1,0,25.34,2.769
2025-07-17 20:00:00,L1,Evening,Housing A,104,2,10,23.22,2.952
2025-07-17 20:00:00,L2,Evening,Housing A,126,3,0,27.68,3.128
2025-07-17 20:00:00,L3,Evening,Bracket B,113,5,0,28.36,1.184
2025-07-17 20:00:00,L4,Evening,Bracket B,115,1,0,24.37,2.284
2025-07-17 21:00:00,L1,Evening,Housing A,114,2,0,25.2,2.623
2025-07-17 21:00:00,L2,Evening,Housing A,109,2,0,23.66,3.778
2025-07-17 21:00:00,L3,Evening,Bracket B,118,0,0,26.88,2.036
2025-07-17 21:00:00,L4,Evening,Bracket B,114,0,0,24.56,2.473
2025-07-17 22:00:00,L1,Night,Housing A,111,3,0,25.3,3.289
2025-07-17 22:00:00,L2,Night,Housing A,133,2,0,24.12,2.94
2025-07-17 22:00:00,L3,Night,Bracket B,117,2,0,26.78,2.815
2025-07-17 22:00:00,L4,Night,Bracket B,116,2,0,24.49,2.583
2025-07-17 23:00:00,L1,Night,Housing A,105,1,0,22.6,1.715
2025-07-17 23:00:00,L2,Night,Housing A,139,2,0,25.29,3.286
2025-07-17 23:00:00,L3,Night,Bracket B,135,9,0,28.04,2.476
2025-07-17 23:00:00,L4,Night,Bracket B,114,1,0,21.78,1.909
2025-07-18 00:00:00,L1,Night,Housing A,98,1,10,24.3,2.029
2025-07-18 00:00:00,L2,Night,Housing A,116,2,0,24.45,3.491
2025-07-18 00:00:00,L3,Night,Bracket B,121,2,0,26.44,2.421
2025-07-18 00:00:00,L4,Night,Bracket B,110,6,0,28.16,2.926
2025-07-18 01:00:00,L1,Night,Housing A,127,4,0,23.25,1.854
2025-07-18 01:00:00,L2,Night,Housing A,133,0,0,23.26,2.932
2025-07-18 01:00:00,L3,Night,Bracket B,121,6,0,29.36,2.519
2025-07-18 01:00:00,L4,Night,Bracket B,136,1,0,23.89,2.182
2025-07-18 02:00:00,L1,Night,Housing A,112,1,5,21.73,2.811
2025-07-18 02:00:00,L2,Night,Housing A,128,2,0,25.91,2.905
2025-07-18 02:00:00,L3,Night,Bracket B,136,3,0,27.72,3.022
2025-07-18 02:00:00,L4,Night,Bracket B,116,1,0,25.99,1.617
2025-07-18 03:00:00,L1,Night,Housing A,120,3,0,22.73,2.212
2025-07-18 03:00:00,L2,Night,Housing A,116,7,0,27.9,2.644
2025-07-18 03:00:00,L3,Night,Bracket B,136,1,0,28.62,2.395
2025-07-18 03:00:00,L4,Night,Bracket B,92,2,15,25.69,2.143
2025-07-18 04:00:00,L1,Night,Housing A,118,0,0,24.89,2.145
2025-07-18 04:00:00,L2,Night,Housing A,114,3,0,24.11,3.408
2025-07-18 04:00:00,L3,Night,Bracket B,124,0,0,27.03,1.309
2025-07-18 04:00:00,L4,Night,Bracket B,121,1,0,23.98,2.803
2025-07-18 05:00:00,L1,Night,Housing A,113,4,0,23.03,3.035
2025-07-18 05:00:00,L2,Night,Housing A,115,4,0,25.94,2.891
2025-07-18 05:00:00,L3,Night,Bracket B,123,5,0,26.18,2.551
2025-07-18 05:00:00,L4,Night,Bracket B,119,1,0,24.61,2.436
2025-07-18 06:00:00,L1,Day,Housing A,120,2,0,25.39,2.633
2025-07-18 06:00:00,L2,Day,Housing A,132,4,0,25.67,3.019
2025-07-18 06:00:00,L3,Day,Bracket B,109,4,0,31.45,2.98
2025-07-18 06:00:00,L4,Day,Bracket B,117,2,0,28.19,1.989
2025-07-18 07:00:00,L1,Day,Housing A,130,2,0,26.42,1.495
2025-07-18 07:00:00,L2,Day,Housing A,129,6,0,25.83,3.312
2025-07-18 07:00:00,L3,Day,Bracket B,119,10,0,29.0,1.157
2025-07-18 07:00:00,L4,Day,Bracket B,114,1,0,26.5,1.858
2025-07-18 08:00:00,L1,Day,Housing A,125,1,0,25.65,0.879
2025-07-18 08:00:00,L2,Day,Housing A,121,4,0,26.65,1.906
2025-07-18 08:00:00,L3,Day,Bracket B,122,13,0,32.45,1.562
2025-07-18 08:00:00,L4,Day,Bracket B,126,1,0,28.41,1.814
2025-07-18 09:00:00,L1,Day,Housing A,129,2,0,28.03,2.098
2025-07-18 09:00:00,L2,Day,Housing A,115,3,0,26.73,2.475
2025-07-18 09:00:00,L3,Day,Bracket B,119,4,0,27.3,2.478
2025-07-18 09:00:00,L4,Day,Bracket B,115,6,0,27.48,1.123
2025-07-18 10:00:00,L1,Day,Housing A,110,1,0,29.0,2.985
2025-07-18 10:00:00,L2,Day,Housing A,116,3,0,29.05,3.427
2025-07-18 10:00:00,L3,Day,Bracket B,124,6,0,27.75,2.423
2025-07-18 10:00:00,L4,Day,Bracket B,120,3,0,29.03,2.195
2025-07-18 11:00:00,L1,Day,Housing A,129,5,0,26.78,2.608
2025-07-18 11:00:00,L2,Day,Housing A,122,1,0,25.82,3.173
2025-07-18 11:00:00,L3,Day,Bracket B,119,3,0,29.2,1.309
2025-07-18 11:00:00,L4,Day,Bracket B,125,1,0,26.68,2.028
2025-07-18 12:00:00,L1,Day,Housing A,134,2,0,28.58,1.369
2025-07-18 12:00:00,L2,Day,Housing A,115,3,0,27.14,3.29
2025-07-18 12:00:00,L3,Day,Bracket B,123,5,0,31.97,2.871
2025-07-18 12:00:00,L4,Day,Bracket B,114,3,0,25.1,2.037
2025-07-18 13:00:00,L1,Day,Housing A,116,1,5,25.65,1.712
2025-07-18 13:00:00,L2,Day,Housing A,111,1,0,27.0,3.432
2025-07-18 13:00:00,L3,Day,Bracket B,112,6,0,30.19,1.993
2025-07-18 13:00:00,L4,Day,Bracket B,135,3,0,26.12,2.105
2025-07-18 14:00:00,L1,Evening,Housing A,28,0,45,24.91,1.81
2025-07-18 14:00:00,L2,Evening,Housing A,115,3,0,24.12,2.94
2025-07-18 14:00:00,L3,Evening,Bracket B,129,2,0,24.5,2.454
2025-07-18 14:00:00,L4,Evening,Bracket B,118,1,0,24.7,2.61
2025-07-18 15:00:00,L1,Evening,Housing A,112,1,0,24.64,1.503
2025-07-18 15:00:00,L2,Evening,Housing A,120,0,0,22.04,3.186
2025-07-18 15:00:00,L3,Evening,Bracket B,124,6,0,29.4,2.418
2025-07-18 15:00:00,L4,Evening,Bracket B,115,1,0,22.32,2.484
2025-07-18 16:00:00,L1,Evening,Housing A,106,0,0,25.93,2.269
2025-07-18 16:00:00,L2,Evening,Housing A,124,2,0,25.9,3.678
2025-07-18 16:00:00,L3,Evening,Bracket B,120,3,0,28.05,1.48
2025-07-18 16:00:00,L4,Evening,Bracket B,116,1,0,22.93,2.93
2025-07-18 17:00:00,L1,Evening,Housing A,121,3,0,23.31,2.629
2025-07-18 17:00:00,L2,Evening,Housing A,113,1,0,23.01,2.641
2025-07-18 17:00:00,L3,Evening,Bracket B,115,3,0,28.02,2.546
2025-07-18 17:00:00,L4,Evening,Bracket B,121,1,0,21.86,2.569
2025-07-18 18:00:00,L1,Evening,Housing A,114,1,0,23.46,2.326
2025-07-18 18:00:00,L2,Evening,Housing A,112,1,0,22.5,3.25
2025-07-18 18:00:00,L3,Evening,Bracket B,105,4,0,29.37,1.506
2025-07-18 18:00:00,L4,Evening,Bracket B,114,5,0,27.64,2.336
2025-07-18 19:00:00,L1,Evening,Housing A,119,0,0,23.63,1.642
2025-07-18 19:00:00,L2,Evening,Housing A,127,2,0,23.48,2.978
2025-07-18 19:00:00,L3,Evening,Bracket B,94,1,15,28.28,1.099
2025-07-18 19:00:00,L4,Evening,Bracket B,134,3,0,24.28,2.82
2025-07-18 20:00:00,L1,Evening,Housing A,122,4,0,25.22,2.203
2025-07-18 20:00:00,L2,Evening,Housing A,131,1,0,23.92,3.384
2025-07-18 20:00:00,L3,Evening,Bracket B,117,5,0,29.46,2.774
2025-07-18 20:00:00,L4,Evening,Bracket B,113,1,0,25.58,1.677
2025-07-18 21:00:00,L1,Evening,Housing A,110,2,0,24.69,1.482
2025-07-18 21:00:00,L2,Evening,Housing A,126,0,0,20.69,2.917
2025-07-18 21:00:00,L3,Evening,Bracket B,121,2,0,28.64,2.261
2025-07-18 21:00:00,L4,Evening,Bracket B,121,3,0,23.37,2.231
2025-07-18 22:00:00,L1,Night,Housing A,116,4,0,26.77,2.815
2025-07-18 22:00:00,L2,Night,Housing A,116,2,0,24.39,3.01
2025-07-18 22:00:00,L3,Night,Bracket B,28,2,45,25.47,2.605
2025-07-18 22:00:00,L4,Night,Bracket B,130,6,0,25.2,2.279
2025-07-18 23:00:00,L1,Night,Housing A,123,2,0,24.41,2.015
2025-07-18 23:00:00,L2,Night,Housing A,131,2,0,21.49,2.683
2025-07-18 23:00:00,L3,Night,Bracket B,123,1,0,27.49,2.159
2025-07-18 23:00:00,L4,Night,Bracket B,61,2,30,24.32,2.63
2025-07-19 00:00:00,L1,Night,Housing A,124,1,0,25.36,2.497
2025-07-19 00:00:00,L2,Night,Housing A,119,4,0,24.32,2.858
2025-07-19 00:00:00,L3,Night,Bracket B,119,1,0,30.27,2.853
2025-07-19 00:00:00,L4,Night,Bracket B,116,0,0,22.26,0.856
2025-07-19 01:00:00,L1,Night,Housing A,111,2,0,25.43,1.635
2025-07-19 01:00:00,L2,Night,Housing A,123,1,0,23.68,2.307
2025-07-19 01:00:00,L3,Night,Bracket B,130,3,0,27.94,2.522
2025-07-19 01:00:00,L4,Night,Bracket B,130,2,0,22.87,2.234
2025-07-19 02:00:00,L1,Night,Housing A,124,1,0,22.33,2.083
2025-07-19 02:00:00,L2,Night,Housing A,111,2,0,25.17,3.416
2025-07-19 02:00:00,L3,Night,Bracket B,115,5,0,30.35,2.67
2025-07-19 02:00:00,L4,Night,Bracket B,128,1,0,24.59,3.036
2025-07-19 03:00:00,L1,Night,Housing A,129,3,0,23.77,2.386
2025-07-19 03:00:00,L2,Night,Housing A,31,0,45,25.12,2.918
2025-07-19 03:00:00,L3,Night,Bracket B,125,1,0,27.83,2.441
2025-07-19 03:00:00,L4,Night,Bracket B,117,2,0,22.84,3.37
2025-07-19 04:00:00,L1,Night,Housing A,111,3,0,22.76,2.912
2025-07-19 04:00:00,L2,Night,Housing A,113,1,0,23.15,2.615
2025-07-19 04:00:00,L3,Night,Bracket B,115,1,0,26.72,1.683
2025-07-19 04:00:00,L4,Night,Bracket B,125,1,0,23.57,1.114
2025-07-19 05:00:00,L1,Night,Housing A,117,1,0,23.03,1.215
2025-07-19 05:00:00,L2,Night,Housing A,128,0,0,23.26,2.98
2025-07-19 05:00:00,L3,Night,Bracket B,118,0,0,23.41,2.321
2025-07-19 05:00:00,L4,Night,Bracket B,57,1,30,24.96,2.189
2025-07-19 06:00:00,L1,Day,Housing A,98,0,10,23.35,1.694
2025-07-19 06:00:00,L2,Day,Housing A,117,7,0,29.07,2.538
2025-07-19 06:00:00,L3,Day,Bracket B,126,5,0,30.12,1.629
2025-07-19 06:00:00,L4,Day,Bracket B,130,5,0,25.94,1.801
2025-07-19 07:00:00,L1,Day,Housing A,121,5,0,29.07,2.885
2025-07-19 07:00:00,L2,Day,Housing A,124,1,0,27.35,2.39
2025-07-19 07:00:00,L3,Day,Bracket B,122,1,0,27.35,3.184
2025-07-19 07:00:00,L4,Day,Bracket B,131,2,0,27.52,1.895
2025-07-19 08:00:00,L1,Day,Housing A,132,2,0,26.05,2.486
2025-07-19 08:00:00,L2,Day,Housing A,128,4,0,28.31,4.318
2025-07-19 08:00:00,L3,Day,Bracket B,100,4,0,33.27,1.981
2025-07-19 08:00:00,L4,Day,Bracket B,127,7,0,30.08,1.76
2025-07-19 09:00:00,L1,Day,Housing A,124,1,0,26.13,1.271
2025-07-19 09:00:00,L2,Day,Housing A,117,0,0,25.23,3.947
2025-07-19 09:00:00,L3,Day,Bracket B,121,8,0,30.99,2.218
2025-07-19 09:00:00,L4,Day,Bracket B,109,4,0,25.84,2.482
2025-07-19 10:00:00,L1,Day,Housing A,120,3,0,26.49,1.401
2025-07-19 10:00:00,L2,Day,Housing A,125,4,0,26.25,2.946
2025-07-19 10:00:00,L3,Day,Bracket B,129,6,0,29.35,1.302
2025-07-19 10:00:00,L4,Day,Bracket B,125,4,0,28.39,2.115
2025-07-19 11:00:00,L1,Day,Housing A,117,9,0,28.8,1.976
2025-07-19 11:00:00,L2,Day,Housing A,117,3,0,27.27,3.404
2025-07-19 11:00:00,L3,Day,Bracket B,123,8,0,31.74,2.512
2025-07-19 11:00:00,L4,Day,Bracket B,122,0,0,23.84,2.489
2025-07-19 12:00:00,L1,Day,Housing A,119,5,0,27.37,2.445
2025-07-19 12:00:00,L2,Day,Housing A,116,0,0,24.64,2.908
2025-07-19 12:00:00,L3,Day,Bracket B,113,3,0,28.29,3.145
2025-07-19 12:00:00,L4,Day,Bracket B,118,4,0,27.02,2.271
2025-07-19 13:00:00,L1,Day,Housing A,119,0,0,27.92,2.244
2025-07-19 13:00:00,L2,Day,Housing A,114,3,0,28.07,2.818
2025-07-19 13:00:00,L3,Day,Bracket B,130,8,0,31.89,1.927
2025-07-19 13:00:00,L4,Day,Bracket B,130,3,0,28.74,2.29
2025-07-19 14:00:00,L1,Evening,Housing A,104,2,0,23.85,1.825
2025-07-19 14:00:00,L2,Evening,Housing A,115,1,0,24.19,3.19
2025-07-19 14:00:00,L3,Evening,Bracket B,120,3,0,27.99,2.661
2025-07-19 14:00:00,L4,Evening,Bracket B,114,2,0,22.33,1.943
2025-07-19 15:00:00,L1,Evening,Housing A,110,2,0,26.36,2.772
2025-07-19 15:00:00,L2,Evening,Housing A,118,2,0,23.5,3.073
2025-07-19 15:00:00,L3,Evening,Bracket B,122,0,0,24.16,1.692
2025-07-19 15:00:00,L4,Evening,Bracket B,126,2,0,23.57,1.329
2025-07-19 16:00:00,L1,Evening,Housing A,136,1,0,23.89,2.843
2025-07-19 16:00:00,L2,Evening,Housing A,141,0,0,24.93,4.336
2025-07-19 16:00:00,L3,Evening,Bracket B,117,5,0,26.68,2.714
2025-07-19 16:00:00,L4,Evening,Bracket B,107,1,0,26.77,1.876
2025-07-19 17:00:00,L1,Evening,Housing A,116,2,0,25.39,2.512
2025-07-19 17:00:00,L2,Evening,Housing A,116,1,0,20.9,2.142
2025-07-19 17:00:00,L3,Evening,Bracket B,115,2,0,27.58,1.9
2025-07-19 17:00:00,L4,Evening,Bracket B,129,0,0,24.69,0.494
2025-07-19 18:00:00,L1,Evening,Housing A,122,1,0,23.94,1.739
2025-07-19 18:00:00,L2,Evening,Housing A,130,2,0,25.12,3.443
2025-07-19 18:00:00,L3,Evening,Bracket B,110,2,0,25.01,2.166
2025-07-19 18:00:00,L4,Evening,Bracket B,102,1,5,23.25,1.453
2025-07-19 19:00:00,L1,Evening,Housing A,110,3,0,23.23,2.828
2025-07-19 19:00:00,L2,Evening,Housing A,117,2,0,21.89,2.548
2025-07-19 19:00:00,L3,Evening,Bracket B,127,1,0,25.1,2.159
2025-07-19 19:00:00,L4,Evening,Bracket B,135,5,0,22.4,2.48
2025-07-19 20:00:00,L1,Evening,Housing A,117,2,0,21.19,3.162
2025-07-19 20:00:00,L2,Evening,Housing A,109,1,0,23.76,3.68
2025-07-19 20:00:00,L3,Evening,Bracket B,101,4,15,27.35,2.99
2025-07-19 20:00:00,L4,Evening,Bracket B,122,3,0,24.92,2.757
2025-07-19 21:00:00,L1,Evening,Housing A,110,1,0,22.26,1.658
2025-07-19 21:00:00,L2,Evening,Housing A,136,2,0,23.53,2.462
2025-07-19 21:00:00,L3,Evening,Bracket B,126,0,0,24.56,2.054
2025-07-19 21:00:00,L4,Evening,Bracket B,126,3,0,23.03,2.739
2025-07-19 22:00:00,L1,Night,Housing A,112,0,0,22.72,1.549
2025-07-19 22:00:00,L2,Night,Housing A,121,2,0,24.24,3.25
2025-07-19 22:00:00,L3,Night,Bracket B,117,2,0,28.48,1.856
2025-07-19 22:00:00,L4,Night,Bracket B,114,2,0,25.81,2.692
2025-07-19 23:00:00,L1,Night,Housing A,126,1,0,25.68,2.924
2025-07-19 23:00:00,L2,Night,Housing A,115,3,0,23.63,3.147
2025-07-19 23:00:00,L3,Night,Bracket B,66,3,30,27.57,1.14
2025-07-19 23:00:00,L4,Night,Bracket B,111,2,0,23.87,3.016
2025-07-20 00:00:00,L1,Night,Housing A,120,6,0,27.48,1.919
2025-07-20 00:00:00,L2,Night,Housing A,121,2,0,25.0,3.203
2025-07-20 00:00:00,L3,Night,Bracket B,126,1,0,27.67,2.051
2025-07-20 00:00:00,L4,Night,Bracket B,116,3,0,25.22,1.408
2025-07-20 01:00:00,L1,Night,Housing A,119,4,0,23.4,1.797
2025-07-20 01:00:00,L2,Night,Housing A,125,0,0,25.1,3.721
2025-07-20 01:00:00,L3,Night,Bracket B,110,0,0,23.71,2.641
2025-07-20 01:00:00,L4,Night,Bracket B,130,2,0,25.5,1.512
2025-07-20 02:00:00,L1,Night,Housing A,122,1,0,20.92,1.943
2025-07-20 02:00:00,L2,Night,Housing A,109,1,0,22.28,2.436
2025-07-20 02:00:00,L3,Night,Bracket B,109,4,0,27.89,2.135
2025-07-20 02:00:00,L4,Night,Bracket B,114,2,0,20.92,3.501
2025-07-20 03:00:00,L1,Night,Housing A,109,0,0,20.16,1.973
2025-07-20 03:00:00,L2,Night,Housing A,113,0,0,23.33,3.424
2025-07-20 03:00:00,L3,Night,Bracket B,120,5,0,28.47,2.751
2025-07-20 03:00:00,L4,Night,Bracket B,122,0,0,24.65,1.532
2025-07-20 04:00:00,L1,Night,Housing A,106,1,0,22.8,1.718
2025-07-20 04:00:00,L2,Night,Housing A,114,2,0,26.83,3.364
2025-07-20 04:00:00,L3,Night,Bracket B,111,2,0,28.32,2.434
2025-07-20 04:00:00,L4,Night,Bracket B,78,2,15,23.85,2.033
2025-07-20 05:00:00,L1,Night,Housing A,118,2,0,23.01,2.217
2025-07-20 05:00:00,L2,Night,Housing A,116,5,0,23.36,3.796
2025-07-20 05:00:00,L3,Night,Bracket B,110,1,5,24.78,1.926
2025-07-20 05:00:00,L4,Night,Bracket B,124,1,0,24.73,2.282
2025-07-20 06:00:00,L1,Day,Housing A,126,3,0,25.72,2.231
2025-07-20 06:00:00,L2,Day,Housing A,113,3,5,24.52,2.109
2025-07-20 06:00:00,L3,Day,Bracket B,113,4,0,27.83,2.372
2025-07-20 06:00:00,L4,Day,Bracket B,120,2,0,29.36,2.11
2025-07-20 07:00:00,L1,Day,Housing A,126,4,0,28.74,2.648
2025-07-20 07:00:00,L2,Day,Housing A,123,3,0,28.49,2.537
2025-07-20 07:00:00,L3,Day,Bracket B,129,2,0,29.93,2.129
2025-07-20 07:00:00,L4,Day,Bracket B,136,7,0,25.32,2.408
2025-07-20 08:00:00,L1,Day,Housing A,116,1,0,27.99,2.791
2025-07-20 08:00:00,L2,Day,Housing A,98,0,0,24.57,3.152
2025-07-20 08:00:00,L3,Day,Bracket B,124,5,0,31.57,1.095
2025-07-20 08:00:00,L4,Day,Bracket B,126,2,0,26.08,1.451
2025-07-20 09:00:00,L1,Day,Housing A,116,1,0,24.47,1.406
2025-07-20 09:00:00,L2,Day,Housing A,121,4,0,25.3,3.795
2025-07-20 09:00:00,L3,Day,Bracket B,129,2,0,27.33,3.145
2025-07-20 09:00:00,L4,Day,Bracket B,97,3,15,29.46,1.971
2025-07-20 10:00:00,L1,Day,Housing A,117,5,0,29.22,2.208
2025-07-20 10:00:00,L2,Day,Housing A,116,4,0,28.09,2.602
2025-07-20 10:00:00,L3,Day,Bracket B,127,6,0,28.78,2.299
2025-07-20 10:00:00,L4,Day,Bracket B,110,1,0,24.75,1.569
2025-07-20 11:00:00,L1,Day,Housing A,119,4,0,27.49,1.778
2025-07-20 11:00:00,L2,Day,Housing A,113,3,0,25.98,3.09
2025-07-20 11:00:00,L3,Day,Bracket B,134,4,0,28.43,2.21
2025-07-20 11:00:00,L4,Day,Bracket B,119,4,0,27.58,2.258
2025-07-20 12:00:00,L1,Day,Housing A,115,4,0,25.15,3.314
2025-07-20 12:00:00,L2,Day,Housing A,121,1,0,23.89,3.83
2025-07-20 12:00:00,L3,Day,Bracket B,121,6,0,30.81,2.253
2025-07-20 12:00:00,L4,Day,Bracket B,127,4,0,26.46,1.921
2025-07-20 13:00:00,L1,Day,Housing A,100,0,10,25.07,2.322
2025-07-20 13:00:00,L2,Day,Housing A,104,2,0,24.32,3.945
2025-07-20 13:00:00,L3,Day,Bracket B,121,3,0,31.15,2.354
2025-07-20 13:00:00,L4,Day,Bracket B,117,1,0,24.23,1.761
2025-07-20 14:00:00,L1,Evening,Housing A,116,1,0,25.31,1.207
2025-07-20 14:00:00,L2,Evening,Housing A,111,2,0,21.82,3.261
2025-07-20 14:00:00,L3,Evening,Bracket B,113,4,0,27.75,2.449
2025-07-20 14:00:00,L4,Evening,Bracket B,117,1,0,23.03,2.379
2025-07-20 15:00:00,L1,Evening,Housing A,108,1,0,25.3,2.329
2025-07-20 15:00:00,L2,Evening,Housing A,131,0,0,25.59,3.022
2025-07-20 15:00:00,L3,Evening,Bracket B,120,0,0,30.36,2.0
2025-07-20 15:00:00,L4,Evening,Bracket B,128,2,0,25.68,1.626
2025-07-20 16:00:00,L1,Evening,Housing A,94,1,0,26.06,2.65
2025-07-20 16:00:00,L2,Evening,Housing A,136,2,0,22.71,2.859
2025-07-20 16:00:00,L3,Evening,Bracket B,123,3,0,24.48,2.827
2025-07-20 16:00:00,L4,Evening,Bracket B,121,2,0,23.81,2.363
2025-07-20 17:00:00,L1,Evening,Housing A,125,1,0,21.85,1.845
2025-07-20 17:00:00,L2,Evening,Housing A,121,1,0,25.65,3.269
2025-07-20 17:00:00,L3,Evening,Bracket B,120,6,0,29.76,1.824
2025-07-20 17:00:00,L4,Evening,Bracket B,115,2,0,24.37,2.333
2025-07-20 18:00:00,L1,Evening,Housing A,119,3,0,24.53,1.981
2025-07-20 18:00:00,L2,Evening,Housing A,107,5,0,25.59,3.492
2025-07-20 18:00:00,L3,Evening,Bracket B,117,5,0,29.9,2.129
2025-07-20 18:00:00,L4,Evening,Bracket B,132,3,0,25.12,2.924
2025-07-20 19:00:00,L1,Evening,Housing A,99,1,10,25.5,2.196
2025-07-20 19:00:00,L2,Evening,Housing A,111,2,0,21.66,3.589
2025-07-20 19:00:00,L3,Evening,Bracket B,123,8,0,26.85,2.7
2025-07-20 19:00:00,L4,Evening,Bracket B,114,3,0,26.32,2.695
2025-07-20 20:00:00,L1,Evening,Housing A,122,2,0,23.94,1.397
2025-07-20 20:00:00,L2,Evening,Housing A,123,2,0,25.47,2.979
2025-07-20 20:00:00,L3,Evening,Bracket B,111,5,10,28.8,1.995
2025-07-20 20:00:00,L4,Evening,Bracket B,118,1,0,25.98,2.458
2025-07-20 21:00:00,L1,Evening,Housing A,112,0,0,23.84,1.91
2025-07-20 21:00:00,L2,Evening,Housing A,115,3,0,22.89,4.203
2025-07-20 21:00:00,L3,Evening,Bracket B,118,3,0,24.43,2.577
2025-07-20 21:00:00,L4,Evening,Bracket B,121,4,0,26.98,2.471
2025-07-20 22:00:00,L1,Night,Housing A,123,0,0,21.06,1.723
2025-07-20 22:00:00,L2,Night,Housing A,120,1,0,22.82,3.624
2025-07-20 22:00:00,L3,Night,Bracket B,117,3,0,26.46,1.728
2025-07-20 22:00:00,L4,Night,Bracket B,109,1,0,23.63,2.276
2025-07-20 23:00:00,L1,Night,Housing A,88,1,15,25.54,2.466
2025-07-20 23:00:00,L2,Night,Housing A,127,4,0,22.3,2.633
2025-07-20 23:00:00,L3,Night,Bracket B,119,2,0,25.82,2.039
2025-07-20 23:00:00,L4,Night,Bracket B,113,1,0,22.63,1.325
2025-07-21 00:00:00,L1,Night,Housing A,121,2,0,22.04,2.211
2025-07-21 00:00:00,L2,Night,Housing A,56,0,30,22.69,2.81
2025-07-21 00:00:00,L3,Night,Bracket B,130,2,0,27.78,1.611
2025-07-21 00:00:00,L4,Night,Bracket B,115,4,0,22.75,2.131
2025-07-21 01:00:00,L1,Night,Housing A,114,0,0,20.69,2.082
2025-07-21 01:00:00,L2,Night,Housing A,114,3,0,22.94,3.705
2025-07-21 01:00:00,L3,Night,Bracket B,126,4,0,27.54,1.936
2025-07-21 01:00:00,L4,Night,Bracket B,116,2,0,22.45,3.318
2025-07-21 02:00:00,L1,Night,Housing A,80,2,15,24.34,2.329
2025-07-21 02:00:00,L2,Night,Housing A,116,2,0,22.34,3.2
2025-07-21 02:00:00,L3,Night,Bracket B,127,3,0,26.36,2.544
2025-07-21 02:00:00,L4,Night,Bracket B,112,0,0,23.82,2.309
2025-07-21 03:00:00,L1,Night,Housing A,133,1,0,22.68,2.586
2025-07-21 03:00:00,L2,Night,Housing A,122,0,0,22.69,2.867
2025-07-21 03:00:00,L3,Night,Bracket B,120,3,0,28.48,1.901
2025-07-21 03:00:00,L4,Night,Bracket B,109,1,0,25.63,2.353
2025-07-21 04:00:00,L1,Night,Housing A,121,0,5,23.37,1.678
2025-07-21 04:00:00,L2,Night,Housing A,95,4,0,24.76,3.044
2025-07-21 04:00:00,L3,Night,Bracket B,128,9,0,28.96,2.374
2025-07-21 04:00:00,L4,Night,Bracket B,129,0,0,19.19,2.781
2025-07-21 05:00:00,L1,Night,Housing A,114,1,0,21.91,2.268
2025-07-21 05:00:00,L2,Night,Housing A,106,1,0,21.8,2.281
2025-07-21 05:00:00,L3,Night,Bracket B,118,6,0,28.62,1.905
2025-07-21 05:00:00,L4,Night,Bracket B,117,0,0,25.61,2.072
2025-07-21 06:00:00,L1,Day,Housing A,122,4,0,26.24,1.847
2025-07-21 06:00:00,L2,Day,Housing A,120,4,0,26.56,3.367
2025-07-21 06:00:00,L3,Day,Bracket B,114,5,0,29.18,2.074
2025-07-21 06:00:00,L4,Day,Bracket B,123,1,0,25.57,2.877
2025-07-21 07:00:00,L1,Day,Housing A,114,4,0,27.29,2.12
2025-07-21 07:00:00,L2,Day,Housing A,102,0,5,24.83,2.533
2025-07-21 07:00:00,L3,Day,Bracket B,126,3,0,26.97,1.902
2025-07-21 07:00:00,L4,Day,Bracket B,115,3,0,28.44,2.499
2025-07-21 08:00:00,L1,Day,Housing A,138,2,0,28.46,1.903
2025-07-21 08:00:00,L2,Day,Housing A,126,2,0,24.62,2.778
2025-07-21 08:00:00,L3,Day,Bracket B,119,6,0,30.31,2.14
2025-07-21 08:00:00,L4,Day,Bracket B,122,1,0,26.05,2.333
2025-07-21 09:00:00,L1,Day,Housing A,126,4,0,25.61,1.738
2025-07-21 09:00:00,L2,Day,Housing A,123,3,0,25.37,2.929
2025-07-21 09:00:00,L3,Day,Bracket B,123,6,0,29.4,2.229
2025-07-21 09:00:00,L4,Day,Bracket B,123,2,0,27.35,2.197
2025-07-21 10:00:00,L1,Day,Housing A,120,2,0,26.39,2.599
2025-07-21 10:00:00,L2,Day,Housing A,132,4,0,26.05,2.676
2025-07-21 10:00:00,L3,Day,Bracket B,60,2,30,32.91,2.156
2025-07-21 10:00:00,L4,Day,Bracket B,124,4,0,27.27,2.449
2025-07-21 11:00:00,L1,Day,Housing A,127,3,0,25.22,2.583
2025-07-21 11:00:00,L2,Day,Housing A,103,3,0,26.0,3.041
2025-07-21 11:00:00,L3,Day,Bracket B,59,8,30,32.26,1.979
2025-07-21 11:00:00,L4,Day,Bracket B,118,1,0,24.81,2.343
2025-07-21 12:00:00,L1,Day,Housing A,121,3,0,25.99,2.16
2025-07-21 12:00:00,L2,Day,Housing A,113,5,0,26.14,4.638
2025-07-21 12:00:00,L3,Day,Bracket B,100,6,0,32.3,1.283
2025-07-21 12:00:00,L4,Day,Bracket B,116,5,0,26.06,2.114
2025-07-21 13:00:00,L1,Day,Housing A,27,1,45,26.19,1.894
2025-07-21 13:00:00,L2,Day,Housing A,120,1,0,26.98,3.351
2025-07-21 13:00:00,L3,Day,Bracket B,115,9,0,29.46,2.549
2025-07-21 13:00:00,L4,Day,Bracket B,112,1,0,25.45,2.214
2025-07-21 14:00:00,L1,Evening,Housing A,96,2,10,26.3,1.88
2025-07-21 14:00:00,L2,Evening,Housing A,116,0,0,25.7,3.296
2025-07-21 14:00:00,L3,Evening,Bracket B,126,1,0,30.52,1.551
2025-07-21 14:00:00,L4,Evening,Bracket B,118,1,0,22.41,3.088
2025-07-21 15:00:00,L1,Evening,Housing A,118,1,0,25.89,1.278
2025-07-21 15:00:00,L2,Evening,Housing A,105,1,0,24.07,2.978
2025-07-21 15:00:00,L3,Evening,Bracket B,119,4,0,27.84,2.078
2025-07-21 15:00:00,L4,Evening,Bracket B,109,1,0,27.14,2.336
2025-07-21 16:00:00,L1,Evening,Housing A,96,2,0,23.1,2.126
2025-07-21 16:00:00,L2,Evening,Housing A,120,2,0,20.81,2.747
2025-07-21 16:00:00,L3,Evening,Bracket B,126,5,0,29.79,1.719
2025-07-21 16:00:00,L4,Evening,Bracket B,54,1,30,21.28,2.079
2025-07-21 17:00:00,L1,Evening,Housing A,116,2,0,23.59,1.947
2025-07-21 17:00:00,L2,Evening,Housing A,123,2,0,21.79,3.196
2025-07-21 17:00:00,L3,Evening,Bracket B,119,1,0,23.45,2.186
2025-07-21 17:00:00,L4,Evening,Bracket B,124,2,0,24.32,3.173
2025-07-21 18:00:00,L1,Evening,Housing A,124,1,0,25.65,2.053
2025-07-21 18:00:00,L2,Evening,Housing A,118,3,0,23.63,2.722
2025-07-21 18:00:00,L3,Evening,Bracket B,119,5,0,25.72,2.19
2025-07-21 18:00:00,L4,Evening,Bracket B,33,0,45,26.16,2.188
2025-07-21 19:00:00,L1,Evening,Housing A,116,2,0,22.92,2.414
2025-07-21 19:00:00,L2,Evening,Housing A,113,3,0,25.61,2.738
2025-07-21 19:00:00,L3,Evening,Bracket B,119,5,0,31.47,2.288
2025-07-21 19:00:00,L4,Evening,Bracket B,91,0,10,24.87,1.87
2025-07-21 20:00:00,L1,Evening,Housing A,116,0,0,25.16,1.613
2025-07-21 20:00:00,L2,Evening,Housing A,128,3,0,25.36,2.384
2025-07-21 20:00:00,L3,Evening,Bracket B,120,7,0,29.67,3.026
2025-07-21 20:00:00,L4,Evening,Bracket B,121,1,0,23.89,2.155
2025-07-21 21:00:00,L1,Evening,Housing A,119,2,0,27.89,2.161
2025-07-21 21:00:00,L2,Evening,Housing A,119,0,0,24.92,3.428
2025-07-21 21:00:00,L3,Evening,Bracket B,114,2,0,29.03,3.671
2025-07-21 21:00:00,L4,Evening,Bracket B,117,0,0,22.46,2.645
2025-07-21 22:00:00,L1,Night,Housing A,124,1,0,24.21,1.196
2025-07-21 22:00:00,L2,Night,Housing A,126,2,0,25.95,3.376
2025-07-21 22:00:00,L3,Night,Bracket B,124,3,0,26.63,2.465
2025-07-21 22:00:00,L4,Night,Bracket B,112,2,0,24.45,2.286
2025-07-21 23:00:00,L1,Night,Housing A,31,1,45,22.55,2.53
2025-07-21 23:00:00,L2,Night,Housing A,29,0,45,25.04,3.297
2025-07-21 23:00:00,L3,Night,Bracket B,123,4,0,27.24,2.214
2025-07-21 23:00:00,L4,Night,Bracket B,115,4,0,23.01,2.39
2025-07-22 00:00:00,L1,Night,Housing A,135,2,0,24.01,2.531
2025-07-22 00:00:00,L2,Night,Housing A,114,3,0,24.09,2.983
2025-07-22 00:00:00,L3,Night,Bracket B,115,7,0,28.35,1.715
2025-07-22 00:00:00,L4,Night,Bracket B,117,3,0,26.3,2.565
2025-07-22 01:00:00,L1,Night,Housing A,127,1,0,23.77,2.126
2025-07-22 01:00:00,L2,Night,Housing A,107,1,0,24.51,3.275
2025-07-22 01:00:00,L3,Night,Bracket B,106,0,5,25.13,2.006
2025-07-22 01:00:00,L4,Night,Bracket B,112,1,0,22.98,2.635
2025-07-22 02:00:00,L1,Night,Housing A,124,3,0,24.21,1.721
2025-07-22 02:00:00,L2,Night,Housing A,120,2,0,24.89,3.7
2025-07-22 02:00:00,L3,Night,Bracket B,115,2,0,25.66,2.214
2025-07-22 02:00:00,L4,Night,Bracket B,126,2,0,24.52,2.427
2025-07-22 03:00:00,L1,Night,Housing A,102,2,10,27.37,2.251
2025-07-22 03:00:00,L2,Night,Housing A,118,3,0,25.81,3.246
2025-07-22 03:00:00,L3,Night,Bracket B,127,3,0,26.79,2.132
2025-07-22 03:00:00,L4,Night,Bracket B,133,3,0,22.65,2.138
2025-07-22 04:00:00,L1,Night,Housing A,115,1,0,23.71,2.976
2025-07-22 04:00:00,L2,Night,Housing A,112,3,0,25.57,3.669
2025-07-22 04:00:00,L3,Night,Bracket B,116,1,0,28.72,2.01
2025-07-22 04:00:00,L4,Night,Bracket B,124,2,0,23.67,1.654
2025-07-22 05:00:00,L1,Night,Housing A,118,2,0,25.59,1.827
2025-07-22 05:00:00,L2,Night,Housing A,128,5,0,20.81,2.904
2025-07-22 05:00:00,L3,Night,Bracket B,117,3,0,27.21,1.79
2025-07-22 05:00:00,L4,Night,Bracket B,124,2,0,23.9,2.654
2025-07-22 06:00:00,L1,Day,Housing A,137,2,0,26.48,1.277
2025-07-22 06:00:00,L2,Day,Housing A,118,7,0,27.61,2.821
2025-07-22 06:00:00,L3,Day,Bracket B,116,2,0,30.19,2.731
2025-07-22 06:00:00,L4,Day,Bracket B,107,1,0,28.75,3.142
2025-07-22 07:00:00,L1,Day,Housing A,117,3,0,24.86,2.637
2025-07-22 07:00:00,L2,Day,Housing A,50,1,30,25.3,3.03
2025-07-22 07:00:00,L3,Day,Bracket B,114,8,0,28.98,2.365
2025-07-22 07:00:00,L4,Day,Bracket B,121,0,0,25.9,2.538
2025-07-22 08:00:00,L1,Day,Housing A,89,1,15,24.16,2.596
2025-07-22 08:00:00,L2,Day,Housing A,105,0,0,23.88,3.258
2025-07-22 08:00:00,L3,Day,Bracket B,123,6,0,30.19,2.351
2025-07-22 08:00:00,L4,Day,Bracket B,116,0,0,28.6,2.361
2025-07-22 09:00:00,L1,Day,Housing A,115,1,0,25.15,2.205
2025-07-22 09:00:00,L2,Day,Housing A,135,3,0,25.29,3.525
2025-07-22 09:00:00,L3,Day,Bracket B,123,8,0,31.79,1.698
2025-07-22 09:00:00,L4,Day,Bracket B,126,2,0,23.91,0.991
2025-07-22 10:00:00,L1,Day,Housing A,111,2,0,25.04,2.183
2025-07-22 10:00:00,L2,Day,Housing A,107,2,0,26.55,2.515
2025-07-22 10:00:00,L3,Day,Bracket B,132,5,0,29.95,1.845
2025-07-22 10:00:00,L4,Day,Bracket B,120,2,0,24.02,2.04
2025-07-22 11:00:00,L1,Day,Housing A,116,4,0,28.33,1.756
2025-07-22 11:00:00,L2,Day,Housing A,32,2,45,29.02,2.746
2025-07-22 11:00:00,L3,Day,Bracket B,136,5,0,31.6,1.992
2025-07-22 11:00:00,L4,Day,Bracket B,130,5,0,27.14,2.614
2025-07-22 12:00:00,L1,Day,Housing A,126,4,0,29.03,1.721
2025-07-22 12:00:00,L2,Day,Housing A,134,0,0,23.49,4.073
2025-07-22 12:00:00,L3,Day,Bracket B,115,2,0,29.56,2.499
2025-07-22 12:00:00,L4,Day,Bracket B,118,1,0,25.97,2.509
2025-07-22 13:00:00,L1,Day,Housing A,123,3,0,26.38,1.921
2025-07-22 13:00:00,L2,Day,Housing A,98,1,0,24.1,3.546
2025-07-22 13:00:00,L3,Day,Bracket B,121,4,0,29.49,1.348
2025-07-22 13:00:00,L4,Day,Bracket B,110,2,0,26.34,1.199
2025-07-22 14:00:00,L1,Evening,Housing A,108,0,10,22.49,2.386
2025-07-22 14:00:00,L2,Evening,Housing A,115,1,0,24.42,2.34
2025-07-22 14:00:00,L3,Evening,Bracket B,124,2,0,26.66,2.519
2025-07-22 14:00:00,L4,Evening,Bracket B,125,1,0,25.02,2.306
2025-07-22 15:00:00,L1,Evening,Housing A,124,1,0,22.9,2.195
2025-07-22 15:00:00,L2,Evening,Housing A,117,1,0,23.64,2.877
2025-07-22 15:00:00,L3,Evening,Bracket B,119,4,0,28.8,1.815
2025-07-22 15:00:00,L4,Evening,Bracket B,63,1,30,24.79,2.359
2025-07-22 16:00:00,L1,Evening,Housing A,105,0,0,21.74,2.955
2025-07-22 16:00:00,L2,Evening,Housing A,120,4,0,24.42,3.317
2025-07-22 16:00:00,L3,Evening,Bracket B,134,2,0,29.24,2.509
2025-07-22 16:00:00,L4,Evening,Bracket B,127,4,0,23.83,2.202
2025-07-22 17:00:00,L1,Evening,Housing A,112,0,0,21.98,1.981
2025-07-22 17:00:00,L2,Evening,Housing A,120,1,0,25.64,3.619
2025-07-22 17:00:00,L3,Evening,Bracket B,117,4,0,29.13,2.175
2025-07-22 17:00:00,L4,Evening,Bracket B,132,4,0,27.02,2.462
2025-07-22 18:00:00,L1,Evening,Housing A,117,0,0,24.94,1.751
2025-07-22 18:00:00,L2,Evening,Housing A,122,1,0,23.76,3.641
2025-07-22 18:00:00,L3,Evening,Bracket B,120,4,0,26.97,1.901
2025-07-22 18:00:00,L4,Evening,Bracket B,117,3,0,24.39,2.433
2025-07-22 19:00:00,L1,Evening,Housing A,104,2,0,25.64,2.899
2025-07-22 19:00:00,L2,Evening,Housing A,114,1,0,22.83,3.417
2025-07-22 19:00:00,L3,Evening,Bracket B,127,8,0,27.81,2.619
2025-07-22 19:00:00,L4,Evening,Bracket B,105,2,0,23.94,1.901
2025-07-22 20:00:00,L1,Evening,Housing A,132,1,0,25.89,1.463
2025-07-22 20:00:00,L2,Evening,Housing A,121,1,0,24.38,2.625
2025-07-22 20:00:00,L3,Evening,Bracket B,136,1,0,27.57,2.226
2025-07-22 20:00:00,L4,Evening,Bracket B,111,2,0,24.63,2.196
2025-07-22 21:00:00,L1,Evening,Housing A,133,4,0,24.16,1.977
2025-07-22 21:00:00,L2,Evening,Housing A,124,0,0,21.0,2.935
2025-07-22 21:00:00,L3,Evening,Bracket B,112,2,0,26.45,1.796
2025-07-22 21:00:00,L4,Evening,Bracket B,117,2,0,25.11,2.288
2025-07-22 22:00:00,L1,Night,Housing A,117,1,5,24.81,1.99
2025-07-22 22:00:00,L2,Night,Housing A,115,3,0,25.06,2.188
2025-07-22 22:00:00,L3,Night,Bracket B,126,4,0,26.77,2.824
2025-07-22 22:00:00,L4,Night,Bracket B,122,0,0,22.3,1.651
2025-07-22 23:00:00,L1,Night,Housing A,131,4,0,22.72,2.101
2025-07-22 23:00:00,L2,Night,Housing A,119,0,0,24.16,2.692
2025-07-22 23:00:00,L3,Night,Bracket B,113,7,0,29.61,2.937
2025-07-22 23:00:00,L4,Night,Bracket B,140,0,0,22.64,2.93
2025-07-23 00:00:00,L1,Night,Housing A,116,1,0,24.85,1.602
2025-07-23 00:00:00,L2,Night,Housing A,126,6,0,26.9,3.136
2025-07-23 00:00:00,L3,Night,Bracket B,106,0,0,26.0,1.767
2025-07-23 00:00:00,L4,Night,Bracket B,132,2,0,26.35,2.5
2025-07-23 01:00:00,L1,Night,Housing A,66,0,30,23.08,2.024
2025-07-23 01:00:00,L2,Night,Housing A,113,1,0,25.32,3.237
2025-07-23 01:00:00,L3,Night,Bracket B,121,2,0,26.18,1.684
2025-07-23 01:00:00,L4,Night,Bracket B,129,2,0,24.25,2.004
2025-07-23 02:00:00,L1,Night,Housing A,113,1,0,25.62,1.886
2025-07-23 02:00:00,L2,Night,Housing A,120,0,0,24.81,2.617
2025-07-23 02:00:00,L3,Night,Bracket B,116,3,0,27.37,2.091
2025-07-23 02:00:00,L4,Night,Bracket B,115,3,0,23.44,2.508
2025-07-23 03:00:00,L1,Night,Housing A,121,0,0,26.06,2.73
2025-07-23 03:00:00,L2,Night,Housing A,119,4,0,25.01,3.625
2025-07-23 03:00:00,L3,Night,Bracket B,107,1,0,27.0,2.222
2025-07-23 03:00:00,L4,Night,Bracket B,111,1,0,27.24,2.183
2025-07-23 04:00:00,L1,Night,Housing A,125,3,0,23.13,2.333
2025-07-23 04:00:00,L2,Night,Housing A,113,1,0,24.87,2.093
2025-07-23 04:00:00,L3,Night,Bracket B,114,0,0,25.37,2.225
2025-07-23 04:00:00,L4,Night,Bracket B,107,3,0,22.83,2.155
2025-07-23 05:00:00,L1,Night,Housing A,129,0,0,26.35,1.743
2025-07-23 05:00:00,L2,Night,Housing A,129,2,0,25.48,3.842
2025-07-23 05:00:00,L3,Night,Bracket B,123,2,0,27.97,2.624
2025-07-23 05:00:00,L4,Night,Bracket B,117,3,0,23.63,1.593
2025-07-23 06:00:00,L1,Day,Housing A,112,2,0,29.52,1.97
2025-07-23 06:00:00,L2,Day,Housing A,121,6,0,29.36,2.763
2025-07-23 06:00:00,L3,Day,Bracket B,115,3,0,27.14,2.338
2025-07-23 06:00:00,L4,Day,Bracket B,31,0,45,27.79,1.776
2025-07-23 07:00:00,L1,Day,Housing A,90,0,15,22.71,2.324
2025-07-23 07:00:00,L2,Day,Housing A,123,3,0,24.76,3.373
2025-07-23 07:00:00,L3,Day,Bracket B,120,5,0,32.45,2.601
2025-07-23 07:00:00,L4,Day,Bracket B,114,0,0,25.95,2.858
2025-07-23 08:00:00,L1,Day,Housing A,109,3,0,27.93,2.6
2025-07-23 08:00:00,L2,Day,Housing A,129,1,0,26.46,3.676
2025-07-23 08:00:00,L3,Day,Bracket B,112,4,0,27.88,2.581
2025-07-23 08:00:00,L4,Day,Bracket B,138,3,0,26.03,2.265
2025-07-23 09:00:00,L1,Day,Housing A,115,3,0,25.44,2.122
2025-07-23 09:00:00,L2,Day,Housing A,123,1,0,27.56,3.419
2025-07-23 09:00:00,L3,Day,Bracket B,131,4,0,30.55,1.461
2025-07-23 09:00:00,L4,Day,Bracket B,102,1,10,26.12,2.509
2025-07-23 10:00:00,L1,Day,Housing A,136,1,0,23.51,1.64
2025-07-23 10:00:00,L2,Day,Housing A,112,0,0,23.42,2.831
2025-07-23 10:00:00,L3,Day,Bracket B,124,3,0,28.4,2.684
2025-07-23 10:00:00,L4,Day,Bracket B,109,5,0,28.17,1.026
2025-07-23 11:00:00,L1,Day,Housing A,124,1,0,25.99,1.959
2025-07-23 11:00:00,L2,Day,Housing A,109,4,0,30.26,3.19
2025-07-23 11:00:00,L3,Day,Bracket B,65,4,30,30.73,2.8
2025-07-23 11:00:00,L4,Day,Bracket B,138,5,0,27.6,2.267
2025-07-23 12:00:00,L1,Day,Housing A,121,2,0,24.67,1.921
2025-07-23 12:00:00,L2,Day,Housing A,128,0,0,25.35,2.893
2025-07-23 12:00:00,L3,Day,Bracket B,126,1,0,29.93,1.82
2025-07-23 12:00:00,L4,Day,Bracket B,130,4,0,26.95,1.565
2025-07-23 13:00:00,L1,Day,Housing A,128,1,0,24.59,3.038
2025-07-23 13:00:00,L2,Day,Housing A,88,3,15,28.46,2.801
2025-07-23 13:00:00,L3,Day,Bracket B,123,1,0,30.39,1.738
2025-07-23 13:00:00,L4,Day,Bracket B,118,2,0,25.72,3.107
2025-07-23 14:00:00,L1,Evening,Housing A,128,3,0,22.55,2.535
2025-07-23 14:00:00,L2,Evening,Housing A,118,2,0,23.32,3.187
2025-07-23 14:00:00,L3,Evening,Bracket B,116,7,0,29.73,2.113
2025-07-23 14:00:00,L4,Evening,Bracket B,117,1,0,22.87,2.293
2025-07-23 15:00:00,L1,Evening,Housing A,120,3,0,25.58,2.512
2025-07-23 15:00:00,L2,Evening,Housing A,115,1,0,23.58,3.621
2025-07-23 15:00:00,L3,Evening,Bracket B,122,2,0,26.65,1.05
2025-07-23 15:00:00,L4,Evening,Bracket B,116,0,0,24.18,2.672
2025-07-23 16:00:00,L1,Evening,Housing A,138,0,0,23.73,2.116
2025-07-23 16:00:00,L2,Evening,Housing A,118,2,0,23.95,3.216
2025-07-23 16:00:00,L3,Evening,Bracket B,141,1,0,28.13,2.3
2025-07-23 16:00:00,L4,Evening,Bracket B,126,3,0,23.05,3.298
2025-07-23 17:00:00,L1,Evening,Housing A,105,0,0,23.7,2.738
2025-07-23 17:00:00,L2,Evening,Housing A,132,2,0,24.6,2.808
2025-07-23 17:00:00,L3,Evening,Bracket B,113,1,0,25.91,2.356
2025-07-23 17:00:00,L4,Evening,Bracket B,117,1,0,21.99,0.795
2025-07-23 18:00:00,L1,Evening,Housing A,117,3,0,24.02,3.835
2025-07-23 18:00:00,L2,Evening,Housing A,124,1,0,25.52,3.965
2025-07-23 18:00:00,L3,Evening,Bracket B,113,1,0,29.72,2.465
2025-07-23 18:00:00,L4,Evening,Bracket B,110,1,0,24.67,3.081
2025-07-23 19:00:00,L1,Evening,Housing A,119,0,0,22.36,1.462
2025-07-23 19:00:00,L2,Evening,Housing A,132,2,0,21.91,3.094
2025-07-23 19:00:00,L3,Evening,Bracket B,123,3,0,28.35,2.102
2025-07-23 19:00:00,L4,Evening,Bracket B,124,0,0,24.09,1.994
2025-07-23 20:00:00,L1,Evening,Housing A,121,5,0,26.05,2.434
2025-07-23 20:00:00,L2,Evening,Housing A,110,4,0,22.25,2.701
2025-07-23 20:00:00,L3,Evening,Bracket B,127,1,0,25.58,1.55
2025-07-23 20:00:00,L4,Evening,Bracket B,114,1,0,27.02,2.497
2025-07-23 21:00:00,L1,Evening,Housing A,127,1,0,24.3,2.435
2025-07-23 21:00:00,L2,Evening,Housing A,129,2,0,21.91,2.477
2025-07-23 21:00:00,L3,Evening,Bracket B,122,3,0,27.27,2.425
2025-07-23 21:00:00,L4,Evening,Bracket B,122,2,0,20.31,1.237
2025-07-23 22:00:00,L1,Night,Housing A,121,2,0,22.46,1.836
2025-07-23 22:00:00,L2,Night,Housing A,130,3,0,22.37,2.758
2025-07-23 22:00:00,L3,Night,Bracket B,124,0,0,26.41,1.696
2025-07-23 22:00:00,L4,Night,Bracket B,105,2,10,24.26,2.17
2025-07-23 23:00:00,L1,Night,Housing A,132,0,0,24.93,1.953
2025-07-23 23:00:00,L2,Night,Housing A,124,3,0,21.13,2.845
2025-07-23 23:00:00,L3,Night,Bracket B,109,1,0,25.92,1.877
2025-07-23 23:00:00,L4,Night,Bracket B,29,0,45,22.29,1.147
2025-07-24 00:00:00,L1,Night,Housing A,129,5,0,25.23,2.587
2025-07-24 00:00:00,L2,Night,Housing A,118,0,0,24.56,3.929
2025-07-24 00:00:00,L3,Night,Bracket B,114,5,0,28.14,1.581
2025-07-24 00:00:00,L4,Night,Bracket B,107,2,0,22.83,2.012
2025-07-24 01:00:00,L1,Night,Housing A,118,0,0,21.09,2.964
2025-07-24 01:00:00,L2,Night,Housing A,116,3,0,24.03,3.2
2025-07-24 01:00:00,L3,Night,Bracket B,111,3,0,28.24,2.213
2025-07-24 01:00:00,L4,Night,Bracket B,122,2,0,23.35,2.429
2025-07-24 02:00:00,L1,Night,Housing A,56,0,30,26.47,2.228
2025-07-24 02:00:00,L2,Night,Housing A,109,1,0,23.67,3.386
2025-07-24 02:00:00,L3,Night,Bracket B,130,8,0,29.56,2.924
2025-07-24 02:00:00,L4,Night,Bracket B,106,3,0,21.79,2.27
2025-07-24 03:00:00,L1,Night,Housing A,139,0,0,23.2,3.142
2025-07-24 03:00:00,L2,Night,Housing A,120,3,0,23.26,3.738
2025-07-24 03:00:00,L3,Night,Bracket B,126,2,0,26.76,1.946
2025-07-24 03:00:00,L4,Night,Bracket B,115,2,0,23.14,2.114
2025-07-24 04:00:00,L1,Night,Housing A,117,1,0,22.37,2.642
2025-07-24 04:00:00,L2,Night,Housing A,102,0,10,24.67,3.159
2025-07-24 04:00:00,L3,Night,Bracket B,122,6,0,26.53,2.113
2025-07-24 04:00:00,L4,Night,Bracket B,82,4,15,23.16,1.765
2025-07-24 05:00:00,L1,Night,Housing A,112,5,0,26.01,2.19
2025-07-24 05:00:00,L2,Night,Housing A,108,0,10,23.89,2.776
2025-07-24 05:00:00,L3,Night,Bracket B,28,0,45,26.28,2.093
2025-07-24 05:00:00,L4,Night,Bracket B,122,2,0,23.55,1.487
2025-07-24 06:00:00,L1,Day,Housing A,116,2,0,26.36,2.949
2025-07-24 06:00:00,L2,Day,Housing A,133,2,0,23.75,3.186
2025-07-24 06:00:00,L3,Day,Bracket B,123,7,0,29.47,0.91
2025-07-24 06:00:00,L4,Day,Bracket B,117,2,0,28.15,2.569
2025-07-24 07:00:00,L1,Day,Housing A,103,2,0,24.9,1.883
2025-07-24 07:00:00,L2,Day,Housing A,112,4,0,27.88,2.542
2025-07-24 07:00:00,L3,Day,Bracket B,130,6,0,28.9,2.786
2025-07-24 07:00:00,L4,Day,Bracket B,121,3,0,24.67,1.289
2025-07-24 08:00:00,L1,Day,Housing A,125,6,0,27.24,2.458
2025-07-24 08:00:00,L2,Day,Housing A,126,3,0,28.5,2.466
2025-07-24 08:00:00,L3,Day,Bracket B,113,6,0,30.1,1.063
2025-07-24 08:00:00,L4,Day,Bracket B,128,2,0,25.22,2.476
2025-07-24 09:00:00,L1,Day,Housing A,115,2,0,25.01,1.75
2025-07-24 09:00:00,L2,Day,Housing A,141,3,0,26.68,2.953
2025-07-24 09:00:00,L3,Day,Bracket B,117,2,0,29.44,2.207
2025-07-24 09:00:00,L4,Day,Bracket B,113,4,0,26.94,1.782
2025-07-24 10:00:00,L1,Day,Housing A,129,4,0,28.55,2.681
2025-07-24 10:00:00,L2,Day,Housing A,58,0,30,24.36,3.552
2025-07-24 10:00:00,L3,Day,Bracket B,114,7,0,28.85,3.396
2025-07-24 10:00:00,L4,Day,Bracket B,116,2,0,25.68,1.798
2025-07-24 11:00:00,L1,Day,Housing A,113,4,0,25.68,1.677
2025-07-24 11:00:00,L2,Day,Housing A,132,5,0,26.96,3.199
2025-07-24 11:00:00,L3,Day,Bracket B,139,7,0,31.29,1.3
2025-07-24 11:00:00,L4,Day,Bracket B,137,1,0,24.89,2.671
2025-07-24 12:00:00,L1,Day,Housing A,123,2,0,25.69,1.887
2025-07-24 12:00:00,L2,Day,Housing A,108,3,0,25.01,2.949
2025-07-24 12:00:00,L3,Day,Bracket B,119,3,0,29.24,2.98
2025-07-24 12:00:00,L4,Day,Bracket B,117,1,0,23.42,2.81
2025-07-24 13:00:00,L1,Day,Housing A,31,1,45,23.79,1.36
2025-07-24 13:00:00,L2,Day,Housing A,104,3,5,24.53,2.784
2025-07-24 13:00:00,L3,Day,Bracket B,125,3,0,30.82,2.197
2025-07-24 13:00:00,L4,Day,Bracket B,121,2,0,25.68,1.464
2025-07-24 14:00:00,L1,Evening,Housing A,120,3,0,23.92,2.613
2025-07-24 14:00:00,L2,Evening,Housing A,122,1,0,25.81,3.863
2025-07-24 14:00:00,L3,Evening,Bracket B,122,2,0,28.86,1.805
2025-07-24 14:00:00,L4,Evening,Bracket B,130,1,0,23.34,2.713
2025-07-24 15:00:00,L1,Evening,Housing A,123,2,0,21.06,1.566
2025-07-24 15:00:00,L2,Evening,Housing A,92,2,15,25.14,3.322
2025-07-24 15:00:00,L3,Evening,Bracket B,106,1,0,27.29,1.919
2025-07-24 15:00:00,L4,Evening,Bracket B,124,1,0,27.09,1.705
2025-07-24 16:00:00,L1,Evening,Housing A,105,1,0,22.42,2.648
2025-07-24 16:00:00,L2,Evening,Housing A,126,3,0,24.13,2.772
2025-07-24 16:00:00,L3,Evening,Bracket B,133,5,0,27.74,2.482
2025-07-24 16:00:00,L4,Evening,Bracket B,110,1,0,23.28,2.051
2025-07-24 17:00:00,L1,Evening,Housing A,130,0,0,24.11,2.182
2025-07-24 17:00:00,L2,Evening,Housing A,125,1,0,26.61,2.52
2025-07-24 17:00:00,L3,Evening,Bracket B,119,5,0,27.37,1.961
2025-07-24 17:00:00,L4,Evening,Bracket B,119,0,0,21.84,2.063
2025-07-24 18:00:00,L1,Evening,Housing A,117,0,0,20.31,2.202
2025-07-24 18:00:00,L2,Evening,Housing A,109,1,0,22.67,2.937
2025-07-24 18:00:00,L3,Evening,Bracket B,130,4,0,29.65,1.396
2025-07-24 18:00:00,L4,Evening,Bracket B,123,2,0,24.35,2.29
2025-07-24 19:00:00,L1,Evening,Housing A,116,1,0,24.67,1.74
2025-07-24 19:00:00,L2,Evening,Housing A,131,3,0,24.87,3.437
2025-07-24 19:00:00,L3,Evening,Bracket B,113,2,0,27.64,2.538
2025-07-24 19:00:00,L4,Evening,Bracket B,100,3,0,21.08,2.992
2025-07-24 20:00:00,L1,Evening,Housing A,108,1,0,21.95,1.847
2025-07-24 20:00:00,L2,Evening,Housing A,51,0,30,25.01,2.678
2025-07-24 20:00:00,L3,Evening,Bracket B,129,5,0,28.82,2.137
2025-07-24 20:00:00,L4,Evening,Bracket B,124,2,0,22.8,1.504
2025-07-24 21:00:00,L1,Evening,Housing A,131,0,0,22.44,1.56
2025-07-24 21:00:00,L2,Evening,Housing A,103,2,0,22.7,3.511
2025-07-24 21:00:00,L3,Evening,Bracket B,118,5,0,26.72,1.991
2025-07-24 21:00:00,L4,Evening,Bracket B,126,3,0,26.05,2.337
2025-07-24 22:00:00,L1,Night,Housing A,123,3,0,25.86,2.438
2025-07-24 22:00:00,L2,Night,Housing A,128,1,0,24.43,3.206
2025-07-24 22:00:00,L3,Night,Bracket B,130,8,0,27.54,1.188
2025-07-24 22:00:00,L4,Night,Bracket B,115,0,0,23.86,1.685
2025-07-24 23:00:00,L1,Night,Housing A,127,0,0,23.77,2.368
2025-07-24 23:00:00,L2,Night,Housing A,130,2,0,23.65,2.816
2025-07-24 23:00:00,L3,Night,Bracket B,98,2,0,28.41,2.199
2025-07-24 23:00:00,L4,Night,Bracket B,124,3,0,25.87,1.905
2025-07-25 00:00:00,L1,Night,Housing A,114,2,5,26.56,2.608
2025-07-25 00:00:00,L2,Night,Housing A,124,0,0,25.97,2.828
2025-07-25 00:00:00,L3,Night,Bracket B,129,5,0,29.93,2.078
2025-07-25 00:00:00,L4,Night,Bracket B,132,4,0,22.22,2.753
2025-07-25 01:00:00,L1,Night,Housing A,129,5,0,25.42,2.201
2025-07-25 01:00:00,L2,Night,Housing A,93,4,10,26.52,1.776
2025-07-25 01:00:00,L3,Night,Bracket B,115,8,0,29.03,2.254
2025-07-25 01:00:00,L4,Night,Bracket B,120,2,0,24.19,1.827
2025-07-25 02:00:00,L1,Night,Housing A,101,3,5,25.93,2.388
2025-07-25 02:00:00,L2,Night,Housing A,117,4,0,26.29,3.082
2025-07-25 02:00:00,L3,Night,Bracket B,119,9,5,27.9,2.448
2025-07-25 02:00:00,L4,Night,Bracket B,118,0,0,22.42,2.507
2025-07-25 03:00:00,L1,Night,Housing A,136,1,0,25.14,2.009
2025-07-25 03:00:00,L2,Night,Housing A,118,6,0,21.53,2.859
2025-07-25 03:00:00,L3,Night,Bracket B,125,2,0,27.22,3.012
2025-07-25 03:00:00,L4,Night,Bracket B,129,2,0,22.04,2.035
2025-07-25 04:00:00,L1,Night,Housing A,101,2,10,21.06,2.134
2025-07-25 04:00:00,L2,Night,Housing A,123,1,0,24.12,2.258
2025-07-25 04:00:00,L3,Night,Bracket B,119,6,0,29.19,1.792
2025-07-25 04:00:00,L4,Night,Bracket B,126,3,0,23.72,2.157
2025-07-25 05:00:00,L1,Night,Housing A,124,5,0,23.77,2.841
2025-07-25 05:00:00,L2,Night,Housing A,60,1,30,25.16,2.968
2025-07-25 05:00:00,L3,Night,Bracket B,122,3,0,24.96,2.776
2025-07-25 05:00:00,L4,Night,Bracket B,120,2,0,25.28,2.201
2025-07-25 06:00:00,L1,Day,Housing A,91,1,15,25.84,2.763
2025-07-25 06:00:00,L2,Day,Housing A,105,2,0,26.05,3.797
2025-07-25 06:00:00,L3,Day,Bracket B,125,3,0,27.28,2.052
2025-07-25 06:00:00,L4,Day,Bracket B,109,2,0,26.74,2.288
2025-07-25 07:00:00,L1,Day,Housing A,127,4,0,24.01,2.151
2025-07-25 07:00:00,L2,Day,Housing A,118,4,0,28.3,3.291
2025-07-25 07:00:00,L3,Day,Bracket B,100,6,0,29.48,2.542
2025-07-25 07:00:00,L4,Day,Bracket B,134,1,0,27.91,2.517
2025-07-25 08:00:00,L1,Day,Housing A,114,5,0,29.04,2.095
2025-07-25 08:00:00,L2,Day,Housing A,104,1,0,26.82,3.309
2025-07-25 08:00:00,L3,Day,Bracket B,120,9,0,31.95,3.058
2025-07-25 08:00:00,L4,Day,Bracket B,111,1,0,25.19,2.464
2025-07-25 09:00:00,L1,Day,Housing A,109,0,0,26.5,2.396
2025-07-25 09:00:00,L2,Day,Housing A,114,2,0,25.09,3.76
2025-07-25 09:00:00,L3,Day,Bracket B,121,0,0,29.54,2.024
2025-07-25 09:00:00,L4,Day,Bracket B,121,4,0,26.61,2.061
2025-07-25 10:00:00,L1,Day,Housing A,112,2,0,25.65,2.739
2025-07-25 10:00:00,L2,Day,Housing A,116,2,0,28.65,3.905
2025-07-25 10:00:00,L3,Day,Bracket B,31,1,45,31.99,2.106
2025-07-25 10:00:00,L4,Day,Bracket B,121,2,0,25.92,1.457
2025-07-25 11:00:00,L1,Day,Housing A,126,2,0,25.06,2.127
2025-07-25 11:00:00,L2,Day,Housing A,118,6,0,29.87,2.879
2025-07-25 11:00:00,L3,Day,Bracket B,113,7,0,31.78,0.865
2025-07-25 11:00:00,L4,Day,Bracket B,116,2,0,27.24,2.71
2025-07-25 12:00:00,L1,Day,Housing A,124,1,0,25.14,2.057
2025-07-25 12:00:00,L2,Day,Housing A,113,2,0,28.01,3.255
2025-07-25 12:00:00,L3,Day,Bracket B,111,4,0,29.37,2.982
2025-07-25 12:00:00,L4,Day,Bracket B,112,1,0,24.66,2.961
2025-07-25 13:00:00,L1,Day,Housing A,109,3,0,26.68,2.014
2025-07-25 13:00:00,L2,Day,Housing A,118,1,0,24.83,3.195
2025-07-25 13:00:00,L3,Day,Bracket B,113,3,0,29.16,2.206
2025-07-25 13:00:00,L4,Day,Bracket B,123,0,0,24.87,1.546
2025-07-25 14:00:00,L1,Evening,Housing A,122,2,0,23.85,2.264
2025-07-25 14:00:00,L2,Evening,Housing A,115,1,0,25.6,2.393
2025-07-25 14:00:00,L3,Evening,Bracket B,93,4,0,27.56,2.597
2025-07-25 14:00:00,L4,Evening,Bracket B,121,2,0,24.98,2.225
2025-07-25 15:00:00,L1,Evening,Housing A,123,0,0,24.7,1.888
2025-07-25 15:00:00,L2,Evening,Housing A,106,0,0,23.97,3.643
2025-07-25 15:00:00,L3,Evening,Bracket B,116,5,0,25.11,2.253
2025-07-25 15:00:00,L4,Evening,Bracket B,107,0,0,21.66,2.333
2025-07-25 16:00:00,L1,Evening,Housing A,129,4,0,24.67,2.387
2025-07-25 16:00:00,L2,Evening,Housing A,127,2,0,24.0,3.529
2025-07-25 16:00:00,L3,Evening,Bracket B,123,2,0,26.55,2.296
2025-07-25 16:00:00,L4,Evening,Bracket B,116,1,0,23.23,2.127
2025-07-25 17:00:00,L1,Evening,Housing A,118,1,0,24.91,2.426
2025-07-25 17:00:00,L2,Evening,Housing A,57,0,30,24.51,2.04
2025-07-25 17:00:00,L3,Evening,Bracket B,124,2,0,26.0,2.319
2025-07-25 17:00:00,L4,Evening,Bracket B,103,2,10,25.64,1.543
2025-07-25 18:00:00,L1,Evening,Housing A,124,1,0,23.43,1.957
2025-07-25 18:00:00,L2,Evening,Housing A,120,2,0,24.07,3.902
2025-07-25 18:00:00,L3,Evening,Bracket B,124,2,0,28.84,2.255
2025-07-25 18:00:00,L4,Evening,Bracket B,113,0,0,23.43,2.064
2025-07-25 19:00:00,L1,Evening,Housing A,111,3,0,26.7,1.367
2025-07-25 19:00:00,L2,Evening,Housing A,115,1,0,24.37,2.819
2025-07-25 19:00:00,L3,Evening,Bracket B,103,2,0,27.32,2.343
2025-07-25 19:00:00,L4,Evening,Bracket B,117,1,0,24.13,2.118
2025-07-25 20:00:00,L1,Evening,Housing A,127,1,0,23.68,2.974
2025-07-25 20:00:00,L2,Evening,Housing A,109,1,10,23.59,2.479
2025-07-25 20:00:00,L3,Evening,Bracket B,61,0,30,27.12,3.316
2025-07-25 20:00:00,L4,Evening,Bracket B,108,1,0,24.09,1.845
2025-07-25 21:00:00,L1,Evening,Housing A,113,1,0,23.37,1.981
2025-07-25 21:00:00,L2,Evening,Housing A,103,1,0,25.45,3.645
2025-07-25 21:00:00,L3,Evening,Bracket B,123,5,0,27.89,2.454
2025-07-25 21:00:00,L4,Evening,Bracket B,121,4,0,26.3,2.576
2025-07-25 22:00:00,L1,Night,Housing A,112,0,0,25.29,1.391
2025-07-25 22:00:00,L2,Night,Housing A,117,3,0,24.32,3.625
2025-07-25 22:00:00,L3,Night,Bracket B,118,4,0,27.83,1.908
2025-07-25 22:00:00,L4,Night,Bracket B,28,2,45,27.19,2.007
2025-07-25 23:00:00,L1,Night,Housing A,109,0,0,24.76,2.233
2025-07-25 23:00:00,L2,Night,Housing A,109,1,0,21.83,4.131
2025-07-25 23:00:00,L3,Night,Bracket B,112,2,0,29.92,2.138
2025-07-25 23:00:00,L4,Night,Bracket B,100,2,0,22.1,3.124
2025-07-26 00:00:00,L1,Night,Housing A,120,1,0,24.62,2.442
2025-07-26 00:00:00,L2,Night,Housing A,86,1,15,26.03,2.533
2025-07-26 00:00:00,L3,Night,Bracket B,117,4,0,27.09,2.287
2025-07-26 00:00:00,L4,Night,Bracket B,139,1,0,23.34,1.683
2025-07-26 01:00:00,L1,Night,Housing A,126,2,0,24.09,2.457
2025-07-26 01:00:00,L2,Night,Housing A,123,2,0,21.63,2.455
2025-07-26 01:00:00,L3,Night,Bracket B,121,4,0,28.49,2.494
2025-07-26 01:00:00,L4,Night,Bracket B,110,1,0,25.63,2.025
2025-07-26 02:00:00,L1,Night,Housing A,123,2,0,22.76,2.396
2025-07-26 02:00:00,L2,Night,Housing A,117,3,0,23.05,2.477
2025-07-26 02:00:00,L3,Night,Bracket B,122,4,0,28.47,2.469
2025-07-26 02:00:00,L4,Night,Bracket B,111,1,0,22.07,2.287
2025-07-26 03:00:00,L1,Night,Housing A,116,2,0,25.61,1.592
2025-07-26 03:00:00,L2,Night,Housing A,96,2,10,25.16,3.179
2025-07-26 03:00:00,L3,Night,Bracket B,112,5,0,27.54,2.761
2025-07-26 03:00:00,L4,Night,Bracket B,107,1,0,23.24,1.625
2025-07-26 04:00:00,L1,Night,Housing A,106,2,0,24.86,2.077
2025-07-26 04:00:00,L2,Night,Housing A,99,2,15,25.5,3.441
2025-07-26 04:00:00,L3,Night,Bracket B,131,1,0,26.06,2.69
2025-07-26 04:00:00,L4,Night,Bracket B,113,1,0,25.76,1.779
2025-07-26 05:00:00,L1,Night,Housing A,109,3,5,24.76,2.647
2025-07-26 05:00:00,L2,Night,Housing A,127,1,0,22.72,2.555
2025-07-26 05:00:00,L3,Night,Bracket B,122,5,0,26.77,2.539
2025-07-26 05:00:00,L4,Night,Bracket B,115,0,0,23.41,2.502
2025-07-26 06:00:00,L1,Day,Housing A,131,4,0,26.15,2.394
2025-07-26 06:00:00,L2,Day,Housing A,128,5,0,28.6,2.79
2025-07-26 06:00:00,L3,Day,Bracket B,98,5,0,28.74,1.836
2025-07-26 06:00:00,L4,Day,Bracket B,116,3,0,26.1,1.586
2025-07-26 07:00:00,L1,Day,Housing A,122,1,0,23.0,2.342
2025-07-26 07:00:00,L2,Day,Housing A,126,0,0,23.87,3.678
2025-07-26 07:00:00,L3,Day,Bracket B,115,4,0,30.65,2.458
2025-07-26 07:00:00,L4,Day,Bracket B,113,1,0,26.41,2.506
2025-07-26 08:00:00,L1,Day,Housing A,114,2,0,26.45,2.656
2025-07-26 08:00:00,L2,Day,Housing A,116,1,0,27.14,2.512
2025-07-26 08:00:00,L3,Day,Bracket B,115,5,0,30.65,1.54
2025-07-26 08:00:00,L4,Day,Bracket B,114,4,0,26.54,2.896
2025-07-26 09:00:00,L1,Day,Housing A,128,0,0,23.89,1.642
2025-07-26 09:00:00,L2,Day,Housing A,111,3,0,28.07,2.994
2025-07-26 09:00:00,L3,Day,Bracket B,122,5,0,31.33,1.72
2025-07-26 09:00:00,L4,Day,Bracket B,142,1,0,24.23,1.24
2025-07-26 10:00:00,L1,Day,Housing A,128,2,0,26.05,2.093
2025-07-26 10:00:00,L2,Day,Housing A,115,2,0,26.82,2.884
2025-07-26 10:00:00,L3,Day,Bracket B,115,3,0,29.47,2.204
2025-07-26 10:00:00,L4,Day,Bracket B,113,1,10,26.52,1.84
2025-07-26 11:00:00,L1,Day,Housing A,136,2,0,27.6,2.193
2025-07-26 11:00:00,L2,Day,Housing A,77,2,15,27.82,2.704
2025-07-26 11:00:00,L3,Day,Bracket B,130,3,0,28.61,1.795
2025-07-26 11:00:00,L4,Day,Bracket B,128,1,0,25.99,2.457
2025-07-26 12:00:00,L1,Day,Housing A,117,4,0,27.66,2.779
2025-07-26 12:00:00,L2,Day,Housing A,110,5,0,26.81,4.076
2025-07-26 12:00:00,L3,Day,Bracket B,121,5,0,31.8,1.679
2025-07-26 12:00:00,L4,Day,Bracket B,111,3,0,25.15,1.938
2025-07-26 13:00:00,L1,Day,Housing A,128,4,0,26.28,2.021
2025-07-26 13:00:00,L2,Day,Housing A,27,0,45,29.29,2.973
2025-07-26 13:00:00,L3,Day,Bracket B,125,5,0,31.35,2.596
2025-07-26 13:00:00,L4,Day,Bracket B,105,3,0,27.57,1.592
2025-07-26 14:00:00,L1,Evening,Housing A,135,0,0,24.82,1.683
2025-07-26 14:00:00,L2,Evening,Housing A,124,4,0,24.23,3.629
2025-07-26 14:00:00,L3,Evening,Bracket B,118,1,0,26.22,2.28
2025-07-26 14:00:00,L4,Evening,Bracket B,129,1,0,25.25,2.591
2025-07-26 15:00:00,L1,Evening,Housing A,113,1,0,24.57,2.552
2025-07-26 15:00:00,L2,Evening,Housing A,109,4,0,25.64,3.704
2025-07-26 15:00:00,L3,Evening,Bracket B,120,2,0,24.96,1.409
2025-07-26 15:00:00,L4,Evening,Bracket B,125,0,0,24.1,1.802
2025-07-26 16:00:00,L1,Evening,Housing A,109,1,0,23.2,2.395
2025-07-26 16:00:00,L2,Evening,Housing A,122,1,0,24.99,3.279
2025-07-26 16:00:00,L3,Evening,Bracket B,140,3,0,24.35,2.115
2025-07-26 16:00:00,L4,Evening,Bracket B,110,0,0,22.28,2.339
2025-07-26 17:00:00,L1,Evening,Housing A,130,3,0,23.2,2.034
2025-07-26 17:00:00,L2,Evening,Housing A,118,5,0,27.12,2.881
2025-07-26 17:00:00,L3,Evening,Bracket B,121,6,0,28.45,1.947
2025-07-26 17:00:00,L4,Evening,Bracket B,109,0,0,25.09,1.881
2025-07-26 18:00:00,L1,Evening,Housing A,137,1,0,24.19,2.222
2025-07-26 18:00:00,L2,Evening,Housing A,107,1,0,23.2,3.171
2025-07-26 18:00:00,L3,Evening,Bracket B,28,1,45,27.69,2.424
2025-07-26 18:00:00,L4,Evening,Bracket B,131,0,0,23.14,1.623
2025-07-26 19:00:00,L1,Evening,Housing A,100,1,10,24.32,2.61
2025-07-26 19:00:00,L2,Evening,Housing A,121,1,0,20.53,2.689
2025-07-26 19:00:00,L3,Evening,Bracket B,113,2,0,27.54,2.434
2025-07-26 19:00:00,L4,Evening,Bracket B,31,0,45,21.28,2.193
2025-07-26 20:00:00,L1,Evening,Housing A,121,0,0,24.55,2.569
2025-07-26 20:00:00,L2,Evening,Housing A,112,2,5,23.87,3.446
2025-07-26 20:00:00,L3,Evening,Bracket B,112,5,0,28.29,3.501
2025-07-26 20:00:00,L4,Evening,Bracket B,130,3,0,20.95,2.384
2025-07-26 21:00:00,L1,Evening,Housing A,124,1,0,24.24,2.387
2025-07-26 21:00:00,L2,Evening,Housing A,115,1,0,23.62,2.926
2025-07-26 21:00:00,L3,Evening,Bracket B,119,4,0,27.24,2.47
2025-07-26 21:00:00,L4,Evening,Bracket B,100,2,0,26.08,1.796
2025-07-26 22:00:00,L1,Night,Housing A,124,4,0,20.71,2.295
2025-07-26 22:00:00,L2,Night,Housing A,114,1,0,24.34,3.522
2025-07-26 22:00:00,L3,Night,Bracket B,109,2,0,25.54,2.744
2025-07-26 22:00:00,L4,Night,Bracket B,122,4,0,23.83,1.671
2025-07-26 23:00:00,L1,Night,Housing A,123,4,0,24.98,2.542
2025-07-26 23:00:00,L2,Night,Housing A,121,2,0,26.34,3.337
2025-07-26 23:00:00,L3,Night,Bracket B,114,1,0,27.13,1.761
2025-07-26 23:00:00,L4,Night,Bracket B,121,1,0,23.87,2.469
2025-07-27 00:00:00,L1,Night,Housing A,118,6,0,25.14,2.845
2025-07-27 00:00:00,L2,Night,Housing A,126,4,0,24.25,3.123
2025-07-27 00:00:00,L3,Night,Bracket B,29,0,45,27.38,0.768
2025-07-27 00:00:00,L4,Night,Bracket B,115,0,0,19.6,2.19
2025-07-27 01:00:00,L1,Night,Housing A,118,3,0,22.53,2.02
2025-07-27 01:00:00,L2,Night,Housing A,110,3,0,24.38,2.755
2025-07-27 01:00:00,L3,Night,Bracket B,122,6,0,31.08,1.742
2025-07-27 01:00:00,L4,Night,Bracket B,107,2,0,24.63,1.028
2025-07-27 02:00:00,L1,Night,Housing A,95,0,10,22.1,3.598
2025-07-27 02:00:00,L2,Night,Housing A,132,1,0,24.12,3.913
2025-07-27 02:00:00,L3,Night,Bracket B,124,3,0,26.06,2.04
2025-07-27 02:00:00,L4,Night,Bracket B,126,5,0,27.05,2.002
2025-07-27 03:00:00,L1,Night,Housing A,126,2,0,23.51,2.348
2025-07-27 03:00:00,L2,Night,Housing A,119,3,0,21.54,3.367
2025-07-27 03:00:00,L3,Night,Bracket B,104,6,0,29.09,2.306
2025-07-27 03:00:00,L4,Night,Bracket B,120,1,0,24.69,2.559
2025-07-27 04:00:00,L1,Night,Housing A,123,0,0,24.73,1.934
2025-07-27 04:00:00,L2,Night,Housing A,124,1,0,23.72,1.943
2025-07-27 04:00:00,L3,Night,Bracket B,115,3,0,25.31,2.075
2025-07-27 04:00:00,L4,Night,Bracket B,136,0,0,23.84,1.472
2025-07-27 05:00:00,L1,Night,Housing A,122,1,0,25.92,2.309
2025-07-27 05:00:00,L2,Night,Housing A,113,2,0,22.83,2.717
2025-07-27 05:00:00,L3,Night,Bracket B,128,5,0,28.05,2.787
2025-07-27 05:00:00,L4,Night,Bracket B,122,1,0,24.33,2.344
2025-07-27 06:00:00,L1,Day,Housing A,128,1,0,25.36,1.824
2025-07-27 06:00:00,L2,Day,Housing A,132,4,0,24.44,2.825
2025-07-27 06:00:00,L3,Day,Bracket B,125,3,0,31.44,1.92
2025-07-27 06:00:00,L4,Day,Bracket B,116,1,0,24.0,2.67
2025-07-27 07:00:00,L1,Day,Housing A,118,0,0,24.91,1.345
2025-07-27 07:00:00,L2,Day,Housing A,117,5,0,29.88,3.274
2025-07-27 07:00:00,L3,Day,Bracket B,129,4,0,31.9,3.451
2025-07-27 07:00:00,L4,Day,Bracket B,113,6,0,31.71,2.375
2025-07-27 08:00:00,L1,Day,Housing A,117,0,0,27.41,2.237
2025-07-27 08:00:00,L2,Day,Housing A,107,0,5,24.12,2.867
2025-07-27 08:00:00,L3,Day,Bracket B,119,7,0,29.06,1.439
2025-07-27 08:00:00,L4,Day,Bracket B,119,0,0,25.39,1.57
2025-07-27 09:00:00,L1,Day,Housing A,124,4,0,27.65,2.207
2025-07-27 09:00:00,L2,Day,Housing A,122,3,0,27.59,2.342
2025-07-27 09:00:00,L3,Day,Bracket B,123,4,0,30.66,2.683
2025-07-27 09:00:00,L4,Day,Bracket B,119,4,0,29.16,2.23
2025-07-27 10:00:00,L1,Day,Housing A,116,1,0,26.52,2.414
2025-07-27 10:00:00,L2,Day,Housing A,114,3,0,28.81,2.391
2025-07-27 10:00:00,L3,Day,Bracket B,125,10,0,31.61,2.719
2025-07-27 10:00:00,L4,Day,Bracket B,117,2,0,26.82,2.714
2025-07-27 11:00:00,L1,Day,Housing A,119,2,0,27.5,1.4
2025-07-27 11:00:00,L2,Day,Housing A,30,0,45,28.26,3.057
2025-07-27 11:00:00,L3,Day,Bracket B,121,7,0,29.01,2.832
2025-07-27 11:00:00,L4,Day,Bracket B,30,0,45,27.48,1.681
2025-07-27 12:00:00,L1,Day,Housing A,120,1,0,23.72,1.7
2025-07-27 12:00:00,L2,Day,Housing A,111,2,0,26.62,3.854
2025-07-27 12:00:00,L3,Day,Bracket B,125,2,0,28.83,3.099
2025-07-27 12:00:00,L4,Day,Bracket B,114,1,0,24.4,1.797
2025-07-27 13:00:00,L1,Day,Housing A,124,6,0,27.56,3.282
2025-07-27 13:00:00,L2,Day,Housing A,136,1,0,25.44,2.075
2025-07-27 13:00:00,L3,Day,Bracket B,121,7,0,34.28,2.756
2025-07-27 13:00:00,L4,Day,Bracket B,123,0,0,25.42,2.427
2025-07-27 14:00:00,L1,Evening,Housing A,126,3,0,25.65,2.94
2025-07-27 14:00:00,L2,Evening,Housing A,122,2,0,24.56,3.378
2025-07-27 14:00:00,L3,Evening,Bracket B,132,1,0,25.21,2.656
2025-07-27 14:00:00,L4,Evening,Bracket B,133,1,0,22.92,1.865
2025-07-27 15:00:00,L1,Evening,Housing A,136,2,0,23.33,2.859
2025-07-27 15:00:00,L2,Evening,Housing A,110,2,0,24.01,3.349
2025-07-27 15:00:00,L3,Evening,Bracket B,118,3,0,27.73,1.966
2025-07-27 15:00:00,L4,Evening,Bracket B,115,3,0,25.53,1.84
2025-07-27 16:00:00,L1,Evening,Housing A,105,1,0,24.23,2.53
2025-07-27 16:00:00,L2,Evening,Housing A,108,0,0,24.72,2.455
2025-07-27 16:00:00,L3,Evening,Bracket B,100,2,0,28.91,1.546
2025-07-27 16:00:00,L4,Evening,Bracket B,129,1,0,25.12,2.385
2025-07-27 17:00:00,L1,Evening,Housing A,132,1,0,21.25,2.088
2025-07-27 17:00:00,L2,Evening,Housing A,103,2,0,23.69,3.395
2025-07-27 17:00:00,L3,Evening,Bracket B,126,3,0,25.99,3.678
2025-07-27 17:00:00,L4,Evening,Bracket B,128,1,0,21.92,2.305
2025-07-27 18:00:00,L1,Evening,Housing A,113,1,0,23.0,1.686
2025-07-27 18:00:00,L2,Evening,Housing A,133,3,0,26.9,2.602
2025-07-27 18:00:00,L3,Evening,Bracket B,129,7,0,30.97,1.761
2025-07-27 18:00:00,L4,Evening,Bracket B,114,1,0,22.41,2.361
2025-07-27 19:00:00,L1,Evening,Housing A,132,0,0,25.03,1.514
2025-07-27 19:00:00,L2,Evening,Housing A,103,0,5,23.81,2.751
2025-07-27 19:00:00,L3,Evening,Bracket B,109,2,0,29.16,1.805
2025-07-27 19:00:00,L4,Evening,Bracket B,122,2,0,22.88,2.285
2025-07-27 20:00:00,L1,Evening,Housing A,128,3,0,26.08,2.143
2025-07-27 20:00:00,L2,Evening,Housing A,119,0,0,23.94,2.56
2025-07-27 20:00:00,L3,Evening,Bracket B,123,4,0,28.52,1.956
2025-07-27 20:00:00,L4,Evening,Bracket B,128,2,0,24.38,2.594
2025-07-27 21:00:00,L1,Evening,Housing A,115,2,0,23.0,1.459
2025-07-27 21:00:00,L2,Evening,Housing A,102,1,10,24.77,3.236
2025-07-27 21:00:00,L3,Evening,Bracket B,114,7,0,29.02,2.501
2025-07-27 21:00:00,L4,Evening,Bracket B,112,3,0,25.98,1.717
2025-07-27 22:00:00,L1,Night,Housing A,106,1,0,21.99,1.578
2025-07-27 22:00:00,L2,Night,Housing A,53,0,30,21.9,3.348
2025-07-27 22:00:00,L3,Night,Bracket B,118,1,0,27.79,3.028
2025-07-27 22:00:00,L4,Night,Bracket B,109,1,0,20.69,2.159
2025-07-27 23:00:00,L1,Night,Housing A,131,3,0,25.54,3.087
2025-07-27 23:00:00,L2,Night,Housing A,112,1,5,24.18,3.297
2025-07-27 23:00:00,L3,Night,Bracket B,114,2,0,25.79,2.266
2025-07-27 23:00:00,L4,Night,Bracket B,110,3,0,26.48,3.123
2025-07-28 00:00:00,L1,Night,Housing A,122,3,0,24.63,2.542
2025-07-28 00:00:00,L2,Night,Housing A,108,2,0,21.2,3.471
2025-07-28 00:00:00,L3,Night,Bracket B,130,4,0,25.69,2.281
2025-07-28 00:00:00,L4,Night,Bracket B,130,2,0,21.53,1.528
2025-07-28 01:00:00,L1,Night,Housing A,104,0,0,25.56,0.933
2025-07-28 01:00:00,L2,Night,Housing A,121,1,0,23.46,3.02
2025-07-28 01:00:00,L3,Night,Bracket B,111,2,0,26.87,2.328
2025-07-28 01:00:00,L4,Night,Bracket B,117,3,0,23.44,2.101
2025-07-28 02:00:00,L1,Night,Housing A,118,2,0,23.77,2.369
2025-07-28 02:00:00,L2,Night,Housing A,110,1,5,21.94,3.049
2025-07-28 02:00:00,L3,Night,Bracket B,120,1,0,25.86,1.565
2025-07-28 02:00:00,L4,Night,Bracket B,115,1,0,22.66,1.938
2025-07-28 03:00:00,L1,Night,Housing A,122,1,0,23.63,1.886
2025-07-28 03:00:00,L2,Night,Housing A,120,2,0,25.17,3.092
2025-07-28 03:00:00,L3,Night,Bracket B,53,3,30,30.59,2.798
2025-07-28 03:00:00,L4,Night,Bracket B,112,1,0,23.06,1.962
2025-07-28 04:00:00,L1,Night,Housing A,113,1,0,25.58,1.849
2025-07-28 04:00:00,L2,Night,Housing A,124,5,0,26.61,3.934
2025-07-28 04:00:00,L3,Night,Bracket B,113,0,0,26.36,2.695
2025-07-28 04:00:00,L4,Night,Bracket B,107,0,0,24.72,3.276
2025-07-28 05:00:00,L1,Night,Housing A,113,1,0,24.77,2.917
2025-07-28 05:00:00,L2,Night,Housing A,117,4,0,23.4,3.346
2025-07-28 05:00:00,L3,Night,Bracket B,117,3,0,27.26,2.852
2025-07-28 05:00:00,L4,Night,Bracket B,108,0,0,23.11,1.203
2025-07-28 06:00:00,L1,Day,Housing A,119,2,0,26.21,2.187
2025-07-28 06:00:00,L2,Day,Housing A,123,1,0,25.44,3.054
2025-07-28 06:00:00,L3,Day,Bracket B,124,5,0,31.2,2.382
2025-07-28 06:00:00,L4,Day,Bracket B,127,4,0,25.84,2.757
2025-07-28 07:00:00,L1,Day,Housing A,124,2,0,27.4,1.973
2025-07-28 07:00:00,L2,Day,Housing A,122,1,0,25.18,3.18
2025-07-28 07:00:00,L3,Day,Bracket B,114,4,0,30.22,2.753
2025-07-28 07:00:00,L4,Day,Bracket B,114,2,0,26.22,1.729
2025-07-28 08:00:00,L1,Day,Housing A,92,1,15,27.24,1.494
2025-07-28 08:00:00,L2,Day,Housing A,140,4,0,26.87,2.807
2025-07-28 08:00:00,L3,Day,Bracket B,112,2,10,29.06,1.592
2025-07-28 08:00:00,L4,Day,Bracket B,119,3,0,27.76,2.375
2025-07-28 09:00:00,L1,Day,Housing A,100,5,10,26.98,2.449
2025-07-28 09:00:00,L2,Day,Housing A,116,7,0,27.52,3.232
2025-07-28 09:00:00,L3,Day,Bracket B,114,7,0,29.75,2.046
2025-07-28 09:00:00,L4,Day,Bracket B,127,7,0,29.35,2.675
2025-07-28 10:00:00,L1,Day,Housing A,122,6,0,26.75,2.752
2025-07-28 10:00:00,L2,Day,Housing A,112,1,0,26.05,3.727
2025-07-28 10:00:00,L3,Day,Bracket B,128,7,0,31.64,1.668
2025-07-28 10:00:00,L4,Day,Bracket B,125,3,0,24.13,2.191
2025-07-28 11:00:00,L1,Day,Housing A,122,2,0,26.59,2.087
2025-07-28 11:00:00,L2,Day,Housing A,122,2,0,24.58,3.77
2025-07-28 11:00:00,L3,Day,Bracket B,107,7,0,28.78,2.385
2025-07-28 11:00:00,L4,Day,Bracket B,107,10,0,29.92,1.893
2025-07-28 12:00:00,L1,Day,Housing A,118,3,0,28.17,1.846
2025-07-28 12:00:00,L2,Day,Housing A,126,4,0,27.41,4.083
2025-07-28 12:00:00,L3,Day,Bracket B,109,8,0,31.13,2.628
2025-07-28 12:00:00,L4,Day,Bracket B,120,3,0,22.64,1.631
2025-07-28 13:00:00,L1,Day,Housing A,118,1,0,26.48,2.785
2025-07-28 13:00:00,L2,Day,Housing A,126,4,0,27.32,4.198
2025-07-28 13:00:00,L3,Day,Bracket B,62,1,30,27.43,2.13
2025-07-28 13:00:00,L4,Day,Bracket B,120,0,0,24.63,2.039
2025-07-28 14:00:00,L1,Evening,Housing A,114,2,0,23.48,2.244
2025-07-28 14:00:00,L2,Evening,Housing A,106,1,0,23.61,2.933
2025-07-28 14:00:00,L3,Evening,Bracket B,119,5,0,27.88,1.218
2025-07-28 14:00:00,L4,Evening,Bracket B,125,3,0,22.88,2.196
2025-07-28 15:00:00,L1,Evening,Housing A,114,0,0,23.09,1.662
2025-07-28 15:00:00,L2,Evening,Housing A,130,1,0,23.32,3.057
2025-07-28 15:00:00,L3,Evening,Bracket B,116,3,0,27.56,2.481
2025-07-28 15:00:00,L4,Evening,Bracket B,96,0,10,22.69,1.97
2025-07-28 16:00:00,L1,Evening,Housing A,125,2,0,25.56,2.82
2025-07-28 16:00:00,L2,Evening,Housing A,126,1,0,25.46,4.243
2025-07-28 16:00:00,L3,Evening,Bracket B,108,0,0,27.46,1.874
2025-07-28 16:00:00,L4,Evening,Bracket B,121,2,0,21.7,2.683
2025-07-28 17:00:00,L1,Evening,Housing A,114,0,0,22.74,1.931
2025-07-28 17:00:00,L2,Evening,Housing A,104,1,0,24.5,3.061
2025-07-28 17:00:00,L3,Evening,Bracket B,115,4,0,27.34,1.996
2025-07-28 17:00:00,L4,Evening,Bracket B,121,2,0,25.48,1.92
2025-07-28 18:00:00,L1,Evening,Housing A,118,2,0,21.95,2.458
2025-07-28 18:00:00,L2,Evening,Housing A,127,2,0,22.43,2.816
2025-07-28 18:00:00,L3,Evening,Bracket B,118,1,0,25.6,1.688
2025-07-28 18:00:00,L4,Evening,Bracket B,116,0,0,26.58,2.961
2025-07-28 19:00:00,L1,Evening,Housing A,117,1,0,21.4,2.099
2025-07-28 19:00:00,L2,Evening,Housing A,117,0,0,20.93,3.554
2025-07-28 19:00:00,L3,Evening,Bracket B,115,2,0,29.83,2.02
2025-07-28 19:00:00,L4,Evening,Bracket B,129,0,0,22.36,1.573
2025-07-28 20:00:00,L1,Evening,Housing A,117,1,0,22.46,2.098
2025-07-28 20:00:00,L2,Evening,Housing A,124,0,0,23.96,2.715
2025-07-28 20:00:00,L3,Evening,Bracket B,116,0,0,24.38,2.162
2025-07-28 20:00:00,L4,Evening,Bracket B,136,1,0,24.27,1.948
2025-07-28 21:00:00,L1,Evening,Housing A,27,0,45,23.87,2.131
2025-07-28 21:00:00,L2,Evening,Housing A,125,0,0,23.15,2.543
2025-07-28 21:00:00,L3,Evening,Bracket B,129,3,0,28.56,1.25
2025-07-28 21:00:00,L4,Evening,Bracket B,102,3,0,23.44,3.492
2025-07-28 22:00:00,L1,Night,Housing A,129,0,0,23.21,1.675
2025-07-28 22:00:00,L2,Night,Housing A,127,3,0,23.43,3.25
2025-07-28 22:00:00,L3,Night,Bracket B,122,3,0,25.98,2.17
2025-07-28 22:00:00,L4,Night,Bracket B,121,1,0,21.01,2.575
2025-07-28 23:00:00,L1,Night,Housing A,118,1,0,23.39,1.27
2025-07-28 23:00:00,L2,Night,Housing A,119,1,0,20.55,3.105
2025-07-28 23:00:00,L3,Night,Bracket B,108,2,0,24.8,1.651
2025-07-28 23:00:00,L4,Night,Bracket B,106,7,0,25.28,2.199
2025-07-29 00:00:00,L1,Night,Housing A,130,1,0,24.34,1.547
2025-07-29 00:00:00,L2,Night,Housing A,128,4,0,24.5,3.143
2025-07-29 00:00:00,L3,Night,Bracket B,123,2,0,26.47,2.266
2025-07-29 00:00:00,L4,Night,Bracket B,113,0,0,25.08,1.808
2025-07-29 01:00:00,L1,Night,Housing A,56,1,30,22.13,1.607
2025-07-29 01:00:00,L2,Night,Housing A,113,4,0,24.13,2.674
2025-07-29 01:00:00,L3,Night,Bracket B,108,7,0,28.88,1.153
2025-07-29 01:00:00,L4,Night,Bracket B,109,0,0,23.14,3.091
2025-07-29 02:00:00,L1,Night,Housing A,115,0,0,24.08,1.969
2025-07-29 02:00:00,L2,Night,Housing A,129,4,0,24.1,2.654
2025-07-29 02:00:00,L3,Night,Bracket B,106,4,0,27.58,2.32
2025-07-29 02:00:00,L4,Night,Bracket B,111,0,0,24.73,2.803
2025-07-29 03:00:00,L1,Night,Housing A,109,0,0,24.41,2.462
2025-07-29 03:00:00,L2,Night,Housing A,128,1,0,21.37,2.472
2025-07-29 03:00:00,L3,Night,Bracket B,129,4,0,29.84,2.508
2025-07-29 03:00:00,L4,Night,Bracket B,132,0,0,23.55,2.254
2025-07-29 04:00:00,L1,Night,Housing A,138,3,0,25.78,2.16
2025-07-29 04:00:00,L2,Night,Housing A,118,2,0,25.79,3.358
2025-07-29 04:00:00,L3,Night,Bracket B,119,3,0,27.64,1.973
2025-07-29 04:00:00,L4,Night,Bracket B,128,6,0,27.59,2.371
2025-07-29 05:00:00,L1,Night,Housing A,121,0,0,22.31,1.784
2025-07-29 05:00:00,L2,Night,Housing A,129,1,0,24.73,2.208
2025-07-29 05:00:00,L3,Night,Bracket B,116,2,0,22.26,1.665
2025-07-29 05:00:00,L4,Night,Bracket B,132,2,0,22.94,2.283
2025-07-29 06:00:00,L1,Day,Housing A,120,4,0,27.22,2.586
2025-07-29 06:00:00,L2,Day,Housing A,125,3,0,26.99,3.046
2025-07-29 06:00:00,L3,Day,Bracket B,131,5,0,31.57,1.478
2025-07-29 06:00:00,L4,Day,Bracket B,136,7,0,26.15,3.325
2025-07-29 07:00:00,L1,Day,Housing A,92,1,15,25.89,1.425
2025-07-29 07:00:00,L2,Day,Housing A,91,1,15,26.65,2.999
2025-07-29 07:00:00,L3,Day,Bracket B,112,3,0,31.72,2.544
2025-07-29 07:00:00,L4,Day,Bracket B,114,3,0,25.46,1.975
2025-07-29 08:00:00,L1,Day,Housing A,118,0,0,25.53,2.841
2025-07-29 08:00:00,L2,Day,Housing A,107,1,0,26.86,1.988
2025-07-29 08:00:00,L3,Day,Bracket B,124,2,0,28.24,1.853
2025-07-29 08:00:00,L4,Day,Bracket B,112,1,0,27.22,2.606
2025-07-29 09:00:00,L1,Day,Housing A,130,4,0,29.61,2.708
2025-07-29 09:00:00,L2,Day,Housing A,122,3,0,28.22,3.428
2025-07-29 09:00:00,L3,Day,Bracket B,121,2,0,27.37,2.709
2025-07-29 09:00:00,L4,Day,Bracket B,127,3,0,29.06,2.11
2025-07-29 10:00:00,L1,Day,Housing A,117,3,0,23.93,3.091
2025-07-29 10:00:00,L2,Day,Housing A,105,2,0,25.35,3.199
2025-07-29 10:00:00,L3,Day,Bracket B,120,4,0,31.53,1.886
2025-07-29 10:00:00,L4,Day,Bracket B,126,2,0,26.39,2.354
2025-07-29 11:00:00,L1,Day,Housing A,112,1,0,24.74,2.115
2025-07-29 11:00:00,L2,Day,Housing A,122,1,0,25.32,2.99
2025-07-29 11:00:00,L3,Day,Bracket B,115,7,0,29.61,2.247
2025-07-29 11:00:00,L4,Day,Bracket B,122,3,0,27.57,2.428
2025-07-29 12:00:00,L1,Day,Housing A,120,1,0,27.87,2.048
2025-07-29 12:00:00,L2,Day,Housing A,129,3,0,26.53,2.442
2025-07-29 12:00:00,L3,Day,Bracket B,124,7,0,29.84,2.284
2025-07-29 12:00:00,L4,Day,Bracket B,125,0,0,24.83,1.911
2025-07-29 13:00:00,L1,Day,Housing A,121,2,0,24.68,1.382
2025-07-29 13:00:00,L2,Day,Housing A,85,3,15,28.6,3.068
2025-07-29 13:00:00,L3,Day,Bracket B,118,1,0,28.58,2.087
2025-07-29 13:00:00,L4,Day,Bracket B,121,7,5,26.85,2.585
2025-07-29 14:00:00,L1,Evening,Housing A,119,1,0,27.12,1.857
2025-07-29 14:00:00,L2,Evening,Housing A,107,1,0,20.37,2.462
2025-07-29 14:00:00,L3,Evening,Bracket B,125,4,0,27.56,1.657
2025-07-29 14:00:00,L4,Evening,Bracket B,108,2,5,24.6,1.509
2025-07-29 15:00:00,L1,Evening,Housing A,134,2,0,25.11,1.88
2025-07-29 15:00:00,L2,Evening,Housing A,99,3,0,23.16,2.37
2025-07-29 15:00:00,L3,Evening,Bracket B,115,4,0,26.23,1.821
2025-07-29 15:00:00,L4,Evening,Bracket B,127,2,0,23.78,1.479
2025-07-29 16:00:00,L1,Evening,Housing A,88,1,15,24.22,1.828
2025-07-29 16:00:00,L2,Evening,Housing A,117,2,0,22.71,2.041
2025-07-29 16:00:00,L3,Evening,Bracket B,117,7,0,29.57,2.17
2025-07-29 16:00:00,L4,Evening,Bracket B,111,1,0,24.63,1.938
2025-07-29 17:00:00,L1,Evening,Housing A,138,0,0,24.58,1.385
2025-07-29 17:00:00,L2,Evening,Housing A,131,0,0,22.34,3.185
2025-07-29 17:00:00,L3,Evening,Bracket B,121,7,0,30.42,2.753
2025-07-29 17:00:00,L4,Evening,Bracket B,98,4,0,20.65,1.97
2025-07-29 18:00:00,L1,Evening,Housing A,112,1,0,25.2,2.27
2025-07-29 18:00:00,L2,Evening,Housing A,128,5,0,25.04,3.715
2025-07-29 18:00:00,L3,Evening,Bracket B,117,2,0,28.94,2.369
2025-07-29 18:00:00,L4,Evening,Bracket B,60,0,30,26.29,2.883
2025-07-29 19:00:00,L1,Evening,Housing A,115,3,0,22.31,1.927
2025-07-29 19:00:00,L2,Evening,Housing A,129,3,0,26.89,4.199
2025-07-29 19:00:00,L3,Evening,Bracket B,121,3,0,26.86,2.908
2025-07-29 19:00:00,L4,Evening,Bracket B,111,1,0,24.02,1.17
2025-07-29 20:00:00,L1,Evening,Housing A,109,1,0,23.31,2.102
2025-07-29 20:00:00,L2,Evening,Housing A,89,1,15,22.12,3.245
2025-07-29 20:00:00,L3,Evening,Bracket B,29,0,45,26.48,1.595
2025-07-29 20:00:00,L4,Evening,Bracket B,109,0,0,23.49,1.464
2025-07-29 21:00:00,L1,Evening,Housing A,121,2,0,24.76,2.444
2025-07-29 21:00:00,L2,Evening,Housing A,108,1,5,24.25,4.013
2025-07-29 21:00:00,L3,Evening,Bracket B,31,0,45,26.16,1.946
2025-07-29 21:00:00,L4,Evening,Bracket B,133,1,0,24.53,2.761
2025-07-29 22:00:00,L1,Night,Housing A,124,2,0,24.69,0.983
2025-07-29 22:00:00,L2,Night,Housing A,120,2,0,23.12,2.727
2025-07-29 22:00:00,L3,Night,Bracket B,109,2,5,27.45,3.123
2025-07-29 22:00:00,L4,Night,Bracket B,117,0,0,23.09,2.789
2025-07-29 23:00:00,L1,Night,Housing A,122,1,0,22.89,2.85
2025-07-29 23:00:00,L2,Night,Housing A,120,3,0,24.41,2.662
2025-07-29 23:00:00,L3,Night,Bracket B,128,0,0,24.29,2.291
2025-07-29 23:00:00,L4,Night,Bracket B,128,1,0,24.92,2.453
2025-07-30 00:00:00,L1,Night,Housing A,122,1,0,23.94,1.047
2025-07-30 00:00:00,L2,Night,Housing A,116,2,0,22.24,3.049
2025-07-30 00:00:00,L3,Night,Bracket B,120,3,0,28.74,1.807
2025-07-30 00:00:00,L4,Night,Bracket B,117,1,0,24.41,2.004
2025-07-30 01:00:00,L1,Night,Housing A,129,3,0,25.12,2.673
2025-07-30 01:00:00,L2,Night,Housing A,123,1,0,25.28,3.869
2025-07-30 01:00:00,L3,Night,Bracket B,119,3,0,27.0,1.738
2025-07-30 01:00:00,L4,Night,Bracket B,102,2,0,23.0,2.266
2025-07-30 02:00:00,L1,Night,Housing A,118,4,0,27.54,3.136
2025-07-30 02:00:00,L2,Night,Housing A,121,4,0,26.07,2.056
2025-07-30 02:00:00,L3,Night,Bracket B,127,3,0,27.74,2.148
2025-07-30 02:00:00,L4,Night,Bracket B,114,3,0,26.69,1.961
2025-07-30 03:00:00,L1,Night,Housing A,94,1,5,23.32,2.787
2025-07-30 03:00:00,L2,Night,Housing A,123,3,0,24.69,3.714
2025-07-30 03:00:00,L3,Night,Bracket B,122,3,0,26.1,2.007
2025-07-30 03:00:00,L4,Night,Bracket B,94,2,15,22.24,1.524
2025-07-30 04:00:00,L1,Night,Housing A,57,1,30,23.24,1.441
2025-07-30 04:00:00,L2,Night,Housing A,128,2,0,22.67,3.134
2025-07-30 04:00:00,L3,Night,Bracket B,127,2,0,26.96,1.845
2025-07-30 04:00:00,L4,Night,Bracket B,124,1,0,22.06,2.663
2025-07-30 05:00:00,L1,Night,Housing A,127,0,0,20.91,2.693
2025-07-30 05:00:00,L2,Night,Housing A,129,2,0,20.74,3.33
2025-07-30 05:00:00,L3,Night,Bracket B,114,6,0,29.01,2.785
2025-07-30 05:00:00,L4,Night,Bracket B,118,0,0,22.16,3.047
2025-07-30 06:00:00,L1,Day,Housing A,124,3,0,25.63,2.034
2025-07-30 06:00:00,L2,Day,Housing A,113,3,0,28.68,3.518
2025-07-30 06:00:00,L3,Day,Bracket B,113,4,0,30.33,2.556
2025-07-30 06:00:00,L4,Day,Bracket B,116,2,0,25.61,1.803
2025-07-30 07:00:00,L1,Day,Housing A,106,1,0,26.4,2.406
2025-07-30 07:00:00,L2,Day,Housing A,124,1,0,24.91,3.773
2025-07-30 07:00:00,L3,Day,Bracket B,119,4,0,29.77,2.24
2025-07-30 07:00:00,L4,Day,Bracket B,123,2,0,27.05,2.406
2025-07-30 08:00:00,L1,Day,Housing A,120,6,0,28.42,1.949
2025-07-30 08:00:00,L2,Day,Housing A,109,7,0,29.24,2.811
2025-07-30 08:00:00,L3,Day,Bracket B,126,6,0,30.09,3.767
2025-07-30 08:00:00,L4,Day,Bracket B,126,4,0,28.15,2.278
2025-07-30 09:00:00,L1,Day,Housing A,96,1,10,27.15,1.837
2025-07-30 09:00:00,L2,Day,Housing A,121,7,0,29.15,3.466
2025-07-30 09:00:00,L3,Day,Bracket B,125,6,0,30.77,1.93
2025-07-30 09:00:00,L4,Day,Bracket B,113,3,0,25.44,2.815
2025-07-30 10:00:00,L1,Day,Housing A,124,9,0,30.24,1.815
2025-07-30 10:00:00,L2,Day,Housing A,119,10,0,29.01,3.064
2025-07-30 10:00:00,L3,Day,Bracket B,29,0,45,27.41,2.211
2025-07-30 10:00:00,L4,Day,Bracket B,114,4,0,28.27,2.925
2025-07-30 11:00:00,L1,Day,Housing A,143,5,0,25.23,2.804
2025-07-30 11:00:00,L2,Day,Housing A,123,4,0,27.55,3.843
2025-07-30 11:00:00,L3,Day,Bracket B,119,1,0,29.34,1.882
2025-07-30 11:00:00,L4,Day,Bracket B,113,3,0,25.45,2.985
2025-07-30 12:00:00,L1,Day,Housing A,127,4,0,23.35,2.603
2025-07-30 12:00:00,L2,Day,Housing A,112,4,0,28.03,3.51
2025-07-30 12:00:00,L3,Day,Bracket B,135,7,0,29.22,2.107
2025-07-30 12:00:00,L4,Day,Bracket B,125,3,0,26.28,2.654
2025-07-30 13:00:00,L1,Day,Housing A,54,0,30,26.29,1.792
2025-07-30 13:00:00,L2,Day,Housing A,119,6,0,27.14,3.637
2025-07-30 13:00:00,L3,Day,Bracket B,128,5,0,32.53,1.849
2025-07-30 13:00:00,L4,Day,Bracket B,130,1,0,25.59,2.263
2025-07-30 14:00:00,L1,Evening,Housing A,119,1,0,21.78,1.98
2025-07-30 14:00:00,L2,Evening,Housing A,106,0,0,23.74,4.016
2025-07-30 14:00:00,L3,Evening,Bracket B,115,7,0,28.18,2.914
2025-07-30 14:00:00,L4,Evening,Bracket B,124,1,0,20.46,1.081
2025-07-30 15:00:00,L1,Evening,Housing A,103,0,0,22.91,2.155
2025-07-30 15:00:00,L2,Evening,Housing A,119,0,0,23.36,2.922
2025-07-30 15:00:00,L3,Evening,Bracket B,130,7,0,29.13,2.282
2025-07-30 15:00:00,L4,Evening,Bracket B,123,1,0,26.26,1.822
2025-07-30 16:00:00,L1,Evening,Housing A,127,4,0,25.75,1.958
2025-07-30 16:00:00,L2,Evening,Housing A,95,4,15,23.63,3.187
2025-07-30 16:00:00,L3,Evening,Bracket B,116,2,0,26.11,1.361
2025-07-30 16:00:00,L4,Evening,Bracket B,124,2,0,22.76,2.372
2025-07-30 17:00:00,L1,Evening,Housing A,105,2,0,22.23,2.068
2025-07-30 17:00:00,L2,Evening,Housing A,135,0,0,24.17,3.044
2025-07-30 17:00:00,L3,Evening,Bracket B,134,5,0,25.31,2.911
2025-07-30 17:00:00,L4,Evening,Bracket B,126,2,0,26.13,2.772
2025-07-30 18:00:00,L1,Evening,Housing A,118,2,0,24.56,1.621
2025-07-30 18:00:00,L2,Evening,Housing A,120,2,0,23.93,3.634
2025-07-30 18:00:00,L3,Evening,Bracket B,108,3,0,25.66,2.667
2025-07-30 18:00:00,L4,Evening,Bracket B,124,3,0,24.3,3.034
2025-07-30 19:00:00,L1,Evening,Housing A,118,1,0,24.15,2.177
2025-07-30 19:00:00,L2,Evening,Housing A,116,2,0,25.02,2.49
2025-07-30 19:00:00,L3,Evening,Bracket B,116,2,0,26.06,2.663
2025-07-30 19:00:00,L4,Evening,Bracket B,116,5,0,26.12,1.321
2025-07-30 20:00:00,L1,Evening,Housing A,124,4,0,23.76,2.729
2025-07-30 20:00:00,L2,Evening,Housing A,118,2,0,23.63,3.416
2025-07-30 20:00:00,L3,Evening,Bracket B,112,4,0,25.38,1.764
2025-07-30 20:00:00,L4,Evening,Bracket B,114,0,0,23.96,2.094
2025-07-30 21:00:00,L1,Evening,Housing A,112,2,0,26.31,3.053
2025-07-30 21:00:00,L2,Evening,Housing A,115,1,0,24.0,3.551
2025-07-30 21:00:00,L3,Evening,Bracket B,121,5,0,27.38,2.344
2025-07-30 21:00:00,L4,Evening,Bracket B,114,1,0,25.07,2.216
2025-07-30 22:00:00,L1,Night,Housing A,130,2,0,22.44,1.59
2025-07-30 22:00:00,L2,Night,Housing A,125,0,0,25.68,2.804
2025-07-30 22:00:00,L3,Night,Bracket B,106,0,0,26.01,2.119
2025-07-30 22:00:00,L4,Night,Bracket B,62,1,30,23.23,2.305
2025-07-30 23:00:00,L1,Night,Housing A,124,1,0,20.38,0.892
2025-07-30 23:00:00,L2,Night,Housing A,121,4,0,21.84,2.676
2025-07-30 23:00:00,L3,Night,Bracket B,112,3,10,28.41,2.404
2025-07-30 23:00:00,L4,Night,Bracket B,126,1,0,25.06,2.443
2025-07-31 00:00:00,L1,Night,Housing A,134,2,0,20.48,1.694
2025-07-31 00:00:00,L2,Night,Housing A,117,3,0,26.12,3.393
2025-07-31 00:00:00,L3,Night,Bracket B,129,5,0,29.33,1.288
2025-07-31 00:00:00,L4,Night,Bracket B,133,0,0,22.86,1.718
2025-07-31 01:00:00,L1,Night,Housing A,111,0,0,25.21,1.299
2025-07-31 01:00:00,L2,Night,Housing A,125,1,0,22.88,3.629
2025-07-31 01:00:00,L3,Night,Bracket B,126,5,0,29.13,2.883
2025-07-31 01:00:00,L4,Night,Bracket B,116,4,0,27.39,1.847
2025-07-31 02:00:00,L1,Night,Housing A,129,2,0,23.22,2.277
2025-07-31 02:00:00,L2,Night,Housing A,115,3,0,23.63,4.162
2025-07-31 02:00:00,L3,Night,Bracket B,113,8,0,27.64,2.73
2025-07-31 02:00:00,L4,Night,Bracket B,133,3,0,25.36,1.743
2025-07-31 03:00:00,L1,Night,Housing A,108,1,0,25.76,2.078
2025-07-31 03:00:00,L2,Night,Housing A,29,1,45,22.62,2.999
2025-07-31 03:00:00,L3,Night,Bracket B,107,2,0,27.22,3.244
2025-07-31 03:00:00,L4,Night,Bracket B,124,1,0,21.39,2.002
2025-07-31 04:00:00,L1,Night,Housing A,110,1,0,24.68,1.347
2025-07-31 04:00:00,L2,Night,Housing A,107,3,0,22.02,3.12
2025-07-31 04:00:00,L3,Night,Bracket B,110,9,0,30.71,2.496
2025-07-31 04:00:00,L4,Night,Bracket B,127,1,0,25.28,2.048
2025-07-31 05:00:00,L1,Night,Housing A,120,1,0,23.32,1.466
2025-07-31 05:00:00,L2,Night,Housing A,124,2,0,25.86,2.883
2025-07-31 05:00:00,L3,Night,Bracket B,121,2,0,26.62,1.739
2025-07-31 05:00:00,L4,Night,Bracket B,108,2,0,22.82,1.786
2025-07-31 06:00:00,L1,Day,Housing A,108,3,0,27.18,1.863
2025-07-31 06:00:00,L2,Day,Housing A,89,2,15,27.17,3.171
2025-07-31 06:00:00,L3,Day,Bracket B,127,6,0,30.46,2.168
2025-07-31 06:00:00,L4,Day,Bracket B,111,2,0,24.48,1.896
2025-07-31 07:00:00,L1,Day,Housing A,130,4,0,26.09,1.866
2025-07-31 07:00:00,L2,Day,Housing A,113,4,0,26.21,2.55
2025-07-31 07:00:00,L3,Day,Bracket B,131,5,0,28.81,2.327
2025-07-31 07:00:00,L4,Day,Bracket B,120,0,0,22.78,2.176
2025-07-31 08:00:00,L1,Day,Housing A,111,1,0,26.02,2.856
2025-07-31 08:00:00,L2,Day,Housing A,116,1,0,23.84,3.09
2025-07-31 08:00:00,L3,Day,Bracket B,114,2,0,26.77,2.092
2025-07-31 08:00:00,L4,Day,Bracket B,118,1,0,25.29,2.262
2025-07-31 09:00:00,L1,Day,Housing A,114,2,0,25.55,1.648
2025-07-31 09:00:00,L2,Day,Housing A,90,3,15,27.29,3.495
2025-07-31 09:00:00,L3,Day,Bracket B,111,5,0,30.26,2.922
2025-07-31 09:00:00,L4,Day,Bracket B,99,2,0,26.22,1.995
2025-07-31 10:00:00,L1,Day,Housing A,135,4,0,28.78,1.738
2025-07-31 10:00:00,L2,Day,Housing A,115,0,0,23.51,2.873
2025-07-31 10:00:00,L3,Day,Bracket B,81,3,15,30.41,2.096
2025-07-31 10:00:00,L4,Day,Bracket B,125,2,0,26.15,2.07
2025-07-31 11:00:00,L1,Day,Housing A,127,1,0,25.94,2.249
2025-07-31 11:00:00,L2,Day,Housing A,116,4,0,27.93,3.216
2025-07-31 11:00:00,L3,Day,Bracket B,116,6,0,30.14,2.39
2025-07-31 11:00:00,L4,Day,Bracket B,123,2,0,26.16,2.046
2025-07-31 12:00:00,L1,Day,Housing A,112,7,0,29.13,1.382
2025-07-31 12:00:00,L2,Day,Housing A,115,0,0,25.44,3.349
2025-07-31 12:00:00,L3,Day,Bracket B,107,1,0,28.98,2.054
2025-07-31 12:00:00,L4,Day,Bracket B,132,5,0,27.81,2.787
2025-07-31 13:00:00,L1,Day,Housing A,118,3,0,26.06,2.279
2025-07-31 13:00:00,L2,Day,Housing A,124,2,0,25.95,2.894
2025-07-31 13:00:00,L3,Day,Bracket B,106,2,0,30.07,2.511
2025-07-31 13:00:00,L4,Day,Bracket B,121,4,0,28.02,2.119
2025-07-31 14:00:00,L1,Evening,Housing A,127,2,0,23.92,1.899
2025-07-31 14:00:00,L2,Evening,Housing A,113,0,0,23.16,2.555
2025-07-31 14:00:00,L3,Evening,Bracket B,131,2,0,26.95,1.258
2025-07-31 14:00:00,L4,Evening,Bracket B,131,0,0,24.07,1.187
2025-07-31 15:00:00,L1,Evening,Housing A,113,3,0,22.39,2.577
2025-07-31 15:00:00,L2,Evening,Housing A,118,2,0,25.29,2.592
2025-07-31 15:00:00,L3,Evening,Bracket B,122,3,0,27.04,1.901
2025-07-31 15:00:00,L4,Evening,Bracket B,123,3,0,25.63,1.629
2025-07-31 16:00:00,L1,Evening,Housing A,124,1,0,21.96,3.0
2025-07-31 16:00:00,L2,Evening,Housing A,113,3,0,24.69,3.08
2025-07-31 16:00:00,L3,Evening,Bracket B,25,0,45,27.67,2.096
2025-07-31 16:00:00,L4,Evening,Bracket B,117,0,0,23.76,2.273
2025-07-31 17:00:00,L1,Evening,Housing A,123,4,0,23.36,3.313
2025-07-31 17:00:00,L2,Evening,Housing A,128,0,0,24.82,3.497
2025-07-31 17:00:00,L3,Evening,Bracket B,103,5,0,30.26,2.448
2025-07-31 17:00:00,L4,Evening,Bracket B,122,1,0,24.48,1.912
2025-07-31 18:00:00,L1,Evening,Housing A,115,2,0,24.69,0.836
2025-07-31 18:00:00,L2,Evening,Housing A,110,3,0,26.17,3.333
2025-07-31 18:00:00,L3,Evening,Bracket B,129,10,0,30.29,2.365
2025-07-31 18:00:00,L4,Evening,Bracket B,104,1,0,24.2,2.472
2025-07-31 19:00:00,L1,Evening,Housing A,120,1,0,22.02,1.846
2025-07-31 19:00:00,L2,Evening,Housing A,123,0,0,23.56,3.109
2025-07-31 19:00:00,L3,Evening,Bracket B,125,1,0,23.39,1.911
2025-07-31 19:00:00,L4,Evening,Bracket B,124,2,0,23.8,1.696
2025-07-31 20:00:00,L1,Evening,Housing A,119,1,0,22.86,2.131
2025-07-31 20:00:00,L2,Evening,Housing A,109,1,0,22.72,2.736
2025-07-31 20:00:00,L3,Evening,Bracket B,124,2,0,26.02,1.931
2025-07-31 20:00:00,L4,Evening,Bracket B,103,1,5,24.81,1.567
2025-07-31 21:00:00,L1,Evening,Housing A,130,4,0,25.23,1.706
2025-07-31 21:00:00,L2,Evening,Housing A,111,1,0,22.21,2.902
2025-07-31 21:00:00,L3,Evening,Bracket B,89,2,10,26.82,2.192
2025-07-31 21:00:00,L4,Evening,Bracket B,107,1,0,23.04,1.65
2025-07-31 22:00:00,L1,Night,Housing A,132,2,0,25.23,1.715
2025-07-31 22:00:00,L2,Night,Housing A,121,2,0,22.74,3.08
2025-07-31 22:00:00,L3,Night,Bracket B,136,4,0,27.83,1.916
2025-07-31 22:00:00,L4,Night,Bracket B,111,2,0,24.47,1.653
2025-07-31 23:00:00,L1,Night,Housing A,119,1,0,22.42,1.757
2025-07-31 23:00:00,L2,Night,Housing A,135,2,0,23.1,2.698
2025-07-31 23:00:00,L3,Night,Bracket B,113,3,0,27.42,1.263
2025-07-31 23:00:00,L4,Night,Bracket B,122,1,0,23.0,1.975
2025-08-01 00:00:00,L1,Night,Housing A,125,4,0,23.56,1.982
2025-08-01 00:00:00,L2,Night,Housing A,127,1,0,24.32,3.431
2025-08-01 00:00:00,L3,Night,Bracket B,118,4,0,27.59,2.173
2025-08-01 00:00:00,L4,Night,Bracket B,116,1,0,23.32,2.036
2025-08-01 01:00:00,L1,Night,Housing A,128,0,0,24.32,2.585
2025-08-01 01:00:00,L2,Night,Housing A,118,3,0,26.59,3.12
2025-08-01 01:00:00,L3,Night,Bracket B,113,6,0,29.44,2.209
2025-08-01 01:00:00,L4,Night,Bracket B,103,2,5,23.8,2.004
2025-08-01 02:00:00,L1,Night,Housing A,118,1,0,23.69,1.585
2025-08-01 02:00:00,L2,Night,Housing A,129,1,0,23.92,2.749
2025-08-01 02:00:00,L3,Night,Bracket B,121,2,0,27.93,2.579
2025-08-01 02:00:00,L4,Night,Bracket B,117,0,0,22.72,1.704
2025-08-01 03:00:00,L1,Night,Housing A,125,4,0,23.08,2.378
2025-08-01 03:00:00,L2,Night,Housing A,130,3,0,21.97,3.458
2025-08-01 03:00:00,L3,Night,Bracket B,112,1,0,27.4,1.998
2025-08-01 03:00:00,L4,Night,Bracket B,120,1,0,23.01,1.379
2025-08-01 04:00:00,L1,Night,Housing A,109,1,0,22.31,2.066
2025-08-01 04:00:00,L2,Night,Housing A,140,1,0,26.2,2.56
2025-08-01 04:00:00,L3,Night,Bracket B,71,4,30,28.97,2.403
2025-08-01 04:00:00,L4,Night,Bracket B,118,2,0,24.36,2.742
2025-08-01 05:00:00,L1,Night,Housing A,126,2,0,25.39,2.952
2025-08-01 05:00:00,L2,Night,Housing A,115,2,0,24.2,3.249
2025-08-01 05:00:00,L3,Night,Bracket B,120,0,0,25.37,2.699
2025-08-01 05:00:00,L4,Night,Bracket B,113,3,0,23.44,1.355
2025-08-01 06:00:00,L1,Day,Housing A,124,2,0,26.43,1.753
2025-08-01 06:00:00,L2,Day,Housing A,120,6,0,30.15,3.451
2025-08-01 06:00:00,L3,Day,Bracket B,117,3,0,29.96,2.831
2025-08-01 06:00:00,L4,Day,Bracket B,120,1,0,26.97,1.961
2025-08-01 07:00:00,L1,Day,Housing A,113,2,0,24.42,2.609
2025-08-01 07:00:00,L2,Day,Housing A,126,10,0,28.19,2.932
2025-08-01 07:00:00,L3,Day,Bracket B,27,1,45,33.15,2.508
2025-08-01 07:00:00,L4,Day,Bracket B,118,2,0,26.33,2.629
2025-08-01 08:00:00,L1,Day,Housing A,33,1,45,26.82,1.97
2025-08-01 08:00:00,L2,Day,Housing A,130,3,0,25.35,2.578
2025-08-01 08:00:00,L3,Day,Bracket B,112,3,0,31.1,2.594
2025-08-01 08:00:00,L4,Day,Bracket B,112,1,0,26.01,2.024
2025-08-01 09:00:00,L1,Day,Housing A,125,0,0,26.4,2.462
2025-08-01 09:00:00,L2,Day,Housing A,121,2,0,25.94,3.792
2025-08-01 09:00:00,L3,Day,Bracket B,117,4,0,28.69,2.375
2025-08-01 09:00:00,L4,Day,Bracket B,118,4,0,28.13,1.626
2025-08-01 10:00:00,L1,Day,Housing A,115,0,0,26.19,2.44
2025-08-01 10:00:00,L2,Day,Housing A,120,3,0,27.51,2.599
2025-08-01 10:00:00,L3,Day,Bracket B,126,1,0,25.31,2.635
2025-08-01 10:00:00,L4,Day,Bracket B,126,1,0,24.69,2.225
2025-08-01 11:00:00,L1,Day,Housing A,121,3,0,27.35,1.043
2025-08-01 11:00:00,L2,Day,Housing A,120,5,0,28.35,3.334
2025-08-01 11:00:00,L3,Day,Bracket B,118,9,0,30.48,1.547
2025-08-01 11:00:00,L4,Day,Bracket B,88,4,15,27.37,1.301
2025-08-01 12:00:00,L1,Day,Housing A,122,5,0,26.87,1.211
2025-08-01 12:00:00,L2,Day,Housing A,124,4,0,27.7,3.589
2025-08-01 12:00:00,L3,Day,Bracket B,131,4,0,30.33,2.957
2025-08-01 12:00:00,L4,Day,Bracket B,123,2,0,28.95,1.473
2025-08-01 13:00:00,L1,Day,Housing A,122,4,0,27.62,1.2
2025-08-01 13:00:00,L2,Day,Housing A,122,4,0,29.07,2.983
2025-08-01 13:00:00,L3,Day,Bracket B,114,5,0,31.72,2.219
2025-08-01 13:00:00,L4,Day,Bracket B,109,2,0,27.05,2.118
2025-08-01 14:00:00,L1,Evening,Housing A,114,3,0,24.4,2.927
2025-08-01 14:00:00,L2,Evening,Housing A,120,0,0,22.66,3.227
2025-08-01 14:00:00,L3,Evening,Bracket B,121,2,0,28.06,1.736
2025-08-01 14:00:00,L4,Evening,Bracket B,118,3,0,25.25,2.071
2025-08-01 15:00:00,L1,Evening,Housing A,118,1,0,24.27,2.887
2025-08-01 15:00:00,L2,Evening,Housing A,121,0,0,24.99,2.423
2025-08-01 15:00:00,L3,Evening,Bracket B,116,4,0,25.97,2.694
2025-08-01 15:00:00,L4,Evening,Bracket B,111,1,0,24.9,2.1
2025-08-01 16:00:00,L1,Evening,Housing A,115,4,0,24.73,2.201
2025-08-01 16:00:00,L2,Evening,Housing A,112,1,0,22.68,3.691
2025-08-01 16:00:00,L3,Evening,Bracket B,116,2,0,27.15,2.988
2025-08-01 16:00:00,L4,Evening,Bracket B,35,0,45,24.11,2.627
2025-08-01 17:00:00,L1,Evening,Housing A,124,0,0,24.25,1.651
2025-08-01 17:00:00,L2,Evening,Housing A,142,1,0,25.36,3.411
2025-08-01 17:00:00,L3,Evening,Bracket B,128,5,0,26.63,2.353
2025-08-01 17:00:00,L4,Evening,Bracket B,115,3,0,25.47,2.026
2025-08-01 18:00:00,L1,Evening,Housing A,114,1,0,24.64,1.82
2025-08-01 18:00:00,L2,Evening,Housing A,66,2,30,22.25,3.665
2025-08-01 18:00:00,L3,Evening,Bracket B,127,2,0,26.88,1.94
2025-08-01 18:00:00,L4,Evening,Bracket B,114,1,0,22.59,1.571
2025-08-01 19:00:00,L1,Evening,Housing A,110,2,0,25.07,1.936
2025-08-01 19:00:00,L2,Evening,Housing A,112,4,0,20.39,2.687
2025-08-01 19:00:00,L3,Evening,Bracket B,133,1,0,29.33,2.05
2025-08-01 19:00:00,L4,Evening,Bracket B,106,3,0,24.16,2.049
2025-08-01 20:00:00,L1,Evening,Housing A,121,1,0,23.27,1.821
2025-08-01 20:00:00,L2,Evening,Housing A,116,2,0,22.81,2.481
2025-08-01 20:00:00,L3,Evening,Bracket B,133,3,0,26.94,2.019
2025-08-01 20:00:00,L4,Evening,Bracket B,129,2,0,27.18,2.113
2025-08-01 21:00:00,L1,Evening,Housing A,124,3,0,25.68,2.636
2025-08-01 21:00:00,L2,Evening,Housing A,112,0,0,24.25,2.662
2025-08-01 21:00:00,L3,Evening,Bracket B,118,6,0,26.86,2.311
2025-08-01 21:00:00,L4,Evening,Bracket B,123,2,0,26.65,2.052
2025-08-01 22:00:00,L1,Night,Housing A,117,0,0,24.54,1.643
2025-08-01 22:00:00,L2,Night,Housing A,110,3,0,22.98,3.203
2025-08-01 22:00:00,L3,Night,Bracket B,114,3,0,25.94,1.621
2025-08-01 22:00:00,L4,Night,Bracket B,110,1,0,24.33,2.487
2025-08-01 23:00:00,L1,Night,Housing A,30,0,45,28.64,2.37
2025-08-01 23:00:00,L2,Night,Housing A,120,5,0,24.13,3.395
2025-08-01 23:00:00,L3,Night,Bracket B,112,1,0,25.18,2.374
2025-08-01 23:00:00,L4,Night,Bracket B,119,2,0,24.62,2.363
2025-08-02 00:00:00,L1,Night,Housing A,28,1,45,21.45,1.47
2025-08-02 00:00:00,L2,Night,Housing A,133,0,0,22.5,3.453
2025-08-02 00:00:00,L3,Night,Bracket B,111,2,0,25.92,2.139
2025-08-02 00:00:00,L4,Night,Bracket B,120,0,0,24.96,1.871
2025-08-02 01:00:00,L1,Night,Housing A,127,1,0,23.52,1.758
2025-08-02 01:00:00,L2,Night,Housing A,53,2,30,25.44,3.007
2025-08-02 01:00:00,L3,Night,Bracket B,127,6,0,29.87,2.198
2025-08-02 01:00:00,L4,Night,Bracket B,121,2,0,25.34,2.387
2025-08-02 02:00:00,L1,Night,Housing A,110,1,0,24.32,2.877
2025-08-02 02:00:00,L2,Night,Housing A,120,1,0,24.02,3.321
2025-08-02 02:00:00,L3,Night,Bracket B,107,2,0,26.51,1.987
2025-08-02 02:00:00,L4,Night,Bracket B,129,1,0,24.31,1.94
2025-08-02 03:00:00,L1,Night,Housing A,108,1,0,23.03,3.14
2025-08-02 03:00:00,L2,Night,Housing A,118,2,0,25.35,3.485
2025-08-02 03:00:00,L3,Night,Bracket B,119,3,0,26.4,2.287
2025-08-02 03:00:00,L4,Night,Bracket B,127,3,0,27.07,1.913
2025-08-02 04:00:00,L1,Night,Housing A,132,2,0,25.07,2.725
2025-08-02 04:00:00,L2,Night,Housing A,51,0,30,25.05,2.7
2025-08-02 04:00:00,L3,Night,Bracket B,131,7,0,27.5,1.846
2025-08-02 04:00:00,L4,Night,Bracket B,124,1,0,23.48,2.774
2025-08-02 05:00:00,L1,Night,Housing A,96,1,0,23.81,1.938
2025-08-02 05:00:00,L2,Night,Housing A,130,1,0,24.2,3.31
2025-08-02 05:00:00,L3,Night,Bracket B,99,0,10,25.56,2.796
2025-08-02 05:00:00,L4,Night,Bracket B,114,2,0,24.42,2.745
2025-08-02 06:00:00,L1,Day,Housing A,120,2,0,25.14,1.636
2025-08-02 06:00:00,L2,Day,Housing A,107,4,0,26.65,2.682
2025-08-02 06:00:00,L3,Day,Bracket B,103,5,10,29.87,2.276
2025-08-02 06:00:00,L4,Day,Bracket B,112,3,0,26.83,2.157
2025-08-02 07:00:00,L1,Day,Housing A,119,5,0,28.08,3.046
2025-08-02 07:00:00,L2,Day,Housing A,133,5,0,28.1,3.101
2025-08-02 07:00:00,L3,Day,Bracket B,122,4,0,28.87,2.083
2025-08-02 07:00:00,L4,Day,Bracket B,110,5,0,26.45,2.366
2025-08-02 08:00:00,L1,Day,Housing A,128,1,0,25.41,3.002
2025-08-02 08:00:00,L2,Day,Housing A,128,4,0,28.16,4.101
2025-08-02 08:00:00,L3,Day,Bracket B,118,2,0,27.76,2.065
2025-08-02 08:00:00,L4,Day,Bracket B,117,7,0,26.53,2.233
2025-08-02 09:00:00,L1,Day,Housing A,120,4,0,28.31,2.154
2025-08-02 09:00:00,L2,Day,Housing A,130,1,0,25.79,3.46
2025-08-02 09:00:00,L3,Day,Bracket B,117,3,0,29.47,2.589
2025-08-02 09:00:00,L4,Day,Bracket B,121,1,0,26.87,1.699
2025-08-02 10:00:00,L1,Day,Housing A,136,0,0,24.06,2.864
2025-08-02 10:00:00,L2,Day,Housing A,82,8,15,27.9,3.31
2025-08-02 10:00:00,L3,Day,Bracket B,122,7,0,31.1,1.839
2025-08-02 10:00:00,L4,Day,Bracket B,33,2,45,26.73,2.818
2025-08-02 11:00:00,L1,Day,Housing A,30,0,45,26.0,1.778
2025-08-02 11:00:00,L2,Day,Housing A,116,1,0,27.61,3.317
2025-08-02 11:00:00,L3,Day,Bracket B,113,7,0,31.15,1.378
2025-08-02 11:00:00,L4,Day,Bracket B,111,0,0,25.66,2.308
2025-08-02 12:00:00,L1,Day,Housing A,113,4,0,27.56,2.555
2025-08-02 12:00:00,L2,Day,Housing A,113,3,0,27.32,2.501
2025-08-02 12:00:00,L3,Day,Bracket B,111,5,0,32.28,1.948
2025-08-02 12:00:00,L4,Day,Bracket B,119,3,0,26.74,1.813
2025-08-02 13:00:00,L1,Day,Housing A,63,1,30,27.1,2.747
2025-08-02 13:00:00,L2,Day,Housing A,114,4,0,27.57,3.311
2025-08-02 13:00:00,L3,Day,Bracket B,121,8,0,31.81,1.711
2025-08-02 13:00:00,L4,Day,Bracket B,121,2,0,25.45,2.023
2025-08-02 14:00:00,L1,Evening,Housing A,129,2,0,20.31,2.468
2025-08-02 14:00:00,L2,Evening,Housing A,111,5,0,21.31,2.577
2025-08-02 14:00:00,L3,Evening,Bracket B,118,2,0,29.53,2.959
2025-08-02 14:00:00,L4,Evening,Bracket B,127,2,0,21.62,2.762
2025-08-02 15:00:00,L1,Evening,Housing A,126,3,0,23.45,2.482
2025-08-02 15:00:00,L2,Evening,Housing A,130,4,0,24.6,3.085
2025-08-02 15:00:00,L3,Evening,Bracket B,115,5,0,30.64,1.801
2025-08-02 15:00:00,L4,Evening,Bracket B,119,4,0,23.87,2.272
2025-08-02 16:00:00,L1,Evening,Housing A,128,0,0,24.33,1.468
2025-08-02 16:00:00,L2,Evening,Housing A,119,3,0,23.24,2.39
2025-08-02 16:00:00,L3,Evening,Bracket B,122,4,0,28.59,2.035
2025-08-02 16:00:00,L4,Evening,Bracket B,131,1,0,26.35,1.729
2025-08-02 17:00:00,L1,Evening,Housing A,131,1,0,23.81,2.381
2025-08-02 17:00:00,L2,Evening,Housing A,118,1,0,21.69,3.38
2025-08-02 17:00:00,L3,Evening,Bracket B,113,0,0,27.82,1.882
2025-08-02 17:00:00,L4,Evening,Bracket B,116,1,0,26.03,1.933
2025-08-02 18:00:00,L1,Evening,Housing A,127,3,0,23.18,2.525
2025-08-02 18:00:00,L2,Evening,Housing A,77,2,15,25.61,3.219
2025-08-02 18:00:00,L3,Evening,Bracket B,128,5,0,27.91,0.935
2025-08-02 18:00:00,L4,Evening,Bracket B,113,2,0,26.02,1.63
2025-08-02 19:00:00,L1,Evening,Housing A,110,2,0,24.83,2.671
2025-08-02 19:00:00,L2,Evening,Housing A,110,1,0,21.47,3.487
2025-08-02 19:00:00,L3,Evening,Bracket B,130,4,0,28.5,2.062
2025-08-02 19:00:00,L4,Evening,Bracket B,116,1,0,22.17,2.486
2025-08-02 20:00:00,L1,Evening,Housing A,123,3,0,25.85,2.121
2025-08-02 20:00:00,L2,Evening,Housing A,126,1,0,22.69,3.175
2025-08-02 20:00:00,L3,Evening,Bracket B,119,4,0,26.71,1.624
2025-08-02 20:00:00,L4,Evening,Bracket B,117,1,0,25.92,1.791
2025-08-02 21:00:00,L1,Evening,Housing A,113,3,0,22.43,2.438
2025-08-02 21:00:00,L2,Evening,Housing A,131,2,0,24.78,3.186
2025-08-02 21:00:00,L3,Evening,Bracket B,120,2,0,27.86,2.21
2025-08-02 21:00:00,L4,Evening,Bracket B,125,1,0,23.4,2.69
2025-08-02 22:00:00,L1,Night,Housing A,90,0,10,19.86,2.616
2025-08-02 22:00:00,L2,Night,Housing A,98,1,0,22.15,3.628
2025-08-02 22:00:00,L3,Night,Bracket B,123,4,0,26.85,2.082
2025-08-02 22:00:00,L4,Night,Bracket B,115,1,0,23.82,1.734
2025-08-02 23:00:00,L1,Night,Housing A,132,0,0,20.74,2.485
2025-08-02 23:00:00,L2,Night,Housing A,118,3,0,25.82,2.834
2025-08-02 23:00:00,L3,Night,Bracket B,117,6,0,28.26,2.599
2025-08-02 23:00:00,L4,Night,Bracket B,120,1,0,21.12,1.671
2025-08-03 00:00:00,L1,Night,Housing A,128,0,0,23.52,1.897
2025-08-03 00:00:00,L2,Night,Housing A,115,2,0,24.56,3.383
2025-08-03 00:00:00,L3,Night,Bracket B,116,5,0,27.14,2.239
2025-08-03 00:00:00,L4,Night,Bracket B,116,4,0,26.64,1.561
2025-08-03 01:00:00,L1,Night,Housing A,100,3,0,25.13,1.527
2025-08-03 01:00:00,L2,Night,Housing A,124,3,0,21.39,3.042
2025-08-03 01:00:00,L3,Night,Bracket B,116,4,0,27.6,2.019
2025-08-03 01:00:00,L4,Night,Bracket B,115,2,0,22.7,2.171
2025-08-03 02:00:00,L1,Night,Housing A,130,4,0,26.19,2.153
2025-08-03 02:00:00,L2,Night,Housing A,116,0,0,24.5,3.656
2025-08-03 02:00:00,L3,Night,Bracket B,30,2,45,28.9,2.08
2025-08-03 02:00:00,L4,Night,Bracket B,118,0,0,23.83,2.404
2025-08-03 03:00:00,L1,Night,Housing A,129,1,0,24.44,2.274
2025-08-03 03:00:00,L2,Night,Housing A,106,1,5,24.18,2.932
2025-08-03 03:00:00,L3,Night,Bracket B,110,4,0,29.37,2.275
2025-08-03 03:00:00,L4,Night,Bracket B,128,1,0,20.93,2.556
2025-08-03 04:00:00,L1,Night,Housing A,115,2,0,26.42,2.517
2025-08-03 04:00:00,L2,Night,Housing A,121,1,0,25.59,2.664
2025-08-03 04:00:00,L3,Night,Bracket B,123,2,0,26.22,1.932
2025-08-03 04:00:00,L4,Night,Bracket B,125,1,0,21.04,2.367
2025-08-03 05:00:00,L1,Night,Housing A,111,1,0,24.77,2.827
2025-08-03 05:00:00,L2,Night,Housing A,141,3,0,21.85,3.503
2025-08-03 05:00:00,L3,Night,Bracket B,113,2,0,27.83,2.454
2025-08-03 05:00:00,L4,Night,Bracket B,31,0,45,25.21,2.013
2025-08-03 06:00:00,L1,Day,Housing A,32,3,45,29.28,2.502
2025-08-03 06:00:00,L2,Day,Housing A,134,2,0,26.76,2.59
2025-08-03 06:00:00,L3,Day,Bracket B,121,3,0,27.34,2.85
2025-08-03 06:00:00,L4,Day,Bracket B,122,4,0,27.33,2.364
2025-08-03 07:00:00,L1,Day,Housing A,118,3,0,26.26,2.404
2025-08-03 07:00:00,L2,Day,Housing A,114,2,0,23.69,3.704
2025-08-03 07:00:00,L3,Day,Bracket B,118,9,0,32.13,2.158
2025-08-03 07:00:00,L4,Day,Bracket B,120,6,0,25.49,1.884
2025-08-03 08:00:00,L1,Day,Housing A,115,3,0,25.81,1.829
2025-08-03 08:00:00,L2,Day,Housing A,30,0,45,24.38,2.772
2025-08-03 08:00:00,L3,Day,Bracket B,121,4,0,28.46,3.355
2025-08-03 08:00:00,L4,Day,Bracket B,127,1,0,23.72,2.118
2025-08-03 09:00:00,L1,Day,Housing A,118,4,0,26.63,1.919
2025-08-03 09:00:00,L2,Day,Housing A,127,4,0,26.22,3.497
2025-08-03 09:00:00,L3,Day,Bracket B,115,3,0,29.9,1.622
2025-08-03 09:00:00,L4,Day,Bracket B,126,4,0,26.8,2.163
2025-08-03 10:00:00,L1,Day,Housing A,129,1,0,24.98,1.586
2025-08-03 10:00:00,L2,Day,Housing A,28,1,45,25.33,3.186
2025-08-03 10:00:00,L3,Day,Bracket B,115,12,0,33.96,2.336
2025-08-03 10:00:00,L4,Day,Bracket B,110,0,0,25.81,1.164
2025-08-03 11:00:00,L1,Day,Housing A,111,4,0,26.69,2.557
2025-08-03 11:00:00,L2,Day,Housing A,120,2,0,25.42,2.329
2025-08-03 11:00:00,L3,Day,Bracket B,121,4,0,27.71,2.275
2025-08-03 11:00:00,L4,Day,Bracket B,107,1,0,25.53,1.139
2025-08-03 12:00:00,L1,Day,Housing A,112,4,0,24.3,1.459
2025-08-03 12:00:00,L2,Day,Housing A,121,1,0,26.08,3.067
2025-08-03 12:00:00,L3,Day,Bracket B,116,8,0,29.64,2.478
2025-08-03 12:00:00,L4,Day,Bracket B,105,1,0,26.53,2.309
2025-08-03 13:00:00,L1,Day,Housing A,110,4,5,26.91,2.741
2025-08-03 13:00:00,L2,Day,Housing A,117,2,0,25.06,2.359
2025-08-03 13:00:00,L3,Day,Bracket B,118,0,0,27.49,2.212
2025-08-03 13:00:00,L4,Day,Bracket B,111,3,0,28.66,3.49
2025-08-03 14:00:00,L1,Evening,Housing A,110,0,0,22.24,1.106
2025-08-03 14:00:00,L2,Evening,Housing A,130,1,0,20.12,3.694
2025-08-03 14:00:00,L3,Evening,Bracket B,126,2,0,26.35,3.255
2025-08-03 14:00:00,L4,Evening,Bracket B,129,2,0,20.98,3.317
2025-08-03 15:00:00,L1,Evening,Housing A,120,1,0,24.14,1.985
2025-08-03 15:00:00,L2,Evening,Housing A,126,4,0,25.77,3.708
2025-08-03 15:00:00,L3,Evening,Bracket B,123,0,0,25.7,2.025
2025-08-03 15:00:00,L4,Evening,Bracket B,109,1,0,22.72,1.585
2025-08-03 16:00:00,L1,Evening,Housing A,121,0,0,24.24,1.573
2025-08-03 16:00:00,L2,Evening,Housing A,120,5,0,27.11,2.365
2025-08-03 16:00:00,L3,Evening,Bracket B,122,3,0,27.37,2.177
2025-08-03 16:00:00,L4,Evening,Bracket B,103,0,0,21.78,2.045
2025-08-03 17:00:00,L1,Evening,Housing A,31,0,45,23.69,2.129
2025-08-03 17:00:00,L2,Evening,Housing A,116,2,0,25.53,3.32
2025-08-03 17:00:00,L3,Evening,Bracket B,105,1,5,25.43,1.522
2025-08-03 17:00:00,L4,Evening,Bracket B,102,1,0,25.94,0.991
2025-08-03 18:00:00,L1,Evening,Housing A,114,1,0,20.27,2.193
2025-08-03 18:00:00,L2,Evening,Housing A,111,0,0,21.53,3.355
2025-08-03 18:00:00,L3,Evening,Bracket B,128,5,0,26.72,3.262
2025-08-03 18:00:00,L4,Evening,Bracket B,121,2,0,23.1,1.416
2025-08-03 19:00:00,L1,Evening,Housing A,118,2,0,25.92,1.83
2025-08-03 19:00:00,L2,Evening,Housing A,116,1,0,23.72,2.687
2025-08-03 19:00:00,L3,Evening,Bracket B,61,2,30,27.65,2.106
2025-08-03 19:00:00,L4,Evening,Bracket B,121,2,0,24.19,2.908
2025-08-03 20:00:00,L1,Evening,Housing A,116,1,0,24.54,2.758
2025-08-03 20:00:00,L2,Evening,Housing A,116,3,0,25.68,3.373
2025-08-03 20:00:00,L3,Evening,Bracket B,123,4,0,27.29,1.896
2025-08-03 20:00:00,L4,Evening,Bracket B,113,0,0,22.75,2.104
2025-08-03 21:00:00,L1,Evening,Housing A,101,1,0,21.78,3.28
2025-08-03 21:00:00,L2,Evening,Housing A,132,4,0,22.37,3.188
2025-08-03 21:00:00,L3,Evening,Bracket B,112,2,0,24.78,1.654
2025-08-03 21:00:00,L4,Evening,Bracket B,115,2,0,23.14,1.933
2025-08-03 22:00:00,L1,Night,Housing A,127,4,0,22.05,2.936
2025-08-03 22:00:00,L2,Night,Housing A,129,4,0,25.59,3.811
2025-08-03 22:00:00,L3,Night,Bracket B,121,10,0,28.56,2.275
2025-08-03 22:00:00,L4,Night,Bracket B,134,1,0,22.51,1.604
2025-08-03 23:00:00,L1,Night,Housing A,110,5,0,23.63,2.062
2025-08-03 23:00:00,L2,Night,Housing A,116,2,0,21.13,3.408
2025-08-03 23:00:00,L3,Night,Bracket B,98,2,15,27.91,1.46
2025-08-03 23:00:00,L4,Night,Bracket B,125,2,0,23.17,2.055
2025-08-04 00:00:00,L1,Night,Housing A,133,2,0,22.29,2.19
2025-08-04 00:00:00,L2,Night,Housing A,119,5,0,25.99,3.397
2025-08-04 00:00:00,L3,Night,Bracket B,123,2,0,27.35,2.53
2025-08-04 00:00:00,L4,Night,Bracket B,120,3,0,25.4,1.446
2025-08-04 01:00:00,L1,Night,Housing A,121,2,0,23.37,1.421
2025-08-04 01:00:00,L2,Night,Housing A,123,1,0,22.03,3.607
2025-08-04 01:00:00,L3,Night,Bracket B,121,4,0,29.51,2.366
2025-08-04 01:00:00,L4,Night,Bracket B,118,0,0,23.21,2.122
2025-08-04 02:00:00,L1,Night,Housing A,131,2,0,24.88,1.484
2025-08-04 02:00:00,L2,Night,Housing A,115,1,0,23.56,2.916
2025-08-04 02:00:00,L3,Night,Bracket B,136,4,0,28.44,1.861
2025-08-04 02:00:00,L4,Night,Bracket B,110,1,0,25.38,3.504
2025-08-04 03:00:00,L1,Night,Housing A,114,1,0,21.62,2.456
2025-08-04 03:00:00,L2,Night,Housing A,137,2,0,21.24,3.105
2025-08-04 03:00:00,L3,Night,Bracket B,104,4,0,27.5,2.767
2025-08-04 03:00:00,L4,Night,Bracket B,121,0,0,22.22,1.13
2025-08-04 04:00:00,L1,Night,Housing A,125,1,0,22.7,1.885
2025-08-04 04:00:00,L2,Night,Housing A,114,2,0,23.16,2.903
2025-08-04 04:00:00,L3,Night,Bracket B,126,4,0,29.07,1.481
2025-08-04 04:00:00,L4,Night,Bracket B,118,3,0,21.68,2.999
2025-08-04 05:00:00,L1,Night,Housing A,107,1,5,22.93,3.178
2025-08-04 05:00:00,L2,Night,Housing A,120,2,0,24.75,3.752
2025-08-04 05:00:00,L3,Night,Bracket B,107,1,0,28.4,1.934
2025-08-04 05:00:00,L4,Night,Bracket B,120,3,0,26.48,2.605
2025-08-04 06:00:00,L1,Day,Housing A,126,0,0,25.2,1.479
2025-08-04 06:00:00,L2,Day,Housing A,121,4,0,29.87,3.136
2025-08-04 06:00:00,L3,Day,Bracket B,116,7,0,26.12,2.207
2025-08-04 06:00:00,L4,Day,Bracket B,123,2,0,24.92,2.593
2025-08-04 07:00:00,L1,Day,Housing A,29,0,45,26.6,1.213
2025-08-04 07:00:00,L2,Day,Housing A,130,0,0,27.06,3.146
2025-08-04 07:00:00,L3,Day,Bracket B,133,5,0,30.15,1.816
2025-08-04 07:00:00,L4,Day,Bracket B,114,3,0,24.89,2.962
2025-08-04 08:00:00,L1,Day,Housing A,115,2,0,24.39,2.371
2025-08-04 08:00:00,L2,Day,Housing A,110,3,0,24.99,3.052
2025-08-04 08:00:00,L3,Day,Bracket B,126,6,0,31.01,1.546
2025-08-04 08:00:00,L4,Day,Bracket B,126,5,0,28.17,2.187
2025-08-04 09:00:00,L1,Day,Housing A,123,5,0,27.16,2.122
2025-08-04 09:00:00,L2,Day,Housing A,126,3,0,28.56,3.054
2025-08-04 09:00:00,L3,Day,Bracket B,104,8,0,34.2,1.775
2025-08-04 09:00:00,L4,Day,Bracket B,137,4,0,23.68,2.226
2025-08-04 10:00:00,L1,Day,Housing A,129,4,0,28.56,2.161
2025-08-04 10:00:00,L2,Day,Housing A,113,1,0,25.18,3.742
2025-08-04 10:00:00,L3,Day,Bracket B,114,7,0,32.16,1.9
2025-08-04 10:00:00,L4,Day,Bracket B,64,4,30,28.53,3.462
2025-08-04 11:00:00,L1,Day,Housing A,119,3,0,28.05,1.366
2025-08-04 11:00:00,L2,Day,Housing A,118,1,0,26.67,3.391
2025-08-04 11:00:00,L3,Day,Bracket B,114,2,0,31.14,2.236
2025-08-04 11:00:00,L4,Day,Bracket B,122,0,0,24.83,1.88
2025-08-04 12:00:00,L1,Day,Housing A,115,1,0,24.88,2.034
2025-08-04 12:00:00,L2,Day,Housing A,112,5,0,27.77,3.498
2025-08-04 12:00:00,L3,Day,Bracket B,117,4,0,28.16,2.201
2025-08-04 12:00:00,L4,Day,Bracket B,128,1,0,28.06,2.26
2025-08-04 13:00:00,L1,Day,Housing A,116,3,0,26.24,2.497
2025-08-04 13:00:00,L2,Day,Housing A,124,2,0,27.34,3.188
2025-08-04 13:00:00,L3,Day,Bracket B,129,5,0,31.43,2.989
2025-08-04 13:00:00,L4,Day,Bracket B,120,3,0,24.57,1.836
2025-08-04 14:00:00,L1,Evening,Housing A,136,3,0,22.71,1.878
2025-08-04 14:00:00,L2,Evening,Housing A,115,1,0,22.7,3.525
2025-08-04 14:00:00,L3,Evening,Bracket B,113,3,0,27.21,2.439
2025-08-04 14:00:00,L4,Evening,Bracket B,126,4,0,25.25,1.573
2025-08-04 15:00:00,L1,Evening,Housing A,115,0,0,22.28,1.583
2025-08-04 15:00:00,L2,Evening,Housing A,101,1,0,22.13,2.623
2025-08-04 15:00:00,L3,Evening,Bracket B,110,4,0,29.44,1.922
2025-08-04 15:00:00,L4,Evening,Bracket B,121,2,0,26.71,2.141
2025-08-04 16:00:00,L1,Evening,Housing A,117,1,0,23.56,2.21
2025-08-04 16:00:00,L2,Evening,Housing A,121,0,0,21.38,3.71
2025-08-04 16:00:00,L3,Evening,Bracket B,117,3,0,28.79,2.379
2025-08-04 16:00:00,L4,Evening,Bracket B,120,2,0,25.36,2.216
2025-08-04 17:00:00,L1,Evening,Housing A,127,3,0,26.52,2.241
2025-08-04 17:00:00,L2,Evening,Housing A,116,1,0,21.48,2.887
2025-08-04 17:00:00,L3,Evening,Bracket B,126,1,0,25.46,2.119
2025-08-04 17:00:00,L4,Evening,Bracket B,119,1,0,21.43,3.019
2025-08-04 18:00:00,L1,Evening,Housing A,131,1,0,25.85,2.024
2025-08-04 18:00:00,L2,Evening,Housing A,143,3,0,24.81,3.66
2025-08-04 18:00:00,L3,Evening,Bracket B,120,2,0,26.28,2.625
2025-08-04 18:00:00,L4,Evening,Bracket B,123,2,0,22.15,1.802
2025-08-04 19:00:00,L1,Evening,Housing A,112,1,0,25.13,2.381
2025-08-04 19:00:00,L2,Evening,Housing A,119,3,0,24.39,2.784
2025-08-04 19:00:00,L3,Evening,Bracket B,116,1,0,26.57,1.303
2025-08-04 19:00:00,L4,Evening,Bracket B,111,0,0,23.45,3.099
2025-08-04 20:00:00,L1,Evening,Housing A,133,0,0,27.01,1.937
2025-08-04 20:00:00,L2,Evening,Housing A,123,2,0,23.52,4.145
2025-08-04 20:00:00,L3,Evening,Bracket B,90,1,0,26.45,1.717
2025-08-04 20:00:00,L4,Evening,Bracket B,113,3,0,21.84,2.058
2025-08-04 21:00:00,L1,Evening,Housing A,129,2,0,21.67,2.874
2025-08-04 21:00:00,L2,Evening,Housing A,110,2,0,21.23,2.495
2025-08-04 21:00:00,L3,Evening,Bracket B,112,2,0,25.48,3.071
2025-08-04 21:00:00,L4,Evening,Bracket B,131,3,0,23.29,1.401
2025-08-04 22:00:00,L1,Night,Housing A,132,0,0,24.38,1.568
2025-08-04 22:00:00,L2,Night,Housing A,126,1,0,24.21,1.492
2025-08-04 22:00:00,L3,Night,Bracket B,134,5,0,27.4,3.206
2025-08-04 22:00:00,L4,Night,Bracket B,110,1,0,23.25,1.583
2025-08-04 23:00:00,L1,Night,Housing A,119,0,0,24.6,2.128
2025-08-04 23:00:00,L2,Night,Housing A,125,3,0,26.89,2.494
2025-08-04 23:00:00,L3,Night,Bracket B,110,2,0,27.56,2.791
2025-08-04 23:00:00,L4,Night,Bracket B,124,1,0,23.17,2.854
2025-08-05 00:00:00,L1,Night,Housing A,112,0,0,24.68,2.375
2025-08-05 00:00:00,L2,Night,Housing A,115,0,0,25.02,2.664
2025-08-05 00:00:00,L3,Night,Bracket B,116,5,0,28.76,1.194
2025-08-05 00:00:00,L4,Night,Bracket B,110,0,0,21.75,2.357
2025-08-05 01:00:00,L1,Night,Housing A,121,1,0,24.4,2.401
2025-08-05 01:00:00,L2,Night,Housing A,113,0,0,25.18,2.885
2025-08-05 01:00:00,L3,Night,Bracket B,129,5,0,28.17,2.739
2025-08-05 01:00:00,L4,Night,Bracket B,120,0,0,23.0,2.614
2025-08-05 02:00:00,L1,Night,Housing A,124,2,0,23.06,1.477
2025-08-05 02:00:00,L2,Night,Housing A,118,1,0,24.03,2.938
2025-08-05 02:00:00,L3,Night,Bracket B,103,1,0,24.72,1.898
2025-08-05 02:00:00,L4,Night,Bracket B,115,2,0,23.98,2.522
2025-08-05 03:00:00,L1,Night,Housing A,115,3,0,26.68,1.502
2025-08-05 03:00:00,L2,Night,Housing A,102,0,0,22.46,2.813
2025-08-05 03:00:00,L3,Night,Bracket B,121,4,0,29.88,0.979
2025-08-05 03:00:00,L4,Night,Bracket B,131,2,0,22.55,2.536
2025-08-05 04:00:00,L1,Night,Housing A,120,1,0,23.35,2.854
2025-08-05 04:00:00,L2,Night,Housing A,98,2,0,23.44,2.975
2025-08-05 04:00:00,L3,Night,Bracket B,106,6,0,27.91,2.101
2025-08-05 04:00:00,L4,Night,Bracket B,123,3,0,22.81,1.538
2025-08-05 05:00:00,L1,Night,Housing A,139,2,0,23.14,3.296
2025-08-05 05:00:00,L2,Night,Housing A,135,3,0,22.73,3.61
2025-08-05 05:00:00,L3,Night,Bracket B,99,1,0,27.55,2.622
2025-08-05 05:00:00,L4,Night,Bracket B,101,1,10,24.5,1.491
2025-08-05 06:00:00,L1,Day,Housing A,122,1,0,26.53,3.246
2025-08-05 06:00:00,L2,Day,Housing A,133,4,0,26.29,3.468
2025-08-05 06:00:00,L3,Day,Bracket B,129,7,0,28.76,2.475
2025-08-05 06:00:00,L4,Day,Bracket B,102,1,0,26.06,2.235
2025-08-05 07:00:00,L1,Day,Housing A,113,3,0,27.72,2.808
2025-08-05 07:00:00,L2,Day,Housing A,29,2,45,26.47,3.07
2025-08-05 07:00:00,L3,Day,Bracket B,120,4,0,29.45,2.184
2025-08-05 07:00:00,L4,Day,Bracket B,118,1,0,28.76,2.588
2025-08-05 08:00:00,L1,Day,Housing A,118,5,5,24.97,2.123
2025-08-05 08:00:00,L2,Day,Housing A,119,2,0,27.54,2.987
2025-08-05 08:00:00,L3,Day,Bracket B,115,3,0,27.41,1.833
2025-08-05 08:00:00,L4,Day,Bracket B,108,2,0,26.42,2.029
2025-08-05 09:00:00,L1,Day,Housing A,114,2,0,25.68,2.523
2025-08-05 09:00:00,L2,Day,Housing A,121,2,0,24.65,3.307
2025-08-05 09:00:00,L3,Day,Bracket B,117,4,0,27.12,2.273
2025-08-05 09:00:00,L4,Day,Bracket B,131,2,0,25.5,2.244
2025-08-05 10:00:00,L1,Day,Housing A,110,2,0,25.84,2.087
2025-08-05 10:00:00,L2,Day,Housing A,124,5,0,26.96,2.884
2025-08-05 10:00:00,L3,Day,Bracket B,124,7,0,31.17,2.244
2025-08-05 10:00:00,L4,Day,Bracket B,120,3,0,25.69,2.725
2025-08-05 11:00:00,L1,Day,Housing A,113,0,0,25.72,2.989
2025-08-05 11:00:00,L2,Day,Housing A,116,1,0,25.3,2.734
2025-08-05 11:00:00,L3,Day,Bracket B,128,4,0,31.42,2.123
2025-08-05 11:00:00,L4,Day,Bracket B,135,2,0,24.5,1.627
2025-08-05 12:00:00,L1,Day,Housing A,120,3,0,28.74,1.689
2025-08-05 12:00:00,L2,Day,Housing A,128,2,0,27.89,2.87
2025-08-05 12:00:00,L3,Day,Bracket B,115,5,0,33.02,2.363
2025-08-05 12:00:00,L4,Day,Bracket B,122,4,0,26.55,1.148
2025-08-05 13:00:00,L1,Day,Housing A,104,2,0,25.2,2.222
2025-08-05 13:00:00,L2,Day,Housing A,114,5,0,26.08,3.395
2025-08-05 13:00:00,L3,Day,Bracket B,137,9,0,30.1,2.358
2025-08-05 13:00:00,L4,Day,Bracket B,102,2,0,28.85,2.273
2025-08-05 14:00:00,L1,Evening,Housing A,135,1,0,24.29,2.742
2025-08-05 14:00:00,L2,Evening,Housing A,106,3,0,23.08,3.255
2025-08-05 14:00:00,L3,Evening,Bracket B,121,3,0,25.97,2.285
2025-08-05 14:00:00,L4,Evening,Bracket B,128,1,0,23.67,1.449
2025-08-05 15:00:00,L1,Evening,Housing A,137,0,0,22.11,1.535
2025-08-05 15:00:00,L2,Evening,Housing A,106,3,0,27.71,2.58
2025-08-05 15:00:00,L3,Evening,Bracket B,121,2,0,26.61,2.42
2025-08-05 15:00:00,L4,Evening,Bracket B,111,1,0,24.91,2.105
2025-08-05 16:00:00,L1,Evening,Housing A,130,0,0,24.83,1.466
2025-08-05 16:00:00,L2,Evening,Housing A,61,0,30,23.42,2.865
2025-08-05 16:00:00,L3,Evening,Bracket B,113,3,0,29.33,2.453
2025-08-05 16:00:00,L4,Evening,Bracket B,93,1,15,22.91,2.819
2025-08-05 17:00:00,L1,Evening,Housing A,32,1,45,22.32,2.814
2025-08-05 17:00:00,L2,Evening,Housing A,124,1,0,22.34,3.174
2025-08-05 17:00:00,L3,Evening,Bracket B,118,0,0,25.3,2.655
2025-08-05 17:00:00,L4,Evening,Bracket B,107,0,0,23.97,2.837
2025-08-05 18:00:00,L1,Evening,Housing A,125,2,0,23.18,2.211
2025-08-05 18:00:00,L2,Evening,Housing A,130,3,0,24.63,3.289
2025-08-05 18:00:00,L3,Evening,Bracket B,128,6,0,28.93,2.352
2025-08-05 18:00:00,L4,Evening,Bracket B,124,4,0,23.14,3.177
2025-08-05 19:00:00,L1,Evening,Housing A,125,1,0,24.86,2.47
2025-08-05 19:00:00,L2,Evening,Housing A,108,3,0,23.18,1.937
2025-08-05 19:00:00,L3,Evening,Bracket B,122,2,0,25.84,1.886
2025-08-05 19:00:00,L4,Evening,Bracket B,116,0,0,23.56,0.929
2025-08-05 20:00:00,L1,Evening,Housing A,124,0,0,23.75,1.523
2025-08-05 20:00:00,L2,Evening,Housing A,100,0,5,24.48,3.206
2025-08-05 20:00:00,L3,Evening,Bracket B,128,3,0,27.3,2.237
2025-08-05 20:00:00,L4,Evening,Bracket B,130,1,0,21.77,3.07
2025-08-05 21:00:00,L1,Evening,Housing A,127,3,0,22.89,1.846
2025-08-05 21:00:00,L2,Evening,Housing A,125,4,0,26.71,3.341
2025-08-05 21:00:00,L3,Evening,Bracket B,119,8,0,28.49,2.821
2025-08-05 21:00:00,L4,Evening,Bracket B,57,1,30,20.42,1.111
2025-08-05 22:00:00,L1,Night,Housing A,119,2,0,22.85,2.487
2025-08-05 22:00:00,L2,Night,Housing A,124,2,5,25.24,3.19
2025-08-05 22:00:00,L3,Night,Bracket B,123,3,0,25.81,2.094
2025-08-05 22:00:00,L4,Night,Bracket B,121,1,0,24.1,2.073
2025-08-05 23:00:00,L1,Night,Housing A,130,3,0,27.4,1.646
2025-08-05 23:00:00,L2,Night,Housing A,123,0,0,21.07,3.21
2025-08-05 23:00:00,L3,Night,Bracket B,137,1,0,26.91,2.036
2025-08-05 23:00:00,L4,Night,Bracket B,116,0,0,23.11,0.944
2025-08-06 00:00:00,L1,Night,Housing A,126,0,0,22.45,2.555
2025-08-06 00:00:00,L2,Night,Housing A,128,3,0,25.64,4.371
2025-08-06 00:00:00,L3,Night,Bracket B,102,6,0,31.02,2.283
2025-08-06 00:00:00,L4,Night,Bracket B,124,1,0,22.69,2.852
2025-08-06 01:00:00,L1,Night,Housing A,122,0,0,23.61,2.408
2025-08-06 01:00:00,L2,Night,Housing A,129,3,0,27.23,3.656
2025-08-06 01:00:00,L3,Night,Bracket B,56,3,30,25.58,2.533
2025-08-06 01:00:00,L4,Night,Bracket B,129,1,0,19.42,2.662
2025-08-06 02:00:00,L1,Night,Housing A,127,1,0,22.01,2.294
2025-08-06 02:00:00,L2,Night,Housing A,125,2,0,24.06,3.541
2025-08-06 02:00:00,L3,Night,Bracket B,121,3,0,27.43,2.042
2025-08-06 02:00:00,L4,Night,Bracket B,138,3,0,26.02,1.729
2025-08-06 03:00:00,L1,Night,Housing A,119,1,0,24.46,2.286
2025-08-06 03:00:00,L2,Night,Housing A,114,1,0,24.92,2.774
2025-08-06 03:00:00,L3,Night,Bracket B,128,2,0,23.57,1.679
2025-08-06 03:00:00,L4,Night,Bracket B,122,0,0,24.41,2.801
2025-08-06 04:00:00,L1,Night,Housing A,112,2,0,24.84,3.027
2025-08-06 04:00:00,L2,Night,Housing A,129,0,0,22.98,3.229
2025-08-06 04:00:00,L3,Night,Bracket B,115,6,0,27.49,2.118
2025-08-06 04:00:00,L4,Night,Bracket B,117,2,0,24.55,2.171
2025-08-06 05:00:00,L1,Night,Housing A,124,1,0,23.68,1.471
2025-08-06 05:00:00,L2,Night,Housing A,121,1,0,23.42,2.551
2025-08-06 05:00:00,L3,Night,Bracket B,118,8,0,30.94,1.969
2025-08-06 05:00:00,L4,Night,Bracket B,124,2,0,26.03,2.232
2025-08-06 06:00:00,L1,Day,Housing A,125,1,0,23.28,2.539
2025-08-06 06:00:00,L2,Day,Housing A,121,7,0,27.32,3.288
2025-08-06 06:00:00,L3,Day,Bracket B,124,4,0,30.06,1.366
2025-08-06 06:00:00,L4,Day,Bracket B,119,2,0,26.56,1.957
2025-08-06 07:00:00,L1,Day,Housing A,112,2,0,27.11,1.393
2025-08-06 07:00:00,L2,Day,Housing A,126,3,0,26.89,2.469
2025-08-06 07:00:00,L3,Day,Bracket B,118,5,0,29.28,2.319
2025-08-06 07:00:00,L4,Day,Bracket B,128,2,0,26.42,2.44
2025-08-06 08:00:00,L1,Day,Housing A,129,2,0,27.27,1.915
2025-08-06 08:00:00,L2,Day,Housing A,124,4,0,26.54,3.191
2025-08-06 08:00:00,L3,Day,Bracket B,122,4,0,31.9,2.608
2025-08-06 08:00:00,L4,Day,Bracket B,113,4,0,27.09,1.522
2025-08-06 09:00:00,L1,Day,Housing A,121,4,0,27.03,2.237
2025-08-06 09:00:00,L2,Day,Housing A,114,2,0,27.29,2.654
2025-08-06 09:00:00,L3,Day,Bracket B,123,6,0,30.3,2.027
2025-08-06 09:00:00,L4,Day,Bracket B,111,2,0,27.19,1.852
2025-08-06 10:00:00,L1,Day,Housing A,124,5,0,28.35,2.581
2025-08-06 10:00:00,L2,Day,Housing A,128,1,0,24.87,2.689
2025-08-06 10:00:00,L3,Day,Bracket B,106,4,0,28.81,2.482
2025-08-06 10:00:00,L4,Day,Bracket B,110,8,0,29.97,2.173
2025-08-06 11:00:00,L1,Day,Housing A,119,5,0,27.99,2.311
2025-08-06 11:00:00,L2,Day,Housing A,116,2,0,24.16,2.092
2025-08-06 11:00:00,L3,Day,Bracket B,127,5,0,29.1,2.238
2025-08-06 11:00:00,L4,Day,Bracket B,132,4,0,28.42,2.26
2025-08-06 12:00:00,L1,Day,Housing A,136,0,0,24.03,1.51
2025-08-06 12:00:00,L2,Day,Housing A,130,1,0,23.63,2.588
2025-08-06 12:00:00,L3,Day,Bracket B,113,7,0,29.73,2.563
2025-08-06 12:00:00,L4,Day,Bracket B,115,1,0,25.84,1.556
2025-08-06 13:00:00,L1,Day,Housing A,127,1,0,24.74,2.208
2025-08-06 13:00:00,L2,Day,Housing A,125,6,0,27.87,2.439
2025-08-06 13:00:00,L3,Day,Bracket B,121,6,0,30.41,2.687
2025-08-06 13:00:00,L4,Day,Bracket B,112,0,0,27.28,2.556
2025-08-06 14:00:00,L1,Evening,Housing A,114,0,0,23.78,2.183
2025-08-06 14:00:00,L2,Evening,Housing A,119,0,0,23.35,2.558
2025-08-06 14:00:00,L3,Evening,Bracket B,112,2,0,27.03,2.079
2025-08-06 14:00:00,L4,Evening,Bracket B,130,3,0,20.58,2.751
2025-08-06 15:00:00,L1,Evening,Housing A,118,3,0,24.05,1.829
2025-08-06 15:00:00,L2,Evening,Housing A,128,0,0,24.97,3.326
2025-08-06 15:00:00,L3,Evening,Bracket B,123,3,0,24.19,1.664
2025-08-06 15:00:00,L4,Evening,Bracket B,111,0,0,23.88,1.66
2025-08-06 16:00:00,L1,Evening,Housing A,111,1,0,22.86,1.913
2025-08-06 16:00:00,L2,Evening,Housing A,116,3,0,26.67,2.807
2025-08-06 16:00:00,L3,Evening,Bracket B,108,3,0,28.12,2.725
2025-08-06 16:00:00,L4,Evening,Bracket B,112,0,0,25.68,2.11
2025-08-06 17:00:00,L1,Evening,Housing A,129,0,0,24.76,1.625
2025-08-06 17:00:00,L2,Evening,Housing A,128,2,0,26.44,2.786
2025-08-06 17:00:00,L3,Evening,Bracket B,132,3,0,25.31,2.146
2025-08-06 17:00:00,L4,Evening,Bracket B,118,1,0,23.78,1.859
2025-08-06 18:00:00,L1,Evening,Housing A,131,0,0,24.69,2.306
2025-08-06 18:00:00,L2,Evening,Housing A,122,0,0,23.81,2.764
2025-08-06 18:00:00,L3,Evening,Bracket B,127,6,0,26.9,1.557
2025-08-06 18:00:00,L4,Evening,Bracket B,119,3,0,23.94,1.665
2025-08-06 19:00:00,L1,Evening,Housing A,125,1,0,25.94,2.356
2025-08-06 19:00:00,L2,Evening,Housing A,119,1,0,26.87,3.335
2025-08-06 19:00:00,L3,Evening,Bracket B,120,3,0,28.8,1.984
2025-08-06 19:00:00,L4,Evening,Bracket B,124,3,0,23.45,1.507
2025-08-06 20:00:00,L1,Evening,Housing A,127,2,0,23.43,2.733
2025-08-06 20:00:00,L2,Evening,Housing A,118,1,0,23.97,3.302
2025-08-06 20:00:00,L3,Evening,Bracket B,120,4,0,28.44,1.741
2025-08-06 20:00:00,L4,Evening,Bracket B,127,2,0,24.35,2.193
2025-08-06 21:00:00,L1,Evening,Housing A,114,2,0,26.46,2.733
2025-08-06 21:00:00,L2,Evening,Housing A,118,3,0,22.63,2.659
2025-08-06 21:00:00,L3,Evening,Bracket B,125,4,0,26.99,3.018
2025-08-06 21:00:00,L4,Evening,Bracket B,127,1,0,23.15,3.146
2025-08-06 22:00:00,L1,Night,Housing A,121,5,0,28.23,1.936
2025-08-06 22:00:00,L2,Night,Housing A,120,3,0,25.46,2.462
2025-08-06 22:00:00,L3,Night,Bracket B,120,4,0,26.99,2.698
2025-08-06 22:00:00,L4,Night,Bracket B,117,2,0,25.11,2.136
2025-08-06 23:00:00,L1,Night,Housing A,122,1,0,25.0,2.699
2025-08-06 23:00:00,L2,Night,Housing A,103,0,0,22.81,3.145
2025-08-06 23:00:00,L3,Night,Bracket B,126,0,0,25.08,1.214
2025-08-06 23:00:00,L4,Night,Bracket B,130,3,0,25.21,1.718
2025-08-07 00:00:00,L1,Night,Housing A,107,0,0,21.14,2.679
2025-08-07 00:00:00,L2,Night,Housing A,116,4,0,25.05,2.637
2025-08-07 00:00:00,L3,Night,Bracket B,119,5,0,28.08,2.759
2025-08-07 00:00:00,L4,Night,Bracket B,132,4,0,22.18,3.248
2025-08-07 01:00:00,L1,Night,Housing A,125,0,0,22.77,2.044
2025-08-07 01:00:00,L2,Night,Housing A,128,3,0,21.25,2.357
2025-08-07 01:00:00,L3,Night,Bracket B,122,2,0,26.22,2.882
2025-08-07 01:00:00,L4,Night,Bracket B,113,0,0,25.0,2.388
2025-08-07 02:00:00,L1,Night,Housing A,122,0,0,24.54,2.642
2025-08-07 02:00:00,L2,Night,Housing A,88,2,10,22.95,3.508
2025-08-07 02:00:00,L3,Night,Bracket B,115,4,0,26.93,1.881
2025-08-07 02:00:00,L4,Night,Bracket B,121,2,0,22.05,3.112
2025-08-07 03:00:00,L1,Night,Housing A,85,2,15,24.49,2.278
2025-08-07 03:00:00,L2,Night,Housing A,117,2,0,25.49,2.679
2025-08-07 03:00:00,L3,Night,Bracket B,117,3,0,27.59,2.36
2025-08-07 03:00:00,L4,Night,Bracket B,110,0,0,23.76,1.824
2025-08-07 04:00:00,L1,Night,Housing A,119,0,0,25.71,2.163
2025-08-07 04:00:00,L2,Night,Housing A,121,3,0,26.91,2.933
2025-08-07 04:00:00,L3,Night,Bracket B,116,1,0,28.04,2.438
2025-08-07 04:00:00,L4,Night,Bracket B,113,3,0,24.93,2.759
2025-08-07 05:00:00,L1,Night,Housing A,103,0,0,23.81,2.577
2025-08-07 05:00:00,L2,Night,Housing A,118,2,0,21.43,2.681
2025-08-07 05:00:00,L3,Night,Bracket B,125,2,0,25.76,2.291
2025-08-07 05:00:00,L4,Night,Bracket B,119,2,0,25.12,2.316
2025-08-07 06:00:00,L1,Day,Housing A,121,0,0,24.06,1.417
2025-08-07 06:00:00,L2,Day,Housing A,128,6,0,28.17,2.898
2025-08-07 06:00:00,L3,Day,Bracket B,30,3,45,29.73,2.594
2025-08-07 06:00:00,L4,Day,Bracket B,116,3,0,27.09,2.859
2025-08-07 07:00:00,L1,Day,Housing A,117,1,0,27.12,1.753
2025-08-07 07:00:00,L2,Day,Housing A,109,3,0,28.41,2.327
2025-08-07 07:00:00,L3,Day,Bracket B,120,5,0,30.84,2.35
2025-08-07 07:00:00,L4,Day,Bracket B,116,1,0,26.31,2.534
2025-08-07 08:00:00,L1,Day,Housing A,127,3,0,26.58,1.645
2025-08-07 08:00:00,L2,Day,Housing A,120,0,0,26.98,3.546
2025-08-07 08:00:00,L3,Day,Bracket B,110,7,0,30.78,2.298
2025-08-07 08:00:00,L4,Day,Bracket B,110,4,0,27.77,2.578
2025-08-07 09:00:00,L1,Day,Housing A,123,2,0,27.05,2.073
2025-08-07 09:00:00,L2,Day,Housing A,121,4,0,29.45,3.063
2025-08-07 09:00:00,L3,Day,Bracket B,109,0,0,28.01,2.995
2025-08-07 09:00:00,L4,Day,Bracket B,130,5,0,29.4,1.234
2025-08-07 10:00:00,L1,Day,Housing A,111,2,0,24.64,1.613
2025-08-07 10:00:00,L2,Day,Housing A,125,4,0,25.54,3.026
2025-08-07 10:00:00,L3,Day,Bracket B,122,7,0,30.8,2.282
2025-08-07 10:00:00,L4,Day,Bracket B,132,3,0,26.12,3.051
2025-08-07 11:00:00,L1,Day,Housing A,118,0,0,24.21,2.746
2025-08-07 11:00:00,L2,Day,Housing A,114,1,0,27.15,2.893
2025-08-07 11:00:00,L3,Day,Bracket B,126,8,0,29.78,2.398
2025-08-07 11:00:00,L4,Day,Bracket B,121,0,0,25.76,2.244
2025-08-07 12:00:00,L1,Day,Housing A,129,0,0,25.59,2.605
2025-08-07 12:00:00,L2,Day,Housing A,111,2,0,25.33,2.608
2025-08-07 12:00:00,L3,Day,Bracket B,129,2,0,28.04,2.41
2025-08-07 12:00:00,L4,Day,Bracket B,117,3,0,26.23,2.431
2025-08-07 13:00:00,L1,Day,Housing A,109,2,5,26.96,1.721
2025-08-07 13:00:00,L2,Day,Housing A,117,3,0,26.6,4.13
2025-08-07 13:00:00,L3,Day,Bracket B,133,5,0,28.78,2.85
2025-08-07 13:00:00,L4,Day,Bracket B,120,4,0,29.27,2.808
2025-08-07 14:00:00,L1,Evening,Housing A,110,2,0,22.88,3.33
2025-08-07 14:00:00,L2,Evening,Housing A,128,0,0,23.21,2.5
2025-08-07 14:00:00,L3,Evening,Bracket B,120,3,0,27.6,1.907
2025-08-07 14:00:00,L4,Evening,Bracket B,127,0,0,23.0,1.639
2025-08-07 15:00:00,L1,Evening,Housing A,120,2,0,24.5,1.984
2025-08-07 15:00:00,L2,Evening,Housing A,105,1,0,24.93,3.194
2025-08-07 15:00:00,L3,Evening,Bracket B,123,1,0,27.2,2.162
2025-08-07 15:00:00,L4,Evening,Bracket B,132,0,0,24.75,2.361
2025-08-07 16:00:00,L1,Evening,Housing A,123,0,0,22.89,1.446
2025-08-07 16:00:00,L2,Evening,Housing A,128,1,0,22.59,2.929
2025-08-07 16:00:00,L3,Evening,Bracket B,27,1,45,28.85,2.185
2025-08-07 16:00:00,L4,Evening,Bracket B,118,2,0,23.28,2.294
2025-08-07 17:00:00,L1,Evening,Housing A,123,1,0,24.17,1.257
2025-08-07 17:00:00,L2,Evening,Housing A,116,0,0,24.45,2.768
2025-08-07 17:00:00,L3,Evening,Bracket B,126,4,0,29.43,3.146
2025-08-07 17:00:00,L4,Evening,Bracket B,122,1,0,27.04,2.38
2025-08-07 18:00:00,L1,Evening,Housing A,119,3,0,24.49,2.51
2025-08-07 18:00:00,L2,Evening,Housing A,108,1,0,25.52,2.664
2025-08-07 18:00:00,L3,Evening,Bracket B,133,2,0,26.1,2.219
2025-08-07 18:00:00,L4,Evening,Bracket B,117,0,0,24.55,2.388
2025-08-07 19:00:00,L1,Evening,Housing A,128,3,0,22.82,2.976
2025-08-07 19:00:00,L2,Evening,Housing A,107,0,0,23.49,2.994
2025-08-07 19:00:00,L3,Evening,Bracket B,112,3,0,27.77,3.076
2025-08-07 19:00:00,L4,Evening,Bracket B,132,1,0,23.14,2.853
2025-08-07 20:00:00,L1,Evening,Housing A,125,1,0,22.6,1.382
2025-08-07 20:00:00,L2,Evening,Housing A,118,1,0,22.06,2.586
2025-08-07 20:00:00,L3,Evening,Bracket B,120,12,0,30.23,2.541
2025-08-07 20:00:00,L4,Evening,Bracket B,131,1,0,25.01,2.315
2025-08-07 21:00:00,L1,Evening,Housing A,107,1,0,24.25,2.619
2025-08-07 21:00:00,L2,Evening,Housing A,130,2,0,22.73,3.221
2025-08-07 21:00:00,L3,Evening,Bracket B,135,1,0,26.86,1.266
2025-08-07 21:00:00,L4,Evening,Bracket B,125,0,0,22.5,2.388
2025-08-07 22:00:00,L1,Night,Housing A,84,2,15,22.8,2.263
2025-08-07 22:00:00,L2,Night,Housing A,120,4,0,22.37,3.752
2025-08-07 22:00:00,L3,Night,Bracket B,106,0,0,28.23,1.919
2025-08-07 22:00:00,L4,Night,Bracket B,116,2,0,24.2,1.977
2025-08-07 23:00:00,L1,Night,Housing A,121,2,0,23.47,2.555
2025-08-07 23:00:00,L2,Night,Housing A,131,0,0,25.33,3.673
2025-08-07 23:00:00,L3,Night,Bracket B,98,1,10,28.52,1.902
2025-08-07 23:00:00,L4,Night,Bracket B,83,1,15,25.78,2.792
2025-08-08 00:00:00,L1,Night,Housing A,116,0,0,22.16,2.353
2025-08-08 00:00:00,L2,Night,Housing A,115,1,0,25.01,2.97
2025-08-08 00:00:00,L3,Night,Bracket B,100,3,0,27.37,2.52
2025-08-08 00:00:00,L4,Night,Bracket B,127,5,0,26.18,1.963
2025-08-08 01:00:00,L1,Night,Housing A,127,4,0,26.08,1.731
2025-08-08 01:00:00,L2,Night,Housing A,132,6,0,23.69,3.854
2025-08-08 01:00:00,L3,Night,Bracket B,123,2,0,25.43,2.758
2025-08-08 01:00:00,L4,Night,Bracket B,127,0,0,25.32,1.724
2025-08-08 02:00:00,L1,Night,Housing A,121,2,0,24.2,2.34
2025-08-08 02:00:00,L2,Night,Housing A,109,2,0,24.05,3.026
2025-08-08 02:00:00,L3,Night,Bracket B,108,1,0,25.37,2.952
2025-08-08 02:00:00,L4,Night,Bracket B,126,4,0,25.22,3.05
2025-08-08 03:00:00,L1,Night,Housing A,121,3,0,25.83,2.749
2025-08-08 03:00:00,L2,Night,Housing A,102,2,0,25.48,3.214
2025-08-08 03:00:00,L3,Night,Bracket B,121,2,0,29.99,2.586
2025-08-08 03:00:00,L4,Night,Bracket B,116,1,0,22.78,2.54
2025-08-08 04:00:00,L1,Night,Housing A,121,0,0,23.42,1.878
2025-08-08 04:00:00,L2,Night,Housing A,109,4,0,26.51,2.593
2025-08-08 04:00:00,L3,Night,Bracket B,123,5,0,30.23,1.467
2025-08-08 04:00:00,L4,Night,Bracket B,116,0,0,21.89,1.776
2025-08-08 05:00:00,L1,Night,Housing A,136,0,0,24.01,1.631
2025-08-08 05:00:00,L2,Night,Housing A,121,1,0,24.52,2.672
2025-08-08 05:00:00,L3,Night,Bracket B,107,0,10,27.53,2.562
2025-08-08 05:00:00,L4,Night,Bracket B,31,0,45,24.96,1.621
2025-08-08 06:00:00,L1,Day,Housing A,106,4,0,28.69,2.712
2025-08-08 06:00:00,L2,Day,Housing A,53,2,30,24.56,3.659
2025-08-08 06:00:00,L3,Day,Bracket B,120,3,0,28.8,2.2
2025-08-08 06:00:00,L4,Day,Bracket B,120,2,0,28.57,1.625
2025-08-08 07:00:00,L1,Day,Housing A,100,5,0,27.87,1.728
2025-08-08 07:00:00,L2,Day,Housing A,29,1,45,28.02,1.567
2025-08-08 07:00:00,L3,Day,Bracket B,134,9,0,31.01,2.806
2025-08-08 07:00:00,L4,Day,Bracket B,113,3,0,24.7,1.732
2025-08-08 08:00:00,L1,Day,Housing A,111,2,0,25.94,1.659
2025-08-08 08:00:00,L2,Day,Housing A,118,0,0,28.99,4.198
2025-08-08 08:00:00,L3,Day,Bracket B,124,4,0,30.69,3.365
2025-08-08 08:00:00,L4,Day,Bracket B,120,1,0,28.13,1.856
2025-08-08 09:00:00,L1,Day,Housing A,117,1,0,26.61,1.524
2025-08-08 09:00:00,L2,Day,Housing A,127,6,0,30.43,2.941
2025-08-08 09:00:00,L3,Day,Bracket B,122,4,0,30.85,2.225
2025-08-08 09:00:00,L4,Day,Bracket B,122,5,0,29.49,1.973
2025-08-08 10:00:00,L1,Day,Housing A,114,3,0,29.02,1.918
2025-08-08 10:00:00,L2,Day,Housing A,123,5,0,28.44,2.549
2025-08-08 10:00:00,L3,Day,Bracket B,116,6,0,32.29,2.686
2025-08-08 10:00:00,L4,Day,Bracket B,121,1,0,25.07,2.803
2025-08-08 11:00:00,L1,Day,Housing A,118,2,0,26.33,2.294
2025-08-08 11:00:00,L2,Day,Housing A,105,3,0,23.78,2.389
2025-08-08 11:00:00,L3,Day,Bracket B,133,7,0,31.04,2.309
2025-08-08 11:00:00,L4,Day,Bracket B,89,2,10,27.11,2.18
2025-08-08 12:00:00,L1,Day,Housing A,122,0,0,25.01,1.667
2025-08-08 12:00:00,L2,Day,Housing A,116,2,0,26.48,3.061
2025-08-08 12:00:00,L3,Day,Bracket B,123,8,0,32.6,1.3
2025-08-08 12:00:00,L4,Day,Bracket B,96,6,0,28.11,2.874
2025-08-08 13:00:00,L1,Day,Housing A,114,3,0,29.49,1.894
2025-08-08 13:00:00,L2,Day,Housing A,132,4,0,29.35,2.813
2025-08-08 13:00:00,L3,Day,Bracket B,132,8,0,29.68,1.323
2025-08-08 13:00:00,L4,Day,Bracket B,111,1,0,24.93,1.846
2025-08-08 14:00:00,L1,Evening,Housing A,121,4,0,28.05,2.532
2025-08-08 14:00:00,L2,Evening,Housing A,104,1,0,24.43,2.965
2025-08-08 14:00:00,L3,Evening,Bracket B,109,0,0,24.85,1.901
2025-08-08 14:00:00,L4,Evening,Bracket B,118,2,0,21.12,2.658
2025-08-08 15:00:00,L1,Evening,Housing A,110,4,0,23.46,1.978
2025-08-08 15:00:00,L2,Evening,Housing A,118,1,0,24.88,3.406
2025-08-08 15:00:00,L3,Evening,Bracket B,117,0,0,29.34,2.678
2025-08-08 15:00:00,L4,Evening,Bracket B,129,0,0,21.03,1.566
2025-08-08 16:00:00,L1,Evening,Housing A,124,1,0,23.36,2.338
2025-08-08 16:00:00,L2,Evening,Housing A,113,1,0,22.1,2.538
2025-08-08 16:00:00,L3,Evening,Bracket B,120,2,0,29.44,2.843
2025-08-08 16:00:00,L4,Evening,Bracket B,120,0,0,22.45,1.859
2025-08-08 17:00:00,L1,Evening,Housing A,98,0,0,24.56,2.514
2025-08-08 17:00:00,L2,Evening,Housing A,110,0,0,25.56,3.204
2025-08-08 17:00:00,L3,Evening,Bracket B,113,6,0,27.78,1.889
2025-08-08 17:00:00,L4,Evening,Bracket B,108,1,0,23.52,1.31
2025-08-08 18:00:00,L1,Evening,Housing A,112,1,0,25.15,2.549
2025-08-08 18:00:00,L2,Evening,Housing A,110,0,0,24.68,3.342
2025-08-08 18:00:00,L3,Evening,Bracket B,113,4,0,26.7,2.081
2025-08-08 18:00:00,L4,Evening,Bracket B,118,2,0,21.4,1.968
2025-08-08 19:00:00,L1,Evening,Housing A,137,3,0,24.71,1.978
2025-08-08 19:00:00,L2,Evening,Housing A,115,2,0,25.21,3.588
2025-08-08 19:00:00,L3,Evening,Bracket B,112,7,0,29.44,2.694
2025-08-08 19:00:00,L4,Evening,Bracket B,108,0,0,22.35,3.038
2025-08-08 20:00:00,L1,Evening,Housing A,112,2,0,23.2,2.394
2025-08-08 20:00:00,L2,Evening,Housing A,115,2,0,23.69,3.62
2025-08-08 20:00:00,L3,Evening,Bracket B,133,1,0,24.37,2.676
2025-08-08 20:00:00,L4,Evening,Bracket B,121,1,0,23.73,1.748
2025-08-08 21:00:00,L1,Evening,Housing A,110,2,0,22.73,2.318
2025-08-08 21:00:00,L2,Evening,Housing A,102,4,0,23.81,3.494
2025-08-08 21:00:00,L3,Evening,Bracket B,113,2,0,28.11,1.337
2025-08-08 21:00:00,L4,Evening,Bracket B,85,0,15,25.12,2.633
2025-08-08 22:00:00,L1,Night,Housing A,117,2,0,26.99,2.432
2025-08-08 22:00:00,L2,Night,Housing A,115,2,0,24.99,2.597
2025-08-08 22:00:00,L3,Night,Bracket B,115,3,0,29.05,2.537
2025-08-08 22:00:00,L4,Night,Bracket B,108,3,0,22.72,1.341
2025-08-08 23:00:00,L1,Night,Housing A,106,2,0,24.04,2.373
2025-08-08 23:00:00,L2,Night,Housing A,118,1,0,23.52,3.478
2025-08-08 23:00:00,L3,Night,Bracket B,133,3,0,27.91,2.183
2025-08-08 23:00:00,L4,Night,Bracket B,133,1,0,25.29,2.813
2025-08-09 00:00:00,L1,Night,Housing A,117,1,0,23.34,1.977
2025-08-09 00:00:00,L2,Night,Housing A,115,3,0,24.85,3.007
2025-08-09 00:00:00,L3,Night,Bracket B,112,1,0,26.01,2.159
2025-08-09 00:00:00,L4,Night,Bracket B,117,0,0,23.47,1.616
2025-08-09 01:00:00,L1,Night,Housing A,124,1,0,23.51,2.216
2025-08-09 01:00:00,L2,Night,Housing A,111,2,0,24.7,2.85
2025-08-09 01:00:00,L3,Night,Bracket B,118,1,0,25.23,1.779
2025-08-09 01:00:00,L4,Night,Bracket B,117,3,0,25.21,3.047
2025-08-09 02:00:00,L1,Night,Housing A,115,1,0,23.48,2.124
2025-08-09 02:00:00,L2,Night,Housing A,117,3,0,24.98,2.815
2025-08-09 02:00:00,L3,Night,Bracket B,127,4,0,26.76,2.659
2025-08-09 02:00:00,L4,Night,Bracket B,126,1,0,24.81,2.401
2025-08-09 03:00:00,L1,Night,Housing A,113,4,0,25.51,2.168
2025-08-09 03:00:00,L2,Night,Housing A,130,1,0,23.33,2.859
2025-08-09 03:00:00,L3,Night,Bracket B,115,0,0,24.63,1.503
2025-08-09 03:00:00,L4,Night,Bracket B,129,2,0,23.32,2.029
2025-08-09 04:00:00,L1,Night,Housing A,119,1,0,23.62,2.144
2025-08-09 04:00:00,L2,Night,Housing A,129,2,0,21.65,4.089
2025-08-09 04:00:00,L3,Night,Bracket B,127,0,0,25.08,2.276
2025-08-09 04:00:00,L4,Night,Bracket B,114,0,0,22.44,2.651
2025-08-09 05:00:00,L1,Night,Housing A,109,3,0,26.0,0.924
2025-08-09 05:00:00,L2,Night,Housing A,121,2,0,22.69,3.409
2025-08-09 05:00:00,L3,Night,Bracket B,127,2,0,27.72,2.146
2025-08-09 05:00:00,L4,Night,Bracket B,112,1,0,22.84,2.138
2025-08-09 06:00:00,L1,Day,Housing A,117,0,0,25.74,2.542
2025-08-09 06:00:00,L2,Day,Housing A,124,5,0,23.16,2.134
2025-08-09 06:00:00,L3,Day,Bracket B,132,2,0,30.71,2.343
2025-08-09 06:00:00,L4,Day,Bracket B,107,1,0,23.48,2.088
2025-08-09 07:00:00,L1,Day,Housing A,117,2,0,25.99,2.276
2025-08-09 07:00:00,L2,Day,Housing A,115,5,0,26.13,3.386
2025-08-09 07:00:00,L3,Day,Bracket B,117,1,0,26.12,2.736
2025-08-09 07:00:00,L4,Day,Bracket B,115,2,0,26.72,1.619
2025-08-09 08:00:00,L1,Day,Housing A,103,1,0,27.81,2.925
2025-08-09 08:00:00,L2,Day,Housing A,116,5,0,24.94,3.164
2025-08-09 08:00:00,L3,Day,Bracket B,96,3,5,28.47,2.07
2025-08-09 08:00:00,L4,Day,Bracket B,123,3,0,27.14,2.245
2025-08-09 09:00:00,L1,Day,Housing A,120,5,0,27.06,1.859
2025-08-09 09:00:00,L2,Day,Housing A,112,3,0,29.36,3.231
2025-08-09 09:00:00,L3,Day,Bracket B,127,4,0,29.29,1.476
2025-08-09 09:00:00,L4,Day,Bracket B,130,2,0,25.59,2.066
2025-08-09 10:00:00,L1,Day,Housing A,128,3,0,26.74,1.783
2025-08-09 10:00:00,L2,Day,Housing A,118,0,0,24.06,4.653
2025-08-09 10:00:00,L3,Day,Bracket B,62,2,30,28.02,1.478
2025-08-09 10:00:00,L4,Day,Bracket B,106,0,0,25.35,2.247
2025-08-09 11:00:00,L1,Day,Housing A,115,3,0,25.87,1.958
2025-08-09 11:00:00,L2,Day,Housing A,119,7,0,26.76,3.84
2025-08-09 11:00:00,L3,Day,Bracket B,112,4,0,28.73,2.481
2025-08-09 11:00:00,L4,Day,Bracket B,128,3,0,25.19,2.032
2025-08-09 12:00:00,L1,Day,Housing A,111,0,0,25.56,2.025
2025-08-09 12:00:00,L2,Day,Housing A,113,7,0,28.15,3.539
2025-08-09 12:00:00,L3,Day,Bracket B,109,4,0,29.97,2.424
2025-08-09 12:00:00,L4,Day,Bracket B,126,4,0,25.92,0.929
2025-08-09 13:00:00,L1,Day,Housing A,118,6,0,26.24,1.875
2025-08-09 13:00:00,L2,Day,Housing A,131,2,0,25.13,3.886
2025-08-09 13:00:00,L3,Day,Bracket B,29,2,45,27.81,2.261
2025-08-09 13:00:00,L4,Day,Bracket B,117,4,0,27.37,1.659
2025-08-09 14:00:00,L1,Evening,Housing A,123,2,0,23.44,3.096
2025-08-09 14:00:00,L2,Evening,Housing A,132,2,0,26.07,2.935
2025-08-09 14:00:00,L3,Evening,Bracket B,94,1,10,27.25,1.136
2025-08-09 14:00:00,L4,Evening,Bracket B,113,2,0,24.63,1.95
2025-08-09 15:00:00,L1,Evening,Housing A,125,1,0,20.93,0.959
2025-08-09 15:00:00,L2,Evening,Housing A,122,5,0,25.88,3.428
2025-08-09 15:00:00,L3,Evening,Bracket B,134,5,0,28.16,1.676
2025-08-09 15:00:00,L4,Evening,Bracket B,124,1,0,22.61,1.86
2025-08-09 16:00:00,L1,Evening,Housing A,113,4,0,27.26,2.206
2025-08-09 16:00:00,L2,Evening,Housing A,119,0,0,24.0,2.874
2025-08-09 16:00:00,L3,Evening,Bracket B,125,2,0,27.12,1.874
2025-08-09 16:00:00,L4,Evening,Bracket B,122,0,0,24.32,2.639
2025-08-09 17:00:00,L1,Evening,Housing A,121,4,0,28.05,2.113
2025-08-09 17:00:00,L2,Evening,Housing A,107,0,0,20.95,2.402
2025-08-09 17:00:00,L3,Evening,Bracket B,117,2,0,28.79,2.469
2025-08-09 17:00:00,L4,Evening,Bracket B,121,0,0,24.8,2.211
2025-08-09 18:00:00,L1,Evening,Housing A,126,3,0,25.88,1.497
2025-08-09 18:00:00,L2,Evening,Housing A,123,0,0,22.87,3.627
2025-08-09 18:00:00,L3,Evening,Bracket B,110,3,0,28.44,2.607
2025-08-09 18:00:00,L4,Evening,Bracket B,112,4,0,24.22,2.62
2025-08-09 19:00:00,L1,Evening,Housing A,118,4,0,26.16,2.037
2025-08-09 19:00:00,L2,Evening,Housing A,121,0,0,23.75,3.318
2025-08-09 19:00:00,L3,Evening,Bracket B,99,2,0,26.41,1.751
2025-08-09 19:00:00,L4,Evening,Bracket B,126,3,0,25.88,2.825
2025-08-09 20:00:00,L1,Evening,Housing A,147,5,0,24.47,2.486
2025-08-09 20:00:00,L2,Evening,Housing A,125,6,0,25.55,2.949
2025-08-09 20:00:00,L3,Evening,Bracket B,114,4,0,24.16,1.953
2025-08-09 20:00:00,L4,Evening,Bracket B,112,0,5,21.37,3.07
2025-08-09 21:00:00,L1,Evening,Housing A,118,2,0,26.32,1.779
2025-08-09 21:00:00,L2,Evening,Housing A,124,2,0,21.97,3.171
2025-08-09 21:00:00,L3,Evening,Bracket B,134,5,0,28.81,3.124
2025-08-09 21:00:00,L4,Evening,Bracket B,122,1,0,24.29,2.434
2025-08-09 22:00:00,L1,Night,Housing A,128,2,0,23.72,1.505
2025-08-09 22:00:00,L2,Night,Housing A,108,6,0,24.82,3.866
2025-08-09 22:00:00,L3,Night,Bracket B,137,11,0,27.21,2.321
2025-08-09 22:00:00,L4,Night,Bracket B,112,0,0,22.95,1.074
2025-08-09 23:00:00,L1,Night,Housing A,129,3,0,23.75,0.767
2025-08-09 23:00:00,L2,Night,Housing A,115,1,0,25.93,3.539
2025-08-09 23:00:00,L3,Night,Bracket B,117,3,5,25.93,2.603
2025-08-09 23:00:00,L4,Night,Bracket B,115,1,5,25.68,2.36
2025-08-10 00:00:00,L1,Night,Housing A,120,5,0,23.6,2.706
2025-08-10 00:00:00,L2,Night,Housing A,120,2,0,24.56,2.417
2025-08-10 00:00:00,L3,Night,Bracket B,117,6,0,26.35,1.057
2025-08-10 00:00:00,L4,Night,Bracket B,118,1,0,23.15,2.152
2025-08-10 01:00:00,L1,Night,Housing A,123,1,0,25.19,1.977
2025-08-10 01:00:00,L2,Night,Housing A,110,3,0,23.78,3.687
2025-08-10 01:00:00,L3,Night,Bracket B,119,1,0,27.01,2.141
2025-08-10 01:00:00,L4,Night,Bracket B,125,2,0,23.87,2.714
2025-08-10 02:00:00,L1,Night,Housing A,132,1,0,23.36,1.601
2025-08-10 02:00:00,L2,Night,Housing A,111,4,0,23.04,3.541
2025-08-10 02:00:00,L3,Night,Bracket B,116,6,0,28.74,2.396
2025-08-10 02:00:00,L4,Night,Bracket B,118,0,0,22.99,1.969
2025-08-10 03:00:00,L1,Night,Housing A,118,0,0,21.67,2.071
2025-08-10 03:00:00,L2,Night,Housing A,105,1,0,25.64,3.337
2025-08-10 03:00:00,L3,Night,Bracket B,111,1,0,28.61,2.492
2025-08-10 03:00:00,L4,Night,Bracket B,123,0,0,24.09,1.305
2025-08-10 04:00:00,L1,Night,Housing A,125,1,0,24.23,2.756
2025-08-10 04:00:00,L2,Night,Housing A,118,2,0,24.68,2.952
2025-08-10 04:00:00,L3,Night,Bracket B,128,4,0,28.96,1.055
2025-08-10 04:00:00,L4,Night,Bracket B,119,1,0,23.33,2.835
2025-08-10 05:00:00,L1,Night,Housing A,109,3,10,24.07,2.092
2025-08-10 05:00:00,L2,Night,Housing A,127,2,0,23.39,3.187
2025-08-10 05:00:00,L3,Night,Bracket B,111,3,0,28.77,2.624
2025-08-10 05:00:00,L4,Night,Bracket B,119,2,0,26.21,2.756
2025-08-10 06:00:00,L1,Day,Housing A,119,1,0,24.87,2.401
2025-08-10 06:00:00,L2,Day,Housing A,123,2,0,24.68,3.124
2025-08-10 06:00:00,L3,Day,Bracket B,124,5,0,32.87,3.115
2025-08-10 06:00:00,L4,Day,Bracket B,127,5,0,26.07,1.93
2025-08-10 07:00:00,L1,Day,Housing A,126,2,0,25.68,2.822
2025-08-10 07:00:00,L2,Day,Housing A,139,4,0,27.43,3.94
2025-08-10 07:00:00,L3,Day,Bracket B,97,6,10,28.69,2.224
2025-08-10 07:00:00,L4,Day,Bracket B,130,1,0,28.42,2.4
2025-08-10 08:00:00,L1,Day,Housing A,126,7,0,28.99,2.185
2025-08-10 08:00:00,L2,Day,Housing A,126,1,0,24.67,2.647
2025-08-10 08:00:00,L3,Day,Bracket B,99,2,0,29.86,1.89
2025-08-10 08:00:00,L4,Day,Bracket B,107,3,0,26.62,1.968
2025-08-10 09:00:00,L1,Day,Housing A,121,5,0,27.18,1.414
2025-08-10 09:00:00,L2,Day,Housing A,97,1,0,25.14,3.208
2025-08-10 09:00:00,L3,Day,Bracket B,122,5,0,30.96,1.657
2025-08-10 09:00:00,L4,Day,Bracket B,113,3,0,25.28,1.385
2025-08-10 10:00:00,L1,Day,Housing A,89,2,15,23.99,2.523
2025-08-10 10:00:00,L2,Day,Housing A,131,4,0,27.09,2.9
2025-08-10 10:00:00,L3,Day,Bracket B,116,2,0,28.42,2.646
2025-08-10 10:00:00,L4,Day,Bracket B,115,6,0,25.08,2.189
2025-08-10 11:00:00,L1,Day,Housing A,113,2,0,26.22,1.722
2025-08-10 11:00:00,L2,Day,Housing A,116,4,0,26.5,3.72
2025-08-10 11:00:00,L3,Day,Bracket B,125,6,0,29.69,2.317
2025-08-10 11:00:00,L4,Day,Bracket B,86,3,15,28.07,2.377
2025-08-10 12:00:00,L1,Day,Housing A,140,5,0,28.73,2.409
2025-08-10 12:00:00,L2,Day,Housing A,85,4,15,27.21,2.573
2025-08-10 12:00:00,L3,Day,Bracket B,83,14,15,32.89,3.084
2025-08-10 12:00:00,L4,Day,Bracket B,126,4,0,27.91,1.846
2025-08-10 13:00:00,L1,Day,Housing A,119,2,0,25.24,2.802
2025-08-10 13:00:00,L2,Day,Housing A,103,1,0,24.67,3.563
2025-08-10 13:00:00,L3,Day,Bracket B,114,2,0,31.0,2.287
2025-08-10 13:00:00,L4,Day,Bracket B,120,5,0,28.86,1.634
2025-08-10 14:00:00,L1,Evening,Housing A,121,2,0,25.91,1.46
2025-08-10 14:00:00,L2,Evening,Housing A,124,2,0,22.95,3.366
2025-08-10 14:00:00,L3,Evening,Bracket B,116,6,0,30.04,0.902
2025-08-10 14:00:00,L4,Evening,Bracket B,119,3,0,23.47,1.831
2025-08-10 15:00:00,L1,Evening,Housing A,113,3,0,23.9,1.511
2025-08-10 15:00:00,L2,Evening,Housing A,124,1,0,22.16,3.45
2025-08-10 15:00:00,L3,Evening,Bracket B,110,3,0,28.79,2.57
2025-08-10 15:00:00,L4,Evening,Bracket B,125,2,0,24.43,2.508
2025-08-10 16:00:00,L1,Evening,Housing A,117,4,0,24.17,2.747
2025-08-10 16:00:00,L2,Evening,Housing A,93,3,10,24.35,3.329
2025-08-10 16:00:00,L3,Evening,Bracket B,116,2,0,25.45,3.553
2025-08-10 16:00:00,L4,Evening,Bracket B,111,0,0,24.22,2.695
2025-08-10 17:00:00,L1,Evening,Housing A,115,2,0,20.68,2.062
2025-08-10 17:00:00,L2,Evening,Housing A,122,0,0,21.12,2.285
2025-08-10 17:00:00,L3,Evening,Bracket B,110,2,0,24.55,2.098
2025-08-10 17:00:00,L4,Evening,Bracket B,122,3,0,23.0,1.608
2025-08-10 18:00:00,L1,Evening,Housing A,118,0,0,21.44,1.818
2025-08-10 18:00:00,L2,Evening,Housing A,114,1,0,23.59,2.769
2025-08-10 18:00:00,L3,Evening,Bracket B,124,4,0,29.67,1.583
2025-08-10 18:00:00,L4,Evening,Bracket B,125,2,0,21.1,1.807
2025-08-10 19:00:00,L1,Evening,Housing A,120,3,0,24.97,2.875
2025-08-10 19:00:00,L2,Evening,Housing A,109,0,0,24.65,3.387
2025-08-10 19:00:00,L3,Evening,Bracket B,118,3,0,28.58,2.263
2025-08-10 19:00:00,L4,Evening,Bracket B,125,0,0,23.83,1.306
2025-08-10 20:00:00,L1,Evening,Housing A,125,3,0,25.77,1.964
2025-08-10 20:00:00,L2,Evening,Housing A,117,3,0,25.0,2.659
2025-08-10 20:00:00,L3,Evening,Bracket B,134,2,0,27.55,1.003
2025-08-10 20:00:00,L4,Evening,Bracket B,125,1,0,22.71,2.694
2025-08-10 21:00:00,L1,Evening,Housing A,100,0,10,24.57,2.061
2025-08-10 21:00:00,L2,Evening,Housing A,104,2,0,24.59,3.331
2025-08-10 21:00:00,L3,Evening,Bracket B,112,0,0,26.3,1.935
2025-08-10 21:00:00,L4,Evening,Bracket B,124,1,0,21.9,2.831
2025-08-10 22:00:00,L1,Night,Housing A,121,0,0,24.38,2.346
2025-08-10 22:00:00,L2,Night,Housing A,122,2,0,25.55,3.339
2025-08-10 22:00:00,L3,Night,Bracket B,130,4,0,24.24,2.62
2025-08-10 22:00:00,L4,Night,Bracket B,112,0,0,24.06,3.351
2025-08-10 23:00:00,L1,Night,Housing A,119,1,0,24.21,1.868
2025-08-10 23:00:00,L2,Night,Housing A,115,0,0,24.7,2.751
2025-08-10 23:00:00,L3,Night,Bracket B,122,2,0,25.53,1.711
2025-08-10 23:00:00,L4,Night,Bracket B,130,1,0,24.14,3.124
2025-08-11 00:00:00,L1,Night,Housing A,117,2,0,24.01,2.016
2025-08-11 00:00:00,L2,Night,Housing A,118,3,0,26.43,2.893
2025-08-11 00:00:00,L3,Night,Bracket B,110,3,0,26.97,2.252
2025-08-11 00:00:00,L4,Night,Bracket B,125,1,0,23.3,1.78
2025-08-11 01:00:00,L1,Night,Housing A,135,1,0,24.58,2.363
2025-08-11 01:00:00,L2,Night,Housing A,123,3,0,22.79,3.988
2025-08-11 01:00:00,L3,Night,Bracket B,126,3,0,26.26,2.118
2025-08-11 01:00:00,L4,Night,Bracket B,117,0,0,24.77,2.685
2025-08-11 02:00:00,L1,Night,Housing A,109,2,0,23.6,2.49
2025-08-11 02:00:00,L2,Night,Housing A,127,2,0,26.97,2.56
2025-08-11 02:00:00,L3,Night,Bracket B,128,6,0,28.4,2.466
2025-08-11 02:00:00,L4,Night,Bracket B,109,2,0,26.6,2.564
2025-08-11 03:00:00,L1,Night,Housing A,123,2,0,24.87,2.043
2025-08-11 03:00:00,L2,Night,Housing A,58,4,30,27.55,3.707
2025-08-11 03:00:00,L3,Night,Bracket B,126,2,0,27.1,1.773
2025-08-11 03:00:00,L4,Night,Bracket B,104,1,0,24.47,2.43
2025-08-11 04:00:00,L1,Night,Housing A,62,1,30,25.09,2.735
2025-08-11 04:00:00,L2,Night,Housing A,109,2,0,21.57,2.886
2025-08-11 04:00:00,L3,Night,Bracket B,119,3,0,27.82,2.479
2025-08-11 04:00:00,L4,Night,Bracket B,134,1,0,21.77,2.111
2025-08-11 05:00:00,L1,Night,Housing A,120,3,0,23.67,2.12
2025-08-11 05:00:00,L2,Night,Housing A,129,2,0,25.38,2.895
2025-08-11 05:00:00,L3,Night,Bracket B,128,6,0,28.26,2.278
2025-08-11 05:00:00,L4,Night,Bracket B,132,0,0,24.57,2.413
2025-08-11 06:00:00,L1,Day,Housing A,105,2,0,28.15,2.734
2025-08-11 06:00:00,L2,Day,Housing A,122,5,0,25.08,3.207
2025-08-11 06:00:00,L3,Day,Bracket B,100,8,0,30.16,2.619
2025-08-11 06:00:00,L4,Day,Bracket B,94,1,10,24.64,2.667
2025-08-11 07:00:00,L1,Day,Housing A,119,1,0,25.87,1.49
2025-08-11 07:00:00,L2,Day,Housing A,116,3,0,26.85,1.502
2025-08-11 07:00:00,L3,Day,Bracket B,111,3,0,30.84,1.985
2025-08-11 07:00:00,L4,Day,Bracket B,121,1,0,29.03,2.031
2025-08-11 08:00:00,L1,Day,Housing A,128,3,0,26.61,1.788
2025-08-11 08:00:00,L2,Day,Housing A,113,3,0,28.21,2.915
2025-08-11 08:00:00,L3,Day,Bracket B,131,6,0,32.31,1.976
2025-08-11 08:00:00,L4,Day,Bracket B,123,5,0,26.78,1.13
2025-08-11 09:00:00,L1,Day,Housing A,120,1,0,27.63,1.434
2025-08-11 09:00:00,L2,Day,Housing A,106,2,0,25.45,3.768
2025-08-11 09:00:00,L3,Day,Bracket B,119,9,0,30.52,1.617
2025-08-11 09:00:00,L4,Day,Bracket B,128,1,0,25.78,2.376
2025-08-11 10:00:00,L1,Day,Housing A,128,1,0,25.69,1.909
2025-08-11 10:00:00,L2,Day,Housing A,117,4,0,27.99,2.486
2025-08-11 10:00:00,L3,Day,Bracket B,121,7,0,30.6,2.937
2025-08-11 10:00:00,L4,Day,Bracket B,112,5,0,28.57,3.305
2025-08-11 11:00:00,L1,Day,Housing A,110,0,0,25.14,1.998
2025-08-11 11:00:00,L2,Day,Housing A,126,2,0,25.1,3.589
2025-08-11 11:00:00,L3,Day,Bracket B,117,8,0,31.07,1.304
2025-08-11 11:00:00,L4,Day,Bracket B,124,3,0,26.4,2.855
2025-08-11 12:00:00,L1,Day,Housing A,129,2,0,26.21,2.284
2025-08-11 12:00:00,L2,Day,Housing A,121,3,0,25.47,3.161
2025-08-11 12:00:00,L3,Day,Bracket B,116,6,0,29.05,2.455
2025-08-11 12:00:00,L4,Day,Bracket B,112,2,0,28.3,2.196
2025-08-11 13:00:00,L1,Day,Housing A,118,1,0,25.15,2.296
2025-08-11 13:00:00,L2,Day,Housing A,117,2,0,26.68,3.621
2025-08-11 13:00:00,L3,Day,Bracket B,119,4,0,29.66,1.929
2025-08-11 13:00:00,L4,Day,Bracket B,117,1,0,24.64,2.668
2025-08-11 14:00:00,L1,Evening,Housing A,125,3,0,26.89,1.867
2025-08-11 14:00:00,L2,Evening,Housing A,119,2,0,21.36,3.214
2025-08-11 14:00:00,L3,Evening,Bracket B,118,6,0,27.29,2.58
2025-08-11 14:00:00,L4,Evening,Bracket B,114,0,0,23.48,0.94
2025-08-11 15:00:00,L1,Evening,Housing A,117,1,0,24.54,2.17
2025-08-11 15:00:00,L2,Evening,Housing A,120,0,0,23.99,2.003
2025-08-11 15:00:00,L3,Evening,Bracket B,112,3,0,29.89,2.111
2025-08-11 15:00:00,L4,Evening,Bracket B,115,4,0,28.91,2.566
2025-08-11 16:00:00,L1,Evening,Housing A,125,2,0,25.5,1.859
2025-08-11 16:00:00,L2,Evening,Housing A,130,4,0,23.74,2.839
2025-08-11 16:00:00,L3,Evening,Bracket B,124,3,0,25.06,2.347
2025-08-11 16:00:00,L4,Evening,Bracket B,109,2,0,25.03,1.076
2025-08-11 17:00:00,L1,Evening,Housing A,122,2,0,27.56,1.867
2025-08-11 17:00:00,L2,Evening,Housing A,122,2,0,25.59,3.48
2025-08-11 17:00:00,L3,Evening,Bracket B,121,4,0,29.1,0.437
2025-08-11 17:00:00,L4,Evening,Bracket B,104,2,0,23.76,2.32
2025-08-11 18:00:00,L1,Evening,Housing A,111,3,0,25.62,2.234
2025-08-11 18:00:00,L2,Evening,Housing A,131,1,0,25.57,3.715
2025-08-11 18:00:00,L3,Evening,Bracket B,113,3,0,27.61,1.658
2025-08-11 18:00:00,L4,Evening,Bracket B,114,0,0,19.15,1.745
2025-08-11 19:00:00,L1,Evening,Housing A,125,3,0,22.3,2.107
2025-08-11 19:00:00,L2,Evening,Housing A,103,0,0,22.56,4.224
2025-08-11 19:00:00,L3,Evening,Bracket B,119,1,0,24.68,1.703
2025-08-11 19:00:00,L4,Evening,Bracket B,120,1,0,21.91,2.121
2025-08-11 20:00:00,L1,Evening,Housing A,110,3,0,25.4,2.428
2025-08-11 20:00:00,L2,Evening,Housing A,108,5,0,23.82,3.23
2025-08-11 20:00:00,L3,Evening,Bracket B,110,3,0,27.5,2.265
2025-08-11 20:00:00,L4,Evening,Bracket B,70,3,30,27.04,2.153
2025-08-11 21:00:00,L1,Evening,Housing A,113,1,0,26.48,2.972
2025-08-11 21:00:00,L2,Evening,Housing A,122,2,0,24.6,4.187
2025-08-11 21:00:00,L3,Evening,Bracket B,125,1,0,23.86,1.724
2025-08-11 21:00:00,L4,Evening,Bracket B,120,1,0,25.2,1.723
2025-08-11 22:00:00,L1,Night,Housing A,109,0,0,26.24,1.922
2025-08-11 22:00:00,L2,Night,Housing A,122,1,0,24.19,2.793
2025-08-11 22:00:00,L3,Night,Bracket B,125,3,0,28.59,1.654
2025-08-11 22:00:00,L4,Night,Bracket B,103,1,0,23.99,1.665
2025-08-11 23:00:00,L1,Night,Housing A,124,0,0,25.25,3.005
2025-08-11 23:00:00,L2,Night,Housing A,121,3,0,26.85,3.538
2025-08-11 23:00:00,L3,Night,Bracket B,107,1,0,25.52,2.143
2025-08-11 23:00:00,L4,Night,Bracket B,109,2,0,26.89,2.55
2025-08-12 00:00:00,L1,Night,Housing A,95,3,15,25.89,1.594
2025-08-12 00:00:00,L2,Night,Housing A,80,5,20,24.75,5.554
2025-08-12 00:00:00,L3,Night,Bracket B,117,1,0,26.14,1.876
2025-08-12 00:00:00,L4,Night,Bracket B,121,3,0,25.35,2.319
2025-08-12 01:00:00,L1,Night,Housing A,111,0,10,26.11,1.539
2025-08-12 01:00:00,L2,Night,Housing A,19,0,50,26.1,6.227
2025-08-12 01:00:00,L3,Night,Bracket B,113,4,0,30.17,2.205
2025-08-12 01:00:00,L4,Night,Bracket B,109,0,0,25.45,2.236
2025-08-12 02:00:00,L1,Night,Housing A,121,5,0,27.23,2.283
2025-08-12 02:00:00,L2,Night,Housing A,50,0,35,25.53,6.017
2025-08-12 02:00:00,L3,Night,Bracket B,124,3,0,26.17,3.092
2025-08-12 02:00:00,L4,Night,Bracket B,127,4,0,24.25,2.386
2025-08-12 03:00:00,L1,Night,Housing A,114,1,0,24.28,1.361
2025-08-12 03:00:00,L2,Night,Housing A,85,4,20,26.38,4.786
2025-08-12 03:00:00,L3,Night,Bracket B,134,1,0,26.43,2.663
2025-08-12 03:00:00,L4,Night,Bracket B,134,5,0,23.59,2.136
2025-08-12 04:00:00,L1,Night,Housing A,120,0,0,22.36,1.404
2025-08-12 04:00:00,L2,Night,Housing A,52,2,35,23.76,5.472
2025-08-12 04:00:00,L3,Night,Bracket B,116,3,0,27.67,2.246
2025-08-12 04:00:00,L4,Night,Bracket B,123,1,0,22.55,2.347
2025-08-12 05:00:00,L1,Night,Housing A,122,0,0,24.98,2.572
2025-08-12 05:00:00,L2,Night,Housing A,20,1,50,21.79,5.275
2025-08-12 05:00:00,L3,Night,Bracket B,117,0,0,27.89,2.572
2025-08-12 05:00:00,L4,Night,Bracket B,128,1,0,23.11,1.664
2025-08-12 06:00:00,L1,Day,Housing A,122,1,0,27.18,2.569
2025-08-12 06:00:00,L2,Day,Housing A,81,0,20,25.18,5.822
2025-08-12 06:00:00,L3,Day,Bracket B,118,7,0,29.46,2.187
2025-08-12 06:00:00,L4,Day,Bracket B,109,0,0,25.36,2.283
2025-08-12 07:00:00,L1,Day,Housing A,127,2,0,27.7,1.944
2025-08-12 07:00:00,L2,Day,Housing A,20,0,50,23.92,5.268
2025-08-12 07:00:00,L3,Day,Bracket B,123,3,0,27.01,2.271
2025-08-12 07:00:00,L4,Day,Bracket B,122,4,0,27.22,1.817
2025-08-12 08:00:00,L1,Day,Housing A,122,4,0,28.05,1.976
2025-08-12 08:00:00,L2,Day,Housing A,19,0,50,22.37,5.925
2025-08-12 08:00:00,L3,Day,Bracket B,114,6,0,29.59,2.288
2025-08-12 08:00:00,L4,Day,Bracket B,105,3,0,26.62,1.567
2025-08-12 09:00:00,L1,Day,Housing A,114,1,0,24.63,2.071
2025-08-12 09:00:00,L2,Day,Housing A,18,3,50,29.6,5.418
2025-08-12 09:00:00,L3,Day,Bracket B,118,6,0,29.08,2.498
2025-08-12 09:00:00,L4,Day,Bracket B,116,2,0,27.56,2.853
2025-08-12 10:00:00,L1,Day,Housing A,125,3,0,27.19,3.335
2025-08-12 10:00:00,L2,Day,Housing A,56,5,35,25.89,5.121
2025-08-12 10:00:00,L3,Day,Bracket B,128,3,0,30.98,2.57
2025-08-12 10:00:00,L4,Day,Bracket B,120,5,0,27.08,2.136
2025-08-12 11:00:00,L1,Day,Housing A,101,2,0,25.01,2.057
2025-08-12 11:00:00,L2,Day,Housing A,81,4,20,24.9,4.58
2025-08-12 11:00:00,L3,Day,Bracket B,131,4,0,30.73,1.738
2025-08-12 11:00:00,L4,Day,Bracket B,116,0,0,24.18,1.941
2025-08-12 12:00:00,L1,Day,Housing A,113,3,0,29.49,2.431
2025-08-12 12:00:00,L2,Day,Housing A,80,2,20,27.17,5.476
2025-08-12 12:00:00,L3,Day,Bracket B,124,7,0,29.38,2.724
2025-08-12 12:00:00,L4,Day,Bracket B,118,2,0,27.39,2.516
2025-08-12 13:00:00,L1,Day,Housing A,111,2,0,24.95,2.032
2025-08-12 13:00:00,L2,Day,Housing A,21,1,50,24.32,5.468
2025-08-12 13:00:00,L3,Day,Bracket B,126,5,0,32.08,1.961
2025-08-12 13:00:00,L4,Day,Bracket B,125,3,0,29.72,2.05
2025-08-12 14:00:00,L1,Evening,Housing A,122,5,0,27.33,2.273
2025-08-12 14:00:00,L2,Evening,Housing A,20,1,50,20.7,5.69
2025-08-12 14:00:00,L3,Evening,Bracket B,61,3,30,28.82,2.31
2025-08-12 14:00:00,L4,Evening,Bracket B,103,2,5,24.99,2.793
2025-08-12 15:00:00,L1,Evening,Housing A,122,1,0,24.1,2.272
2025-08-12 15:00:00,L2,Evening,Housing A,48,1,35,23.87,5.65
2025-08-12 15:00:00,L3,Evening,Bracket B,110,5,0,29.28,1.531
2025-08-12 15:00:00,L4,Evening,Bracket B,124,0,0,21.97,2.87
2025-08-12 16:00:00,L1,Evening,Housing A,114,3,0,25.89,2.975
2025-08-12 16:00:00,L2,Evening,Housing A,86,4,20,23.86,5.874
2025-08-12 16:00:00,L3,Evening,Bracket B,116,10,0,28.74,1.911
2025-08-12 16:00:00,L4,Evening,Bracket B,126,1,0,24.05,2.645
2025-08-12 17:00:00,L1,Evening,Housing A,120,3,0,24.97,2.402
2025-08-12 17:00:00,L2,Evening,Housing A,22,0,50,24.51,5.637
2025-08-12 17:00:00,L3,Evening,Bracket B,108,4,5,30.6,2.785
2025-08-12 17:00:00,L4,Evening,Bracket B,114,2,0,23.94,2.156
2025-08-12 18:00:00,L1,Evening,Housing A,138,0,0,23.27,2.759
2025-08-12 18:00:00,L2,Evening,Housing A,76,1,20,23.53,6.331
2025-08-12 18:00:00,L3,Evening,Bracket B,104,3,0,29.72,2.414
2025-08-12 18:00:00,L4,Evening,Bracket B,111,2,0,24.17,1.846
2025-08-12 19:00:00,L1,Evening,Housing A,61,1,30,25.24,1.755
2025-08-12 19:00:00,L2,Evening,Housing A,77,1,20,24.26,5.833
2025-08-12 19:00:00,L3,Evening,Bracket B,118,0,0,25.61,2.106
2025-08-12 19:00:00,L4,Evening,Bracket B,119,0,0,26.44,2.244
2025-08-12 20:00:00,L1,Evening,Housing A,124,2,0,22.66,2.883
2025-08-12 20:00:00,L2,Evening,Housing A,55,0,35,23.44,5.428
2025-08-12 20:00:00,L3,Evening,Bracket B,130,1,0,24.75,1.7
2025-08-12 20:00:00,L4,Evening,Bracket B,117,1,0,24.18,3.232
2025-08-12 21:00:00,L1,Evening,Housing A,116,2,0,25.85,2.255
2025-08-12 21:00:00,L2,Evening,Housing A,81,3,20,24.29,6.128
2025-08-12 21:00:00,L3,Evening,Bracket B,114,4,0,30.14,2.07
2025-08-12 21:00:00,L4,Evening,Bracket B,116,2,0,23.72,1.62
2025-08-12 22:00:00,L1,Night,Housing A,113,1,0,24.86,2.264
2025-08-12 22:00:00,L2,Night,Housing A,19,0,50,20.33,5.097
2025-08-12 22:00:00,L3,Night,Bracket B,127,7,0,28.96,2.868
2025-08-12 22:00:00,L4,Night,Bracket B,120,3,0,23.58,2.281
2025-08-12 23:00:00,L1,Night,Housing A,134,2,0,23.24,2.807
2025-08-12 23:00:00,L2,Night,Housing A,19,0,50,26.16,6.187
2025-08-12 23:00:00,L3,Night,Bracket B,124,2,0,25.72,2.956
2025-08-12 23:00:00,L4,Night,Bracket B,113,0,0,22.43,2.467
2025-08-13 00:00:00,L1,Night,Housing A,118,6,0,22.72,1.586
2025-08-13 00:00:00,L2,Night,Housing A,72,2,20,24.41,5.383
2025-08-13 00:00:00,L3,Night,Bracket B,106,1,0,28.3,2.321
2025-08-13 00:00:00,L4,Night,Bracket B,112,1,0,24.11,2.33
2025-08-13 01:00:00,L1,Night,Housing A,113,2,0,24.71,1.278
2025-08-13 01:00:00,L2,Night,Housing A,74,0,20,23.75,5.724
2025-08-13 01:00:00,L3,Night,Bracket B,131,2,0,26.29,1.704
2025-08-13 01:00:00,L4,Night,Bracket B,84,0,15,24.16,2.117
2025-08-13 02:00:00,L1,Night,Housing A,121,2,0,25.18,2.629
2025-08-13 02:00:00,L2,Night,Housing A,20,1,50,22.41,6.518
2025-08-13 02:00:00,L3,Night,Bracket B,123,2,0,25.35,1.454
2025-08-13 02:00:00,L4,Night,Bracket B,135,0,0,25.9,1.337
2025-08-13 03:00:00,L1,Night,Housing A,116,3,0,26.64,2.495
2025-08-13 03:00:00,L2,Night,Housing A,49,2,35,24.03,5.69
2025-08-13 03:00:00,L3,Night,Bracket B,115,6,0,28.8,2.872
2025-08-13 03:00:00,L4,Night,Bracket B,117,1,0,22.67,2.278
2025-08-13 04:00:00,L1,Night,Housing A,33,0,45,23.43,2.251
2025-08-13 04:00:00,L2,Night,Housing A,78,3,20,24.9,5.328
2025-08-13 04:00:00,L3,Night,Bracket B,138,8,0,29.89,2.41
2025-08-13 04:00:00,L4,Night,Bracket B,125,1,0,25.78,2.761
2025-08-13 05:00:00,L1,Night,Housing A,134,1,0,24.11,1.99
2025-08-13 05:00:00,L2,Night,Housing A,81,7,20,21.83,5.922
2025-08-13 05:00:00,L3,Night,Bracket B,114,0,0,25.62,1.501
2025-08-13 05:00:00,L4,Night,Bracket B,130,0,0,26.29,1.852
2025-08-13 06:00:00,L1,Day,Housing A,127,5,0,29.79,2.404
2025-08-13 06:00:00,L2,Day,Housing A,95,4,20,26.01,5.093
2025-08-13 06:00:00,L3,Day,Bracket B,126,8,0,30.44,1.406
2025-08-13 06:00:00,L4,Day,Bracket B,29,1,45,28.06,2.979
2025-08-13 07:00:00,L1,Day,Housing A,103,2,0,25.49,1.569
2025-08-13 07:00:00,L2,Day,Housing A,19,0,50,24.07,6.016
2025-08-13 07:00:00,L3,Day,Bracket B,120,5,0,30.0,2.341
2025-08-13 07:00:00,L4,Day,Bracket B,119,4,0,26.03,2.26
2025-08-13 08:00:00,L1,Day,Housing A,91,3,10,26.46,1.728
2025-08-13 08:00:00,L2,Day,Housing A,51,2,35,27.93,5.143
2025-08-13 08:00:00,L3,Day,Bracket B,116,4,0,30.58,1.553
2025-08-13 08:00:00,L4,Day,Bracket B,123,2,0,24.95,2.055
2025-08-13 09:00:00,L1,Day,Housing A,125,4,0,30.16,2.491
2025-08-13 09:00:00,L2,Day,Housing A,76,1,20,26.26,6.376
2025-08-13 09:00:00,L3,Day,Bracket B,124,8,0,30.58,3.305
2025-08-13 09:00:00,L4,Day,Bracket B,134,3,0,26.68,2.481
2025-08-13 10:00:00,L1,Day,Housing A,119,4,0,26.52,2.263
2025-08-13 10:00:00,L2,Day,Housing A,79,2,20,25.75,6.018
2025-08-13 10:00:00,L3,Day,Bracket B,121,10,0,30.7,1.616
2025-08-13 10:00:00,L4,Day,Bracket B,115,1,0,26.25,2.368
2025-08-13 11:00:00,L1,Day,Housing A,109,5,0,29.07,1.519
2025-08-13 11:00:00,L2,Day,Housing A,50,2,35,24.92,6.855
2025-08-13 11:00:00,L3,Day,Bracket B,106,4,0,28.04,2.112
2025-08-13 11:00:00,L4,Day,Bracket B,118,0,0,24.18,1.979
2025-08-13 12:00:00,L1,Day,Housing A,117,2,0,26.41,1.71
2025-08-13 12:00:00,L2,Day,Housing A,48,0,35,27.61,5.806
2025-08-13 12:00:00,L3,Day,Bracket B,133,4,0,30.32,2.24
2025-08-13 12:00:00,L4,Day,Bracket B,113,4,0,28.44,1.498
2025-08-13 13:00:00,L1,Day,Housing A,127,2,0,23.11,1.97
2025-08-13 13:00:00,L2,Day,Housing A,82,6,20,28.91,5.885
2025-08-13 13:00:00,L3,Day,Bracket B,100,7,0,32.77,0.742
2025-08-13 13:00:00,L4,Day,Bracket B,121,3,0,25.88,1.787
2025-08-13 14:00:00,L1,Evening,Housing A,111,3,0,26.56,2.297
2025-08-13 14:00:00,L2,Evening,Housing A,54,2,35,23.48,6.239
2025-08-13 14:00:00,L3,Evening,Bracket B,124,5,0,27.83,1.949
2025-08-13 14:00:00,L4,Evening,Bracket B,117,1,0,22.11,1.721
2025-08-13 15:00:00,L1,Evening,Housing A,133,2,0,23.84,2.218
2025-08-13 15:00:00,L2,Evening,Housing A,18,0,50,24.25,5.622
2025-08-13 15:00:00,L3,Evening,Bracket B,121,8,0,29.66,1.873
2025-08-13 15:00:00,L4,Evening,Bracket B,115,1,0,22.96,2.455
2025-08-13 16:00:00,L1,Evening,Housing A,108,0,0,23.7,2.349
2025-08-13 16:00:00,L2,Evening,Housing A,72,3,20,23.29,6.263
2025-08-13 16:00:00,L3,Evening,Bracket B,111,2,0,27.16,2.017
2025-08-13 16:00:00,L4,Evening,Bracket B,127,1,0,23.7,2.635
2025-08-13 17:00:00,L1,Evening,Housing A,136,1,0,23.03,2.267
2025-08-13 17:00:00,L2,Evening,Housing A,43,1,35,23.86,5.528
2025-08-13 17:00:00,L3,Evening,Bracket B,124,0,0,25.15,2.168
2025-08-13 17:00:00,L4,Evening,Bracket B,126,3,0,24.92,2.267
2025-08-13 18:00:00,L1,Evening,Housing A,128,0,0,24.66,2.36
2025-08-13 18:00:00,L2,Evening,Housing A,47,1,35,24.2,6.06
2025-08-13 18:00:00,L3,Evening,Bracket B,122,3,0,27.51,2.427
2025-08-13 18:00:00,L4,Evening,Bracket B,110,0,0,22.64,2.58
2025-08-13 19:00:00,L1,Evening,Housing A,125,0,0,23.13,3.287
2025-08-13 19:00:00,L2,Evening,Housing A,54,1,35,24.09,5.657
2025-08-13 19:00:00,L3,Evening,Bracket B,29,1,45,27.89,2.588
2025-08-13 19:00:00,L4,Evening,Bracket B,115,1,0,22.73,2.228
2025-08-13 20:00:00,L1,Evening,Housing A,113,0,0,21.56,2.952
2025-08-13 20:00:00,L2,Evening,Housing A,80,0,20,26.14,5.672
2025-08-13 20:00:00,L3,Evening,Bracket B,121,3,0,27.93,1.843
2025-08-13 20:00:00,L4,Evening,Bracket B,126,1,0,24.96,2.075
2025-08-13 21:00:00,L1,Evening,Housing A,120,1,0,25.27,2.549
2025-08-13 21:00:00,L2,Evening,Housing A,19,0,50,23.87,6.153
2025-08-13 21:00:00,L3,Evening,Bracket B,119,1,0,26.51,2.432
2025-08-13 21:00:00,L4,Evening,Bracket B,117,3,0,25.17,1.836
2025-08-13 22:00:00,L1,Night,Housing A,104,5,0,28.01,2.384
2025-08-13 22:00:00,L2,Night,Housing A,18,0,50,24.47,5.694
2025-08-13 22:00:00,L3,Night,Bracket B,119,8,0,30.54,2.619
2025-08-13 22:00:00,L4,Night,Bracket B,112,4,5,24.45,3.102
2025-08-13 23:00:00,L1,Night,Housing A,110,1,0,24.77,1.803
2025-08-13 23:00:00,L2,Night,Housing A,51,0,35,26.77,5.782
2025-08-13 23:00:00,L3,Night,Bracket B,124,3,0,26.99,2.539
2025-08-13 23:00:00,L4,Night,Bracket B,100,0,5,21.16,2.143
2025-08-14 00:00:00,L1,Night,Housing A,127,2,0,22.36,3.15
2025-08-14 00:00:00,L2,Night,Housing A,72,3,20,24.12,5.792
2025-08-14 00:00:00,L3,Night,Bracket B,126,1,0,24.95,1.596
2025-08-14 00:00:00,L4,Night,Bracket B,123,1,0,23.74,2.472
2025-08-14 01:00:00,L1,Night,Housing A,113,3,0,25.81,1.86
2025-08-14 01:00:00,L2,Night,Housing A,21,0,50,22.81,6.152
2025-08-14 01:00:00,L3,Night,Bracket B,120,6,0,27.81,2.88
2025-08-14 01:00:00,L4,Night,Bracket B,118,1,0,24.25,1.615
2025-08-14 02:00:00,L1,Night,Housing A,111,0,0,23.15,0.999
2025-08-14 02:00:00,L2,Night,Housing A,19,0,50,24.52,5.898
2025-08-14 02:00:00,L3,Night,Bracket B,124,2,0,25.83,1.979
2025-08-14 02:00:00,L4,Night,Bracket B,135,2,0,26.84,2.835
2025-08-14 03:00:00,L1,Night,Housing A,122,1,0,23.69,2.375
2025-08-14 03:00:00,L2,Night,Housing A,49,1,35,26.18,6.114
2025-08-14 03:00:00,L3,Night,Bracket B,106,4,10,26.7,2.063
2025-08-14 03:00:00,L4,Night,Bracket B,105,0,0,23.76,2.137
2025-08-14 04:00:00,L1,Night,Housing A,130,1,0,21.26,2.428
2025-08-14 04:00:00,L2,Night,Housing A,80,4,20,25.71,6.104
2025-08-14 04:00:00,L3,Night,Bracket B,110,2,0,28.66,2.55
2025-08-14 04:00:00,L4,Night,Bracket B,124,4,0,26.24,2.183
2025-08-14 05:00:00,L1,Night,Housing A,84,2,15,21.65,2.014
2025-08-14 05:00:00,L2,Night,Housing A,74,2,20,24.34,5.316
2025-08-14 05:00:00,L3,Night,Bracket B,86,1,15,28.02,2.189
2025-08-14 05:00:00,L4,Night,Bracket B,116,1,0,22.84,2.325
2025-08-14 06:00:00,L1,Day,Housing A,125,2,0,26.75,2.563
2025-08-14 06:00:00,L2,Day,Housing A,46,1,35,26.36,4.898
2025-08-14 06:00:00,L3,Day,Bracket B,117,4,0,30.85,1.197
2025-08-14 06:00:00,L4,Day,Bracket B,120,3,5,25.23,1.732
2025-08-14 07:00:00,L1,Day,Housing A,108,4,0,27.89,3.149
2025-08-14 07:00:00,L2,Day,Housing A,78,4,20,27.96,5.5
2025-08-14 07:00:00,L3,Day,Bracket B,116,3,0,31.06,2.52
2025-08-14 07:00:00,L4,Day,Bracket B,129,6,0,26.8,2.087
2025-08-14 08:00:00,L1,Day,Housing A,122,6,0,28.76,1.359
2025-08-14 08:00:00,L2,Day,Housing A,20,0,50,26.21,5.234
2025-08-14 08:00:00,L3,Day,Bracket B,114,0,0,29.59,1.981
2025-08-14 08:00:00,L4,Day,Bracket B,111,0,0,25.96,0.784
2025-08-14 09:00:00,L1,Day,Housing A,127,2,0,25.87,1.65
2025-08-14 09:00:00,L2,Day,Housing A,51,0,35,27.08,5.859
2025-08-14 09:00:00,L3,Day,Bracket B,118,6,0,29.85,2.188
2025-08-14 09:00:00,L4,Day,Bracket B,109,6,0,27.58,2.382
2025-08-14 10:00:00,L1,Day,Housing A,117,2,0,25.53,2.014
2025-08-14 10:00:00,L2,Day,Housing A,20,1,50,26.2,5.626
2025-08-14 10:00:00,L3,Day,Bracket B,120,5,0,29.86,2.013
2025-08-14 10:00:00,L4,Day,Bracket B,105,3,0,26.72,2.126
2025-08-14 11:00:00,L1,Day,Housing A,127,0,0,25.61,2.065
2025-08-14 11:00:00,L2,Day,Housing A,56,1,35,26.15,5.12
2025-08-14 11:00:00,L3,Day,Bracket B,133,7,0,30.37,2.404
2025-08-14 11:00:00,L4,Day,Bracket B,121,1,0,26.12,1.992
2025-08-14 12:00:00,L1,Day,Housing A,117,1,0,25.56,2.618
2025-08-14 12:00:00,L2,Day,Housing A,46,2,35,24.51,5.287
2025-08-14 12:00:00,L3,Day,Bracket B,127,9,0,32.34,2.103
2025-08-14 12:00:00,L4,Day,Bracket B,107,1,0,24.43,1.653
2025-08-14 13:00:00,L1,Day,Housing A,109,1,0,22.02,2.486
2025-08-14 13:00:00,L2,Day,Housing A,87,5,20,23.22,6.128
2025-08-14 13:00:00,L3,Day,Bracket B,123,4,0,29.41,2.731
2025-08-14 13:00:00,L4,Day,Bracket B,111,2,0,28.85,2.374
2025-08-14 14:00:00,L1,Evening,Housing A,113,4,0,22.18,2.061
2025-08-14 14:00:00,L2,Evening,Housing A,22,0,50,25.3,6.699
2025-08-14 14:00:00,L3,Evening,Bracket B,116,3,0,29.48,2.466
2025-08-14 14:00:00,L4,Evening,Bracket B,127,0,0,21.96,1.724
2025-08-14 15:00:00,L1,Evening,Housing A,122,0,0,26.21,2.593
2025-08-14 15:00:00,L2,Evening,Housing A,20,1,50,23.08,4.778
2025-08-14 15:00:00,L3,Evening,Bracket B,132,2,0,24.57,2.031
2025-08-14 15:00:00,L4,Evening,Bracket B,120,0,0,23.26,1.425
2025-08-14 16:00:00,L1,Evening,Housing A,110,1,0,21.8,2.478
2025-08-14 16:00:00,L2,Evening,Housing A,47,0,35,22.75,5.147
2025-08-14 16:00:00,L3,Evening,Bracket B,117,2,0,26.18,2.659
2025-08-14 16:00:00,L4,Evening,Bracket B,116,3,0,27.03,1.913
2025-08-14 17:00:00,L1,Evening,Housing A,131,4,0,24.68,2.411
2025-08-14 17:00:00,L2,Evening,Housing A,17,1,50,24.88,5.82
2025-08-14 17:00:00,L3,Evening,Bracket B,121,3,0,26.34,2.308
2025-08-14 17:00:00,L4,Evening,Bracket B,106,3,0,22.94,2.23
2025-08-14 18:00:00,L1,Evening,Housing A,131,3,0,23.92,2.121
2025-08-14 18:00:00,L2,Evening,Housing A,78,1,20,24.79,5.108
2025-08-14 18:00:00,L3,Evening,Bracket B,110,1,0,28.45,2.068
2025-08-14 18:00:00,L4,Evening,Bracket B,110,1,0,25.42,2.621
2025-08-14 19:00:00,L1,Evening,Housing A,114,0,0,24.49,2.276
2025-08-14 19:00:00,L2,Evening,Housing A,49,3,35,27.63,5.706
2025-08-14 19:00:00,L3,Evening,Bracket B,118,3,0,29.47,1.823
2025-08-14 19:00:00,L4,Evening,Bracket B,97,1,0,23.33,1.008
2025-08-14 20:00:00,L1,Evening,Housing A,115,0,0,24.17,1.876
2025-08-14 20:00:00,L2,Evening,Housing A,52,2,35,26.44,5.541
2025-08-14 20:00:00,L3,Evening,Bracket B,122,1,0,27.88,2.202
2025-08-14 20:00:00,L4,Evening,Bracket B,114,1,0,25.24,2.075
2025-08-14 21:00:00,L1,Evening,Housing A,109,0,0,22.58,1.759
2025-08-14 21:00:00,L2,Evening,Housing A,21,0,50,21.77,5.394
2025-08-14 21:00:00,L3,Evening,Bracket B,120,4,0,28.73,3.002
2025-08-14 21:00:00,L4,Evening,Bracket B,122,1,0,23.64,2.924
2025-08-14 22:00:00,L1,Night,Housing A,110,0,0,26.21,2.594
2025-08-14 22:00:00,L2,Night,Housing A,22,1,50,21.55,5.24
2025-08-14 22:00:00,L3,Night,Bracket B,111,1,0,29.11,2.901
2025-08-14 22:00:00,L4,Night,Bracket B,128,0,0,26.46,1.089
2025-08-14 23:00:00,L1,Night,Housing A,118,2,0,25.73,2.567
2025-08-14 23:00:00,L2,Night,Housing A,75,1,20,22.85,6.236
2025-08-14 23:00:00,L3,Night,Bracket B,124,7,0,28.98,2.101
2025-08-14 23:00:00,L4,Night,Bracket B,111,1,0,21.09,1.843
2025-08-15 00:00:00,L1,Night,Housing A,122,3,0,22.6,1.82
2025-08-15 00:00:00,L2,Night,Housing A,131,3,0,22.94,3.341
2025-08-15 00:00:00,L3,Night,Bracket B,127,3,0,26.7,2.343
2025-08-15 00:00:00,L4,Night,Bracket B,126,6,0,24.72,3.076
2025-08-15 01:00:00,L1,Night,Housing A,133,2,0,21.45,2.466
2025-08-15 01:00:00,L2,Night,Housing A,128,0,0,24.47,3.05
2025-08-15 01:00:00,L3,Night,Bracket B,119,1,0,27.53,2.278
2025-08-15 01:00:00,L4,Night,Bracket B,120,1,0,24.17,2.936
2025-08-15 02:00:00,L1,Night,Housing A,122,1,0,23.75,1.694
2025-08-15 02:00:00,L2,Night,Housing A,126,0,0,23.91,3.018
2025-08-15 02:00:00,L3,Night,Bracket B,110,1,0,26.06,2.51
2025-08-15 02:00:00,L4,Night,Bracket B,98,1,0,23.49,2.775
2025-08-15 03:00:00,L1,Night,Housing A,116,0,0,24.61,2.14
2025-08-15 03:00:00,L2,Night,Housing A,115,3,0,26.91,3.227
2025-08-15 03:00:00,L3,Night,Bracket B,125,6,0,28.29,1.348
2025-08-15 03:00:00,L4,Night,Bracket B,133,2,0,23.84,2.004
2025-08-15 04:00:00,L1,Night,Housing A,114,0,5,24.1,1.197
2025-08-15 04:00:00,L2,Night,Housing A,123,2,0,26.33,2.371
2025-08-15 04:00:00,L3,Night,Bracket B,114,3,0,27.63,2.776
2025-08-15 04:00:00,L4,Night,Bracket B,109,1,0,27.22,2.361
2025-08-15 05:00:00,L1,Night,Housing A,126,4,0,23.68,2.177
2025-08-15 05:00:00,L2,Night,Housing A,120,2,0,25.25,3.438
2025-08-15 05:00:00,L3,Night,Bracket B,106,5,0,30.1,1.955
2025-08-15 05:00:00,L4,Night,Bracket B,109,2,0,24.44,2.16
2025-08-15 06:00:00,L1,Day,Housing A,103,1,5,25.81,2.244
2025-08-15 06:00:00,L2,Day,Housing A,119,1,0,25.13,2.923
2025-08-15 06:00:00,L3,Day,Bracket B,109,6,0,31.04,1.973
2025-08-15 06:00:00,L4,Day,Bracket B,122,2,0,25.68,1.771
2025-08-15 07:00:00,L1,Day,Housing A,141,2,0,25.1,2.146
2025-08-15 07:00:00,L2,Day,Housing A,117,9,0,27.63,2.629
2025-08-15 07:00:00,L3,Day,Bracket B,132,10,0,33.23,2.812
2025-08-15 07:00:00,L4,Day,Bracket B,138,4,0,28.02,1.687
2025-08-15 08:00:00,L1,Day,Housing A,105,2,0,26.81,1.724
2025-08-15 08:00:00,L2,Day,Housing A,118,3,0,27.16,3.642
2025-08-15 08:00:00,L3,Day,Bracket B,119,3,0,30.41,1.529
2025-08-15 08:00:00,L4,Day,Bracket B,126,5,0,26.31,2.605
2025-08-15 09:00:00,L1,Day,Housing A,105,5,0,26.37,2.028
2025-08-15 09:00:00,L2,Day,Housing A,120,3,0,27.72,3.399
2025-08-15 09:00:00,L3,Day,Bracket B,127,3,0,27.92,1.899
2025-08-15 09:00:00,L4,Day,Bracket B,107,3,0,24.17,1.603
2025-08-15 10:00:00,L1,Day,Housing A,124,2,0,25.35,2.627
2025-08-15 10:00:00,L2,Day,Housing A,126,7,0,28.52,3.75
2025-08-15 10:00:00,L3,Day,Bracket B,115,7,0,30.88,2.631
2025-08-15 10:00:00,L4,Day,Bracket B,112,1,0,23.44,0.959
2025-08-15 11:00:00,L1,Day,Housing A,122,4,0,27.86,2.057
2025-08-15 11:00:00,L2,Day,Housing A,121,1,0,26.29,3.345
2025-08-15 11:00:00,L3,Day,Bracket B,119,6,0,30.5,1.748
2025-08-15 11:00:00,L4,Day,Bracket B,116,4,0,27.89,1.888
2025-08-15 12:00:00,L1,Day,Housing A,121,4,0,27.34,3.501
2025-08-15 12:00:00,L2,Day,Housing A,118,4,0,28.91,2.792
2025-08-15 12:00:00,L3,Day,Bracket B,121,7,0,31.78,1.915
2025-08-15 12:00:00,L4,Day,Bracket B,129,5,0,27.9,1.746
2025-08-15 13:00:00,L1,Day,Housing A,118,1,0,23.03,2.594
2025-08-15 13:00:00,L2,Day,Housing A,93,1,15,27.43,3.312
2025-08-15 13:00:00,L3,Day,Bracket B,30,1,45,29.83,2.789
2025-08-15 13:00:00,L4,Day,Bracket B,106,2,0,25.48,1.793
2025-08-15 14:00:00,L1,Evening,Housing A,110,2,0,26.61,2.112
2025-08-15 14:00:00,L2,Evening,Housing A,116,2,0,27.36,2.582
2025-08-15 14:00:00,L3,Evening,Bracket B,103,2,0,24.14,2.18
2025-08-15 14:00:00,L4,Evening,Bracket B,126,1,0,23.11,1.768
2025-08-15 15:00:00,L1,Evening,Housing A,117,2,0,24.11,1.684
2025-08-15 15:00:00,L2,Evening,Housing A,58,0,30,22.64,2.49
2025-08-15 15:00:00,L3,Evening,Bracket B,89,4,15,31.65,2.169
2025-08-15 15:00:00,L4,Evening,Bracket B,131,1,0,22.72,3.393
2025-08-15 16:00:00,L1,Evening,Housing A,134,3,0,25.89,3.101
2025-08-15 16:00:00,L2,Evening,Housing A,31,0,45,22.17,2.596
2025-08-15 16:00:00,L3,Evening,Bracket B,121,9,0,27.03,2.725
2025-08-15 16:00:00,L4,Evening,Bracket B,107,0,0,22.74,1.908
2025-08-15 17:00:00,L1,Evening,Housing A,117,4,0,22.45,1.869
2025-08-15 17:00:00,L2,Evening,Housing A,114,1,0,23.44,2.849
2025-08-15 17:00:00,L3,Evening,Bracket B,121,1,0,26.57,3.336
2025-08-15 17:00:00,L4,Evening,Bracket B,129,2,0,24.49,1.419
2025-08-15 18:00:00,L1,Evening,Housing A,114,5,0,26.16,1.818
2025-08-15 18:00:00,L2,Evening,Housing A,120,1,0,24.59,3.27
2025-08-15 18:00:00,L3,Evening,Bracket B,107,10,0,27.79,2.082
2025-08-15 18:00:00,L4,Evening,Bracket B,124,0,0,24.08,1.717
2025-08-15 19:00:00,L1,Evening,Housing A,113,4,0,25.77,2.797
2025-08-15 19:00:00,L2,Evening,Housing A,131,3,0,24.45,2.525
2025-08-15 19:00:00,L3,Evening,Bracket B,112,3,0,27.02,2.767
2025-08-15 19:00:00,L4,Evening,Bracket B,110,1,0,22.6,1.682
2025-08-15 20:00:00,L1,Evening,Housing A,119,2,0,25.91,2.836
2025-08-15 20:00:00,L2,Evening,Housing A,115,3,0,24.45,2.717
2025-08-15 20:00:00,L3,Evening,Bracket B,122,1,0,24.42,2.36
2025-08-15 20:00:00,L4,Evening,Bracket B,118,2,0,22.11,0.965
2025-08-15 21:00:00,L1,Evening,Housing A,119,2,0,22.08,1.584
2025-08-15 21:00:00,L2,Evening,Housing A,115,0,0,25.07,3.928
2025-08-15 21:00:00,L3,Evening,Bracket B,110,0,0,26.75,2.151
2025-08-15 21:00:00,L4,Evening,Bracket B,121,3,0,22.43,2.331
2025-08-15 22:00:00,L1,Night,Housing A,126,5,0,21.91,3.007
2025-08-15 22:00:00,L2,Night,Housing A,120,0,0,24.39,4.098
2025-08-15 22:00:00,L3,Night,Bracket B,125,3,0,30.97,2.105
2025-08-15 22:00:00,L4,Night,Bracket B,124,4,0,26.47,1.676
2025-08-15 23:00:00,L1,Night,Housing A,115,1,0,22.31,2.002
2025-08-15 23:00:00,L2,Night,Housing A,108,3,0,23.52,4.554
2025-08-15 23:00:00,L3,Night,Bracket B,126,6,0,27.46,2.376
2025-08-15 23:00:00,L4,Night,Bracket B,122,0,0,25.5,2.52
2025-08-16 00:00:00,L1,Night,Housing A,122,2,0,25.79,2.356
2025-08-16 00:00:00,L2,Night,Housing A,123,0,0,20.66,2.868
2025-08-16 00:00:00,L3,Night,Bracket B,116,3,0,27.35,1.434
2025-08-16 00:00:00,L4,Night,Bracket B,135,1,0,21.36,1.344
2025-08-16 01:00:00,L1,Night,Housing A,106,2,0,25.56,1.626
2025-08-16 01:00:00,L2,Night,Housing A,115,2,0,22.35,2.832
2025-08-16 01:00:00,L3,Night,Bracket B,121,4,0,27.77,2.313
2025-08-16 01:00:00,L4,Night,Bracket B,113,0,0,24.44,2.449
2025-08-16 02:00:00,L1,Night,Housing A,129,2,0,23.41,1.623
2025-08-16 02:00:00,L2,Night,Housing A,116,0,0,21.6,4.181
2025-08-16 02:00:00,L3,Night,Bracket B,132,2,0,26.03,2.614
2025-08-16 02:00:00,L4,Night,Bracket B,111,4,5,27.19,2.367
2025-08-16 03:00:00,L1,Night,Housing A,118,4,0,22.82,1.644
2025-08-16 03:00:00,L2,Night,Housing A,131,3,0,25.62,3.546
2025-08-16 03:00:00,L3,Night,Bracket B,109,3,0,27.82,1.684
2025-08-16 03:00:00,L4,Night,Bracket B,30,1,45,23.49,1.826
2025-08-16 04:00:00,L1,Night,Housing A,103,1,0,22.19,2.235
2025-08-16 04:00:00,L2,Night,Housing A,118,3,0,25.72,2.183
2025-08-16 04:00:00,L3,Night,Bracket B,119,4,0,23.61,1.842
2025-08-16 04:00:00,L4,Night,Bracket B,129,3,0,21.82,2.02
2025-08-16 05:00:00,L1,Night,Housing A,119,1,0,26.25,2.427
2025-08-16 05:00:00,L2,Night,Housing A,118,2,0,23.71,3.277
2025-08-16 05:00:00,L3,Night,Bracket B,113,7,0,28.46,3.129
2025-08-16 05:00:00,L4,Night,Bracket B,127,2,0,23.4,1.67
2025-08-16 06:00:00,L1,Day,Housing A,117,1,0,27.35,2.206
2025-08-16 06:00:00,L2,Day,Housing A,127,5,0,27.73,3.695
2025-08-16 06:00:00,L3,Day,Bracket B,127,3,0,28.99,1.781
2025-08-16 06:00:00,L4,Day,Bracket B,120,3,0,26.47,2.472
2025-08-16 07:00:00,L1,Day,Housing A,105,0,5,25.68,2.412
2025-08-16 07:00:00,L2,Day,Housing A,125,2,0,26.9,3.139
2025-08-16 07:00:00,L3,Day,Bracket B,128,8,0,31.78,2.633
2025-08-16 07:00:00,L4,Day,Bracket B,118,2,0,26.62,2.132
2025-08-16 08:00:00,L1,Day,Housing A,113,1,5,25.24,2.196
2025-08-16 08:00:00,L2,Day,Housing A,114,4,0,26.85,3.967
2025-08-16 08:00:00,L3,Day,Bracket B,128,8,0,30.45,2.515
2025-08-16 08:00:00,L4,Day,Bracket B,115,2,0,27.29,2.867
2025-08-16 09:00:00,L1,Day,Housing A,124,0,0,24.24,2.023
2025-08-16 09:00:00,L2,Day,Housing A,114,1,0,25.59,3.068
2025-08-16 09:00:00,L3,Day,Bracket B,122,4,0,30.02,1.7
2025-08-16 09:00:00,L4,Day,Bracket B,109,1,0,26.36,2.409
2025-08-16 10:00:00,L1,Day,Housing A,129,0,0,26.21,2.643
2025-08-16 10:00:00,L2,Day,Housing A,110,2,0,25.72,3.174
2025-08-16 10:00:00,L3,Day,Bracket B,119,8,0,30.1,2.179
2025-08-16 10:00:00,L4,Day,Bracket B,110,0,0,25.59,1.889
2025-08-16 11:00:00,L1,Day,Housing A,30,0,45,29.96,3.982
2025-08-16 11:00:00,L2,Day,Housing A,123,4,0,27.53,3.274
2025-08-16 11:00:00,L3,Day,Bracket B,113,4,0,29.97,2.607
2025-08-16 11:00:00,L4,Day,Bracket B,122,3,0,27.07,1.899
2025-08-16 12:00:00,L1,Day,Housing A,127,7,0,28.8,1.937
2025-08-16 12:00:00,L2,Day,Housing A,118,2,0,26.72,3.813
2025-08-16 12:00:00,L3,Day,Bracket B,108,2,5,30.82,2.594
2025-08-16 12:00:00,L4,Day,Bracket B,109,2,0,25.52,1.922
2025-08-16 13:00:00,L1,Day,Housing A,118,1,0,26.81,2.094
2025-08-16 13:00:00,L2,Day,Housing A,134,0,0,24.43,2.608
2025-08-16 13:00:00,L3,Day,Bracket B,116,5,0,29.32,2.863
2025-08-16 13:00:00,L4,Day,Bracket B,130,3,0,27.06,2.253
2025-08-16 14:00:00,L1,Evening,Housing A,126,1,0,24.62,1.633
2025-08-16 14:00:00,L2,Evening,Housing A,116,1,0,22.82,3.017
2025-08-16 14:00:00,L3,Evening,Bracket B,119,7,0,28.78,2.559
2025-08-16 14:00:00,L4,Evening,Bracket B,108,0,0,20.46,2.165
2025-08-16 15:00:00,L1,Evening,Housing A,112,1,0,23.56,1.279
2025-08-16 15:00:00,L2,Evening,Housing A,126,2,0,24.15,1.831
2025-08-16 15:00:00,L3,Evening,Bracket B,122,5,0,30.17,2.509
2025-08-16 15:00:00,L4,Evening,Bracket B,105,0,0,24.46,2.407
2025-08-16 16:00:00,L1,Evening,Housing A,119,1,0,24.74,2.249
2025-08-16 16:00:00,L2,Evening,Housing A,117,3,0,26.94,3.397
2025-08-16 16:00:00,L3,Evening,Bracket B,120,3,0,28.8,1.81
2025-08-16 16:00:00,L4,Evening,Bracket B,134,3,0,23.14,2.142
2025-08-16 17:00:00,L1,Evening,Housing A,119,3,0,23.78,2.246
2025-08-16 17:00:00,L2,Evening,Housing A,127,0,0,23.37,4.23
2025-08-16 17:00:00,L3,Evening,Bracket B,112,1,0,24.41,1.808
2025-08-16 17:00:00,L4,Evening,Bracket B,107,0,0,22.14,2.202
2025-08-16 18:00:00,L1,Evening,Housing A,124,3,0,25.19,1.811
2025-08-16 18:00:00,L2,Evening,Housing A,91,1,15,24.9,2.632
2025-08-16 18:00:00,L3,Evening,Bracket B,106,1,0,27.56,1.289
2025-08-16 18:00:00,L4,Evening,Bracket B,128,4,0,26.41,2.412
2025-08-16 19:00:00,L1,Evening,Housing A,118,4,0,21.44,2.141
2025-08-16 19:00:00,L2,Evening,Housing A,98,3,15,22.63,2.475
2025-08-16 19:00:00,L3,Evening,Bracket B,112,1,0,25.7,1.572
2025-08-16 19:00:00,L4,Evening,Bracket B,111,1,0,24.08,3.078
2025-08-16 20:00:00,L1,Evening,Housing A,118,2,0,23.44,2.188
2025-08-16 20:00:00,L2,Evening,Housing A,118,3,0,23.7,3.13
2025-08-16 20:00:00,L3,Evening,Bracket B,120,6,0,27.29,2.875
2025-08-16 20:00:00,L4,Evening,Bracket B,128,2,0,23.02,2.969
2025-08-16 21:00:00,L1,Evening,Housing A,113,1,0,27.63,2.857
2025-08-16 21:00:00,L2,Evening,Housing A,117,1,0,20.6,3.885
2025-08-16 21:00:00,L3,Evening,Bracket B,131,4,0,25.32,3.071
2025-08-16 21:00:00,L4,Evening,Bracket B,127,1,0,25.96,2.076
2025-08-16 22:00:00,L1,Night,Housing A,132,3,0,25.85,1.412
2025-08-16 22:00:00,L2,Night,Housing A,123,2,0,22.46,3.63
2025-08-16 22:00:00,L3,Night,Bracket B,122,5,0,28.31,1.339
2025-08-16 22:00:00,L4,Night,Bracket B,114,3,0,25.66,2.41
2025-08-16 23:00:00,L1,Night,Housing A,120,1,0,24.95,0.93
2025-08-16 23:00:00,L2,Night,Housing A,123,2,0,23.64,3.505
2025-08-16 23:00:00,L3,Night,Bracket B,111,3,0,27.66,2.294
2025-08-16 23:00:00,L4,Night,Bracket B,108,2,0,26.89,1.865
2025-08-17 00:00:00,L1,Night,Housing A,52,0,30,24.91,1.064
2025-08-17 00:00:00,L2,Night,Housing A,109,2,0,24.2,3.806
2025-08-17 00:00:00,L3,Night,Bracket B,117,5,0,27.88,2.381
2025-08-17 00:00:00,L4,Night,Bracket B,104,0,0,24.86,3.021
2025-08-17 01:00:00,L1,Night,Housing A,110,0,0,23.43,3.015
2025-08-17 01:00:00,L2,Night,Housing A,119,3,0,27.57,2.823
2025-08-17 01:00:00,L3,Night,Bracket B,119,4,0,27.28,2.649
2025-08-17 01:00:00,L4,Night,Bracket B,111,0,0,22.01,2.321
2025-08-17 02:00:00,L1,Night,Housing A,122,0,0,24.85,1.466
2025-08-17 02:00:00,L2,Night,Housing A,127,1,0,23.72,3.227
2025-08-17 02:00:00,L3,Night,Bracket B,123,2,0,27.03,2.481
2025-08-17 02:00:00,L4,Night,Bracket B,123,2,0,25.59,2.053
2025-08-17 03:00:00,L1,Night,Housing A,114,4,0,25.9,1.548
2025-08-17 03:00:00,L2,Night,Housing A,130,2,0,21.98,3.146
2025-08-17 03:00:00,L3,Night,Bracket B,120,2,0,31.54,1.722
2025-08-17 03:00:00,L4,Night,Bracket B,111,0,0,22.69,2.559
2025-08-17 04:00:00,L1,Night,Housing A,136,3,0,25.15,2.943
2025-08-17 04:00:00,L2,Night,Housing A,118,1,0,24.58,3.148
2025-08-17 04:00:00,L3,Night,Bracket B,120,0,0,25.06,2.631
2025-08-17 04:00:00,L4,Night,Bracket B,141,2,0,23.21,1.728
2025-08-17 05:00:00,L1,Night,Housing A,110,0,0,21.78,1.89
2025-08-17 05:00:00,L2,Night,Housing A,119,1,0,24.43,3.094
2025-08-17 05:00:00,L3,Night,Bracket B,114,1,0,26.27,1.636
2025-08-17 05:00:00,L4,Night,Bracket B,107,4,0,24.1,1.736
2025-08-17 06:00:00,L1,Day,Housing A,118,2,0,26.6,1.551
2025-08-17 06:00:00,L2,Day,Housing A,79,3,15,25.79,3.064
2025-08-17 06:00:00,L3,Day,Bracket B,127,8,0,32.01,1.664
2025-08-17 06:00:00,L4,Day,Bracket B,124,2,0,26.91,2.021
2025-08-17 07:00:00,L1,Day,Housing A,121,0,0,25.56,2.917
2025-08-17 07:00:00,L2,Day,Housing A,119,3,0,24.9,2.489
2025-08-17 07:00:00,L3,Day,Bracket B,125,4,0,30.12,3.089
2025-08-17 07:00:00,L4,Day,Bracket B,123,2,0,28.43,2.814
2025-08-17 08:00:00,L1,Day,Housing A,127,3,0,25.5,2.56
2025-08-17 08:00:00,L2,Day,Housing A,112,3,0,27.09,3.29
2025-08-17 08:00:00,L3,Day,Bracket B,116,10,0,30.18,2.567
2025-08-17 08:00:00,L4,Day,Bracket B,109,4,0,26.61,2.329
2025-08-17 09:00:00,L1,Day,Housing A,107,3,0,24.66,2.024
2025-08-17 09:00:00,L2,Day,Housing A,122,3,0,26.76,3.059
2025-08-17 09:00:00,L3,Day,Bracket B,132,2,0,28.58,2.528
2025-08-17 09:00:00,L4,Day,Bracket B,115,8,0,27.93,1.858
2025-08-17 10:00:00,L1,Day,Housing A,129,4,0,27.42,2.411
2025-08-17 10:00:00,L2,Day,Housing A,124,2,0,28.6,3.45
2025-08-17 10:00:00,L3,Day,Bracket B,132,3,0,28.51,2.456
2025-08-17 10:00:00,L4,Day,Bracket B,117,3,0,28.23,2.098
2025-08-17 11:00:00,L1,Day,Housing A,133,10,0,27.16,1.748
2025-08-17 11:00:00,L2,Day,Housing A,90,1,10,27.94,3.224
2025-08-17 11:00:00,L3,Day,Bracket B,116,3,0,31.68,3.122
2025-08-17 11:00:00,L4,Day,Bracket B,123,3,0,25.35,2.588
2025-08-17 12:00:00,L1,Day,Housing A,29,0,45,28.75,2.733
2025-08-17 12:00:00,L2,Day,Housing A,115,1,0,26.13,2.345
2025-08-17 12:00:00,L3,Day,Bracket B,29,3,45,33.43,2.852
2025-08-17 12:00:00,L4,Day,Bracket B,109,2,0,26.27,3.471
2025-08-17 13:00:00,L1,Day,Housing A,103,0,0,25.49,2.442
2025-08-17 13:00:00,L2,Day,Housing A,126,11,0,31.92,3.26
2025-08-17 13:00:00,L3,Day,Bracket B,114,5,0,31.46,1.637
2025-08-17 13:00:00,L4,Day,Bracket B,127,4,0,25.99,2.294
2025-08-17 14:00:00,L1,Evening,Housing A,58,2,30,25.31,3.41
2025-08-17 14:00:00,L2,Evening,Housing A,113,1,0,22.27,2.95
2025-08-17 14:00:00,L3,Evening,Bracket B,107,2,0,27.97,1.633
2025-08-17 14:00:00,L4,Evening,Bracket B,124,0,0,24.56,2.215
2025-08-17 15:00:00,L1,Evening,Housing A,118,2,0,25.79,2.42
2025-08-17 15:00:00,L2,Evening,Housing A,126,1,0,21.41,3.53
2025-08-17 15:00:00,L3,Evening,Bracket B,117,4,0,26.76,2.355
2025-08-17 15:00:00,L4,Evening,Bracket B,119,0,0,23.88,1.665
2025-08-17 16:00:00,L1,Evening,Housing A,128,3,0,24.64,2.11
2025-08-17 16:00:00,L2,Evening,Housing A,121,3,0,22.21,2.854
2025-08-17 16:00:00,L3,Evening,Bracket B,116,7,0,29.56,2.177
2025-08-17 16:00:00,L4,Evening,Bracket B,118,4,0,24.27,1.27
2025-08-17 17:00:00,L1,Evening,Housing A,119,0,0,23.37,1.521
2025-08-17 17:00:00,L2,Evening,Housing A,59,3,30,25.49,3.706
2025-08-17 17:00:00,L3,Evening,Bracket B,110,5,0,28.63,1.938
2025-08-17 17:00:00,L4,Evening,Bracket B,108,2,0,23.98,2.277
2025-08-17 18:00:00,L1,Evening,Housing A,117,2,0,19.89,2.65
2025-08-17 18:00:00,L2,Evening,Housing A,118,1,0,25.09,3.245
2025-08-17 18:00:00,L3,Evening,Bracket B,109,2,0,26.4,3.148
2025-08-17 18:00:00,L4,Evening,Bracket B,116,0,5,26.51,2.639
2025-08-17 19:00:00,L1,Evening,Housing A,110,3,0,24.0,2.488
2025-08-17 19:00:00,L2,Evening,Housing A,126,0,0,24.14,2.577
2025-08-17 19:00:00,L3,Evening,Bracket B,137,8,0,28.6,1.465
2025-08-17 19:00:00,L4,Evening,Bracket B,120,6,0,25.49,1.64
2025-08-17 20:00:00,L1,Evening,Housing A,107,2,0,24.25,2.483
2025-08-17 20:00:00,L2,Evening,Housing A,131,3,0,23.22,2.533
2025-08-17 20:00:00,L3,Evening,Bracket B,112,3,0,23.76,1.395
2025-08-17 20:00:00,L4,Evening,Bracket B,115,2,0,23.78,1.892
2025-08-17 21:00:00,L1,Evening,Housing A,122,2,0,23.56,2.009
2025-08-17 21:00:00,L2,Evening,Housing A,126,3,0,26.15,1.984
2025-08-17 21:00:00,L3,Evening,Bracket B,109,1,0,25.25,1.418
2025-08-17 21:00:00,L4,Evening,Bracket B,127,3,0,19.47,2.889
2025-08-17 22:00:00,L1,Night,Housing A,117,1,0,20.87,1.964
2025-08-17 22:00:00,L2,Night,Housing A,121,3,0,22.74,2.338
2025-08-17 22:00:00,L3,Night,Bracket B,128,4,0,27.77,2.168
2025-08-17 22:00:00,L4,Night,Bracket B,125,3,0,24.89,2.031
2025-08-17 23:00:00,L1,Night,Housing A,31,3,45,23.26,1.217
2025-08-17 23:00:00,L2,Night,Housing A,127,1,0,23.1,2.971
2025-08-17 23:00:00,L3,Night,Bracket B,114,9,0,31.06,2.408
2025-08-17 23:00:00,L4,Night,Bracket B,113,2,0,22.77,2.487
2025-08-18 00:00:00,L1,Night,Housing A,128,3,0,25.51,2.483
2025-08-18 00:00:00,L2,Night,Housing A,110,4,0,22.22,2.864
2025-08-18 00:00:00,L3,Night,Bracket B,125,9,0,29.03,2.52
2025-08-18 00:00:00,L4,Night,Bracket B,123,4,0,24.25,2.306
2025-08-18 01:00:00,L1,Night,Housing A,121,0,0,25.08,3.089
2025-08-18 01:00:00,L2,Night,Housing A,116,0,0,23.69,3.242
2025-08-18 01:00:00,L3,Night,Bracket B,116,1,0,25.08,3.118
2025-08-18 01:00:00,L4,Night,Bracket B,111,1,0,22.79,2.726
2025-08-18 02:00:00,L1,Night,Housing A,128,1,0,26.07,2.201
2025-08-18 02:00:00,L2,Night,Housing A,121,1,0,23.22,3.102
2025-08-18 02:00:00,L3,Night,Bracket B,114,3,0,24.67,2.239
2025-08-18 02:00:00,L4,Night,Bracket B,122,0,0,26.83,2.12
2025-08-18 03:00:00,L1,Night,Housing A,120,1,0,22.38,1.846
2025-08-18 03:00:00,L2,Night,Housing A,109,1,0,21.3,3.287
2025-08-18 03:00:00,L3,Night,Bracket B,127,3,0,26.72,2.306
2025-08-18 03:00:00,L4,Night,Bracket B,108,3,0,25.41,1.74
2025-08-18 04:00:00,L1,Night,Housing A,128,0,0,22.64,1.955
2025-08-18 04:00:00,L2,Night,Housing A,133,1,0,23.74,3.028
2025-08-18 04:00:00,L3,Night,Bracket B,144,9,0,29.75,2.126
2025-08-18 04:00:00,L4,Night,Bracket B,118,1,0,22.53,2.706
2025-08-18 05:00:00,L1,Night,Housing A,110,0,0,23.99,2.418
2025-08-18 05:00:00,L2,Night,Housing A,118,2,0,21.65,2.728
2025-08-18 05:00:00,L3,Night,Bracket B,130,1,0,26.02,2.194
2025-08-18 05:00:00,L4,Night,Bracket B,133,1,0,22.78,1.805
2025-08-18 06:00:00,L1,Day,Housing A,98,3,5,24.48,2.195
2025-08-18 06:00:00,L2,Day,Housing A,121,3,0,24.76,2.962
2025-08-18 06:00:00,L3,Day,Bracket B,121,3,0,28.74,1.902
2025-08-18 06:00:00,L4,Day,Bracket B,132,5,0,26.16,2.087
2025-08-18 07:00:00,L1,Day,Housing A,105,4,0,28.1,1.335
2025-08-18 07:00:00,L2,Day,Housing A,119,3,0,24.34,4.064
2025-08-18 07:00:00,L3,Day,Bracket B,114,1,0,28.0,1.044
2025-08-18 07:00:00,L4,Day,Bracket B,113,4,0,27.49,1.506
2025-08-18 08:00:00,L1,Day,Housing A,117,2,0,28.03,2.855
2025-08-18 08:00:00,L2,Day,Housing A,115,6,0,30.67,3.026
2025-08-18 08:00:00,L3,Day,Bracket B,114,10,0,31.24,2.221
2025-08-18 08:00:00,L4,Day,Bracket B,120,1,0,27.47,2.536
2025-08-18 09:00:00,L1,Day,Housing A,128,2,0,25.65,2.775
2025-08-18 09:00:00,L2,Day,Housing A,121,4,0,26.25,3.505
2025-08-18 09:00:00,L3,Day,Bracket B,126,8,0,30.62,2.345
2025-08-18 09:00:00,L4,Day,Bracket B,95,2,0,26.62,2.108
2025-08-18 10:00:00,L1,Day,Housing A,28,1,45,25.51,2.178
2025-08-18 10:00:00,L2,Day,Housing A,117,7,0,30.03,3.112
2025-08-18 10:00:00,L3,Day,Bracket B,27,1,45,29.54,2.385
2025-08-18 10:00:00,L4,Day,Bracket B,128,3,0,26.75,2.141
2025-08-18 11:00:00,L1,Day,Housing A,125,2,0,26.85,1.35
2025-08-18 11:00:00,L2,Day,Housing A,117,8,0,28.65,3.774
2025-08-18 11:00:00,L3,Day,Bracket B,115,3,0,28.81,2.332
2025-08-18 11:00:00,L4,Day,Bracket B,130,3,0,25.73,2.205
2025-08-18 12:00:00,L1,Day,Housing A,101,1,0,24.74,2.754
2025-08-18 12:00:00,L2,Day,Housing A,53,0,30,26.77,2.884
2025-08-18 12:00:00,L3,Day,Bracket B,111,3,5,29.28,2.199
2025-08-18 12:00:00,L4,Day,Bracket B,118,7,0,29.15,2.605
2025-08-18 13:00:00,L1,Day,Housing A,121,1,0,26.22,2.06
2025-08-18 13:00:00,L2,Day,Housing A,112,2,0,26.17,3.356
2025-08-18 13:00:00,L3,Day,Bracket B,138,5,0,29.58,1.779
2025-08-18 13:00:00,L4,Day,Bracket B,122,4,0,24.52,2.801
2025-08-18 14:00:00,L1,Evening,Housing A,117,2,0,23.1,1.831
2025-08-18 14:00:00,L2,Evening,Housing A,127,1,0,24.15,2.437
2025-08-18 14:00:00,L3,Evening,Bracket B,119,3,0,29.79,2.095
2025-08-18 14:00:00,L4,Evening,Bracket B,112,1,0,24.59,2.502
2025-08-18 15:00:00,L1,Evening,Housing A,111,2,0,26.28,2.564
2025-08-18 15:00:00,L2,Evening,Housing A,130,1,0,26.96,3.258
2025-08-18 15:00:00,L3,Evening,Bracket B,32,0,45,29.11,1.9
2025-08-18 15:00:00,L4,Evening,Bracket B,118,2,0,28.66,2.687
2025-08-18 16:00:00,L1,Evening,Housing A,122,1,0,24.29,1.712
2025-08-18 16:00:00,L2,Evening,Housing A,137,1,0,24.29,2.397
2025-08-18 16:00:00,L3,Evening,Bracket B,114,2,0,25.31,2.225
2025-08-18 16:00:00,L4,Evening,Bracket B,126,1,0,24.1,2.768
2025-08-18 17:00:00,L1,Evening,Housing A,110,1,0,22.46,2.297
2025-08-18 17:00:00,L2,Evening,Housing A,115,4,0,24.5,3.235
2025-08-18 17:00:00,L3,Evening,Bracket B,123,3,0,26.19,3.104
2025-08-18 17:00:00,L4,Evening,Bracket B,117,2,0,24.63,2.045
2025-08-18 18:00:00,L1,Evening,Housing A,126,2,0,22.86,2.511
2025-08-18 18:00:00,L2,Evening,Housing A,31,1,45,23.68,3.054
2025-08-18 18:00:00,L3,Evening,Bracket B,105,5,0,28.64,1.958
2025-08-18 18:00:00,L4,Evening,Bracket B,123,3,0,24.46,2.992
2025-08-18 19:00:00,L1,Evening,Housing A,128,1,0,24.52,2.049
2025-08-18 19:00:00,L2,Evening,Housing A,115,0,0,24.6,2.229
2025-08-18 19:00:00,L3,Evening,Bracket B,126,4,0,28.8,1.78
2025-08-18 19:00:00,L4,Evening,Bracket B,131,1,0,19.6,1.204
2025-08-18 20:00:00,L1,Evening,Housing A,108,0,0,23.96,2.443
2025-08-18 20:00:00,L2,Evening,Housing A,117,1,0,25.17,3.283
2025-08-18 20:00:00,L3,Evening,Bracket B,122,4,0,23.85,1.723
2025-08-18 20:00:00,L4,Evening,Bracket B,117,2,0,22.99,1.725
2025-08-18 21:00:00,L1,Evening,Housing A,113,2,0,24.24,2.092
2025-08-18 21:00:00,L2,Evening,Housing A,100,1,0,20.73,2.947
2025-08-18 21:00:00,L3,Evening,Bracket B,119,1,0,25.35,2.888
2025-08-18 21:00:00,L4,Evening,Bracket B,30,0,45,23.52,2.347
2025-08-18 22:00:00,L1,Night,Housing A,118,2,0,26.87,2.963
2025-08-18 22:00:00,L2,Night,Housing A,120,1,0,23.32,2.542
2025-08-18 22:00:00,L3,Night,Bracket B,121,4,0,29.71,1.975
2025-08-18 22:00:00,L4,Night,Bracket B,122,1,0,23.94,2.297
2025-08-18 23:00:00,L1,Night,Housing A,122,2,0,23.97,2.159
2025-08-18 23:00:00,L2,Night,Housing A,119,1,0,24.85,3.554
2025-08-18 23:00:00,L3,Night,Bracket B,126,4,0,27.53,2.893
2025-08-18 23:00:00,L4,Night,Bracket B,27,0,45,25.25,2.706
2025-08-19 00:00:00,L1,Night,Housing A,123,0,0,23.17,2.79
2025-08-19 00:00:00,L2,Night,Housing A,122,0,0,25.04,1.944
2025-08-19 00:00:00,L3,Night,Bracket B,112,3,0,25.96,2.124
2025-08-19 00:00:00,L4,Night,Bracket B,123,3,0,23.19,2.211
2025-08-19 01:00:00,L1,Night,Housing A,120,0,0,25.63,2.956
2025-08-19 01:00:00,L2,Night,Housing A,125,0,0,25.4,2.264
2025-08-19 01:00:00,L3,Night,Bracket B,117,3,0,26.32,1.574
2025-08-19 01:00:00,L4,Night,Bracket B,26,0,45,23.14,2.476
2025-08-19 02:00:00,L1,Night,Housing A,101,1,0,25.74,2.166
2025-08-19 02:00:00,L2,Night,Housing A,111,2,0,26.18,2.565
2025-08-19 02:00:00,L3,Night,Bracket B,114,0,0,28.2,2.078
2025-08-19 02:00:00,L4,Night,Bracket B,119,1,0,23.98,3.0
2025-08-19 03:00:00,L1,Night,Housing A,115,0,0,26.22,2.462
2025-08-19 03:00:00,L2,Night,Housing A,135,1,0,20.66,2.866
2025-08-19 03:00:00,L3,Night,Bracket B,130,3,0,29.82,2.137
2025-08-19 03:00:00,L4,Night,Bracket B,123,1,0,24.97,2.202
2025-08-19 04:00:00,L1,Night,Housing A,103,0,0,23.32,2.412
2025-08-19 04:00:00,L2,Night,Housing A,114,1,0,22.74,2.433
2025-08-19 04:00:00,L3,Night,Bracket B,120,4,0,28.22,2.399
2025-08-19 04:00:00,L4,Night,Bracket B,92,2,15,24.61,2.006
2025-08-19 05:00:00,L1,Night,Housing A,108,2,5,19.86,1.195
2025-08-19 05:00:00,L2,Night,Housing A,117,2,0,25.12,3.387
2025-08-19 05:00:00,L3,Night,Bracket B,120,1,0,27.11,1.112
2025-08-19 05:00:00,L4,Night,Bracket B,119,2,0,22.41,1.643
2025-08-19 06:00:00,L1,Day,Housing A,135,2,0,25.6,2.195
2025-08-19 06:00:00,L2,Day,Housing A,100,2,5,24.76,2.706
2025-08-19 06:00:00,L3,Day,Bracket B,115,5,0,30.42,3.418
2025-08-19 06:00:00,L4,Day,Bracket B,121,3,0,25.35,2.002
2025-08-19 07:00:00,L1,Day,Housing A,131,6,0,29.28,2.425
2025-08-19 07:00:00,L2,Day,Housing A,129,7,0,27.01,2.928
2025-08-19 07:00:00,L3,Day,Bracket B,129,10,0,30.69,1.924
2025-08-19 07:00:00,L4,Day,Bracket B,124,1,0,23.71,2.4
2025-08-19 08:00:00,L1,Day,Housing A,108,6,0,29.38,2.786
2025-08-19 08:00:00,L2,Day,Housing A,107,5,0,26.28,3.333
2025-08-19 08:00:00,L3,Day,Bracket B,125,7,0,29.38,3.514
2025-08-19 08:00:00,L4,Day,Bracket B,123,1,0,25.7,1.935
2025-08-19 09:00:00,L1,Day,Housing A,113,1,0,25.78,1.314
2025-08-19 09:00:00,L2,Day,Housing A,109,1,0,24.88,2.798
2025-08-19 09:00:00,L3,Day,Bracket B,101,3,0,29.11,2.962
2025-08-19 09:00:00,L4,Day,Bracket B,111,2,0,27.59,1.44
2025-08-19 10:00:00,L1,Day,Housing A,117,7,0,29.24,2.721
2025-08-19 10:00:00,L2,Day,Housing A,124,3,0,25.46,2.893
2025-08-19 10:00:00,L3,Day,Bracket B,124,9,0,31.23,2.071
2025-08-19 10:00:00,L4,Day,Bracket B,122,2,0,28.01,2.438
2025-08-19 11:00:00,L1,Day,Housing A,98,5,0,29.24,1.584
2025-08-19 11:00:00,L2,Day,Housing A,132,2,0,25.52,3.525
2025-08-19 11:00:00,L3,Day,Bracket B,118,8,0,33.09,1.689
2025-08-19 11:00:00,L4,Day,Bracket B,117,5,0,28.77,2.226
2025-08-19 12:00:00,L1,Day,Housing A,111,3,0,26.81,1.965
2025-08-19 12:00:00,L2,Day,Housing A,127,1,0,25.3,3.44
2025-08-19 12:00:00,L3,Day,Bracket B,126,2,0,30.97,2.94
2025-08-19 12:00:00,L4,Day,Bracket B,118,2,0,26.9,1.458
2025-08-19 13:00:00,L1,Day,Housing A,130,2,0,24.89,1.709
2025-08-19 13:00:00,L2,Day,Housing A,119,0,0,26.73,3.125
2025-08-19 13:00:00,L3,Day,Bracket B,137,9,0,30.03,2.428
2025-08-19 13:00:00,L4,Day,Bracket B,122,4,0,28.31,1.718
2025-08-19 14:00:00,L1,Evening,Housing A,123,4,0,24.49,2.126
2025-08-19 14:00:00,L2,Evening,Housing A,107,2,0,23.09,3.614
2025-08-19 14:00:00,L3,Evening,Bracket B,124,7,0,28.56,1.817
2025-08-19 14:00:00,L4,Evening,Bracket B,113,1,0,20.68,1.558
2025-08-19 15:00:00,L1,Evening,Housing A,116,4,0,26.03,2.539
2025-08-19 15:00:00,L2,Evening,Housing A,114,3,0,22.18,3.756
2025-08-19 15:00:00,L3,Evening,Bracket B,118,1,0,26.15,2.433
2025-08-19 15:00:00,L4,Evening,Bracket B,127,2,0,25.3,2.429
2025-08-19 16:00:00,L1,Evening,Housing A,127,0,0,22.3,2.182
2025-08-19 16:00:00,L2,Evening,Housing A,94,1,10,24.67,2.792
2025-08-19 16:00:00,L3,Evening,Bracket B,136,1,0,27.7,2.084
2025-08-19 16:00:00,L4,Evening,Bracket B,118,1,0,24.75,2.899
2025-08-19 17:00:00,L1,Evening,Housing A,129,5,0,24.94,1.752
2025-08-19 17:00:00,L2,Evening,Housing A,116,1,0,21.62,2.722
2025-08-19 17:00:00,L3,Evening,Bracket B,130,3,0,26.87,1.307
2025-08-19 17:00:00,L4,Evening,Bracket B,130,4,0,25.56,2.967
2025-08-19 18:00:00,L1,Evening,Housing A,121,2,0,25.13,1.743
2025-08-19 18:00:00,L2,Evening,Housing A,123,0,0,21.33,3.497
2025-08-19 18:00:00,L3,Evening,Bracket B,117,6,0,28.5,2.401
2025-08-19 18:00:00,L4,Evening,Bracket B,110,4,0,26.79,2.607
2025-08-19 19:00:00,L1,Evening,Housing A,128,2,0,21.71,2.315
2025-08-19 19:00:00,L2,Evening,Housing A,120,3,0,23.98,3.9
2025-08-19 19:00:00,L3,Evening,Bracket B,117,3,0,28.92,3.1
2025-08-19 19:00:00,L4,Evening,Bracket B,108,2,0,23.65,3.132
2025-08-19 20:00:00,L1,Evening,Housing A,115,0,0,26.36,1.635
2025-08-19 20:00:00,L2,Evening,Housing A,124,4,0,21.74,2.558
2025-08-19 20:00:00,L3,Evening,Bracket B,121,3,0,25.71,2.488
2025-08-19 20:00:00,L4,Evening,Bracket B,116,3,0,23.45,3.133
2025-08-19 21:00:00,L1,Evening,Housing A,122,3,0,25.74,1.874
2025-08-19 21:00:00,L2,Evening,Housing A,116,1,0,23.22,2.63
2025-08-19 21:00:00,L3,Evening,Bracket B,118,5,0,29.63,1.648
2025-08-19 21:00:00,L4,Evening,Bracket B,123,1,0,21.66,2.036
2025-08-19 22:00:00,L1,Night,Housing A,118,3,0,25.34,2.231
2025-08-19 22:00:00,L2,Night,Housing A,114,1,0,23.73,3.446
2025-08-19 22:00:00,L3,Night,Bracket B,130,1,0,22.79,2.743
2025-08-19 22:00:00,L4,Night,Bracket B,119,1,0,22.0,1.975
2025-08-19 23:00:00,L1,Night,Housing A,96,1,10,23.87,1.582
2025-08-19 23:00:00,L2,Night,Housing A,106,1,0,22.64,3.352
2025-08-19 23:00:00,L3,Night,Bracket B,126,1,0,26.01,1.51
2025-08-19 23:00:00,L4,Night,Bracket B,111,2,0,25.09,1.887
2025-08-20 00:00:00,L1,Night,Housing A,115,1,0,23.52,2.095
2025-08-20 00:00:00,L2,Night,Housing A,127,1,0,22.22,2.85
2025-08-20 00:00:00,L3,Night,Bracket B,115,3,0,26.58,3.001
2025-08-20 00:00:00,L4,Night,Bracket B,123,3,0,22.85,1.688
2025-08-20 01:00:00,L1,Night,Housing A,129,2,0,23.42,2.537
2025-08-20 01:00:00,L2,Night,Housing A,114,1,0,22.25,2.72
2025-08-20 01:00:00,L3,Night,Bracket B,117,7,0,29.25,1.688
2025-08-20 01:00:00,L4,Night,Bracket B,54,0,30,22.65,1.753
2025-08-20 02:00:00,L1,Night,Housing A,132,2,0,25.51,1.79
2025-08-20 02:00:00,L2,Night,Housing A,117,3,0,23.6,3.935
2025-08-20 02:00:00,L3,Night,Bracket B,122,1,0,26.82,2.421
2025-08-20 02:00:00,L4,Night,Bracket B,125,1,0,24.58,2.025
2025-08-20 03:00:00,L1,Night,Housing A,85,3,15,23.53,1.894
2025-08-20 03:00:00,L2,Night,Housing A,131,3,0,24.45,2.452
2025-08-20 03:00:00,L3,Night,Bracket B,117,5,0,29.5,2.535
2025-08-20 03:00:00,L4,Night,Bracket B,111,0,0,22.37,2.43
2025-08-20 04:00:00,L1,Night,Housing A,125,1,0,24.61,1.858
2025-08-20 04:00:00,L2,Night,Housing A,124,3,0,20.29,2.99
2025-08-20 04:00:00,L3,Night,Bracket B,118,7,0,29.89,2.623
2025-08-20 04:00:00,L4,Night,Bracket B,127,0,0,23.4,1.324
2025-08-20 05:00:00,L1,Night,Housing A,121,1,0,21.94,1.219
2025-08-20 05:00:00,L2,Night,Housing A,115,2,0,24.29,2.637
2025-08-20 05:00:00,L3,Night,Bracket B,126,2,0,27.85,1.424
2025-08-20 05:00:00,L4,Night,Bracket B,123,3,0,25.32,2.23
2025-08-20 06:00:00,L1,Day,Housing A,124,2,0,26.16,2.527
2025-08-20 06:00:00,L2,Day,Housing A,117,1,0,26.37,2.862
2025-08-20 06:00:00,L3,Day,Bracket B,120,7,0,29.88,1.471
2025-08-20 06:00:00,L4,Day,Bracket B,116,3,0,26.78,1.934
2025-08-20 07:00:00,L1,Day,Housing A,111,2,0,27.2,2.296
2025-08-20 07:00:00,L2,Day,Housing A,122,1,0,27.48,3.42
2025-08-20 07:00:00,L3,Day,Bracket B,120,11,0,32.32,2.118
2025-08-20 07:00:00,L4,Day,Bracket B,126,1,0,26.43,2.108
2025-08-20 08:00:00,L1,Day,Housing A,131,4,0,28.53,2.513
2025-08-20 08:00:00,L2,Day,Housing A,112,5,0,27.24,3.569
2025-08-20 08:00:00,L3,Day,Bracket B,119,6,0,30.9,1.202
2025-08-20 08:00:00,L4,Day,Bracket B,116,5,0,29.0,2.097
2025-08-20 09:00:00,L1,Day,Housing A,115,2,0,27.08,1.736
2025-08-20 09:00:00,L2,Day,Housing A,123,2,0,25.27,3.15
2025-08-20 09:00:00,L3,Day,Bracket B,113,9,0,31.73,2.346
2025-08-20 09:00:00,L4,Day,Bracket B,61,0,30,26.58,1.413
2025-08-20 10:00:00,L1,Day,Housing A,126,2,0,26.35,1.837
2025-08-20 10:00:00,L2,Day,Housing A,124,5,0,26.05,2.587
2025-08-20 10:00:00,L3,Day,Bracket B,114,5,0,29.08,2.63
2025-08-20 10:00:00,L4,Day,Bracket B,125,2,0,27.91,2.366
2025-08-20 11:00:00,L1,Day,Housing A,125,4,0,28.49,2.66
2025-08-20 11:00:00,L2,Day,Housing A,110,4,0,25.96,3.459
2025-08-20 11:00:00,L3,Day,Bracket B,123,5,0,30.94,1.471
2025-08-20 11:00:00,L4,Day,Bracket B,127,3,0,26.66,1.566
2025-08-20 12:00:00,L1,Day,Housing A,88,2,15,26.55,2.3
2025-08-20 12:00:00,L2,Day,Housing A,116,1,0,25.45,3.812
2025-08-20 12:00:00,L3,Day,Bracket B,118,2,0,28.82,1.873
2025-08-20 12:00:00,L4,Day,Bracket B,109,7,0,29.49,2.681
2025-08-20 13:00:00,L1,Day,Housing A,120,2,0,25.23,1.755
2025-08-20 13:00:00,L2,Day,Housing A,117,7,0,27.3,2.824
2025-08-20 13:00:00,L3,Day,Bracket B,119,3,0,27.65,2.572
2025-08-20 13:00:00,L4,Day,Bracket B,124,5,0,27.55,2.223
2025-08-20 14:00:00,L1,Evening,Housing A,112,0,0,22.95,1.857
2025-08-20 14:00:00,L2,Evening,Housing A,132,3,0,20.99,3.292
2025-08-20 14:00:00,L3,Evening,Bracket B,136,7,0,29.57,2.489
2025-08-20 14:00:00,L4,Evening,Bracket B,60,0,30,24.44,1.771
2025-08-20 15:00:00,L1,Evening,Housing A,115,1,0,26.44,2.581
2025-08-20 15:00:00,L2,Evening,Housing A,117,0,0,24.51,2.517
2025-08-20 15:00:00,L3,Evening,Bracket B,115,1,0,25.73,2.612
2025-08-20 15:00:00,L4,Evening,Bracket B,119,1,0,25.78,2.937
2025-08-20 16:00:00,L1,Evening,Housing A,112,1,0,25.57,1.877
2025-08-20 16:00:00,L2,Evening,Housing A,110,3,0,21.76,3.275
2025-08-20 16:00:00,L3,Evening,Bracket B,111,2,0,28.5,1.922
2025-08-20 16:00:00,L4,Evening,Bracket B,113,2,0,23.24,2.461
2025-08-20 17:00:00,L1,Evening,Housing A,117,0,0,26.17,3.077
2025-08-20 17:00:00,L2,Evening,Housing A,30,0,45,22.66,3.325
2025-08-20 17:00:00,L3,Evening,Bracket B,126,3,0,28.06,2.335
2025-08-20 17:00:00,L4,Evening,Bracket B,115,2,0,21.79,2.977
2025-08-20 18:00:00,L1,Evening,Housing A,130,3,0,24.96,2.41
2025-08-20 18:00:00,L2,Evening,Housing A,123,3,0,25.91,3.337
2025-08-20 18:00:00,L3,Evening,Bracket B,117,2,0,24.16,1.649
2025-08-20 18:00:00,L4,Evening,Bracket B,109,0,0,22.97,1.703
2025-08-20 19:00:00,L1,Evening,Housing A,110,2,0,23.8,2.367
2025-08-20 19:00:00,L2,Evening,Housing A,113,0,0,25.08,3.866
2025-08-20 19:00:00,L3,Evening,Bracket B,113,5,0,27.97,2.777
2025-08-20 19:00:00,L4,Evening,Bracket B,120,1,0,22.85,2.12
2025-08-20 20:00:00,L1,Evening,Housing A,121,0,0,21.39,1.976
2025-08-20 20:00:00,L2,Evening,Housing A,130,3,0,25.98,3.316
2025-08-20 20:00:00,L3,Evening,Bracket B,135,3,0,29.67,2.474
2025-08-20 20:00:00,L4,Evening,Bracket B,123,1,0,24.03,2.858
2025-08-20 21:00:00,L1,Evening,Housing A,111,4,0,24.63,2.375
2025-08-20 21:00:00,L2,Evening,Housing A,128,2,0,24.2,2.85
2025-08-20 21:00:00,L3,Evening,Bracket B,115,5,0,26.37,2.455
2025-08-20 21:00:00,L4,Evening,Bracket B,116,0,0,21.78,2.37
2025-08-20 22:00:00,L1,Night,Housing A,138,1,0,24.02,2.43
2025-08-20 22:00:00,L2,Night,Housing A,117,3,0,28.55,3.877
2025-08-20 22:00:00,L3,Night,Bracket B,114,4,0,30.2,2.48
2025-08-20 22:00:00,L4,Night,Bracket B,120,2,0,22.2,2.347
2025-08-20 23:00:00,L1,Night,Housing A,29,0,45,22.39,2.757
2025-08-20 23:00:00,L2,Night,Housing A,119,1,0,23.75,3.297
2025-08-20 23:00:00,L3,Night,Bracket B,122,1,0,25.97,2.68
2025-08-20 23:00:00,L4,Night,Bracket B,126,0,0,22.23,2.047
2025-08-21 00:00:00,L1,Night,Housing A,122,2,0,25.21,2.204
2025-08-21 00:00:00,L2,Night,Housing A,122,5,0,24.84,3.03
2025-08-21 00:00:00,L3,Night,Bracket B,110,3,0,27.9,1.632
2025-08-21 00:00:00,L4,Night,Bracket B,110,0,0,24.13,2.929
2025-08-21 01:00:00,L1,Night,Housing A,112,0,0,25.1,2.257
2025-08-21 01:00:00,L2,Night,Housing A,117,3,0,21.9,2.737
2025-08-21 01:00:00,L3,Night,Bracket B,124,5,0,27.07,2.951
2025-08-21 01:00:00,L4,Night,Bracket B,117,1,0,22.46,2.831
2025-08-21 02:00:00,L1,Night,Housing A,116,1,0,23.16,2.722
2025-08-21 02:00:00,L2,Night,Housing A,118,0,0,23.99,3.226
2025-08-21 02:00:00,L3,Night,Bracket B,106,2,0,26.34,2.103
2025-08-21 02:00:00,L4,Night,Bracket B,136,1,0,23.27,2.987
2025-08-21 03:00:00,L1,Night,Housing A,118,0,0,20.57,2.143
2025-08-21 03:00:00,L2,Night,Housing A,121,2,0,22.95,2.651
2025-08-21 03:00:00,L3,Night,Bracket B,123,3,0,28.28,2.613
2025-08-21 03:00:00,L4,Night,Bracket B,119,1,0,24.59,2.045
2025-08-21 04:00:00,L1,Night,Housing A,113,3,0,26.63,2.243
2025-08-21 04:00:00,L2,Night,Housing A,98,1,15,25.71,2.942
2025-08-21 04:00:00,L3,Night,Bracket B,134,0,0,24.04,2.319
2025-08-21 04:00:00,L4,Night,Bracket B,113,1,0,25.12,0.977
2025-08-21 05:00:00,L1,Night,Housing A,116,1,0,24.06,1.442
2025-08-21 05:00:00,L2,Night,Housing A,113,2,0,24.24,2.847
2025-08-21 05:00:00,L3,Night,Bracket B,126,1,0,25.38,2.193
2025-08-21 05:00:00,L4,Night,Bracket B,124,3,0,25.76,2.311
2025-08-21 06:00:00,L1,Day,Housing A,118,0,0,26.73,2.405
2025-08-21 06:00:00,L2,Day,Housing A,127,3,0,27.64,3.148
2025-08-21 06:00:00,L3,Day,Bracket B,119,4,0,29.91,2.208
2025-08-21 06:00:00,L4,Day,Bracket B,126,0,0,24.53,1.58
2025-08-21 07:00:00,L1,Day,Housing A,117,3,0,26.75,1.568
2025-08-21 07:00:00,L2,Day,Housing A,122,8,0,28.02,2.858
2025-08-21 07:00:00,L3,Day,Bracket B,106,3,0,30.69,2.671
2025-08-21 07:00:00,L4,Day,Bracket B,115,5,0,32.13,1.99
2025-08-21 08:00:00,L1,Day,Housing A,129,4,0,28.95,2.426
2025-08-21 08:00:00,L2,Day,Housing A,108,1,0,26.3,4.196
2025-08-21 08:00:00,L3,Day,Bracket B,30,3,45,30.68,1.705
2025-08-21 08:00:00,L4,Day,Bracket B,125,5,0,25.93,2.25
2025-08-21 09:00:00,L1,Day,Housing A,114,3,0,26.09,2.073
2025-08-21 09:00:00,L2,Day,Housing A,120,7,0,29.45,3.95
2025-08-21 09:00:00,L3,Day,Bracket B,92,2,10,26.86,2.49
2025-08-21 09:00:00,L4,Day,Bracket B,114,6,0,28.93,0.628
2025-08-21 10:00:00,L1,Day,Housing A,119,1,0,25.85,2.345
2025-08-21 10:00:00,L2,Day,Housing A,109,3,0,27.76,2.769
2025-08-21 10:00:00,L3,Day,Bracket B,122,3,0,29.7,1.105
2025-08-21 10:00:00,L4,Day,Bracket B,114,2,0,26.54,1.643
2025-08-21 11:00:00,L1,Day,Housing A,110,4,0,28.42,1.885
2025-08-21 11:00:00,L2,Day,Housing A,126,0,0,25.24,2.492
2025-08-21 11:00:00,L3,Day,Bracket B,114,3,0,29.39,3.049
2025-08-21 11:00:00,L4,Day,Bracket B,111,5,0,27.66,2.482
2025-08-21 12:00:00,L1,Day,Housing A,131,2,0,27.41,2.679
2025-08-21 12:00:00,L2,Day,Housing A,125,6,0,29.08,2.891
2025-08-21 12:00:00,L3,Day,Bracket B,108,4,0,30.13,2.221
2025-08-21 12:00:00,L4,Day,Bracket B,109,2,0,26.54,1.573
2025-08-21 13:00:00,L1,Day,Housing A,125,0,0,24.04,1.71
2025-08-21 13:00:00,L2,Day,Housing A,129,2,0,25.55,2.883
2025-08-21 13:00:00,L3,Day,Bracket B,56,1,30,30.35,2.007
2025-08-21 13:00:00,L4,Day,Bracket B,112,4,0,26.35,2.007
2025-08-21 14:00:00,L1,Evening,Housing A,119,2,0,20.57,1.357
2025-08-21 14:00:00,L2,Evening,Housing A,122,1,0,26.0,3.498
2025-08-21 14:00:00,L3,Evening,Bracket B,105,0,0,28.7,1.592
2025-08-21 14:00:00,L4,Evening,Bracket B,100,0,10,22.83,1.719
2025-08-21 15:00:00,L1,Evening,Housing A,120,1,0,23.37,1.358
2025-08-21 15:00:00,L2,Evening,Housing A,128,2,0,23.15,3.4
2025-08-21 15:00:00,L3,Evening,Bracket B,115,4,0,27.93,2.483
2025-08-21 15:00:00,L4,Evening,Bracket B,106,0,10,21.58,2.593
2025-08-21 16:00:00,L1,Evening,Housing A,113,1,0,26.99,3.254
2025-08-21 16:00:00,L2,Evening,Housing A,111,3,0,25.22,3.138
2025-08-21 16:00:00,L3,Evening,Bracket B,124,2,0,27.06,1.706
2025-08-21 16:00:00,L4,Evening,Bracket B,127,1,0,22.66,2.485
2025-08-21 17:00:00,L1,Evening,Housing A,112,0,0,25.15,2.894
2025-08-21 17:00:00,L2,Evening,Housing A,113,2,0,24.9,3.633
2025-08-21 17:00:00,L3,Evening,Bracket B,111,2,0,25.25,1.456
2025-08-21 17:00:00,L4,Evening,Bracket B,114,1,0,25.95,2.139
2025-08-21 18:00:00,L1,Evening,Housing A,109,2,0,25.75,2.607
2025-08-21 18:00:00,L2,Evening,Housing A,120,3,0,24.53,3.483
2025-08-21 18:00:00,L3,Evening,Bracket B,114,2,0,26.98,2.469
2025-08-21 18:00:00,L4,Evening,Bracket B,116,0,0,23.76,2.185
2025-08-21 19:00:00,L1,Evening,Housing A,117,0,0,24.09,1.826
2025-08-21 19:00:00,L2,Evening,Housing A,114,2,0,25.65,3.066
2025-08-21 19:00:00,L3,Evening,Bracket B,123,2,0,23.66,1.908
2025-08-21 19:00:00,L4,Evening,Bracket B,119,2,0,22.75,2.455
2025-08-21 20:00:00,L1,Evening,Housing A,128,2,0,23.23,2.389
2025-08-21 20:00:00,L2,Evening,Housing A,118,3,0,23.68,3.363
2025-08-21 20:00:00,L3,Evening,Bracket B,123,2,0,25.56,1.63
2025-08-21 20:00:00,L4,Evening,Bracket B,125,4,0,26.25,2.165
2025-08-21 21:00:00,L1,Evening,Housing A,125,1,0,22.7,2.145
2025-08-21 21:00:00,L2,Evening,Housing A,113,0,0,25.23,3.759
2025-08-21 21:00:00,L3,Evening,Bracket B,115,2,0,28.21,2.096
2025-08-21 21:00:00,L4,Evening,Bracket B,111,0,0,23.12,2.696
2025-08-21 22:00:00,L1,Night,Housing A,120,2,0,22.4,3.028
2025-08-21 22:00:00,L2,Night,Housing A,136,2,0,24.95,4.0
2025-08-21 22:00:00,L3,Night,Bracket B,112,2,0,26.4,2.217
2025-08-21 22:00:00,L4,Night,Bracket B,127,1,0,25.12,1.957
2025-08-21 23:00:00,L1,Night,Housing A,96,0,0,23.93,2.152
2025-08-21 23:00:00,L2,Night,Housing A,123,3,0,25.93,2.861
2025-08-21 23:00:00,L3,Night,Bracket B,119,6,0,29.54,2.264
2025-08-21 23:00:00,L4,Night,Bracket B,115,0,0,23.93,1.907
2025-08-22 00:00:00,L1,Night,Housing A,124,4,0,22.15,3.172
2025-08-22 00:00:00,L2,Night,Housing A,130,2,0,24.18,2.59
2025-08-22 00:00:00,L3,Night,Bracket B,120,2,0,27.31,2.623
2025-08-22 00:00:00,L4,Night,Bracket B,123,3,0,24.32,1.951
2025-08-22 01:00:00,L1,Night,Housing A,120,0,0,22.88,2.117
2025-08-22 01:00:00,L2,Night,Housing A,96,1,0,21.19,2.678
2025-08-22 01:00:00,L3,Night,Bracket B,105,1,0,29.0,1.619
2025-08-22 01:00:00,L4,Night,Bracket B,130,0,0,24.12,1.215
2025-08-22 02:00:00,L1,Night,Housing A,118,4,0,25.97,2.232
2025-08-22 02:00:00,L2,Night,Housing A,121,4,0,21.86,3.643
2025-08-22 02:00:00,L3,Night,Bracket B,115,1,0,25.12,2.803
2025-08-22 02:00:00,L4,Night,Bracket B,118,2,0,22.94,1.845
2025-08-22 03:00:00,L1,Night,Housing A,131,2,0,23.97,2.764
2025-08-22 03:00:00,L2,Night,Housing A,114,1,0,24.0,2.575
2025-08-22 03:00:00,L3,Night,Bracket B,126,6,0,27.66,2.757
2025-08-22 03:00:00,L4,Night,Bracket B,132,3,0,26.16,2.751
2025-08-22 04:00:00,L1,Night,Housing A,124,1,0,24.5,2.738
2025-08-22 04:00:00,L2,Night,Housing A,114,3,0,22.67,3.203
2025-08-22 04:00:00,L3,Night,Bracket B,116,3,0,30.56,1.971
2025-08-22 04:00:00,L4,Night,Bracket B,117,3,0,21.83,2.422
2025-08-22 05:00:00,L1,Night,Housing A,28,0,45,23.0,2.242
2025-08-22 05:00:00,L2,Night,Housing A,110,3,0,24.84,3.743
2025-08-22 05:00:00,L3,Night,Bracket B,123,6,0,28.84,2.208
2025-08-22 05:00:00,L4,Night,Bracket B,109,1,0,22.2,2.617
2025-08-22 06:00:00,L1,Day,Housing A,122,3,0,26.81,2.488
2025-08-22 06:00:00,L2,Day,Housing A,59,2,30,28.61,3.506
2025-08-22 06:00:00,L3,Day,Bracket B,117,8,0,29.14,2.459
2025-08-22 06:00:00,L4,Day,Bracket B,104,4,0,26.33,2.117
2025-08-22 07:00:00,L1,Day,Housing A,120,3,0,25.32,3.187
2025-08-22 07:00:00,L2,Day,Housing A,117,3,0,26.04,3.513
2025-08-22 07:00:00,L3,Day,Bracket B,119,5,0,31.24,2.095
2025-08-22 07:00:00,L4,Day,Bracket B,109,5,0,25.61,2.863
2025-08-22 08:00:00,L1,Day,Housing A,114,1,0,28.02,1.788
2025-08-22 08:00:00,L2,Day,Housing A,129,4,0,26.96,3.1
2025-08-22 08:00:00,L3,Day,Bracket B,107,5,0,28.37,2.192
2025-08-22 08:00:00,L4,Day,Bracket B,114,3,0,27.35,2.46
2025-08-22 09:00:00,L1,Day,Housing A,123,0,0,28.46,2.101
2025-08-22 09:00:00,L2,Day,Housing A,137,7,0,27.83,3.086
2025-08-22 09:00:00,L3,Day,Bracket B,108,3,0,28.37,3.164
2025-08-22 09:00:00,L4,Day,Bracket B,125,1,0,25.93,1.892
2025-08-22 10:00:00,L1,Day,Housing A,132,3,0,25.81,2.219
2025-08-22 10:00:00,L2,Day,Housing A,123,7,0,28.62,3.065
2025-08-22 10:00:00,L3,Day,Bracket B,127,4,0,30.97,2.655
2025-08-22 10:00:00,L4,Day,Bracket B,115,6,0,26.25,2.229
2025-08-22 11:00:00,L1,Day,Housing A,127,4,0,28.92,2.07
2025-08-22 11:00:00,L2,Day,Housing A,119,3,0,28.23,3.143
2025-08-22 11:00:00,L3,Day,Bracket B,131,5,0,29.8,2.122
2025-08-22 11:00:00,L4,Day,Bracket B,123,5,0,27.96,2.648
2025-08-22 12:00:00,L1,Day,Housing A,105,4,0,27.94,2.474
2025-08-22 12:00:00,L2,Day,Housing A,116,1,0,25.65,3.221
2025-08-22 12:00:00,L3,Day,Bracket B,116,7,0,29.97,1.632
2025-08-22 12:00:00,L4,Day,Bracket B,118,5,0,28.93,1.936
2025-08-22 13:00:00,L1,Day,Housing A,112,2,0,27.34,2.795
2025-08-22 13:00:00,L2,Day,Housing A,117,4,0,24.98,3.566
2025-08-22 13:00:00,L3,Day,Bracket B,120,5,0,29.19,1.83
2025-08-22 13:00:00,L4,Day,Bracket B,113,1,0,25.76,2.009
2025-08-22 14:00:00,L1,Evening,Housing A,126,6,0,21.36,2.177
2025-08-22 14:00:00,L2,Evening,Housing A,132,3,0,23.31,3.061
2025-08-22 14:00:00,L3,Evening,Bracket B,128,2,0,25.63,2.127
2025-08-22 14:00:00,L4,Evening,Bracket B,121,2,0,24.19,2.063
2025-08-22 15:00:00,L1,Evening,Housing A,109,1,0,24.13,3.183
2025-08-22 15:00:00,L2,Evening,Housing A,124,1,0,23.28,2.616
2025-08-22 15:00:00,L3,Evening,Bracket B,119,2,0,25.26,2.151
2025-08-22 15:00:00,L4,Evening,Bracket B,110,2,0,22.29,1.906
2025-08-22 16:00:00,L1,Evening,Housing A,111,1,0,24.7,1.711
2025-08-22 16:00:00,L2,Evening,Housing A,109,1,0,25.39,3.418
2025-08-22 16:00:00,L3,Evening,Bracket B,118,6,0,26.99,2.215
2025-08-22 16:00:00,L4,Evening,Bracket B,124,1,0,22.08,1.815
2025-08-22 17:00:00,L1,Evening,Housing A,93,1,15,22.74,2.613
2025-08-22 17:00:00,L2,Evening,Housing A,128,3,0,25.74,4.414
2025-08-22 17:00:00,L3,Evening,Bracket B,116,2,0,28.46,3.013
2025-08-22 17:00:00,L4,Evening,Bracket B,32,1,45,23.7,1.483
2025-08-22 18:00:00,L1,Evening,Housing A,114,3,0,23.86,2.361
2025-08-22 18:00:00,L2,Evening,Housing A,127,3,0,20.78,3.239
2025-08-22 18:00:00,L3,Evening,Bracket B,117,1,10,24.95,2.724
2025-08-22 18:00:00,L4,Evening,Bracket B,127,0,0,22.59,1.871
2025-08-22 19:00:00,L1,Evening,Housing A,117,0,0,23.63,2.232
2025-08-22 19:00:00,L2,Evening,Housing A,114,3,0,25.39,2.323
2025-08-22 19:00:00,L3,Evening,Bracket B,115,1,0,26.92,1.7
2025-08-22 19:00:00,L4,Evening,Bracket B,109,2,0,24.09,2.652
2025-08-22 20:00:00,L1,Evening,Housing A,117,2,0,24.86,2.53
2025-08-22 20:00:00,L2,Evening,Housing A,113,2,5,21.33,3.427
2025-08-22 20:00:00,L3,Evening,Bracket B,108,3,0,26.26,2.679
2025-08-22 20:00:00,L4,Evening,Bracket B,111,1,0,23.12,1.249
2025-08-22 21:00:00,L1,Evening,Housing A,106,0,0,26.16,1.585
2025-08-22 21:00:00,L2,Evening,Housing A,123,1,0,25.0,2.842
2025-08-22 21:00:00,L3,Evening,Bracket B,121,1,0,28.2,1.825
2025-08-22 21:00:00,L4,Evening,Bracket B,117,0,0,22.46,2.497
2025-08-22 22:00:00,L1,Night,Housing A,109,1,0,22.98,1.964
2025-08-22 22:00:00,L2,Night,Housing A,115,2,0,25.43,3.024
2025-08-22 22:00:00,L3,Night,Bracket B,112,4,0,26.84,1.388
2025-08-22 22:00:00,L4,Night,Bracket B,110,2,0,22.34,2.642
2025-08-22 23:00:00,L1,Night,Housing A,116,2,0,23.33,2.56
2025-08-22 23:00:00,L2,Night,Housing A,106,1,10,25.29,2.725
2025-08-22 23:00:00,L3,Night,Bracket B,115,3,0,25.5,2.606
2025-08-22 23:00:00,L4,Night,Bracket B,120,0,0,23.79,2.757
2025-08-23 00:00:00,L1,Night,Housing A,110,2,0,23.85,1.591
2025-08-23 00:00:00,L2,Night,Housing A,112,4,0,25.89,3.19
2025-08-23 00:00:00,L3,Night,Bracket B,123,2,0,27.31,2.498
2025-08-23 00:00:00,L4,Night,Bracket B,132,0,0,22.45,2.241
2025-08-23 01:00:00,L1,Night,Housing A,130,4,0,24.33,1.752
2025-08-23 01:00:00,L2,Night,Housing A,128,1,0,25.76,4.094
2025-08-23 01:00:00,L3,Night,Bracket B,114,3,0,27.59,2.016
2025-08-23 01:00:00,L4,Night,Bracket B,109,0,0,23.77,2.468
2025-08-23 02:00:00,L1,Night,Housing A,117,2,0,24.35,2.412
2025-08-23 02:00:00,L2,Night,Housing A,121,0,0,23.45,2.663
2025-08-23 02:00:00,L3,Night,Bracket B,113,2,0,26.54,2.185
2025-08-23 02:00:00,L4,Night,Bracket B,108,6,0,25.67,1.715
2025-08-23 03:00:00,L1,Night,Housing A,119,1,0,25.56,2.224
2025-08-23 03:00:00,L2,Night,Housing A,124,2,0,22.58,3.512
2025-08-23 03:00:00,L3,Night,Bracket B,116,4,0,26.44,1.822
2025-08-23 03:00:00,L4,Night,Bracket B,116,2,0,24.94,1.569
2025-08-23 04:00:00,L1,Night,Housing A,131,3,0,26.26,2.938
2025-08-23 04:00:00,L2,Night,Housing A,123,1,0,24.33,4.035
2025-08-23 04:00:00,L3,Night,Bracket B,107,2,0,27.25,1.173
2025-08-23 04:00:00,L4,Night,Bracket B,111,2,0,22.82,2.002
2025-08-23 05:00:00,L1,Night,Housing A,105,0,0,24.13,2.978
2025-08-23 05:00:00,L2,Night,Housing A,128,0,0,26.69,2.622
2025-08-23 05:00:00,L3,Night,Bracket B,109,0,0,24.73,2.354
2025-08-23 05:00:00,L4,Night,Bracket B,123,1,0,27.73,1.896
2025-08-23 06:00:00,L1,Day,Housing A,117,1,0,25.58,1.627
2025-08-23 06:00:00,L2,Day,Housing A,123,2,0,27.47,2.738
2025-08-23 06:00:00,L3,Day,Bracket B,30,1,45,27.95,2.197
2025-08-23 06:00:00,L4,Day,Bracket B,123,1,0,25.43,2.003
2025-08-23 07:00:00,L1,Day,Housing A,118,0,0,25.18,1.922
2025-08-23 07:00:00,L2,Day,Housing A,103,0,10,25.05,3.287
2025-08-23 07:00:00,L3,Day,Bracket B,121,7,0,29.39,2.369
2025-08-23 07:00:00,L4,Day,Bracket B,124,1,0,27.34,1.093
2025-08-23 08:00:00,L1,Day,Housing A,104,2,0,25.27,1.274
2025-08-23 08:00:00,L2,Day,Housing A,105,1,0,26.21,3.013
2025-08-23 08:00:00,L3,Day,Bracket B,126,8,0,30.62,3.177
2025-08-23 08:00:00,L4,Day,Bracket B,126,3,0,26.03,2.265
2025-08-23 09:00:00,L1,Day,Housing A,128,7,0,27.8,1.814
2025-08-23 09:00:00,L2,Day,Housing A,130,5,0,27.17,2.717
2025-08-23 09:00:00,L3,Day,Bracket B,124,9,0,32.01,1.929
2025-08-23 09:00:00,L4,Day,Bracket B,102,0,0,24.3,2.112
2025-08-23 10:00:00,L1,Day,Housing A,115,4,0,25.63,2.472
2025-08-23 10:00:00,L2,Day,Housing A,122,4,0,25.03,3.338
2025-08-23 10:00:00,L3,Day,Bracket B,124,6,0,30.36,1.99
2025-08-23 10:00:00,L4,Day,Bracket B,112,2,0,26.71,2.513
2025-08-23 11:00:00,L1,Day,Housing A,113,4,0,26.49,2.958
2025-08-23 11:00:00,L2,Day,Housing A,124,2,0,25.63,2.751
2025-08-23 11:00:00,L3,Day,Bracket B,120,6,0,32.13,2.173
2025-08-23 11:00:00,L4,Day,Bracket B,131,1,0,27.07,2.67
2025-08-23 12:00:00,L1,Day,Housing A,117,2,0,24.83,2.413
2025-08-23 12:00:00,L2,Day,Housing A,122,4,0,25.89,3.72
2025-08-23 12:00:00,L3,Day,Bracket B,125,6,0,31.43,2.047
2025-08-23 12:00:00,L4,Day,Bracket B,117,5,0,27.46,2.357
2025-08-23 13:00:00,L1,Day,Housing A,118,1,0,23.37,1.964
2025-08-23 13:00:00,L2,Day,Housing A,122,2,0,26.11,3.625
2025-08-23 13:00:00,L3,Day,Bracket B,127,5,0,29.79,1.637
2025-08-23 13:00:00,L4,Day,Bracket B,126,3,0,28.0,2.393
2025-08-23 14:00:00,L1,Evening,Housing A,111,2,0,22.16,1.674
2025-08-23 14:00:00,L2,Evening,Housing A,96,0,0,23.66,3.207
2025-08-23 14:00:00,L3,Evening,Bracket B,133,2,0,28.63,1.589
2025-08-23 14:00:00,L4,Evening,Bracket B,128,1,0,25.47,1.66
2025-08-23 15:00:00,L1,Evening,Housing A,100,1,10,22.16,1.886
2025-08-23 15:00:00,L2,Evening,Housing A,123,1,0,24.09,2.93
2025-08-23 15:00:00,L3,Evening,Bracket B,122,3,0,29.19,1.304
2025-08-23 15:00:00,L4,Evening,Bracket B,115,1,0,24.71,2.288
2025-08-23 16:00:00,L1,Evening,Housing A,120,3,0,24.43,2.181
2025-08-23 16:00:00,L2,Evening,Housing A,123,1,0,25.84,3.429
2025-08-23 16:00:00,L3,Evening,Bracket B,121,5,0,28.96,1.829
2025-08-23 16:00:00,L4,Evening,Bracket B,119,0,0,22.13,2.393
2025-08-23 17:00:00,L1,Evening,Housing A,135,2,0,25.2,2.851
2025-08-23 17:00:00,L2,Evening,Housing A,117,0,0,23.35,3.482
2025-08-23 17:00:00,L3,Evening,Bracket B,117,3,0,26.5,2.456
2025-08-23 17:00:00,L4,Evening,Bracket B,127,1,0,25.21,1.769
2025-08-23 18:00:00,L1,Evening,Housing A,107,2,0,23.78,2.37
2025-08-23 18:00:00,L2,Evening,Housing A,115,2,0,23.48,2.902
2025-08-23 18:00:00,L3,Evening,Bracket B,102,6,0,27.35,3.365
2025-08-23 18:00:00,L4,Evening,Bracket B,122,5,0,23.9,2.369
2025-08-23 19:00:00,L1,Evening,Housing A,116,2,0,25.03,2.773
2025-08-23 19:00:00,L2,Evening,Housing A,125,2,0,25.5,3.584
2025-08-23 19:00:00,L3,Evening,Bracket B,121,2,0,27.49,2.429
2025-08-23 19:00:00,L4,Evening,Bracket B,58,1,30,22.46,3.044
2025-08-23 20:00:00,L1,Evening,Housing A,109,3,0,21.78,2.165
2025-08-23 20:00:00,L2,Evening,Housing A,121,4,0,25.15,2.954
2025-08-23 20:00:00,L3,Evening,Bracket B,117,3,0,26.46,1.593
2025-08-23 20:00:00,L4,Evening,Bracket B,112,1,0,23.74,2.647
2025-08-23 21:00:00,L1,Evening,Housing A,59,2,30,23.36,1.815
2025-08-23 21:00:00,L2,Evening,Housing A,125,2,0,25.86,2.224
2025-08-23 21:00:00,L3,Evening,Bracket B,132,6,0,28.4,2.101
2025-08-23 21:00:00,L4,Evening,Bracket B,113,1,0,22.84,3.408
2025-08-23 22:00:00,L1,Night,Housing A,105,0,0,24.41,2.636
2025-08-23 22:00:00,L2,Night,Housing A,132,8,0,27.64,3.794
2025-08-23 22:00:00,L3,Night,Bracket B,117,0,0,26.1,2.645
2025-08-23 22:00:00,L4,Night,Bracket B,112,1,0,24.19,2.5
2025-08-23 23:00:00,L1,Night,Housing A,101,1,0,21.6,1.891
2025-08-23 23:00:00,L2,Night,Housing A,120,0,0,23.47,2.856
2025-08-23 23:00:00,L3,Night,Bracket B,114,1,0,25.35,2.074
2025-08-23 23:00:00,L4,Night,Bracket B,128,1,0,23.83,3.432
2025-08-24 00:00:00,L1,Night,Housing A,113,5,0,24.66,2.344
2025-08-24 00:00:00,L2,Night,Housing A,126,0,0,25.31,3.773
2025-08-24 00:00:00,L3,Night,Bracket B,119,1,0,24.27,2.339
2025-08-24 00:00:00,L4,Night,Bracket B,114,1,0,24.66,2.152
2025-08-24 01:00:00,L1,Night,Housing A,116,3,0,25.47,2.584
2025-08-24 01:00:00,L2,Night,Housing A,115,0,0,22.15,3.754
2025-08-24 01:00:00,L3,Night,Bracket B,143,0,0,24.62,2.241
2025-08-24 01:00:00,L4,Night,Bracket B,118,5,0,27.16,1.855
2025-08-24 02:00:00,L1,Night,Housing A,115,2,0,25.46,2.432
2025-08-24 02:00:00,L2,Night,Housing A,31,1,45,24.18,3.356
2025-08-24 02:00:00,L3,Night,Bracket B,126,6,0,27.58,2.937
2025-08-24 02:00:00,L4,Night,Bracket B,106,0,0,24.94,2.289
2025-08-24 03:00:00,L1,Night,Housing A,115,2,0,26.11,1.879
2025-08-24 03:00:00,L2,Night,Housing A,120,0,0,23.53,2.318
2025-08-24 03:00:00,L3,Night,Bracket B,109,3,0,27.02,1.452
2025-08-24 03:00:00,L4,Night,Bracket B,132,0,0,24.75,2.331
2025-08-24 04:00:00,L1,Night,Housing A,114,2,0,22.77,2.541
2025-08-24 04:00:00,L2,Night,Housing A,103,1,0,22.45,2.953
2025-08-24 04:00:00,L3,Night,Bracket B,124,5,0,29.09,2.802
2025-08-24 04:00:00,L4,Night,Bracket B,84,1,15,24.44,1.739
2025-08-24 05:00:00,L1,Night,Housing A,118,1,0,24.69,2.244
2025-08-24 05:00:00,L2,Night,Housing A,105,3,0,24.42,3.008
2025-08-24 05:00:00,L3,Night,Bracket B,124,1,0,25.62,2.152
2025-08-24 05:00:00,L4,Night,Bracket B,123,0,0,23.38,1.999
2025-08-24 06:00:00,L1,Day,Housing A,138,0,0,27.15,3.104
2025-08-24 06:00:00,L2,Day,Housing A,117,4,0,26.46,3.203
2025-08-24 06:00:00,L3,Day,Bracket B,119,11,0,30.99,2.425
2025-08-24 06:00:00,L4,Day,Bracket B,107,3,0,27.97,1.934
2025-08-24 07:00:00,L1,Day,Housing A,128,5,0,29.36,2.645
2025-08-24 07:00:00,L2,Day,Housing A,114,3,0,25.5,3.71
2025-08-24 07:00:00,L3,Day,Bracket B,61,2,30,27.78,2.343
2025-08-24 07:00:00,L4,Day,Bracket B,126,2,0,26.23,2.556
2025-08-24 08:00:00,L1,Day,Housing A,123,2,0,27.33,2.44
2025-08-24 08:00:00,L2,Day,Housing A,125,2,0,26.56,3.102
2025-08-24 08:00:00,L3,Day,Bracket B,95,6,10,27.25,2.102
2025-08-24 08:00:00,L4,Day,Bracket B,125,2,0,25.0,1.845
2025-08-24 09:00:00,L1,Day,Housing A,108,5,0,27.03,3.251
2025-08-24 09:00:00,L2,Day,Housing A,121,5,0,27.27,2.738
2025-08-24 09:00:00,L3,Day,Bracket B,116,1,0,26.15,2.248
2025-08-24 09:00:00,L4,Day,Bracket B,127,3,0,28.8,2.271
2025-08-24 10:00:00,L1,Day,Housing A,96,3,15,26.81,2.216
2025-08-24 10:00:00,L2,Day,Housing A,135,3,0,27.52,3.067
2025-08-24 10:00:00,L3,Day,Bracket B,93,3,15,29.48,3.233
2025-08-24 10:00:00,L4,Day,Bracket B,123,4,0,26.16,2.982
2025-08-24 11:00:00,L1,Day,Housing A,123,4,0,27.15,2.147
2025-08-24 11:00:00,L2,Day,Housing A,133,6,0,28.23,3.791
2025-08-24 11:00:00,L3,Day,Bracket B,115,3,0,29.09,1.659
2025-08-24 11:00:00,L4,Day,Bracket B,106,2,0,29.64,2.214
2025-08-24 12:00:00,L1,Day,Housing A,118,5,0,24.84,1.617
2025-08-24 12:00:00,L2,Day,Housing A,123,1,0,28.55,3.396
2025-08-24 12:00:00,L3,Day,Bracket B,128,9,0,29.39,2.639
2025-08-24 12:00:00,L4,Day,Bracket B,128,1,0,28.1,2.673
2025-08-24 13:00:00,L1,Day,Housing A,122,2,5,27.34,2.419
2025-08-24 13:00:00,L2,Day,Housing A,104,1,0,24.91,3.526
2025-08-24 13:00:00,L3,Day,Bracket B,101,4,5,29.74,2.066
2025-08-24 13:00:00,L4,Day,Bracket B,92,2,15,27.64,2.453
2025-08-24 14:00:00,L1,Evening,Housing A,113,1,0,21.66,1.818
2025-08-24 14:00:00,L2,Evening,Housing A,118,0,0,23.47,3.317
2025-08-24 14:00:00,L3,Evening,Bracket B,125,4,0,26.68,1.841
2025-08-24 14:00:00,L4,Evening,Bracket B,97,2,0,25.44,1.639
2025-08-24 15:00:00,L1,Evening,Housing A,106,0,0,25.07,1.457
2025-08-24 15:00:00,L2,Evening,Housing A,99,1,10,22.21,2.284
2025-08-24 15:00:00,L3,Evening,Bracket B,118,1,0,26.32,1.932
2025-08-24 15:00:00,L4,Evening,Bracket B,117,4,0,26.13,1.832
2025-08-24 16:00:00,L1,Evening,Housing A,121,2,0,23.42,2.521
2025-08-24 16:00:00,L2,Evening,Housing A,114,2,0,25.48,2.814
2025-08-24 16:00:00,L3,Evening,Bracket B,123,4,0,25.76,2.124
2025-08-24 16:00:00,L4,Evening,Bracket B,132,2,0,26.33,2.508
2025-08-24 17:00:00,L1,Evening,Housing A,128,1,0,24.78,2.273
2025-08-24 17:00:00,L2,Evening,Housing A,107,1,0,20.26,2.882
2025-08-24 17:00:00,L3,Evening,Bracket B,126,1,0,25.54,2.732
2025-08-24 17:00:00,L4,Evening,Bracket B,121,0,0,26.3,2.359
2025-08-24 18:00:00,L1,Evening,Housing A,119,6,0,26.73,1.341
2025-08-24 18:00:00,L2,Evening,Housing A,123,4,0,23.64,4.566
2025-08-24 18:00:00,L3,Evening,Bracket B,114,2,0,27.75,2.092
2025-08-24 18:00:00,L4,Evening,Bracket B,110,4,0,22.27,3.059
2025-08-24 19:00:00,L1,Evening,Housing A,111,2,0,23.76,1.475
2025-08-24 19:00:00,L2,Evening,Housing A,122,1,0,25.02,2.635
2025-08-24 19:00:00,L3,Evening,Bracket B,118,2,0,27.7,1.735
2025-08-24 19:00:00,L4,Evening,Bracket B,126,0,0,24.36,1.694
2025-08-24 20:00:00,L1,Evening,Housing A,118,0,0,24.82,2.566
2025-08-24 20:00:00,L2,Evening,Housing A,131,3,0,22.82,3.66
2025-08-24 20:00:00,L3,Evening,Bracket B,116,1,0,26.6,2.1
2025-08-24 20:00:00,L4,Evening,Bracket B,117,4,0,25.64,2.863
2025-08-24 21:00:00,L1,Evening,Housing A,113,3,0,24.8,2.635
2025-08-24 21:00:00,L2,Evening,Housing A,118,2,0,24.8,2.818
2025-08-24 21:00:00,L3,Evening,Bracket B,126,3,0,27.86,2.235
2025-08-24 21:00:00,L4,Evening,Bracket B,115,3,0,22.87,3.286
2025-08-24 22:00:00,L1,Night,Housing A,127,1,0,23.36,2.151
2025-08-24 22:00:00,L2,Night,Housing A,88,1,15,23.59,2.619
2025-08-24 22:00:00,L3,Night,Bracket B,118,1,0,25.79,1.88
2025-08-24 22:00:00,L4,Night,Bracket B,129,2,0,23.68,2.662
2025-08-24 23:00:00,L1,Night,Housing A,126,3,0,25.26,1.336
2025-08-24 23:00:00,L2,Night,Housing A,124,5,0,27.36,2.938
2025-08-24 23:00:00,L3,Night,Bracket B,122,2,0,29.19,1.936
2025-08-24 23:00:00,L4,Night,Bracket B,122,1,0,22.82,2.47
2025-08-25 00:00:00,L1,Night,Housing A,118,1,0,25.11,2.29
2025-08-25 00:00:00,L2,Night,Housing A,104,1,10,23.95,3.618
2025-08-25 00:00:00,L3,Night,Bracket B,131,5,0,27.98,1.827
2025-08-25 00:00:00,L4,Night,Bracket B,106,0,0,22.35,2.593
2025-08-25 01:00:00,L1,Night,Housing A,115,2,0,23.58,2.5
2025-08-25 01:00:00,L2,Night,Housing A,124,1,0,23.66,2.693
2025-08-25 01:00:00,L3,Night,Bracket B,116,1,0,25.43,1.798
2025-08-25 01:00:00,L4,Night,Bracket B,141,1,0,23.03,2.135
2025-08-25 02:00:00,L1,Night,Housing A,117,0,0,24.93,2.177
2025-08-25 02:00:00,L2,Night,Housing A,115,2,0,24.14,3.508
2025-08-25 02:00:00,L3,Night,Bracket B,114,2,0,27.03,2.137
2025-08-25 02:00:00,L4,Night,Bracket B,115,2,0,23.87,2.158
2025-08-25 03:00:00,L1,Night,Housing A,119,4,0,27.23,2.605
2025-08-25 03:00:00,L2,Night,Housing A,119,1,0,25.32,3.784
2025-08-25 03:00:00,L3,Night,Bracket B,115,8,0,29.18,2.611
2025-08-25 03:00:00,L4,Night,Bracket B,108,1,0,22.65,2.585
2025-08-25 04:00:00,L1,Night,Housing A,111,0,0,24.13,2.04
2025-08-25 04:00:00,L2,Night,Housing A,81,1,15,25.25,3.683
2025-08-25 04:00:00,L3,Night,Bracket B,85,1,15,25.18,2.809
2025-08-25 04:00:00,L4,Night,Bracket B,112,1,0,23.29,2.301
2025-08-25 05:00:00,L1,Night,Housing A,111,2,0,22.64,2.876
2025-08-25 05:00:00,L2,Night,Housing A,140,3,0,21.47,3.733
2025-08-25 05:00:00,L3,Night,Bracket B,117,2,0,25.81,1.478
2025-08-25 05:00:00,L4,Night,Bracket B,118,4,0,25.5,2.362
2025-08-25 06:00:00,L1,Day,Housing A,112,2,0,29.38,2.434
2025-08-25 06:00:00,L2,Day,Housing A,128,6,0,25.93,2.676
2025-08-25 06:00:00,L3,Day,Bracket B,111,5,0,29.35,2.021
2025-08-25 06:00:00,L4,Day,Bracket B,127,4,0,27.11,1.564
2025-08-25 07:00:00,L1,Day,Housing A,116,6,0,28.31,2.404
2025-08-25 07:00:00,L2,Day,Housing A,101,3,5,27.7,4.151
2025-08-25 07:00:00,L3,Day,Bracket B,104,4,0,29.79,2.441
2025-08-25 07:00:00,L4,Day,Bracket B,126,2,0,27.13,2.983
2025-08-25 08:00:00,L1,Day,Housing A,135,5,0,29.36,2.683
2025-08-25 08:00:00,L2,Day,Housing A,129,6,0,28.0,2.967
2025-08-25 08:00:00,L3,Day,Bracket B,122,6,0,31.12,1.489
2025-08-25 08:00:00,L4,Day,Bracket B,117,2,0,23.75,1.663
2025-08-25 09:00:00,L1,Day,Housing A,119,6,0,29.04,2.225
2025-08-25 09:00:00,L2,Day,Housing A,129,2,0,27.92,3.474
2025-08-25 09:00:00,L3,Day,Bracket B,62,4,30,30.15,2.556
2025-08-25 09:00:00,L4,Day,Bracket B,117,1,0,24.54,1.855
2025-08-25 10:00:00,L1,Day,Housing A,112,0,0,24.97,1.115
2025-08-25 10:00:00,L2,Day,Housing A,123,4,0,25.46,3.367
2025-08-25 10:00:00,L3,Day,Bracket B,125,6,0,31.51,2.322
2025-08-25 10:00:00,L4,Day,Bracket B,118,0,0,24.96,1.997
2025-08-25 11:00:00,L1,Day,Housing A,128,1,0,25.55,2.263
2025-08-25 11:00:00,L2,Day,Housing A,114,2,0,27.54,2.815
2025-08-25 11:00:00,L3,Day,Bracket B,117,3,0,29.13,2.003
2025-08-25 11:00:00,L4,Day,Bracket B,109,1,0,25.15,1.982
2025-08-25 12:00:00,L1,Day,Housing A,119,4,0,29.09,2.122
2025-08-25 12:00:00,L2,Day,Housing A,103,5,0,28.58,3.412
2025-08-25 12:00:00,L3,Day,Bracket B,125,3,0,31.72,1.104
2025-08-25 12:00:00,L4,Day,Bracket B,125,2,0,23.53,3.006
2025-08-25 13:00:00,L1,Day,Housing A,126,4,0,26.91,3.016
2025-08-25 13:00:00,L2,Day,Housing A,111,2,0,24.72,3.976
2025-08-25 13:00:00,L3,Day,Bracket B,113,4,0,29.81,1.712
2025-08-25 13:00:00,L4,Day,Bracket B,119,1,0,25.58,1.387
2025-08-25 14:00:00,L1,Evening,Housing A,119,1,0,25.15,2.733
2025-08-25 14:00:00,L2,Evening,Housing A,109,1,0,22.16,2.686
2025-08-25 14:00:00,L3,Evening,Bracket B,104,4,0,28.32,1.75
2025-08-25 14:00:00,L4,Evening,Bracket B,105,3,0,24.17,1.938
2025-08-25 15:00:00,L1,Evening,Housing A,108,2,0,21.76,2.037
2025-08-25 15:00:00,L2,Evening,Housing A,113,0,0,24.84,2.987
2025-08-25 15:00:00,L3,Evening,Bracket B,123,5,0,28.27,1.635
2025-08-25 15:00:00,L4,Evening,Bracket B,130,2,0,23.78,2.286
2025-08-25 16:00:00,L1,Evening,Housing A,111,1,0,20.74,2.314
2025-08-25 16:00:00,L2,Evening,Housing A,111,2,0,25.96,3.017
2025-08-25 16:00:00,L3,Evening,Bracket B,123,0,0,24.99,2.488
2025-08-25 16:00:00,L4,Evening,Bracket B,118,2,0,23.36,3.343
2025-08-25 17:00:00,L1,Evening,Housing A,121,1,0,26.43,2.407
2025-08-25 17:00:00,L2,Evening,Housing A,122,2,0,27.16,2.908
2025-08-25 17:00:00,L3,Evening,Bracket B,129,3,0,27.01,1.395
2025-08-25 17:00:00,L4,Evening,Bracket B,111,1,0,24.26,2.694
2025-08-25 18:00:00,L1,Evening,Housing A,120,2,0,21.99,2.114
2025-08-25 18:00:00,L2,Evening,Housing A,104,1,0,24.25,3.272
2025-08-25 18:00:00,L3,Evening,Bracket B,116,4,0,27.19,2.874
2025-08-25 18:00:00,L4,Evening,Bracket B,129,2,0,24.25,2.527
2025-08-25 19:00:00,L1,Evening,Housing A,104,2,0,25.1,2.496
2025-08-25 19:00:00,L2,Evening,Housing A,134,1,0,21.61,2.089
2025-08-25 19:00:00,L3,Evening,Bracket B,118,1,0,25.73,1.931
2025-08-25 19:00:00,L4,Evening,Bracket B,122,4,0,26.46,3.014
2025-08-25 20:00:00,L1,Evening,Housing A,105,4,0,23.24,2.292
2025-08-25 20:00:00,L2,Evening,Housing A,125,4,0,26.7,3.098
2025-08-25 20:00:00,L3,Evening,Bracket B,132,6,0,30.61,2.224
2025-08-25 20:00:00,L4,Evening,Bracket B,123,1,0,27.92,2.619
2025-08-25 21:00:00,L1,Evening,Housing A,134,2,0,23.34,1.905
2025-08-25 21:00:00,L2,Evening,Housing A,125,1,0,24.35,3.197
2025-08-25 21:00:00,L3,Evening,Bracket B,117,2,0,28.41,1.551
2025-08-25 21:00:00,L4,Evening,Bracket B,118,1,0,22.04,2.904
2025-08-25 22:00:00,L1,Night,Housing A,54,0,30,24.16,2.809
2025-08-25 22:00:00,L2,Night,Housing A,118,2,0,23.41,2.58
2025-08-25 22:00:00,L3,Night,Bracket B,129,2,0,26.74,2.104
2025-08-25 22:00:00,L4,Night,Bracket B,124,1,0,24.35,1.962
2025-08-25 23:00:00,L1,Night,Housing A,124,2,0,24.41,1.984
2025-08-25 23:00:00,L2,Night,Housing A,130,2,0,25.97,3.414
2025-08-25 23:00:00,L3,Night,Bracket B,120,4,0,27.74,2.27
2025-08-25 23:00:00,L4,Night,Bracket B,119,1,0,23.95,2.451
2025-08-26 00:00:00,L1,Night,Housing A,116,3,0,23.24,2.052
2025-08-26 00:00:00,L2,Night,Housing A,112,1,0,21.09,3.412
2025-08-26 00:00:00,L3,Night,Bracket B,118,5,0,28.69,2.279
2025-08-26 00:00:00,L4,Night,Bracket B,136,3,0,25.94,1.837
2025-08-26 01:00:00,L1,Night,Housing A,130,0,0,24.28,2.247
2025-08-26 01:00:00,L2,Night,Housing A,118,2,0,25.96,3.023
2025-08-26 01:00:00,L3,Night,Bracket B,116,1,0,25.91,1.499
2025-08-26 01:00:00,L4,Night,Bracket B,109,2,10,24.83,2.135
2025-08-26 02:00:00,L1,Night,Housing A,58,3,30,25.6,1.898
2025-08-26 02:00:00,L2,Night,Housing A,124,1,0,23.58,2.953
2025-08-26 02:00:00,L3,Night,Bracket B,124,5,0,29.88,2.228
2025-08-26 02:00:00,L4,Night,Bracket B,131,4,0,23.59,2.312
2025-08-26 03:00:00,L1,Night,Housing A,98,3,10,24.67,2.818
2025-08-26 03:00:00,L2,Night,Housing A,32,0,45,20.78,3.22
2025-08-26 03:00:00,L3,Night,Bracket B,125,3,0,28.46,2.141
2025-08-26 03:00:00,L4,Night,Bracket B,118,0,0,24.03,1.402
2025-08-26 04:00:00,L1,Night,Housing A,115,2,0,21.04,1.84
2025-08-26 04:00:00,L2,Night,Housing A,121,1,0,26.4,3.367
2025-08-26 04:00:00,L3,Night,Bracket B,117,7,0,27.22,2.057
2025-08-26 04:00:00,L4,Night,Bracket B,121,4,0,21.89,3.034
2025-08-26 05:00:00,L1,Night,Housing A,122,3,0,22.11,1.609
2025-08-26 05:00:00,L2,Night,Housing A,118,0,0,23.12,2.966
2025-08-26 05:00:00,L3,Night,Bracket B,108,1,0,27.53,2.763
2025-08-26 05:00:00,L4,Night,Bracket B,121,1,0,22.88,2.38
2025-08-26 06:00:00,L1,Day,Housing A,123,0,0,27.96,1.805
2025-08-26 06:00:00,L2,Day,Housing A,119,7,0,29.08,2.666
2025-08-26 06:00:00,L3,Day,Bracket B,131,7,0,29.26,2.036
2025-08-26 06:00:00,L4,Day,Bracket B,58,0,30,25.25,2.45
2025-08-26 07:00:00,L1,Day,Housing A,114,3,0,26.45,1.874
2025-08-26 07:00:00,L2,Day,Housing A,108,4,0,28.45,2.633
2025-08-26 07:00:00,L3,Day,Bracket B,120,6,0,30.86,1.991
2025-08-26 07:00:00,L4,Day,Bracket B,122,5,0,26.14,2.77
2025-08-26 08:00:00,L1,Day,Housing A,129,3,0,26.78,2.745
2025-08-26 08:00:00,L2,Day,Housing A,118,2,0,26.36,2.902
2025-08-26 08:00:00,L3,Day,Bracket B,111,4,10,31.38,2.271
2025-08-26 08:00:00,L4,Day,Bracket B,126,1,0,26.79,2.37
2025-08-26 09:00:00,L1,Day,Housing A,122,3,0,28.03,2.319
2025-08-26 09:00:00,L2,Day,Housing A,113,1,0,23.39,3.176
2025-08-26 09:00:00,L3,Day,Bracket B,111,5,0,27.44,1.447
2025-08-26 09:00:00,L4,Day,Bracket B,138,6,0,25.53,1.702
2025-08-26 10:00:00,L1,Day,Housing A,124,2,0,25.85,1.967
2025-08-26 10:00:00,L2,Day,Housing A,112,3,0,26.26,2.247
2025-08-26 10:00:00,L3,Day,Bracket B,113,5,0,30.33,2.894
2025-08-26 10:00:00,L4,Day,Bracket B,126,3,0,25.64,1.639
2025-08-26 11:00:00,L1,Day,Housing A,154,5,0,26.87,2.124
2025-08-26 11:00:00,L2,Day,Housing A,131,2,0,25.53,2.753
2025-08-26 11:00:00,L3,Day,Bracket B,121,10,0,31.12,3.241
2025-08-26 11:00:00,L4,Day,Bracket B,122,5,0,26.16,2.146
2025-08-26 12:00:00,L1,Day,Housing A,104,0,10,24.03,2.517
2025-08-26 12:00:00,L2,Day,Housing A,114,2,0,27.21,2.557
2025-08-26 12:00:00,L3,Day,Bracket B,125,6,0,31.61,2.125
2025-08-26 12:00:00,L4,Day,Bracket B,136,8,0,27.64,1.544
2025-08-26 13:00:00,L1,Day,Housing A,121,0,0,26.64,2.151
2025-08-26 13:00:00,L2,Day,Housing A,135,1,0,25.2,3.188
2025-08-26 13:00:00,L3,Day,Bracket B,115,6,0,28.65,2.479
2025-08-26 13:00:00,L4,Day,Bracket B,102,0,10,26.27,2.218
2025-08-26 14:00:00,L1,Evening,Housing A,128,1,0,25.06,2.583
2025-08-26 14:00:00,L2,Evening,Housing A,127,1,0,22.35,3.68
2025-08-26 14:00:00,L3,Evening,Bracket B,118,2,0,28.75,2.072
2025-08-26 14:00:00,L4,Evening,Bracket B,83,1,15,24.39,2.256
2025-08-26 15:00:00,L1,Evening,Housing A,120,3,0,24.18,2.198
2025-08-26 15:00:00,L2,Evening,Housing A,103,1,0,25.06,2.845
2025-08-26 15:00:00,L3,Evening,Bracket B,107,0,0,26.36,2.34
2025-08-26 15:00:00,L4,Evening,Bracket B,120,1,0,25.36,2.175
2025-08-26 16:00:00,L1,Evening,Housing A,127,2,0,25.98,2.084
2025-08-26 16:00:00,L2,Evening,Housing A,126,3,0,24.23,3.419
2025-08-26 16:00:00,L3,Evening,Bracket B,105,2,5,27.32,2.317
2025-08-26 16:00:00,L4,Evening,Bracket B,127,0,0,26.04,1.861
2025-08-26 17:00:00,L1,Evening,Housing A,140,0,0,22.44,2.02
2025-08-26 17:00:00,L2,Evening,Housing A,127,1,0,24.91,2.882
2025-08-26 17:00:00,L3,Evening,Bracket B,119,4,0,27.0,2.22
2025-08-26 17:00:00,L4,Evening,Bracket B,111,0,0,23.05,2.153
2025-08-26 18:00:00,L1,Evening,Housing A,116,0,0,23.1,2.509
2025-08-26 18:00:00,L2,Evening,Housing A,122,1,0,26.01,3.465
2025-08-26 18:00:00,L3,Evening,Bracket B,122,6,0,27.1,2.241
2025-08-26 18:00:00,L4,Evening,Bracket B,129,0,0,23.91,1.74
2025-08-26 19:00:00,L1,Evening,Housing A,115,1,0,24.92,2.17
2025-08-26 19:00:00,L2,Evening,Housing A,125,0,0,22.72,2.515
2025-08-26 19:00:00,L3,Evening,Bracket B,132,3,0,26.1,1.652
2025-08-26 19:00:00,L4,Evening,Bracket B,120,1,0,19.0,1.531
2025-08-26 20:00:00,L1,Evening,Housing A,120,1,0,22.3,2.412
2025-08-26 20:00:00,L2,Evening,Housing A,111,0,0,24.92,3.207
2025-08-26 20:00:00,L3,Evening,Bracket B,131,7,0,30.32,2.216
2025-08-26 20:00:00,L4,Evening,Bracket B,125,1,0,24.59,1.916
2025-08-26 21:00:00,L1,Evening,Housing A,109,4,0,25.09,2.329
2025-08-26 21:00:00,L2,Evening,Housing A,109,3,0,22.88,3.434
2025-08-26 21:00:00,L3,Evening,Bracket B,105,5,0,26.66,1.879
2025-08-26 21:00:00,L4,Evening,Bracket B,138,1,0,24.18,2.486
2025-08-26 22:00:00,L1,Night,Housing A,115,0,0,22.72,2.071
2025-08-26 22:00:00,L2,Night,Housing A,109,0,0,25.94,3.034
2025-08-26 22:00:00,L3,Night,Bracket B,111,0,0,26.29,2.783
2025-08-26 22:00:00,L4,Night,Bracket B,115,2,0,23.27,1.971
2025-08-26 23:00:00,L1,Night,Housing A,110,1,0,24.81,3.421
2025-08-26 23:00:00,L2,Night,Housing A,111,0,0,24.24,3.799
2025-08-26 23:00:00,L3,Night,Bracket B,113,3,0,26.52,3.098
2025-08-26 23:00:00,L4,Night,Bracket B,115,2,0,20.83,2.205
2025-08-27 00:00:00,L1,Night,Housing A,125,3,0,21.47,2.079
2025-08-27 00:00:00,L2,Night,Housing A,127,2,0,24.14,3.483
2025-08-27 00:00:00,L3,Night,Bracket B,118,2,5,26.46,1.618
2025-08-27 00:00:00,L4,Night,Bracket B,136,1,0,24.59,1.914
2025-08-27 01:00:00,L1,Night,Housing A,117,1,0,23.37,2.352
2025-08-27 01:00:00,L2,Night,Housing A,124,2,0,23.02,2.677
2025-08-27 01:00:00,L3,Night,Bracket B,116,2,0,29.14,1.876
2025-08-27 01:00:00,L4,Night,Bracket B,127,2,0,23.93,2.382
2025-08-27 02:00:00,L1,Night,Housing A,115,4,0,27.7,2.518
2025-08-27 02:00:00,L2,Night,Housing A,127,2,0,22.95,4.293
2025-08-27 02:00:00,L3,Night,Bracket B,133,6,0,27.18,1.642
2025-08-27 02:00:00,L4,Night,Bracket B,111,1,0,24.12,2.105
2025-08-27 03:00:00,L1,Night,Housing A,100,1,5,21.98,2.36
2025-08-27 03:00:00,L2,Night,Housing A,102,1,0,25.13,3.917
2025-08-27 03:00:00,L3,Night,Bracket B,118,3,0,25.45,2.186
2025-08-27 03:00:00,L4,Night,Bracket B,119,2,0,22.96,1.392
2025-08-27 04:00:00,L1,Night,Housing A,107,3,0,26.03,2.758
2025-08-27 04:00:00,L2,Night,Housing A,127,7,0,23.84,4.185
2025-08-27 04:00:00,L3,Night,Bracket B,132,3,0,25.52,2.304
2025-08-27 04:00:00,L4,Night,Bracket B,143,0,0,22.94,2.004
2025-08-27 05:00:00,L1,Night,Housing A,123,1,0,21.91,2.787
2025-08-27 05:00:00,L2,Night,Housing A,29,0,45,26.46,3.018
2025-08-27 05:00:00,L3,Night,Bracket B,123,4,0,24.57,2.023
2025-08-27 05:00:00,L4,Night,Bracket B,120,2,0,23.1,2.497
2025-08-27 06:00:00,L1,Day,Housing A,120,4,0,24.9,1.661
2025-08-27 06:00:00,L2,Day,Housing A,32,0,45,24.84,3.455
2025-08-27 06:00:00,L3,Day,Bracket B,117,9,0,28.1,1.972
2025-08-27 06:00:00,L4,Day,Bracket B,117,3,0,24.91,1.835
2025-08-27 07:00:00,L1,Day,Housing A,124,0,0,23.28,2.227
2025-08-27 07:00:00,L2,Day,Housing A,119,6,0,26.66,4.269
2025-08-27 07:00:00,L3,Day,Bracket B,111,5,0,30.38,2.094
2025-08-27 07:00:00,L4,Day,Bracket B,105,3,0,25.35,1.972
2025-08-27 08:00:00,L1,Day,Housing A,121,0,0,24.77,2.259
2025-08-27 08:00:00,L2,Day,Housing A,122,2,0,24.9,3.748
2025-08-27 08:00:00,L3,Day,Bracket B,119,7,0,32.62,2.214
2025-08-27 08:00:00,L4,Day,Bracket B,129,3,0,27.42,1.088
2025-08-27 09:00:00,L1,Day,Housing A,130,2,0,27.09,1.68
2025-08-27 09:00:00,L2,Day,Housing A,122,0,0,26.01,3.063
2025-08-27 09:00:00,L3,Day,Bracket B,103,2,0,27.23,2.058
2025-08-27 09:00:00,L4,Day,Bracket B,137,0,0,25.74,2.532
2025-08-27 10:00:00,L1,Day,Housing A,120,1,0,25.22,1.945
2025-08-27 10:00:00,L2,Day,Housing A,123,4,0,28.27,2.778
2025-08-27 10:00:00,L3,Day,Bracket B,107,4,0,30.77,2.238
2025-08-27 10:00:00,L4,Day,Bracket B,110,2,0,27.37,1.976
2025-08-27 11:00:00,L1,Day,Housing A,134,2,0,27.69,2.281
2025-08-27 11:00:00,L2,Day,Housing A,120,4,0,26.93,3.774
2025-08-27 11:00:00,L3,Day,Bracket B,61,0,30,30.49,2.148
2025-08-27 11:00:00,L4,Day,Bracket B,112,3,0,28.78,2.755
2025-08-27 12:00:00,L1,Day,Housing A,126,4,0,28.32,3.192
2025-08-27 12:00:00,L2,Day,Housing A,129,5,0,27.17,4.505
2025-08-27 12:00:00,L3,Day,Bracket B,117,4,0,31.1,2.056
2025-08-27 12:00:00,L4,Day,Bracket B,115,3,0,26.41,2.017
2025-08-27 13:00:00,L1,Day,Housing A,54,1,30,24.64,1.467
2025-08-27 13:00:00,L2,Day,Housing A,120,2,0,28.27,3.947
2025-08-27 13:00:00,L3,Day,Bracket B,121,6,5,31.67,2.256
2025-08-27 13:00:00,L4,Day,Bracket B,117,3,0,26.35,2.697
2025-08-27 14:00:00,L1,Evening,Housing A,117,2,0,24.44,1.347
2025-08-27 14:00:00,L2,Evening,Housing A,91,5,10,24.06,3.232
2025-08-27 14:00:00,L3,Evening,Bracket B,106,6,0,27.98,1.917
2025-08-27 14:00:00,L4,Evening,Bracket B,110,2,0,24.86,2.003
2025-08-27 15:00:00,L1,Evening,Housing A,123,0,0,23.56,1.874
2025-08-27 15:00:00,L2,Evening,Housing A,127,1,0,22.32,3.237
2025-08-27 15:00:00,L3,Evening,Bracket B,126,1,0,27.07,2.159
2025-08-27 15:00:00,L4,Evening,Bracket B,112,2,5,22.37,2.793
2025-08-27 16:00:00,L1,Evening,Housing A,126,2,0,23.75,2.357
2025-08-27 16:00:00,L2,Evening,Housing A,119,0,0,27.28,2.973
2025-08-27 16:00:00,L3,Evening,Bracket B,117,1,0,27.61,1.68
2025-08-27 16:00:00,L4,Evening,Bracket B,142,4,0,25.74,2.417
2025-08-27 17:00:00,L1,Evening,Housing A,121,0,0,23.75,1.982
2025-08-27 17:00:00,L2,Evening,Housing A,103,2,0,22.14,3.096
2025-08-27 17:00:00,L3,Evening,Bracket B,115,2,0,26.45,1.695
2025-08-27 17:00:00,L4,Evening,Bracket B,129,6,0,24.01,1.769
2025-08-27 18:00:00,L1,Evening,Housing A,141,4,0,26.7,1.746
2025-08-27 18:00:00,L2,Evening,Housing A,125,2,0,22.48,2.999
2025-08-27 18:00:00,L3,Evening,Bracket B,84,3,15,27.0,2.724
2025-08-27 18:00:00,L4,Evening,Bracket B,130,0,0,21.89,1.373
2025-08-27 19:00:00,L1,Evening,Housing A,119,0,0,23.82,2.056
2025-08-27 19:00:00,L2,Evening,Housing A,127,3,0,24.55,2.428
2025-08-27 19:00:00,L3,Evening,Bracket B,111,1,0,27.06,2.281
2025-08-27 19:00:00,L4,Evening,Bracket B,131,0,0,24.86,2.581
2025-08-27 20:00:00,L1,Evening,Housing A,119,0,0,23.74,2.208
2025-08-27 20:00:00,L2,Evening,Housing A,122,8,0,26.57,3.27
2025-08-27 20:00:00,L3,Evening,Bracket B,123,4,0,27.68,2.342
2025-08-27 20:00:00,L4,Evening,Bracket B,127,1,0,23.3,2.042
2025-08-27 21:00:00,L1,Evening,Housing A,115,2,0,22.6,3.017
2025-08-27 21:00:00,L2,Evening,Housing A,119,0,0,22.03,2.661
2025-08-27 21:00:00,L3,Evening,Bracket B,86,1,15,27.7,1.664
2025-08-27 21:00:00,L4,Evening,Bracket B,113,2,0,26.37,1.607
2025-08-27 22:00:00,L1,Night,Housing A,99,2,0,24.54,1.884
2025-08-27 22:00:00,L2,Night,Housing A,117,0,0,22.68,2.592
2025-08-27 22:00:00,L3,Night,Bracket B,105,5,0,28.87,2.621
2025-08-27 22:00:00,L4,Night,Bracket B,117,2,0,24.28,2.891
2025-08-27 23:00:00,L1,Night,Housing A,115,0,0,23.86,1.599
2025-08-27 23:00:00,L2,Night,Housing A,107,0,0,21.36,2.136
2025-08-27 23:00:00,L3,Night,Bracket B,117,4,0,27.94,1.889
2025-08-27 23:00:00,L4,Night,Bracket B,113,1,0,23.99,2.115
2025-08-28 00:00:00,L1,Night,Housing A,121,2,0,21.68,2.701
2025-08-28 00:00:00,L2,Night,Housing A,118,3,0,25.57,2.852
2025-08-28 00:00:00,L3,Night,Bracket B,112,4,0,26.76,1.981
2025-08-28 00:00:00,L4,Night,Bracket B,106,1,0,24.79,1.498
2025-08-28 01:00:00,L1,Night,Housing A,114,5,0,23.88,1.66
2025-08-28 01:00:00,L2,Night,Housing A,108,2,0,25.6,2.283
2025-08-28 01:00:00,L3,Night,Bracket B,110,1,0,26.62,1.989
2025-08-28 01:00:00,L4,Night,Bracket B,112,0,0,23.71,2.375
2025-08-28 02:00:00,L1,Night,Housing A,116,3,0,25.41,2.169
2025-08-28 02:00:00,L2,Night,Housing A,117,2,0,25.4,2.565
2025-08-28 02:00:00,L3,Night,Bracket B,106,2,0,29.15,1.985
2025-08-28 02:00:00,L4,Night,Bracket B,109,2,0,23.74,2.706
2025-08-28 03:00:00,L1,Night,Housing A,125,0,0,21.98,2.439
2025-08-28 03:00:00,L2,Night,Housing A,118,4,0,26.25,3.803
2025-08-28 03:00:00,L3,Night,Bracket B,118,5,0,27.39,2.549
2025-08-28 03:00:00,L4,Night,Bracket B,98,3,15,23.6,1.852
2025-08-28 04:00:00,L1,Night,Housing A,121,3,0,25.77,1.744
2025-08-28 04:00:00,L2,Night,Housing A,121,2,0,23.13,3.217
2025-08-28 04:00:00,L3,Night,Bracket B,105,0,0,26.42,2.978
2025-08-28 04:00:00,L4,Night,Bracket B,125,1,0,22.92,2.235
2025-08-28 05:00:00,L1,Night,Housing A,118,1,0,24.26,2.5
2025-08-28 05:00:00,L2,Night,Housing A,115,2,0,25.2,2.865
2025-08-28 05:00:00,L3,Night,Bracket B,120,3,0,29.16,1.845
2025-08-28 05:00:00,L4,Night,Bracket B,129,1,0,22.11,2.652
2025-08-28 06:00:00,L1,Day,Housing A,115,0,0,28.16,1.216
2025-08-28 06:00:00,L2,Day,Housing A,84,3,15,29.43,2.654
2025-08-28 06:00:00,L3,Day,Bracket B,119,4,0,28.35,3.151
2025-08-28 06:00:00,L4,Day,Bracket B,121,3,0,29.45,1.525
2025-08-28 07:00:00,L1,Day,Housing A,129,1,0,26.22,1.86
2025-08-28 07:00:00,L2,Day,Housing A,63,1,30,26.39,2.685
2025-08-28 07:00:00,L3,Day,Bracket B,127,4,0,32.53,2.744
2025-08-28 07:00:00,L4,Day,Bracket B,126,2,0,28.35,1.795
2025-08-28 08:00:00,L1,Day,Housing A,127,1,0,25.23,2.135
2025-08-28 08:00:00,L2,Day,Housing A,125,4,0,25.98,2.681
2025-08-28 08:00:00,L3,Day,Bracket B,139,10,0,29.99,1.665
2025-08-28 08:00:00,L4,Day,Bracket B,131,5,0,26.12,1.65
2025-08-28 09:00:00,L1,Day,Housing A,117,3,0,27.72,1.71
2025-08-28 09:00:00,L2,Day,Housing A,135,0,0,23.42,3.203
2025-08-28 09:00:00,L3,Day,Bracket B,134,7,0,28.89,3.09
2025-08-28 09:00:00,L4,Day,Bracket B,127,1,0,25.41,2.208
2025-08-28 10:00:00,L1,Day,Housing A,123,3,0,25.36,2.005
2025-08-28 10:00:00,L2,Day,Housing A,120,0,0,24.39,3.963
2025-08-28 10:00:00,L3,Day,Bracket B,121,4,0,30.75,2.303
2025-08-28 10:00:00,L4,Day,Bracket B,114,11,0,33.63,1.716
2025-08-28 11:00:00,L1,Day,Housing A,111,1,0,27.94,1.948
2025-08-28 11:00:00,L2,Day,Housing A,127,7,0,27.05,2.623
2025-08-28 11:00:00,L3,Day,Bracket B,121,3,0,27.51,2.271
2025-08-28 11:00:00,L4,Day,Bracket B,120,4,0,27.81,2.426
2025-08-28 12:00:00,L1,Day,Housing A,57,0,30,24.12,2.129
2025-08-28 12:00:00,L2,Day,Housing A,127,0,0,24.72,3.713
2025-08-28 12:00:00,L3,Day,Bracket B,106,5,0,30.78,2.239
2025-08-28 12:00:00,L4,Day,Bracket B,118,5,0,27.67,1.289
2025-08-28 13:00:00,L1,Day,Housing A,120,1,0,24.07,1.985
2025-08-28 13:00:00,L2,Day,Housing A,108,1,0,23.34,2.31
2025-08-28 13:00:00,L3,Day,Bracket B,100,5,5,30.35,2.187
2025-08-28 13:00:00,L4,Day,Bracket B,128,5,0,28.09,1.649
2025-08-28 14:00:00,L1,Evening,Housing A,116,2,0,22.7,2.574
2025-08-28 14:00:00,L2,Evening,Housing A,108,1,0,21.22,3.511
2025-08-28 14:00:00,L3,Evening,Bracket B,121,4,0,27.68,2.109
2025-08-28 14:00:00,L4,Evening,Bracket B,124,2,0,25.9,2.261
2025-08-28 15:00:00,L1,Evening,Housing A,125,3,0,23.41,2.882
2025-08-28 15:00:00,L2,Evening,Housing A,110,1,0,24.09,2.392
2025-08-28 15:00:00,L3,Evening,Bracket B,120,3,0,27.53,2.397
2025-08-28 15:00:00,L4,Evening,Bracket B,132,3,0,21.92,2.726
2025-08-28 16:00:00,L1,Evening,Housing A,108,1,0,23.79,1.251
2025-08-28 16:00:00,L2,Evening,Housing A,122,0,0,22.36,3.247
2025-08-28 16:00:00,L3,Evening,Bracket B,115,5,0,30.92,1.997
2025-08-28 16:00:00,L4,Evening,Bracket B,114,2,0,27.01,2.723
2025-08-28 17:00:00,L1,Evening,Housing A,118,0,0,25.59,1.817
2025-08-28 17:00:00,L2,Evening,Housing A,110,2,0,24.7,3.845
2025-08-28 17:00:00,L3,Evening,Bracket B,118,4,0,29.49,1.641
2025-08-28 17:00:00,L4,Evening,Bracket B,128,4,0,23.56,2.564
2025-08-28 18:00:00,L1,Evening,Housing A,117,0,0,23.54,1.563
2025-08-28 18:00:00,L2,Evening,Housing A,130,1,0,25.21,2.73
2025-08-28 18:00:00,L3,Evening,Bracket B,137,6,0,27.81,2.81
2025-08-28 18:00:00,L4,Evening,Bracket B,120,2,0,23.85,2.082
2025-08-28 19:00:00,L1,Evening,Housing A,127,6,0,22.15,3.357
2025-08-28 19:00:00,L2,Evening,Housing A,126,0,0,24.39,2.746
2025-08-28 19:00:00,L3,Evening,Bracket B,123,2,0,25.62,2.149
2025-08-28 19:00:00,L4,Evening,Bracket B,118,0,0,21.93,1.926
2025-08-28 20:00:00,L1,Evening,Housing A,112,2,0,23.75,1.796
2025-08-28 20:00:00,L2,Evening,Housing A,132,2,0,25.37,2.526
2025-08-28 20:00:00,L3,Evening,Bracket B,126,1,0,25.16,2.756
2025-08-28 20:00:00,L4,Evening,Bracket B,114,3,0,24.72,2.229
2025-08-28 21:00:00,L1,Evening,Housing A,120,2,0,24.85,2.236
2025-08-28 21:00:00,L2,Evening,Housing A,73,0,15,25.19,3.351
2025-08-28 21:00:00,L3,Evening,Bracket B,126,5,0,29.58,2.63
2025-08-28 21:00:00,L4,Evening,Bracket B,134,1,0,24.37,2.673
2025-08-28 22:00:00,L1,Night,Housing A,119,2,0,25.12,2.757
2025-08-28 22:00:00,L2,Night,Housing A,125,4,0,24.05,3.534
2025-08-28 22:00:00,L3,Night,Bracket B,113,0,0,24.37,1.14
2025-08-28 22:00:00,L4,Night,Bracket B,112,0,0,21.78,1.726
2025-08-28 23:00:00,L1,Night,Housing A,109,1,0,24.34,2.235
2025-08-28 23:00:00,L2,Night,Housing A,121,0,0,24.7,2.308
2025-08-28 23:00:00,L3,Night,Bracket B,113,3,0,28.55,1.89
2025-08-28 23:00:00,L4,Night,Bracket B,133,0,0,24.12,2.764
2025-08-29 00:00:00,L1,Night,Housing A,127,1,0,22.89,1.514
2025-08-29 00:00:00,L2,Night,Housing A,106,2,0,22.78,3.331
2025-08-29 00:00:00,L3,Night,Bracket B,132,4,0,27.67,2.636
2025-08-29 00:00:00,L4,Night,Bracket B,102,4,5,23.12,3.274
2025-08-29 01:00:00,L1,Night,Housing A,127,0,0,24.48,2.207
2025-08-29 01:00:00,L2,Night,Housing A,57,1,30,24.66,3.58
2025-08-29 01:00:00,L3,Night,Bracket B,131,5,0,28.6,2.191
2025-08-29 01:00:00,L4,Night,Bracket B,109,2,0,23.51,3.266
2025-08-29 02:00:00,L1,Night,Housing A,125,4,0,24.57,2.088
2025-08-29 02:00:00,L2,Night,Housing A,115,3,0,24.97,2.605
2025-08-29 02:00:00,L3,Night,Bracket B,124,2,0,27.6,2.413
2025-08-29 02:00:00,L4,Night,Bracket B,121,1,0,23.02,1.061
2025-08-29 03:00:00,L1,Night,Housing A,126,2,0,26.58,2.493
2025-08-29 03:00:00,L2,Night,Housing A,113,3,0,19.79,2.329
2025-08-29 03:00:00,L3,Night,Bracket B,122,0,0,26.46,1.914
2025-08-29 03:00:00,L4,Night,Bracket B,119,3,0,22.48,0.827
2025-08-29 04:00:00,L1,Night,Housing A,119,0,0,23.1,2.407
2025-08-29 04:00:00,L2,Night,Housing A,131,2,0,22.3,3.07
2025-08-29 04:00:00,L3,Night,Bracket B,124,3,0,28.17,1.637
2025-08-29 04:00:00,L4,Night,Bracket B,112,1,0,23.84,2.616
2025-08-29 05:00:00,L1,Night,Housing A,121,1,0,25.25,2.011
2025-08-29 05:00:00,L2,Night,Housing A,128,2,0,22.88,2.142
2025-08-29 05:00:00,L3,Night,Bracket B,103,7,0,30.07,2.334
2025-08-29 05:00:00,L4,Night,Bracket B,123,1,0,24.16,2.846
2025-08-29 06:00:00,L1,Day,Housing A,137,4,0,26.39,3.029
2025-08-29 06:00:00,L2,Day,Housing A,119,1,0,23.94,2.611
2025-08-29 06:00:00,L3,Day,Bracket B,108,1,0,29.32,1.664
2025-08-29 06:00:00,L4,Day,Bracket B,119,0,0,25.45,2.167
2025-08-29 07:00:00,L1,Day,Housing A,123,3,0,24.14,3.003
2025-08-29 07:00:00,L2,Day,Housing A,134,2,0,24.36,2.761
2025-08-29 07:00:00,L3,Day,Bracket B,114,5,0,28.18,2.505
2025-08-29 07:00:00,L4,Day,Bracket B,123,0,5,25.09,2.076
2025-08-29 08:00:00,L1,Day,Housing A,114,2,0,25.38,2.414
2025-08-29 08:00:00,L2,Day,Housing A,117,3,0,23.66,2.895
2025-08-29 08:00:00,L3,Day,Bracket B,112,4,10,30.65,2.426
2025-08-29 08:00:00,L4,Day,Bracket B,121,0,5,24.84,2.119
2025-08-29 09:00:00,L1,Day,Housing A,125,3,0,27.37,2.241
2025-08-29 09:00:00,L2,Day,Housing A,132,2,0,25.76,2.079
2025-08-29 09:00:00,L3,Day,Bracket B,113,4,0,28.23,2.804
2025-08-29 09:00:00,L4,Day,Bracket B,126,5,0,26.25,1.508
2025-08-29 10:00:00,L1,Day,Housing A,128,4,0,28.88,1.56
2025-08-29 10:00:00,L2,Day,Housing A,135,7,0,27.5,3.648
2025-08-29 10:00:00,L3,Day,Bracket B,131,9,0,30.51,1.494
2025-08-29 10:00:00,L4,Day,Bracket B,122,5,0,27.57,1.412
2025-08-29 11:00:00,L1,Day,Housing A,122,6,0,26.45,2.508
2025-08-29 11:00:00,L2,Day,Housing A,116,3,0,27.49,2.37
2025-08-29 11:00:00,L3,Day,Bracket B,115,7,0,32.18,1.93
2025-08-29 11:00:00,L4,Day,Bracket B,111,4,0,26.47,2.598
2025-08-29 12:00:00,L1,Day,Housing A,116,1,0,26.39,1.579
2025-08-29 12:00:00,L2,Day,Housing A,133,4,0,27.53,3.758
2025-08-29 12:00:00,L3,Day,Bracket B,124,9,0,30.16,2.33
2025-08-29 12:00:00,L4,Day,Bracket B,115,3,0,25.75,1.802
2025-08-29 13:00:00,L1,Day,Housing A,123,2,0,25.85,1.937
2025-08-29 13:00:00,L2,Day,Housing A,130,1,0,23.85,3.109
2025-08-29 13:00:00,L3,Day,Bracket B,119,1,0,29.73,2.41
2025-08-29 13:00:00,L4,Day,Bracket B,121,4,0,27.95,1.692
2025-08-29 14:00:00,L1,Evening,Housing A,120,3,0,23.22,3.118
2025-08-29 14:00:00,L2,Evening,Housing A,118,1,0,22.69,2.231
2025-08-29 14:00:00,L3,Evening,Bracket B,105,2,15,23.74,2.352
2025-08-29 14:00:00,L4,Evening,Bracket B,125,1,0,24.23,1.047
2025-08-29 15:00:00,L1,Evening,Housing A,113,3,0,23.57,1.921
2025-08-29 15:00:00,L2,Evening,Housing A,93,1,15,25.76,2.415
2025-08-29 15:00:00,L3,Evening,Bracket B,103,0,0,26.02,2.422
2025-08-29 15:00:00,L4,Evening,Bracket B,121,3,0,25.35,2.196
2025-08-29 16:00:00,L1,Evening,Housing A,112,4,0,24.92,2.772
2025-08-29 16:00:00,L2,Evening,Housing A,134,4,0,24.61,3.977
2025-08-29 16:00:00,L3,Evening,Bracket B,114,8,0,30.11,2.717
2025-08-29 16:00:00,L4,Evening,Bracket B,119,1,0,25.91,2.594
2025-08-29 17:00:00,L1,Evening,Housing A,113,3,0,21.61,0.994
2025-08-29 17:00:00,L2,Evening,Housing A,118,0,0,22.82,2.695
2025-08-29 17:00:00,L3,Evening,Bracket B,118,0,0,25.92,1.736
2025-08-29 17:00:00,L4,Evening,Bracket B,121,2,0,23.87,2.842
2025-08-29 18:00:00,L1,Evening,Housing A,118,1,0,23.53,2.361
2025-08-29 18:00:00,L2,Evening,Housing A,106,3,0,23.59,3.152
2025-08-29 18:00:00,L3,Evening,Bracket B,30,1,45,27.56,1.883
2025-08-29 18:00:00,L4,Evening,Bracket B,130,5,0,22.89,2.751
2025-08-29 19:00:00,L1,Evening,Housing A,116,1,0,22.29,2.695
2025-08-29 19:00:00,L2,Evening,Housing A,128,1,0,22.46,3.71
2025-08-29 19:00:00,L3,Evening,Bracket B,120,3,0,27.58,2.624
2025-08-29 19:00:00,L4,Evening,Bracket B,100,2,0,24.68,2.01
2025-08-29 20:00:00,L1,Evening,Housing A,115,1,0,23.81,2.502
2025-08-29 20:00:00,L2,Evening,Housing A,116,0,0,22.81,2.385
2025-08-29 20:00:00,L3,Evening,Bracket B,115,3,0,27.46,1.585
2025-08-29 20:00:00,L4,Evening,Bracket B,120,0,0,25.21,1.888
2025-08-29 21:00:00,L1,Evening,Housing A,109,0,0,23.15,1.921
2025-08-29 21:00:00,L2,Evening,Housing A,124,3,0,23.92,3.204
2025-08-29 21:00:00,L3,Evening,Bracket B,115,6,0,27.11,1.632
2025-08-29 21:00:00,L4,Evening,Bracket B,102,1,5,26.43,1.897
2025-08-29 22:00:00,L1,Night,Housing A,106,2,0,24.65,1.906
2025-08-29 22:00:00,L2,Night,Housing A,116,2,0,22.6,2.828
2025-08-29 22:00:00,L3,Night,Bracket B,126,5,0,27.69,2.346
2025-08-29 22:00:00,L4,Night,Bracket B,111,1,0,24.9,2.465
2025-08-29 23:00:00,L1,Night,Housing A,136,2,0,21.45,2.583
2025-08-29 23:00:00,L2,Night,Housing A,127,1,0,23.35,3.588
2025-08-29 23:00:00,L3,Night,Bracket B,123,3,0,26.01,1.703
2025-08-29 23:00:00,L4,Night,Bracket B,115,2,0,23.76,2.476
2025-08-30 00:00:00,L1,Night,Housing A,118,2,0,25.53,2.271
2025-08-30 00:00:00,L2,Night,Housing A,120,2,0,25.36,2.292
2025-08-30 00:00:00,L3,Night,Bracket B,122,7,0,29.98,1.648
2025-08-30 00:00:00,L4,Night,Bracket B,132,2,0,25.34,2.405
2025-08-30 01:00:00,L1,Night,Housing A,131,3,0,25.65,2.068
2025-08-30 01:00:00,L2,Night,Housing A,115,3,0,25.55,3.779
2025-08-30 01:00:00,L3,Night,Bracket B,134,3,0,27.76,2.383
2025-08-30 01:00:00,L4,Night,Bracket B,118,1,0,23.37,3.146
2025-08-30 02:00:00,L1,Night,Housing A,119,1,0,22.0,1.803
2025-08-30 02:00:00,L2,Night,Housing A,122,2,0,22.62,3.413
2025-08-30 02:00:00,L3,Night,Bracket B,124,6,0,27.35,1.9
2025-08-30 02:00:00,L4,Night,Bracket B,114,0,0,23.95,1.952
2025-08-30 03:00:00,L1,Night,Housing A,120,1,0,22.13,1.414
2025-08-30 03:00:00,L2,Night,Housing A,126,1,0,24.4,2.876
2025-08-30 03:00:00,L3,Night,Bracket B,126,3,0,30.8,2.143
2025-08-30 03:00:00,L4,Night,Bracket B,109,2,0,21.13,2.456
2025-08-30 04:00:00,L1,Night,Housing A,120,2,0,23.65,1.845
2025-08-30 04:00:00,L2,Night,Housing A,127,1,0,24.8,2.907
2025-08-30 04:00:00,L3,Night,Bracket B,110,4,0,25.9,2.957
2025-08-30 04:00:00,L4,Night,Bracket B,123,1,0,23.45,2.368
2025-08-30 05:00:00,L1,Night,Housing A,95,1,15,28.86,2.856
2025-08-30 05:00:00,L2,Night,Housing A,128,1,0,23.01,3.191
2025-08-30 05:00:00,L3,Night,Bracket B,118,3,0,25.88,2.542
2025-08-30 05:00:00,L4,Night,Bracket B,111,1,0,21.48,2.054
2025-08-30 06:00:00,L1,Day,Housing A,100,1,10,24.35,1.805
2025-08-30 06:00:00,L2,Day,Housing A,110,0,0,24.86,3.534
2025-08-30 06:00:00,L3,Day,Bracket B,124,4,0,32.55,2.444
2025-08-30 06:00:00,L4,Day,Bracket B,116,0,0,25.18,2.051
2025-08-30 07:00:00,L1,Day,Housing A,110,3,0,23.88,2.935
2025-08-30 07:00:00,L2,Day,Housing A,135,3,0,26.41,2.437
2025-08-30 07:00:00,L3,Day,Bracket B,122,4,0,32.06,1.298
2025-08-30 07:00:00,L4,Day,Bracket B,114,4,0,28.06,2.546
2025-08-30 08:00:00,L1,Day,Housing A,130,3,0,27.28,1.768
2025-08-30 08:00:00,L2,Day,Housing A,123,1,0,24.31,2.587
2025-08-30 08:00:00,L3,Day,Bracket B,108,3,0,32.14,2.443
2025-08-30 08:00:00,L4,Day,Bracket B,122,3,0,28.26,2.18
2025-08-30 09:00:00,L1,Day,Housing A,112,4,0,27.56,1.81
2025-08-30 09:00:00,L2,Day,Housing A,109,4,0,26.35,2.831
2025-08-30 09:00:00,L3,Day,Bracket B,136,8,0,31.49,2.453
2025-08-30 09:00:00,L4,Day,Bracket B,134,3,0,25.65,2.918
2025-08-30 10:00:00,L1,Day,Housing A,103,1,0,24.76,1.631
2025-08-30 10:00:00,L2,Day,Housing A,95,3,10,26.9,2.132
2025-08-30 10:00:00,L3,Day,Bracket B,117,5,0,31.03,2.478
2025-08-30 10:00:00,L4,Day,Bracket B,93,0,0,27.28,1.619
2025-08-30 11:00:00,L1,Day,Housing A,135,1,0,25.23,1.54
2025-08-30 11:00:00,L2,Day,Housing A,112,3,0,27.98,4.016
2025-08-30 11:00:00,L3,Day,Bracket B,111,6,0,29.8,2.796
2025-08-30 11:00:00,L4,Day,Bracket B,115,1,0,25.92,2.607
2025-08-30 12:00:00,L1,Day,Housing A,121,4,0,27.35,1.873
2025-08-30 12:00:00,L2,Day,Housing A,130,1,0,23.99,2.762
2025-08-30 12:00:00,L3,Day,Bracket B,120,6,0,30.89,1.801
2025-08-30 12:00:00,L4,Day,Bracket B,131,0,0,24.08,2.438
2025-08-30 13:00:00,L1,Day,Housing A,125,3,0,27.7,2.481
2025-08-30 13:00:00,L2,Day,Housing A,126,3,0,27.21,3.145
2025-08-30 13:00:00,L3,Day,Bracket B,120,1,0,27.11,2.21
2025-08-30 13:00:00,L4,Day,Bracket B,116,2,0,28.06,1.637
2025-08-30 14:00:00,L1,Evening,Housing A,124,1,0,27.19,2.253
2025-08-30 14:00:00,L2,Evening,Housing A,113,0,0,23.29,2.253
2025-08-30 14:00:00,L3,Evening,Bracket B,99,0,0,25.46,2.272
2025-08-30 14:00:00,L4,Evening,Bracket B,119,2,0,20.95,2.09
2025-08-30 15:00:00,L1,Evening,Housing A,124,4,0,22.45,1.621
2025-08-30 15:00:00,L2,Evening,Housing A,124,4,0,23.87,2.956
2025-08-30 15:00:00,L3,Evening,Bracket B,121,1,0,27.24,2.644
2025-08-30 15:00:00,L4,Evening,Bracket B,124,0,0,20.28,1.735
2025-08-30 16:00:00,L1,Evening,Housing A,109,0,0,24.17,2.7
2025-08-30 16:00:00,L2,Evening,Housing A,134,2,0,24.17,3.451
2025-08-30 16:00:00,L3,Evening,Bracket B,112,4,0,30.39,3.225
2025-08-30 16:00:00,L4,Evening,Bracket B,107,1,0,24.41,1.735
2025-08-30 17:00:00,L1,Evening,Housing A,109,3,0,27.94,2.393
2025-08-30 17:00:00,L2,Evening,Housing A,117,3,0,25.22,3.505
2025-08-30 17:00:00,L3,Evening,Bracket B,120,6,0,27.26,2.211
2025-08-30 17:00:00,L4,Evening,Bracket B,116,1,0,24.32,2.164
2025-08-30 18:00:00,L1,Evening,Housing A,28,0,45,27.03,1.009
2025-08-30 18:00:00,L2,Evening,Housing A,127,1,0,24.49,3.669
2025-08-30 18:00:00,L3,Evening,Bracket B,125,6,0,30.03,3.155
2025-08-30 18:00:00,L4,Evening,Bracket B,121,2,0,23.75,1.994
2025-08-30 19:00:00,L1,Evening,Housing A,128,1,0,23.09,2.087
2025-08-30 19:00:00,L2,Evening,Housing A,105,3,0,22.38,2.581
2025-08-30 19:00:00,L3,Evening,Bracket B,111,1,0,27.03,2.648
2025-08-30 19:00:00,L4,Evening,Bracket B,101,2,10,25.22,0.937
2025-08-30 20:00:00,L1,Evening,Housing A,114,2,0,23.84,1.965
2025-08-30 20:00:00,L2,Evening,Housing A,124,0,0,24.31,3.255
2025-08-30 20:00:00,L3,Evening,Bracket B,112,4,0,28.13,2.105
2025-08-30 20:00:00,L4,Evening,Bracket B,65,1,30,22.06,2.582
2025-08-30 21:00:00,L1,Evening,Housing A,120,6,0,29.04,2.333
2025-08-30 21:00:00,L2,Evening,Housing A,127,5,0,22.07,3.661
2025-08-30 21:00:00,L3,Evening,Bracket B,116,3,0,28.27,1.802
2025-08-30 21:00:00,L4,Evening,Bracket B,123,1,0,26.87,2.045
2025-08-30 22:00:00,L1,Night,Housing A,109,0,0,24.43,2.983
2025-08-30 22:00:00,L2,Night,Housing A,124,3,0,26.48,3.343
2025-08-30 22:00:00,L3,Night,Bracket B,127,2,0,27.09,3.203
2025-08-30 22:00:00,L4,Night,Bracket B,118,1,0,23.5,2.75
2025-08-30 23:00:00,L1,Night,Housing A,123,0,0,22.93,2.966
2025-08-30 23:00:00,L2,Night,Housing A,117,2,0,23.87,2.951
2025-08-30 23:00:00,L3,Night,Bracket B,119,4,0,28.58,2.559
2025-08-30 23:00:00,L4,Night,Bracket B,116,3,0,23.14,2.319
2025-08-31 00:00:00,L1,Night,Housing A,110,1,0,23.5,2.906
2025-08-31 00:00:00,L2,Night,Housing A,126,1,0,23.81,2.48
2025-08-31 00:00:00,L3,Night,Bracket B,104,2,0,27.68,2.694
2025-08-31 00:00:00,L4,Night,Bracket B,120,1,0,24.66,2.085
2025-08-31 01:00:00,L1,Night,Housing A,120,4,0,27.96,1.707
2025-08-31 01:00:00,L2,Night,Housing A,127,4,0,24.37,3.133
2025-08-31 01:00:00,L3,Night,Bracket B,117,4,0,28.58,1.823
2025-08-31 01:00:00,L4,Night,Bracket B,104,3,0,25.63,2.375
2025-08-31 02:00:00,L1,Night,Housing A,134,1,0,22.07,2.36
2025-08-31 02:00:00,L2,Night,Housing A,117,0,0,23.82,2.888
2025-08-31 02:00:00,L3,Night,Bracket B,30,0,45,24.99,2.362
2025-08-31 02:00:00,L4,Night,Bracket B,111,2,0,23.36,2.757
2025-08-31 03:00:00,L1,Night,Housing A,120,3,0,26.25,1.585
2025-08-31 03:00:00,L2,Night,Housing A,131,1,0,22.67,3.391
2025-08-31 03:00:00,L3,Night,Bracket B,118,2,0,26.68,2.351
2025-08-31 03:00:00,L4,Night,Bracket B,134,1,0,24.15,1.608
2025-08-31 04:00:00,L1,Night,Housing A,121,2,0,24.01,1.939
2025-08-31 04:00:00,L2,Night,Housing A,121,2,0,24.59,2.296
2025-08-31 04:00:00,L3,Night,Bracket B,123,2,0,24.61,2.202
2025-08-31 04:00:00,L4,Night,Bracket B,142,1,0,25.06,1.654
2025-08-31 05:00:00,L1,Night,Housing A,134,4,0,23.75,1.475
2025-08-31 05:00:00,L2,Night,Housing A,118,4,0,24.67,3.372
2025-08-31 05:00:00,L3,Night,Bracket B,89,6,15,30.61,2.504
2025-08-31 05:00:00,L4,Night,Bracket B,117,3,0,25.3,2.932
2025-08-31 06:00:00,L1,Day,Housing A,109,1,0,28.29,2.33
2025-08-31 06:00:00,L2,Day,Housing A,111,1,0,26.45,3.767
2025-08-31 06:00:00,L3,Day,Bracket B,97,7,0,30.74,2.083
2025-08-31 06:00:00,L4,Day,Bracket B,122,4,0,24.59,2.885
2025-08-31 07:00:00,L1,Day,Housing A,131,2,0,25.39,2.184
2025-08-31 07:00:00,L2,Day,Housing A,130,4,0,27.56,3.323
2025-08-31 07:00:00,L3,Day,Bracket B,135,4,0,29.59,2.204
2025-08-31 07:00:00,L4,Day,Bracket B,117,3,0,27.88,1.658
2025-08-31 08:00:00,L1,Day,Housing A,122,1,0,26.35,2.043
2025-08-31 08:00:00,L2,Day,Housing A,120,0,0,23.26,2.331
2025-08-31 08:00:00,L3,Day,Bracket B,124,11,0,30.88,2.625
2025-08-31 08:00:00,L4,Day,Bracket B,92,4,15,28.77,3.24
2025-08-31 09:00:00,L1,Day,Housing A,116,3,0,27.91,3.361
2025-08-31 09:00:00,L2,Day,Housing A,113,2,0,27.28,2.832
2025-08-31 09:00:00,L3,Day,Bracket B,129,6,0,31.08,2.638
2025-08-31 09:00:00,L4,Day,Bracket B,129,1,0,24.51,1.749
2025-08-31 10:00:00,L1,Day,Housing A,126,3,0,26.1,1.396
2025-08-31 10:00:00,L2,Day,Housing A,125,2,0,26.91,2.785
2025-08-31 10:00:00,L3,Day,Bracket B,113,5,0,30.63,2.03
2025-08-31 10:00:00,L4,Day,Bracket B,122,3,0,26.51,1.332
2025-08-31 11:00:00,L1,Day,Housing A,106,2,0,27.93,1.876
2025-08-31 11:00:00,L2,Day,Housing A,135,1,0,25.47,2.806
2025-08-31 11:00:00,L3,Day,Bracket B,121,6,0,30.55,2.423
2025-08-31 11:00:00,L4,Day,Bracket B,111,6,0,27.87,1.583
2025-08-31 12:00:00,L1,Day,Housing A,123,1,0,25.27,1.552
2025-08-31 12:00:00,L2,Day,Housing A,113,2,0,25.26,2.987
2025-08-31 12:00:00,L3,Day,Bracket B,123,6,0,31.2,1.905
2025-08-31 12:00:00,L4,Day,Bracket B,116,1,5,27.3,2.182
2025-08-31 13:00:00,L1,Day,Housing A,126,1,0,27.76,3.154
2025-08-31 13:00:00,L2,Day,Housing A,134,2,0,24.04,3.199
2025-08-31 13:00:00,L3,Day,Bracket B,124,9,0,34.03,2.286
2025-08-31 13:00:00,L4,Day,Bracket B,114,2,0,25.59,2.467
2025-08-31 14:00:00,L1,Evening,Housing A,117,1,0,25.61,2.663
2025-08-31 14:00:00,L2,Evening,Housing A,119,1,0,23.93,3.03
2025-08-31 14:00:00,L3,Evening,Bracket B,126,2,0,27.17,1.5
2025-08-31 14:00:00,L4,Evening,Bracket B,125,3,0,24.35,2.096
2025-08-31 15:00:00,L1,Evening,Housing A,125,1,0,25.03,2.265
2025-08-31 15:00:00,L2,Evening,Housing A,124,0,0,24.22,2.934
2025-08-31 15:00:00,L3,Evening,Bracket B,110,2,0,25.92,2.402
2025-08-31 15:00:00,L4,Evening,Bracket B,140,0,0,23.69,2.976
2025-08-31 16:00:00,L1,Evening,Housing A,131,2,0,25.69,2.165
2025-08-31 16:00:00,L2,Evening,Housing A,115,2,0,21.86,3.345
2025-08-31 16:00:00,L3,Evening,Bracket B,129,1,0,27.66,2.04
2025-08-31 16:00:00,L4,Evening,Bracket B,113,1,0,23.24,2.523
2025-08-31 17:00:00,L1,Evening,Housing A,128,2,0,21.58,2.206
2025-08-31 17:00:00,L2,Evening,Housing A,111,3,0,25.39,1.878
2025-08-31 17:00:00,L3,Evening,Bracket B,117,5,0,27.91,3.087
2025-08-31 17:00:00,L4,Evening,Bracket B,134,0,0,23.8,1.897
2025-08-31 18:00:00,L1,Evening,Housing A,129,4,0,23.73,2.011
2025-08-31 18:00:00,L2,Evening,Housing A,124,0,0,23.99,3.497
2025-08-31 18:00:00,L3,Evening,Bracket B,137,4,0,27.5,1.952
2025-08-31 18:00:00,L4,Evening,Bracket B,129,1,0,22.83,2.968
2025-08-31 19:00:00,L1,Evening,Housing A,108,1,0,24.07,2.78
2025-08-31 19:00:00,L2,Evening,Housing A,107,2,0,23.88,3.839
2025-08-31 19:00:00,L3,Evening,Bracket B,113,4,0,26.91,2.074
2025-08-31 19:00:00,L4,Evening,Bracket B,121,4,0,24.72,2.448
2025-08-31 20:00:00,L1,Evening,Housing A,115,1,0,19.61,2.336
2025-08-31 20:00:00,L2,Evening,Housing A,120,1,0,23.41,4.033
2025-08-31 20:00:00,L3,Evening,Bracket B,114,2,0,27.15,1.169
2025-08-31 20:00:00,L4,Evening,Bracket B,29,0,45,21.04,2.214
2025-08-31 21:00:00,L1,Evening,Housing A,119,1,0,24.18,1.926
2025-08-31 21:00:00,L2,Evening,Housing A,120,2,0,21.71,2.65
2025-08-31 21:00:00,L3,Evening,Bracket B,125,6,0,27.67,3.382
2025-08-31 21:00:00,L4,Evening,Bracket B,114,1,0,21.44,1.983
2025-08-31 22:00:00,L1,Night,Housing A,114,1,0,23.48,1.947
2025-08-31 22:00:00,L2,Night,Housing A,108,1,0,24.34,2.949
2025-08-31 22:00:00,L3,Night,Bracket B,110,2,0,28.08,1.121
2025-08-31 22:00:00,L4,Night,Bracket B,114,0,0,24.23,1.9
2025-08-31 23:00:00,L1,Night,Housing A,130,3,0,22.0,2.915
2025-08-31 23:00:00,L2,Night,Housing A,118,1,0,24.32,3.351
2025-08-31 23:00:00,L3,Night,Bracket B,122,6,0,27.91,2.218
2025-08-31 23:00:00,L4,Night,Bracket B,133,1,0,20.84,2.72
2025-09-01 00:00:00,L1,Night,Housing A,117,1,0,23.49,1.987
2025-09-01 00:00:00,L2,Night,Housing A,127,2,0,24.03,3.167
2025-09-01 00:00:00,L3,Night,Bracket B,109,3,0,27.11,2.212
2025-09-01 00:00:00,L4,Night,Bracket B,129,2,0,21.63,1.993
2025-09-01 01:00:00,L1,Night,Housing A,122,2,0,21.82,2.888
2025-09-01 01:00:00,L2,Night,Housing A,118,1,0,25.55,2.682
2025-09-01 01:00:00,L3,Night,Bracket B,115,5,0,28.07,1.621
2025-09-01 01:00:00,L4,Night,Bracket B,108,5,0,26.16,2.407
2025-09-01 02:00:00,L1,Night,Housing A,140,2,0,25.41,2.14
2025-09-01 02:00:00,L2,Night,Housing A,113,3,0,21.91,2.851
2025-09-01 02:00:00,L3,Night,Bracket B,116,0,0,27.04,1.053
2025-09-01 02:00:00,L4,Night,Bracket B,115,1,0,25.95,1.342
2025-09-01 03:00:00,L1,Night,Housing A,129,1,0,24.56,2.464
2025-09-01 03:00:00,L2,Night,Housing A,112,1,0,22.6,2.939
2025-09-01 03:00:00,L3,Night,Bracket B,121,2,0,24.74,1.893
2025-09-01 03:00:00,L4,Night,Bracket B,126,3,0,20.42,2.163
2025-09-01 04:00:00,L1,Night,Housing A,111,2,0,23.95,2.069
2025-09-01 04:00:00,L2,Night,Housing A,116,4,0,27.08,3.557
2025-09-01 04:00:00,L3,Night,Bracket B,133,3,0,27.34,2.596
2025-09-01 04:00:00,L4,Night,Bracket B,124,2,0,25.03,2.306
2025-09-01 05:00:00,L1,Night,Housing A,112,2,0,25.54,1.675
2025-09-01 05:00:00,L2,Night,Housing A,125,1,0,26.24,2.71
2025-09-01 05:00:00,L3,Night,Bracket B,113,2,0,25.82,3.129
2025-09-01 05:00:00,L4,Night,Bracket B,108,0,0,25.39,2.333
2025-09-01 06:00:00,L1,Day,Housing A,124,6,0,27.57,2.258
2025-09-01 06:00:00,L2,Day,Housing A,120,7,0,29.25,2.702
2025-09-01 06:00:00,L3,Day,Bracket B,78,2,15,32.26,2.698
2025-09-01 06:00:00,L4,Day,Bracket B,129,1,0,23.84,1.96
2025-09-01 07:00:00,L1,Day,Housing A,122,4,0,23.84,2.077
2025-09-01 07:00:00,L2,Day,Housing A,106,1,0,25.6,3.101
2025-09-01 07:00:00,L3,Day,Bracket B,126,6,0,30.51,2.54
2025-09-01 07:00:00,L4,Day,Bracket B,124,1,0,25.34,1.52
2025-09-01 08:00:00,L1,Day,Housing A,117,2,0,26.26,1.616
2025-09-01 08:00:00,L2,Day,Housing A,114,1,0,28.06,2.575
2025-09-01 08:00:00,L3,Day,Bracket B,115,3,0,27.85,1.773
2025-09-01 08:00:00,L4,Day,Bracket B,125,1,0,23.96,1.965
2025-09-01 09:00:00,L1,Day,Housing A,118,4,0,27.46,2.887
2025-09-01 09:00:00,L2,Day,Housing A,120,1,0,24.3,2.864
2025-09-01 09:00:00,L3,Day,Bracket B,125,6,0,29.01,1.904
2025-09-01 09:00:00,L4,Day,Bracket B,125,3,0,24.55,1.801
2025-09-01 10:00:00,L1,Day,Housing A,121,1,0,25.89,1.093
2025-09-01 10:00:00,L2,Day,Housing A,28,1,45,26.67,3.404
2025-09-01 10:00:00,L3,Day,Bracket B,125,3,0,30.85,2.679
2025-09-01 10:00:00,L4,Day,Bracket B,131,3,0,25.32,2.34
2025-09-01 11:00:00,L1,Day,Housing A,114,2,0,28.34,3.598
2025-09-01 11:00:00,L2,Day,Housing A,133,3,0,27.56,3.697
2025-09-01 11:00:00,L3,Day,Bracket B,120,1,0,29.52,2.125
2025-09-01 11:00:00,L4,Day,Bracket B,31,0,45,28.25,2.275
2025-09-01 12:00:00,L1,Day,Housing A,125,2,0,26.48,2.62
2025-09-01 12:00:00,L2,Day,Housing A,121,2,0,25.57,3.56
2025-09-01 12:00:00,L3,Day,Bracket B,140,3,0,28.4,2.83
2025-09-01 12:00:00,L4,Day,Bracket B,115,3,0,25.31,2.994
2025-09-01 13:00:00,L1,Day,Housing A,118,1,0,27.39,1.402
2025-09-01 13:00:00,L2,Day,Housing A,123,2,0,25.99,3.766
2025-09-01 13:00:00,L3,Day,Bracket B,135,5,0,30.3,2.028
2025-09-01 13:00:00,L4,Day,Bracket B,112,0,0,24.69,1.693
2025-09-01 14:00:00,L1,Evening,Housing A,116,1,0,26.16,2.52
2025-09-01 14:00:00,L2,Evening,Housing A,105,2,0,25.8,3.317
2025-09-01 14:00:00,L3,Evening,Bracket B,113,7,0,27.27,3.205
2025-09-01 14:00:00,L4,Evening,Bracket B,113,2,0,23.04,1.99
2025-09-01 15:00:00,L1,Evening,Housing A,116,0,0,25.65,2.314
2025-09-01 15:00:00,L2,Evening,Housing A,127,2,0,24.16,3.187
2025-09-01 15:00:00,L3,Evening,Bracket B,129,5,0,28.18,2.649
2025-09-01 15:00:00,L4,Evening,Bracket B,112,1,0,25.44,2.648
2025-09-01 16:00:00,L1,Evening,Housing A,120,0,0,21.75,2.156
2025-09-01 16:00:00,L2,Evening,Housing A,124,0,0,22.81,2.244
2025-09-01 16:00:00,L3,Evening,Bracket B,132,5,0,27.56,2.443
2025-09-01 16:00:00,L4,Evening,Bracket B,124,3,0,26.74,3.26
2025-09-01 17:00:00,L1,Evening,Housing A,125,5,0,25.73,1.999
2025-09-01 17:00:00,L2,Evening,Housing A,124,2,0,24.96,3.218
2025-09-01 17:00:00,L3,Evening,Bracket B,122,6,0,29.38,2.914
2025-09-01 17:00:00,L4,Evening,Bracket B,27,0,45,25.96,2.25
2025-09-01 18:00:00,L1,Evening,Housing A,130,3,0,27.04,2.869
2025-09-01 18:00:00,L2,Evening,Housing A,124,2,0,23.3,3.068
2025-09-01 18:00:00,L3,Evening,Bracket B,96,2,0,27.56,2.31
2025-09-01 18:00:00,L4,Evening,Bracket B,143,4,0,26.0,2.155
2025-09-01 19:00:00,L1,Evening,Housing A,126,2,0,23.05,1.902
2025-09-01 19:00:00,L2,Evening,Housing A,121,1,0,23.98,4.004
2025-09-01 19:00:00,L3,Evening,Bracket B,116,6,0,27.79,2.382
2025-09-01 19:00:00,L4,Evening,Bracket B,124,1,0,21.91,2.159
2025-09-01 20:00:00,L1,Evening,Housing A,126,1,0,22.01,2.381
2025-09-01 20:00:00,L2,Evening,Housing A,66,0,30,22.41,2.515
2025-09-01 20:00:00,L3,Evening,Bracket B,130,1,0,25.6,1.294
2025-09-01 20:00:00,L4,Evening,Bracket B,114,1,0,21.95,1.87
2025-09-01 21:00:00,L1,Evening,Housing A,128,8,0,27.95,2.982
2025-09-01 21:00:00,L2,Evening,Housing A,115,1,0,22.48,3.885
2025-09-01 21:00:00,L3,Evening,Bracket B,112,3,0,29.77,2.668
2025-09-01 21:00:00,L4,Evening,Bracket B,116,0,0,25.28,2.222
2025-09-01 22:00:00,L1,Night,Housing A,131,0,0,22.43,2.328
2025-09-01 22:00:00,L2,Night,Housing A,124,2,0,25.53,3.948
2025-09-01 22:00:00,L3,Night,Bracket B,115,3,0,28.97,2.185
2025-09-01 22:00:00,L4,Night,Bracket B,113,0,0,24.01,1.861
2025-09-01 23:00:00,L1,Night,Housing A,61,0,30,25.83,1.751
2025-09-01 23:00:00,L2,Night,Housing A,117,1,0,24.91,2.762
2025-09-01 23:00:00,L3,Night,Bracket B,102,1,5,26.23,1.962
2025-09-01 23:00:00,L4,Night,Bracket B,122,1,0,23.01,2.737
2025-09-02 00:00:00,L1,Night,Housing A,119,2,0,24.72,2.669
2025-09-02 00:00:00,L2,Night,Housing A,105,3,0,21.87,3.012
2025-09-02 00:00:00,L3,Night,Bracket B,128,3,0,26.92,2.694
2025-09-02 00:00:00,L4,Night,Bracket B,132,1,0,24.77,1.811
2025-09-02 01:00:00,L1,Night,Housing A,117,1,0,24.32,1.878
2025-09-02 01:00:00,L2,Night,Housing A,110,5,0,25.53,2.673
2025-09-02 01:00:00,L3,Night,Bracket B,118,1,0,28.37,1.391
2025-09-02 01:00:00,L4,Night,Bracket B,118,1,0,23.59,1.824
2025-09-02 02:00:00,L1,Night,Housing A,116,0,0,23.37,2.867
2025-09-02 02:00:00,L2,Night,Housing A,133,1,0,21.21,3.207
2025-09-02 02:00:00,L3,Night,Bracket B,133,5,0,29.16,3.475
2025-09-02 02:00:00,L4,Night,Bracket B,59,0,30,21.78,2.165
2025-09-02 03:00:00,L1,Night,Housing A,129,2,0,23.2,3.281
2025-09-02 03:00:00,L2,Night,Housing A,116,1,0,21.47,2.927
2025-09-02 03:00:00,L3,Night,Bracket B,113,6,0,29.6,2.579
2025-09-02 03:00:00,L4,Night,Bracket B,107,1,0,22.98,2.131
2025-09-02 04:00:00,L1,Night,Housing A,31,0,45,23.62,1.6
2025-09-02 04:00:00,L2,Night,Housing A,119,1,0,20.54,4.054
2025-09-02 04:00:00,L3,Night,Bracket B,115,2,0,25.52,2.79
2025-09-02 04:00:00,L4,Night,Bracket B,113,1,0,24.63,1.963
2025-09-02 05:00:00,L1,Night,Housing A,109,4,0,26.45,2.375
2025-09-02 05:00:00,L2,Night,Housing A,136,3,0,25.86,3.49
2025-09-02 05:00:00,L3,Night,Bracket B,120,2,0,24.9,2.359
2025-09-02 05:00:00,L4,Night,Bracket B,125,0,0,21.06,1.882
2025-09-02 06:00:00,L1,Day,Housing A,125,1,0,24.61,1.47
2025-09-02 06:00:00,L2,Day,Housing A,122,7,0,28.65,2.931
2025-09-02 06:00:00,L3,Day,Bracket B,114,4,0,29.49,2.38
2025-09-02 06:00:00,L4,Day,Bracket B,124,4,0,26.69,2.508
2025-09-02 07:00:00,L1,Day,Housing A,120,1,0,24.28,2.077
2025-09-02 07:00:00,L2,Day,Housing A,115,3,0,26.73,2.843
2025-09-02 07:00:00,L3,Day,Bracket B,116,5,0,31.07,2.331
2025-09-02 07:00:00,L4,Day,Bracket B,124,3,0,26.29,2.575
2025-09-02 08:00:00,L1,Day,Housing A,106,2,0,27.83,1.533
2025-09-02 08:00:00,L2,Day,Housing A,127,0,0,27.69,2.555
2025-09-02 08:00:00,L3,Day,Bracket B,122,1,0,27.35,2.016
2025-09-02 08:00:00,L4,Day,Bracket B,123,3,0,27.77,1.758
2025-09-02 09:00:00,L1,Day,Housing A,124,1,0,29.22,2.204
2025-09-02 09:00:00,L2,Day,Housing A,129,6,0,28.64,2.915
2025-09-02 09:00:00,L3,Day,Bracket B,128,5,0,29.15,2.07
2025-09-02 09:00:00,L4,Day,Bracket B,126,2,0,25.35,2.971
2025-09-02 10:00:00,L1,Day,Housing A,119,4,0,27.95,2.792
2025-09-02 10:00:00,L2,Day,Housing A,111,3,5,25.39,3.033
2025-09-02 10:00:00,L3,Day,Bracket B,123,4,0,29.95,1.302
2025-09-02 10:00:00,L4,Day,Bracket B,128,3,0,27.89,1.563
2025-09-02 11:00:00,L1,Day,Housing A,118,1,0,25.93,1.732
2025-09-02 11:00:00,L2,Day,Housing A,60,0,30,28.07,3.7
2025-09-02 11:00:00,L3,Day,Bracket B,131,7,0,31.71,2.159
2025-09-02 11:00:00,L4,Day,Bracket B,113,2,0,26.17,2.3
2025-09-02 12:00:00,L1,Day,Housing A,125,5,0,23.43,3.831
2025-09-02 12:00:00,L2,Day,Housing A,116,4,0,28.53,2.695
2025-09-02 12:00:00,L3,Day,Bracket B,130,5,0,28.67,2.405
2025-09-02 12:00:00,L4,Day,Bracket B,109,4,0,28.27,1.951
2025-09-02 13:00:00,L1,Day,Housing A,123,3,0,27.87,2.516
2025-09-02 13:00:00,L2,Day,Housing A,120,2,0,27.77,2.987
2025-09-02 13:00:00,L3,Day,Bracket B,113,8,0,28.29,1.738
2025-09-02 13:00:00,L4,Day,Bracket B,126,1,0,24.0,2.265
2025-09-02 14:00:00,L1,Evening,Housing A,118,1,0,23.54,1.857
2025-09-02 14:00:00,L2,Evening,Housing A,114,0,0,23.23,3.288
2025-09-02 14:00:00,L3,Evening,Bracket B,115,2,0,24.85,3.382
2025-09-02 14:00:00,L4,Evening,Bracket B,121,2,0,25.35,1.897
2025-09-02 15:00:00,L1,Evening,Housing A,61,1,30,24.54,2.453
2025-09-02 15:00:00,L2,Evening,Housing A,129,1,0,25.05,1.955
2025-09-02 15:00:00,L3,Evening,Bracket B,115,2,0,27.13,1.674
2025-09-02 15:00:00,L4,Evening,Bracket B,105,0,0,24.31,1.91
2025-09-02 16:00:00,L1,Evening,Housing A,113,0,0,25.66,2.007
2025-09-02 16:00:00,L2,Evening,Housing A,108,1,10,24.61,2.819
2025-09-02 16:00:00,L3,Evening,Bracket B,127,6,0,29.04,2.151
2025-09-02 16:00:00,L4,Evening,Bracket B,131,4,0,26.22,1.348
2025-09-02 17:00:00,L1,Evening,Housing A,111,0,0,24.57,1.856
2025-09-02 17:00:00,L2,Evening,Housing A,124,3,0,24.03,2.208
2025-09-02 17:00:00,L3,Evening,Bracket B,127,5,0,27.38,2.034
2025-09-02 17:00:00,L4,Evening,Bracket B,110,1,0,23.16,0.711
2025-09-02 18:00:00,L1,Evening,Housing A,118,5,0,23.29,1.739
2025-09-02 18:00:00,L2,Evening,Housing A,111,2,0,22.61,2.865
2025-09-02 18:00:00,L3,Evening,Bracket B,123,5,0,27.76,2.499
2025-09-02 18:00:00,L4,Evening,Bracket B,105,1,0,23.51,2.126
2025-09-02 19:00:00,L1,Evening,Housing A,116,1,0,24.82,2.12
2025-09-02 19:00:00,L2,Evening,Housing A,118,0,0,23.07,2.811
2025-09-02 19:00:00,L3,Evening,Bracket B,133,2,0,27.33,1.851
2025-09-02 19:00:00,L4,Evening,Bracket B,113,2,0,24.59,2.348
2025-09-02 20:00:00,L1,Evening,Housing A,122,3,0,21.36,1.799
2025-09-02 20:00:00,L2,Evening,Housing A,113,3,0,22.32,2.327
2025-09-02 20:00:00,L3,Evening,Bracket B,119,2,0,29.04,2.889
2025-09-02 20:00:00,L4,Evening,Bracket B,131,2,0,26.78,2.685
2025-09-02 21:00:00,L1,Evening,Housing A,118,2,0,23.54,1.55
2025-09-02 21:00:00,L2,Evening,Housing A,127,0,0,24.34,2.172
2025-09-02 21:00:00,L3,Evening,Bracket B,109,4,0,27.57,2.335
2025-09-02 21:00:00,L4,Evening,Bracket B,124,0,0,22.18,2.238
2025-09-02 22:00:00,L1,Night,Housing A,118,2,0,24.26,1.751
2025-09-02 22:00:00,L2,Night,Housing A,115,0,0,21.55,2.858
2025-09-02 22:00:00,L3,Night,Bracket B,124,8,0,28.6,1.786
2025-09-02 22:00:00,L4,Night,Bracket B,116,3,0,22.38,2.998
2025-09-02 23:00:00,L1,Night,Housing A,59,1,30,23.74,3.803
2025-09-02 23:00:00,L2,Night,Housing A,122,3,0,22.39,4.312
2025-09-02 23:00:00,L3,Night,Bracket B,121,3,0,26.99,3.049
2025-09-02 23:00:00,L4,Night,Bracket B,120,1,0,24.09,2.404
2025-09-03 00:00:00,L1,Night,Housing A,112,0,0,20.61,1.858
2025-09-03 00:00:00,L2,Night,Housing A,131,3,0,24.33,3.846
2025-09-03 00:00:00,L3,Night,Bracket B,124,7,0,29.07,2.216
2025-09-03 00:00:00,L4,Night,Bracket B,97,0,0,22.62,2.543
2025-09-03 01:00:00,L1,Night,Housing A,91,1,10,24.74,1.952
2025-09-03 01:00:00,L2,Night,Housing A,130,5,0,24.34,3.064
2025-09-03 01:00:00,L3,Night,Bracket B,131,4,0,27.05,1.999
2025-09-03 01:00:00,L4,Night,Bracket B,110,1,0,23.92,2.132
2025-09-03 02:00:00,L1,Night,Housing A,114,2,0,24.03,2.249
2025-09-03 02:00:00,L2,Night,Housing A,125,2,0,24.19,2.7
2025-09-03 02:00:00,L3,Night,Bracket B,110,1,0,25.56,2.195
2025-09-03 02:00:00,L4,Night,Bracket B,118,1,0,24.24,2.488
2025-09-03 03:00:00,L1,Night,Housing A,127,1,0,24.04,1.597
2025-09-03 03:00:00,L2,Night,Housing A,123,2,0,22.73,2.778
2025-09-03 03:00:00,L3,Night,Bracket B,132,1,0,25.69,2.076
2025-09-03 03:00:00,L4,Night,Bracket B,116,1,0,24.53,1.733
2025-09-03 04:00:00,L1,Night,Housing A,110,2,0,24.05,2.066
2025-09-03 04:00:00,L2,Night,Housing A,127,3,0,23.2,4.032
2025-09-03 04:00:00,L3,Night,Bracket B,132,0,0,25.2,1.513
2025-09-03 04:00:00,L4,Night,Bracket B,85,3,15,26.7,1.325
2025-09-03 05:00:00,L1,Night,Housing A,105,1,5,22.72,1.786
2025-09-03 05:00:00,L2,Night,Housing A,117,2,0,22.54,2.795
2025-09-03 05:00:00,L3,Night,Bracket B,131,1,0,23.48,1.686
2025-09-03 05:00:00,L4,Night,Bracket B,121,0,0,24.41,2.559
2025-09-03 06:00:00,L1,Day,Housing A,118,4,0,29.66,1.855
2025-09-03 06:00:00,L2,Day,Housing A,117,6,0,29.38,3.37
2025-09-03 06:00:00,L3,Day,Bracket B,113,9,0,31.65,2.47
2025-09-03 06:00:00,L4,Day,Bracket B,126,4,0,28.19,1.109
2025-09-03 07:00:00,L1,Day,Housing A,116,6,0,27.7,3.017
2025-09-03 07:00:00,L2,Day,Housing A,130,2,0,27.12,2.713
2025-09-03 07:00:00,L3,Day,Bracket B,119,8,0,32.42,2.6
2025-09-03 07:00:00,L4,Day,Bracket B,115,0,0,28.05,2.376
2025-09-03 08:00:00,L1,Day,Housing A,116,2,0,26.51,2.354
2025-09-03 08:00:00,L2,Day,Housing A,120,3,0,25.46,3.764
2025-09-03 08:00:00,L3,Day,Bracket B,123,6,0,29.09,2.294
2025-09-03 08:00:00,L4,Day,Bracket B,138,6,0,27.94,2.786
2025-09-03 09:00:00,L1,Day,Housing A,116,2,0,26.13,2.862
2025-09-03 09:00:00,L2,Day,Housing A,142,3,0,25.12,1.791
2025-09-03 09:00:00,L3,Day,Bracket B,118,8,0,30.82,2.802
2025-09-03 09:00:00,L4,Day,Bracket B,104,2,0,26.68,1.936
2025-09-03 10:00:00,L1,Day,Housing A,118,2,0,25.64,3.004
2025-09-03 10:00:00,L2,Day,Housing A,128,1,0,25.65,3.461
2025-09-03 10:00:00,L3,Day,Bracket B,131,8,0,31.74,1.868
2025-09-03 10:00:00,L4,Day,Bracket B,121,2,0,27.06,2.09
2025-09-03 11:00:00,L1,Day,Housing A,108,7,0,29.09,2.174
2025-09-03 11:00:00,L2,Day,Housing A,117,2,0,27.3,2.758
2025-09-03 11:00:00,L3,Day,Bracket B,129,7,0,30.77,1.577
2025-09-03 11:00:00,L4,Day,Bracket B,124,1,0,27.7,1.649
2025-09-03 12:00:00,L1,Day,Housing A,120,4,0,26.1,3.283
2025-09-03 12:00:00,L2,Day,Housing A,97,3,15,28.87,2.89
2025-09-03 12:00:00,L3,Day,Bracket B,116,8,0,31.68,1.625
2025-09-03 12:00:00,L4,Day,Bracket B,117,1,0,26.37,2.058
2025-09-03 13:00:00,L1,Day,Housing A,126,6,0,25.69,2.975
2025-09-03 13:00:00,L2,Day,Housing A,33,1,45,29.91,2.431
2025-09-03 13:00:00,L3,Day,Bracket B,121,3,0,29.4,2.423
2025-09-03 13:00:00,L4,Day,Bracket B,115,2,0,25.53,1.695
2025-09-03 14:00:00,L1,Evening,Housing A,111,1,0,23.91,1.675
2025-09-03 14:00:00,L2,Evening,Housing A,115,2,0,24.56,2.739
2025-09-03 14:00:00,L3,Evening,Bracket B,123,2,0,25.6,2.677
2025-09-03 14:00:00,L4,Evening,Bracket B,105,1,0,23.91,2.915
2025-09-03 15:00:00,L1,Evening,Housing A,117,0,0,26.57,1.434
2025-09-03 15:00:00,L2,Evening,Housing A,119,3,0,26.33,2.735
2025-09-03 15:00:00,L3,Evening,Bracket B,110,4,0,26.1,2.078
2025-09-03 15:00:00,L4,Evening,Bracket B,122,2,0,24.41,3.071
2025-09-03 16:00:00,L1,Evening,Housing A,120,1,0,24.47,1.621
2025-09-03 16:00:00,L2,Evening,Housing A,113,1,0,23.07,3.258
2025-09-03 16:00:00,L3,Evening,Bracket B,121,4,0,28.93,2.535
2025-09-03 16:00:00,L4,Evening,Bracket B,123,2,0,21.85,1.718
2025-09-03 17:00:00,L1,Evening,Housing A,116,0,0,25.35,2.189
2025-09-03 17:00:00,L2,Evening,Housing A,118,3,0,23.31,3.337
2025-09-03 17:00:00,L3,Evening,Bracket B,127,2,0,24.83,1.514
2025-09-03 17:00:00,L4,Evening,Bracket B,117,1,0,25.35,2.155
2025-09-03 18:00:00,L1,Evening,Housing A,103,1,0,24.94,2.181
2025-09-03 18:00:00,L2,Evening,Housing A,116,1,0,24.28,2.739
2025-09-03 18:00:00,L3,Evening,Bracket B,131,0,0,26.18,2.254
2025-09-03 18:00:00,L4,Evening,Bracket B,134,2,0,20.45,2.254
2025-09-03 19:00:00,L1,Evening,Housing A,131,2,0,26.91,2.434
2025-09-03 19:00:00,L2,Evening,Housing A,123,5,0,25.38,3.442
2025-09-03 19:00:00,L3,Evening,Bracket B,103,4,5,27.93,2.071
2025-09-03 19:00:00,L4,Evening,Bracket B,120,2,0,25.52,1.875
2025-09-03 20:00:00,L1,Evening,Housing A,66,1,30,24.8,1.742
2025-09-03 20:00:00,L2,Evening,Housing A,111,2,0,25.79,3.385
2025-09-03 20:00:00,L3,Evening,Bracket B,119,1,0,26.16,1.764
2025-09-03 20:00:00,L4,Evening,Bracket B,116,1,0,25.73,1.767
2025-09-03 21:00:00,L1,Evening,Housing A,115,3,0,21.55,2.58
2025-09-03 21:00:00,L2,Evening,Housing A,121,0,0,24.16,2.72
2025-09-03 21:00:00,L3,Evening,Bracket B,130,2,0,26.75,1.703
2025-09-03 21:00:00,L4,Evening,Bracket B,121,0,0,23.49,1.921
2025-09-03 22:00:00,L1,Night,Housing A,120,1,0,23.94,1.963
2025-09-03 22:00:00,L2,Night,Housing A,109,2,0,22.83,3.035
2025-09-03 22:00:00,L3,Night,Bracket B,113,1,0,25.61,2.448
2025-09-03 22:00:00,L4,Night,Bracket B,124,1,0,22.91,2.222
2025-09-03 23:00:00,L1,Night,Housing A,131,2,0,21.46,1.368
2025-09-03 23:00:00,L2,Night,Housing A,115,3,0,24.01,2.956
2025-09-03 23:00:00,L3,Night,Bracket B,114,4,0,28.92,2.908
2025-09-03 23:00:00,L4,Night,Bracket B,141,1,0,23.82,3.033
2025-09-04 00:00:00,L1,Night,Housing A,128,1,0,25.24,1.545
2025-09-04 00:00:00,L2,Night,Housing A,119,4,0,25.65,3.191
2025-09-04 00:00:00,L3,Night,Bracket B,120,5,0,25.95,3.063
2025-09-04 00:00:00,L4,Night,Bracket B,118,0,0,25.33,2.146
2025-09-04 01:00:00,L1,Night,Housing A,119,0,0,23.52,1.571
2025-09-04 01:00:00,L2,Night,Housing A,119,4,0,24.24,3.4
2025-09-04 01:00:00,L3,Night,Bracket B,109,2,0,27.37,2.519
2025-09-04 01:00:00,L4,Night,Bracket B,108,0,5,24.07,1.708
2025-09-04 02:00:00,L1,Night,Housing A,124,3,0,25.51,3.083
2025-09-04 02:00:00,L2,Night,Housing A,126,2,0,23.49,3.174
2025-09-04 02:00:00,L3,Night,Bracket B,111,5,0,27.52,1.562
2025-09-04 02:00:00,L4,Night,Bracket B,120,1,0,24.36,2.653
2025-09-04 03:00:00,L1,Night,Housing A,123,1,0,21.14,1.663
2025-09-04 03:00:00,L2,Night,Housing A,130,2,0,22.64,2.396
2025-09-04 03:00:00,L3,Night,Bracket B,108,4,0,29.16,3.047
2025-09-04 03:00:00,L4,Night,Bracket B,115,1,0,22.25,1.629
2025-09-04 04:00:00,L1,Night,Housing A,109,2,0,23.04,1.957
2025-09-04 04:00:00,L2,Night,Housing A,117,1,0,23.75,3.378
2025-09-04 04:00:00,L3,Night,Bracket B,116,2,0,25.88,2.377
2025-09-04 04:00:00,L4,Night,Bracket B,112,3,0,23.1,1.588
2025-09-04 05:00:00,L1,Night,Housing A,62,0,30,24.59,1.632
2025-09-04 05:00:00,L2,Night,Housing A,110,2,5,22.46,2.393
2025-09-04 05:00:00,L3,Night,Bracket B,114,1,0,26.07,2.878
2025-09-04 05:00:00,L4,Night,Bracket B,121,2,0,22.86,1.64
2025-09-04 06:00:00,L1,Day,Housing A,124,1,0,22.15,2.153
2025-09-04 06:00:00,L2,Day,Housing A,125,4,0,25.94,2.441
2025-09-04 06:00:00,L3,Day,Bracket B,91,8,10,32.85,2.286
2025-09-04 06:00:00,L4,Day,Bracket B,127,1,0,24.35,2.404
2025-09-04 07:00:00,L1,Day,Housing A,116,3,0,26.85,2.179
2025-09-04 07:00:00,L2,Day,Housing A,95,1,15,24.93,2.587
2025-09-04 07:00:00,L3,Day,Bracket B,125,8,0,32.65,1.68
2025-09-04 07:00:00,L4,Day,Bracket B,118,1,0,24.89,1.382
2025-09-04 08:00:00,L1,Day,Housing A,120,4,0,28.25,2.61
2025-09-04 08:00:00,L2,Day,Housing A,117,7,0,29.42,3.038
2025-09-04 08:00:00,L3,Day,Bracket B,118,4,0,27.26,2.119
2025-09-04 08:00:00,L4,Day,Bracket B,113,4,0,24.77,2.179
2025-09-04 09:00:00,L1,Day,Housing A,105,4,0,28.2,2.454
2025-09-04 09:00:00,L2,Day,Housing A,118,2,0,24.8,2.606
2025-09-04 09:00:00,L3,Day,Bracket B,113,5,0,33.44,2.134
2025-09-04 09:00:00,L4,Day,Bracket B,101,4,0,26.61,1.46
2025-09-04 10:00:00,L1,Day,Housing A,121,1,0,23.04,2.316
2025-09-04 10:00:00,L2,Day,Housing A,119,2,0,26.91,2.486
2025-09-04 10:00:00,L3,Day,Bracket B,117,5,0,28.22,2.563
2025-09-04 10:00:00,L4,Day,Bracket B,109,4,0,27.77,0.938
2025-09-04 11:00:00,L1,Day,Housing A,132,4,0,28.11,2.009
2025-09-04 11:00:00,L2,Day,Housing A,122,3,0,25.44,3.066
2025-09-04 11:00:00,L3,Day,Bracket B,117,5,0,33.01,2.208
2025-09-04 11:00:00,L4,Day,Bracket B,127,1,0,25.89,2.333
2025-09-04 12:00:00,L1,Day,Housing A,104,8,0,29.09,1.837
2025-09-04 12:00:00,L2,Day,Housing A,118,2,0,26.81,2.761
2025-09-04 12:00:00,L3,Day,Bracket B,109,2,0,30.36,1.708
2025-09-04 12:00:00,L4,Day,Bracket B,125,1,0,26.23,2.255
2025-09-04 13:00:00,L1,Day,Housing A,138,4,0,26.63,2.225
2025-09-04 13:00:00,L2,Day,Housing A,29,0,45,27.89,2.592
2025-09-04 13:00:00,L3,Day,Bracket B,118,11,0,32.27,1.526
2025-09-04 13:00:00,L4,Day,Bracket B,120,3,0,26.54,2.762
2025-09-04 14:00:00,L1,Evening,Housing A,127,1,0,23.27,2.076
2025-09-04 14:00:00,L2,Evening,Housing A,130,4,0,23.78,3.22
2025-09-04 14:00:00,L3,Evening,Bracket B,103,2,10,26.87,2.444
2025-09-04 14:00:00,L4,Evening,Bracket B,102,2,0,23.77,2.54
2025-09-04 15:00:00,L1,Evening,Housing A,111,2,0,23.82,3.035
2025-09-04 15:00:00,L2,Evening,Housing A,134,2,0,22.98,2.382
2025-09-04 15:00:00,L3,Evening,Bracket B,124,1,0,25.85,2.851
2025-09-04 15:00:00,L4,Evening,Bracket B,118,1,0,24.06,1.835
2025-09-04 16:00:00,L1,Evening,Housing A,109,1,10,24.7,2.355
2025-09-04 16:00:00,L2,Evening,Housing A,107,0,5,26.15,2.965
2025-09-04 16:00:00,L3,Evening,Bracket B,118,6,0,29.01,1.65
2025-09-04 16:00:00,L4,Evening,Bracket B,88,3,10,26.35,1.681
2025-09-04 17:00:00,L1,Evening,Housing A,101,1,0,22.83,3.341
2025-09-04 17:00:00,L2,Evening,Housing A,110,3,0,23.45,2.905
2025-09-04 17:00:00,L3,Evening,Bracket B,101,1,5,26.19,2.381
2025-09-04 17:00:00,L4,Evening,Bracket B,120,0,0,25.31,2.331
2025-09-04 18:00:00,L1,Evening,Housing A,113,0,0,23.67,1.988
2025-09-04 18:00:00,L2,Evening,Housing A,107,4,0,23.96,3.363
2025-09-04 18:00:00,L3,Evening,Bracket B,118,6,0,26.24,2.588
2025-09-04 18:00:00,L4,Evening,Bracket B,120,1,0,23.15,1.865
2025-09-04 19:00:00,L1,Evening,Housing A,114,3,0,23.67,2.04
2025-09-04 19:00:00,L2,Evening,Housing A,119,1,0,24.05,3.069
2025-09-04 19:00:00,L3,Evening,Bracket B,122,4,0,30.07,1.891
2025-09-04 19:00:00,L4,Evening,Bracket B,121,0,0,23.06,2.247
2025-09-04 20:00:00,L1,Evening,Housing A,118,1,0,22.94,2.715
2025-09-04 20:00:00,L2,Evening,Housing A,128,3,0,23.67,3.164
2025-09-04 20:00:00,L3,Evening,Bracket B,106,6,0,28.39,2.22
2025-09-04 20:00:00,L4,Evening,Bracket B,122,2,0,24.87,2.332
2025-09-04 21:00:00,L1,Evening,Housing A,116,2,0,24.89,1.238
2025-09-04 21:00:00,L2,Evening,Housing A,128,3,0,22.78,2.479
2025-09-04 21:00:00,L3,Evening,Bracket B,115,4,0,27.85,1.731
2025-09-04 21:00:00,L4,Evening,Bracket B,120,3,0,22.36,2.354
2025-09-04 22:00:00,L1,Night,Housing A,121,2,0,22.24,2.849
2025-09-04 22:00:00,L2,Night,Housing A,125,0,0,23.27,2.745
2025-09-04 22:00:00,L3,Night,Bracket B,115,3,0,26.82,1.785
2025-09-04 22:00:00,L4,Night,Bracket B,110,5,0,23.24,2.565
2025-09-04 23:00:00,L1,Night,Housing A,117,2,0,24.73,1.872
2025-09-04 23:00:00,L2,Night,Housing A,132,4,0,22.11,3.998
2025-09-04 23:00:00,L3,Night,Bracket B,113,3,0,27.7,2.381
2025-09-04 23:00:00,L4,Night,Bracket B,120,0,0,23.53,1.941
2025-09-05 00:00:00,L1,Night,Housing A,119,3,0,25.3,2.128
2025-09-05 00:00:00,L2,Night,Housing A,122,0,0,21.46,3.266
2025-09-05 00:00:00,L3,Night,Bracket B,138,1,0,24.82,1.983
2025-09-05 00:00:00,L4,Night,Bracket B,133,4,0,23.05,1.66
2025-09-05 01:00:00,L1,Night,Housing A,121,1,0,23.41,2.818
2025-09-05 01:00:00,L2,Night,Housing A,119,2,0,26.06,2.369
2025-09-05 01:00:00,L3,Night,Bracket B,119,6,0,28.89,2.503
2025-09-05 01:00:00,L4,Night,Bracket B,122,1,0,25.37,2.177
2025-09-05 02:00:00,L1,Night,Housing A,110,1,5,24.65,2.978
2025-09-05 02:00:00,L2,Night,Housing A,114,0,0,20.46,2.779
2025-09-05 02:00:00,L3,Night,Bracket B,120,3,0,28.73,2.168
2025-09-05 02:00:00,L4,Night,Bracket B,131,7,0,26.08,1.324
2025-09-05 03:00:00,L1,Night,Housing A,121,0,0,24.89,3.127
2025-09-05 03:00:00,L2,Night,Housing A,115,2,0,22.82,3.414
2025-09-05 03:00:00,L3,Night,Bracket B,62,1,30,26.41,2.172
2025-09-05 03:00:00,L4,Night,Bracket B,135,2,0,22.22,1.876
2025-09-05 04:00:00,L1,Night,Housing A,127,2,0,22.67,2.353
2025-09-05 04:00:00,L2,Night,Housing A,105,0,0,24.76,3.297
2025-09-05 04:00:00,L3,Night,Bracket B,31,0,45,24.99,2.075
2025-09-05 04:00:00,L4,Night,Bracket B,99,3,0,21.22,2.363
2025-09-05 05:00:00,L1,Night,Housing A,124,0,0,24.94,2.566
2025-09-05 05:00:00,L2,Night,Housing A,108,3,0,24.62,3.03
2025-09-05 05:00:00,L3,Night,Bracket B,114,9,0,29.28,2.782
2025-09-05 05:00:00,L4,Night,Bracket B,117,0,0,23.64,2.051
2025-09-05 06:00:00,L1,Day,Housing A,114,3,0,26.91,1.848
2025-09-05 06:00:00,L2,Day,Housing A,120,4,0,27.76,2.868
2025-09-05 06:00:00,L3,Day,Bracket B,115,6,0,29.19,2.445
2025-09-05 06:00:00,L4,Day,Bracket B,129,2,0,24.0,2.171
2025-09-05 07:00:00,L1,Day,Housing A,126,1,0,25.91,1.405
2025-09-05 07:00:00,L2,Day,Housing A,119,2,0,23.95,3.593
2025-09-05 07:00:00,L3,Day,Bracket B,124,6,0,28.54,2.582
2025-09-05 07:00:00,L4,Day,Bracket B,130,1,0,26.81,2.744
2025-09-05 08:00:00,L1,Day,Housing A,119,3,0,26.79,2.375
2025-09-05 08:00:00,L2,Day,Housing A,129,0,0,26.86,3.626
2025-09-05 08:00:00,L3,Day,Bracket B,102,6,0,33.11,1.431
2025-09-05 08:00:00,L4,Day,Bracket B,127,8,0,29.02,2.009
2025-09-05 09:00:00,L1,Day,Housing A,26,0,45,25.48,2.153
2025-09-05 09:00:00,L2,Day,Housing A,31,1,45,25.02,3.312
2025-09-05 09:00:00,L3,Day,Bracket B,131,8,0,28.45,2.16
2025-09-05 09:00:00,L4,Day,Bracket B,114,4,0,28.17,1.752
2025-09-05 10:00:00,L1,Day,Housing A,113,3,0,24.67,1.536
2025-09-05 10:00:00,L2,Day,Housing A,124,2,0,26.23,3.225
2025-09-05 10:00:00,L3,Day,Bracket B,119,10,0,29.41,2.356
2025-09-05 10:00:00,L4,Day,Bracket B,123,5,0,28.84,2.2
2025-09-05 11:00:00,L1,Day,Housing A,122,3,0,27.67,2.239
2025-09-05 11:00:00,L2,Day,Housing A,121,5,0,25.41,3.675
2025-09-05 11:00:00,L3,Day,Bracket B,106,4,0,30.56,2.399
2025-09-05 11:00:00,L4,Day,Bracket B,139,4,0,27.39,2.582
2025-09-05 12:00:00,L1,Day,Housing A,134,4,0,27.39,1.617
2025-09-05 12:00:00,L2,Day,Housing A,118,5,0,28.23,3.471
2025-09-05 12:00:00,L3,Day,Bracket B,115,1,0,29.59,2.215
2025-09-05 12:00:00,L4,Day,Bracket B,91,0,15,24.42,2.106
2025-09-05 13:00:00,L1,Day,Housing A,121,1,0,25.09,1.245
2025-09-05 13:00:00,L2,Day,Housing A,120,4,0,26.94,3.508
2025-09-05 13:00:00,L3,Day,Bracket B,113,6,0,29.43,2.101
2025-09-05 13:00:00,L4,Day,Bracket B,134,2,0,24.02,1.328
2025-09-05 14:00:00,L1,Evening,Housing A,129,6,0,26.25,1.87
2025-09-05 14:00:00,L2,Evening,Housing A,54,0,30,23.54,3.861
2025-09-05 14:00:00,L3,Evening,Bracket B,113,1,0,24.23,1.716
2025-09-05 14:00:00,L4,Evening,Bracket B,112,2,0,28.63,2.074
2025-09-05 15:00:00,L1,Evening,Housing A,115,1,0,25.36,1.343
2025-09-05 15:00:00,L2,Evening,Housing A,122,2,0,24.62,3.979
2025-09-05 15:00:00,L3,Evening,Bracket B,112,4,0,27.31,2.996
2025-09-05 15:00:00,L4,Evening,Bracket B,27,0,45,23.06,2.194
2025-09-05 16:00:00,L1,Evening,Housing A,117,3,0,26.21,2.751
2025-09-05 16:00:00,L2,Evening,Housing A,112,2,0,24.26,4.028
2025-09-05 16:00:00,L3,Evening,Bracket B,120,6,0,28.87,2.522
2025-09-05 16:00:00,L4,Evening,Bracket B,120,2,0,24.58,2.961
2025-09-05 17:00:00,L1,Evening,Housing A,30,0,45,24.9,2.01
2025-09-05 17:00:00,L2,Evening,Housing A,112,2,0,23.73,1.98
2025-09-05 17:00:00,L3,Evening,Bracket B,131,3,0,25.91,2.443
2025-09-05 17:00:00,L4,Evening,Bracket B,119,1,0,25.76,2.591
2025-09-05 18:00:00,L1,Evening,Housing A,118,1,0,23.21,1.532
2025-09-05 18:00:00,L2,Evening,Housing A,136,2,0,26.16,3.498
2025-09-05 18:00:00,L3,Evening,Bracket B,123,4,0,27.81,2.222
2025-09-05 18:00:00,L4,Evening,Bracket B,108,1,0,23.73,2.288
2025-09-05 19:00:00,L1,Evening,Housing A,124,1,0,24.25,1.84
2025-09-05 19:00:00,L2,Evening,Housing A,121,2,0,23.27,3.451
2025-09-05 19:00:00,L3,Evening,Bracket B,117,2,0,27.33,1.139
2025-09-05 19:00:00,L4,Evening,Bracket B,118,4,0,20.74,2.332
2025-09-05 20:00:00,L1,Evening,Housing A,118,3,0,23.95,2.17
2025-09-05 20:00:00,L2,Evening,Housing A,110,1,0,22.44,1.964
2025-09-05 20:00:00,L3,Evening,Bracket B,117,3,0,28.04,2.998
2025-09-05 20:00:00,L4,Evening,Bracket B,115,3,0,21.53,1.572
2025-09-05 21:00:00,L1,Evening,Housing A,131,4,0,26.31,2.142
2025-09-05 21:00:00,L2,Evening,Housing A,118,1,0,25.69,3.464
2025-09-05 21:00:00,L3,Evening,Bracket B,113,0,0,25.19,2.07
2025-09-05 21:00:00,L4,Evening,Bracket B,129,0,0,23.93,2.078
2025-09-05 22:00:00,L1,Night,Housing A,121,1,0,25.09,1.55
2025-09-05 22:00:00,L2,Night,Housing A,129,2,0,25.76,2.13
2025-09-05 22:00:00,L3,Night,Bracket B,110,1,0,26.42,2.405
2025-09-05 22:00:00,L4,Night,Bracket B,120,3,0,23.92,2.214
2025-09-05 23:00:00,L1,Night,Housing A,123,3,0,26.54,2.66
2025-09-05 23:00:00,L2,Night,Housing A,122,3,0,22.4,3.145
2025-09-05 23:00:00,L3,Night,Bracket B,120,2,0,27.12,2.46
2025-09-05 23:00:00,L4,Night,Bracket B,120,0,0,22.54,2.309
2025-09-06 00:00:00,L1,Night,Housing A,125,1,0,22.85,3.42
2025-09-06 00:00:00,L2,Night,Housing A,110,2,0,24.34,3.148
2025-09-06 00:00:00,L3,Night,Bracket B,117,5,0,28.98,1.822
2025-09-06 00:00:00,L4,Night,Bracket B,118,3,0,24.68,2.501
2025-09-06 01:00:00,L1,Night,Housing A,127,4,0,25.2,2.397
2025-09-06 01:00:00,L2,Night,Housing A,124,3,0,21.21,3.396
2025-09-06 01:00:00,L3,Night,Bracket B,110,1,0,26.35,2.572
2025-09-06 01:00:00,L4,Night,Bracket B,134,2,0,26.62,2.535
2025-09-06 02:00:00,L1,Night,Housing A,129,1,0,21.43,2.182
2025-09-06 02:00:00,L2,Night,Housing A,114,2,0,25.31,3.071
2025-09-06 02:00:00,L3,Night,Bracket B,123,2,0,26.25,2.435
2025-09-06 02:00:00,L4,Night,Bracket B,127,1,0,24.9,1.832
2025-09-06 03:00:00,L1,Night,Housing A,116,3,0,23.85,2.382
2025-09-06 03:00:00,L2,Night,Housing A,123,2,0,23.75,3.531
2025-09-06 03:00:00,L3,Night,Bracket B,125,4,0,28.18,1.843
2025-09-06 03:00:00,L4,Night,Bracket B,81,1,15,20.78,2.679
2025-09-06 04:00:00,L1,Night,Housing A,122,4,0,22.31,1.899
2025-09-06 04:00:00,L2,Night,Housing A,119,2,0,24.21,1.732
2025-09-06 04:00:00,L3,Night,Bracket B,119,2,0,27.87,2.086
2025-09-06 04:00:00,L4,Night,Bracket B,125,0,0,20.09,2.145
2025-09-06 05:00:00,L1,Night,Housing A,116,2,0,24.7,2.499
2025-09-06 05:00:00,L2,Night,Housing A,111,3,0,23.77,2.815
2025-09-06 05:00:00,L3,Night,Bracket B,125,2,0,26.94,1.642
2025-09-06 05:00:00,L4,Night,Bracket B,118,1,0,22.93,2.254
2025-09-06 06:00:00,L1,Day,Housing A,122,6,0,27.11,1.9
2025-09-06 06:00:00,L2,Day,Housing A,123,1,0,27.47,2.808
2025-09-06 06:00:00,L3,Day,Bracket B,129,5,0,31.17,1.455
2025-09-06 06:00:00,L4,Day,Bracket B,124,2,0,23.97,1.709
2025-09-06 07:00:00,L1,Day,Housing A,111,2,0,24.72,1.616
2025-09-06 07:00:00,L2,Day,Housing A,122,4,0,26.58,3.249
2025-09-06 07:00:00,L3,Day,Bracket B,127,3,0,28.25,3.578
2025-09-06 07:00:00,L4,Day,Bracket B,120,2,0,25.27,1.607
2025-09-06 08:00:00,L1,Day,Housing A,131,6,0,30.8,2.491
2025-09-06 08:00:00,L2,Day,Housing A,124,4,0,24.67,2.726
2025-09-06 08:00:00,L3,Day,Bracket B,119,5,0,29.95,2.34
2025-09-06 08:00:00,L4,Day,Bracket B,116,0,0,24.71,1.911
2025-09-06 09:00:00,L1,Day,Housing A,122,4,0,30.34,2.273
2025-09-06 09:00:00,L2,Day,Housing A,118,1,0,24.99,2.797
2025-09-06 09:00:00,L3,Day,Bracket B,61,3,30,30.11,1.41
2025-09-06 09:00:00,L4,Day,Bracket B,125,3,0,27.14,1.783
2025-09-06 10:00:00,L1,Day,Housing A,127,4,0,28.08,2.362
2025-09-06 10:00:00,L2,Day,Housing A,117,1,0,25.13,2.523
2025-09-06 10:00:00,L3,Day,Bracket B,94,3,15,28.57,2.597
2025-09-06 10:00:00,L4,Day,Bracket B,115,5,0,26.08,2.067
2025-09-06 11:00:00,L1,Day,Housing A,116,3,0,28.87,3.541
2025-09-06 11:00:00,L2,Day,Housing A,121,0,0,23.74,3.672
2025-09-06 11:00:00,L3,Day,Bracket B,59,2,30,29.12,2.225
2025-09-06 11:00:00,L4,Day,Bracket B,130,0,0,23.72,3.254
2025-09-06 12:00:00,L1,Day,Housing A,130,6,0,27.19,2.146
2025-09-06 12:00:00,L2,Day,Housing A,127,6,0,27.66,2.225
2025-09-06 12:00:00,L3,Day,Bracket B,118,7,0,30.45,2.832
2025-09-06 12:00:00,L4,Day,Bracket B,119,0,0,23.18,2.545
2025-09-06 13:00:00,L1,Day,Housing A,63,2,30,27.61,2.994
2025-09-06 13:00:00,L2,Day,Housing A,125,0,0,24.11,4.135
2025-09-06 13:00:00,L3,Day,Bracket B,116,2,0,29.59,2.384
2025-09-06 13:00:00,L4,Day,Bracket B,111,1,0,26.06,2.355
2025-09-06 14:00:00,L1,Evening,Housing A,118,4,0,26.97,1.623
2025-09-06 14:00:00,L2,Evening,Housing A,120,2,0,25.12,3.333
2025-09-06 14:00:00,L3,Evening,Bracket B,136,3,0,28.64,1.748
2025-09-06 14:00:00,L4,Evening,Bracket B,113,1,0,21.63,2.043
2025-09-06 15:00:00,L1,Evening,Housing A,106,2,0,22.92,2.282
2025-09-06 15:00:00,L2,Evening,Housing A,105,0,0,23.84,3.956
2025-09-06 15:00:00,L3,Evening,Bracket B,136,6,0,27.55,2.129
2025-09-06 15:00:00,L4,Evening,Bracket B,117,0,0,22.18,1.212
2025-09-06 16:00:00,L1,Evening,Housing A,110,1,0,22.95,2.075
2025-09-06 16:00:00,L2,Evening,Housing A,121,1,0,25.38,3.057
2025-09-06 16:00:00,L3,Evening,Bracket B,117,2,0,25.42,1.643
2025-09-06 16:00:00,L4,Evening,Bracket B,132,2,0,24.42,2.632
2025-09-06 17:00:00,L1,Evening,Housing A,129,2,0,23.62,1.826
2025-09-06 17:00:00,L2,Evening,Housing A,116,2,0,26.28,2.822
2025-09-06 17:00:00,L3,Evening,Bracket B,111,2,0,25.18,3.001
2025-09-06 17:00:00,L4,Evening,Bracket B,117,1,0,21.41,2.202
2025-09-06 18:00:00,L1,Evening,Housing A,58,1,30,23.9,1.994
2025-09-06 18:00:00,L2,Evening,Housing A,112,3,0,25.89,3.225
2025-09-06 18:00:00,L3,Evening,Bracket B,127,8,0,27.19,2.007
2025-09-06 18:00:00,L4,Evening,Bracket B,140,1,0,25.78,2.135
2025-09-06 19:00:00,L1,Evening,Housing A,122,3,0,26.11,1.408
2025-09-06 19:00:00,L2,Evening,Housing A,98,2,10,24.69,3.767
2025-09-06 19:00:00,L3,Evening,Bracket B,119,3,0,27.42,2.178
2025-09-06 19:00:00,L4,Evening,Bracket B,132,3,0,24.14,2.294
2025-09-06 20:00:00,L1,Evening,Housing A,132,5,0,23.51,2.091
2025-09-06 20:00:00,L2,Evening,Housing A,131,2,0,24.56,2.95
2025-09-06 20:00:00,L3,Evening,Bracket B,119,7,0,28.67,2.602
2025-09-06 20:00:00,L4,Evening,Bracket B,125,1,0,22.86,2.885
2025-09-06 21:00:00,L1,Evening,Housing A,106,0,0,22.74,2.968
2025-09-06 21:00:00,L2,Evening,Housing A,118,0,0,24.37,2.951
2025-09-06 21:00:00,L3,Evening,Bracket B,126,1,0,24.78,1.722
2025-09-06 21:00:00,L4,Evening,Bracket B,113,2,0,25.85,2.099
2025-09-06 22:00:00,L1,Night,Housing A,113,2,5,25.77,2.19
2025-09-06 22:00:00,L2,Night,Housing A,124,2,0,24.97,2.348
2025-09-06 22:00:00,L3,Night,Bracket B,128,2,0,25.63,1.758
2025-09-06 22:00:00,L4,Night,Bracket B,111,2,0,23.86,2.004
2025-09-06 23:00:00,L1,Night,Housing A,123,1,0,24.52,2.575
2025-09-06 23:00:00,L2,Night,Housing A,123,1,0,21.59,2.818
2025-09-06 23:00:00,L3,Night,Bracket B,107,3,0,26.83,2.406
2025-09-06 23:00:00,L4,Night,Bracket B,129,1,0,23.81,2.378
2025-09-07 00:00:00,L1,Night,Housing A,135,4,0,22.62,1.43
2025-09-07 00:00:00,L2,Night,Housing A,28,0,45,23.19,4.36
2025-09-07 00:00:00,L3,Night,Bracket B,128,7,0,27.45,2.655
2025-09-07 00:00:00,L4,Night,Bracket B,133,1,0,23.05,2.034
2025-09-07 01:00:00,L1,Night,Housing A,119,2,0,23.8,1.481
2025-09-07 01:00:00,L2,Night,Housing A,117,0,0,22.5,3.171
2025-09-07 01:00:00,L3,Night,Bracket B,30,1,45,27.2,3.248
2025-09-07 01:00:00,L4,Night,Bracket B,126,1,0,23.68,2.846
2025-09-07 02:00:00,L1,Night,Housing A,112,1,0,25.35,1.912
2025-09-07 02:00:00,L2,Night,Housing A,119,3,0,23.5,3.135
2025-09-07 02:00:00,L3,Night,Bracket B,119,3,0,28.04,1.681
2025-09-07 02:00:00,L4,Night,Bracket B,121,1,0,23.71,2.131
2025-09-07 03:00:00,L1,Night,Housing A,30,1,45,23.12,2.086
2025-09-07 03:00:00,L2,Night,Housing A,130,3,0,24.82,3.109
2025-09-07 03:00:00,L3,Night,Bracket B,124,5,0,28.14,2.741
2025-09-07 03:00:00,L4,Night,Bracket B,104,6,0,27.79,2.752
2025-09-07 04:00:00,L1,Night,Housing A,113,1,0,21.98,2.082
2025-09-07 04:00:00,L2,Night,Housing A,121,1,0,23.2,3.971
2025-09-07 04:00:00,L3,Night,Bracket B,120,5,0,29.83,1.427
2025-09-07 04:00:00,L4,Night,Bracket B,120,0,0,24.62,2.253
2025-09-07 05:00:00,L1,Night,Housing A,130,2,0,26.09,1.493
2025-09-07 05:00:00,L2,Night,Housing A,114,1,0,18.19,2.755
2025-09-07 05:00:00,L3,Night,Bracket B,114,1,0,25.34,1.949
2025-09-07 05:00:00,L4,Night,Bracket B,120,1,0,22.55,2.296
2025-09-07 06:00:00,L1,Day,Housing A,124,1,0,27.64,2.732
2025-09-07 06:00:00,L2,Day,Housing A,111,4,0,28.18,3.798
2025-09-07 06:00:00,L3,Day,Bracket B,129,4,0,31.78,2.221
2025-09-07 06:00:00,L4,Day,Bracket B,116,2,0,26.8,2.562
2025-09-07 07:00:00,L1,Day,Housing A,58,2,30,28.02,1.632
2025-09-07 07:00:00,L2,Day,Housing A,125,1,0,25.33,2.383
2025-09-07 07:00:00,L3,Day,Bracket B,114,5,0,29.5,2.885
2025-09-07 07:00:00,L4,Day,Bracket B,107,1,0,22.59,1.787
2025-09-07 08:00:00,L1,Day,Housing A,108,1,0,26.1,1.492
2025-09-07 08:00:00,L2,Day,Housing A,108,3,0,29.02,2.677
2025-09-07 08:00:00,L3,Day,Bracket B,123,6,0,30.27,1.838
2025-09-07 08:00:00,L4,Day,Bracket B,115,2,0,25.99,2.047
2025-09-07 09:00:00,L1,Day,Housing A,106,3,0,25.99,2.546
2025-09-07 09:00:00,L2,Day,Housing A,123,1,0,26.32,3.131
2025-09-07 09:00:00,L3,Day,Bracket B,95,4,5,28.57,2.539
2025-09-07 09:00:00,L4,Day,Bracket B,110,1,0,25.17,1.748
2025-09-07 10:00:00,L1,Day,Housing A,120,4,0,24.92,2.569
2025-09-07 10:00:00,L2,Day,Housing A,104,5,0,30.09,2.742
2025-09-07 10:00:00,L3,Day,Bracket B,112,3,0,29.15,2.32
2025-09-07 10:00:00,L4,Day,Bracket B,123,2,0,26.39,2.987
2025-09-07 11:00:00,L1,Day,Housing A,107,5,0,29.7,2.322
2025-09-07 11:00:00,L2,Day,Housing A,122,3,5,26.96,3.597
2025-09-07 11:00:00,L3,Day,Bracket B,31,0,45,30.75,2.325
2025-09-07 11:00:00,L4,Day,Bracket B,108,2,0,24.11,3.159
2025-09-07 12:00:00,L1,Day,Housing A,123,2,0,26.76,2.783
2025-09-07 12:00:00,L2,Day,Housing A,29,1,45,23.86,3.699
2025-09-07 12:00:00,L3,Day,Bracket B,103,4,0,29.2,2.537
2025-09-07 12:00:00,L4,Day,Bracket B,121,4,0,26.6,1.513
2025-09-07 13:00:00,L1,Day,Housing A,109,1,0,25.32,2.369
2025-09-07 13:00:00,L2,Day,Housing A,103,3,10,24.82,3.302
2025-09-07 13:00:00,L3,Day,Bracket B,132,3,0,29.13,1.743
2025-09-07 13:00:00,L4,Day,Bracket B,132,2,0,26.21,2.178
2025-09-07 14:00:00,L1,Evening,Housing A,122,3,0,22.43,2.255
2025-09-07 14:00:00,L2,Evening,Housing A,115,2,0,23.32,3.85
2025-09-07 14:00:00,L3,Evening,Bracket B,123,3,0,26.9,2.778
2025-09-07 14:00:00,L4,Evening,Bracket B,137,2,0,22.15,2.678
2025-09-07 15:00:00,L1,Evening,Housing A,117,2,0,23.21,1.773
2025-09-07 15:00:00,L2,Evening,Housing A,125,2,0,24.34,3.418
2025-09-07 15:00:00,L3,Evening,Bracket B,114,1,0,25.28,2.126
2025-09-07 15:00:00,L4,Evening,Bracket B,116,3,0,23.6,2.269
2025-09-07 16:00:00,L1,Evening,Housing A,111,2,0,25.58,2.341
2025-09-07 16:00:00,L2,Evening,Housing A,125,4,0,26.47,3.174
2025-09-07 16:00:00,L3,Evening,Bracket B,123,2,0,28.03,1.746
2025-09-07 16:00:00,L4,Evening,Bracket B,122,2,0,22.85,2.536
2025-09-07 17:00:00,L1,Evening,Housing A,117,0,0,22.37,1.822
2025-09-07 17:00:00,L2,Evening,Housing A,121,1,0,25.75,3.564
2025-09-07 17:00:00,L3,Evening,Bracket B,108,2,0,28.77,2.531
2025-09-07 17:00:00,L4,Evening,Bracket B,110,3,0,23.98,1.764
2025-09-07 18:00:00,L1,Evening,Housing A,134,3,0,21.89,1.389
2025-09-07 18:00:00,L2,Evening,Housing A,129,4,0,24.29,3.327
2025-09-07 18:00:00,L3,Evening,Bracket B,97,0,10,25.78,2.01
2025-09-07 18:00:00,L4,Evening,Bracket B,114,1,0,24.12,2.851
2025-09-07 19:00:00,L1,Evening,Housing A,121,2,0,23.59,2.913
2025-09-07 19:00:00,L2,Evening,Housing A,119,1,0,24.91,3.281
2025-09-07 19:00:00,L3,Evening,Bracket B,107,1,0,26.53,2.04
2025-09-07 19:00:00,L4,Evening,Bracket B,115,1,0,22.76,2.423
2025-09-07 20:00:00,L1,Evening,Housing A,132,3,0,24.4,2.279
2025-09-07 20:00:00,L2,Evening,Housing A,120,4,5,22.44,3.336
2025-09-07 20:00:00,L3,Evening,Bracket B,127,2,0,27.02,2.769
2025-09-07 20:00:00,L4,Evening,Bracket B,96,0,0,22.52,1.775
2025-09-07 21:00:00,L1,Evening,Housing A,129,4,0,23.4,1.712
2025-09-07 21:00:00,L2,Evening,Housing A,123,1,0,24.18,2.946
2025-09-07 21:00:00,L3,Evening,Bracket B,136,4,0,27.54,1.848
2025-09-07 21:00:00,L4,Evening,Bracket B,118,2,0,24.35,1.992
2025-09-07 22:00:00,L1,Night,Housing A,114,2,0,26.11,3.594
2025-09-07 22:00:00,L2,Night,Housing A,108,2,0,25.88,3.14
2025-09-07 22:00:00,L3,Night,Bracket B,109,2,0,28.21,2.366
2025-09-07 22:00:00,L4,Night,Bracket B,122,3,0,25.02,0.735
2025-09-07 23:00:00,L1,Night,Housing A,129,1,0,22.8,1.963
2025-09-07 23:00:00,L2,Night,Housing A,125,4,0,22.03,4.209
2025-09-07 23:00:00,L3,Night,Bracket B,121,2,0,28.4,2.833
2025-09-07 23:00:00,L4,Night,Bracket B,119,2,0,24.34,1.978
2025-09-08 00:00:00,L1,Night,Housing A,116,1,0,25.29,3.088
2025-09-08 00:00:00,L2,Night,Housing A,28,0,45,24.85,4.242
2025-09-08 00:00:00,L3,Night,Bracket B,111,5,0,28.46,2.369
2025-09-08 00:00:00,L4,Night,Bracket B,121,2,0,24.4,2.369
2025-09-08 01:00:00,L1,Night,Housing A,132,0,0,22.61,2.55
2025-09-08 01:00:00,L2,Night,Housing A,123,0,0,21.43,3.763
2025-09-08 01:00:00,L3,Night,Bracket B,113,7,0,30.2,1.357
2025-09-08 01:00:00,L4,Night,Bracket B,120,3,0,22.29,2.515
2025-09-08 02:00:00,L1,Night,Housing A,122,0,0,23.1,1.747
2025-09-08 02:00:00,L2,Night,Housing A,113,2,0,26.65,4.465
2025-09-08 02:00:00,L3,Night,Bracket B,63,2,30,25.03,1.894
2025-09-08 02:00:00,L4,Night,Bracket B,112,5,0,25.97,2.235
2025-09-08 03:00:00,L1,Night,Housing A,121,2,0,24.48,2.209
2025-09-08 03:00:00,L2,Night,Housing A,120,3,0,26.78,3.419
2025-09-08 03:00:00,L3,Night,Bracket B,97,5,10,30.09,1.666
2025-09-08 03:00:00,L4,Night,Bracket B,115,2,0,21.91,1.892
2025-09-08 04:00:00,L1,Night,Housing A,109,0,0,24.12,2.39
2025-09-08 04:00:00,L2,Night,Housing A,114,2,0,22.05,3.139
2025-09-08 04:00:00,L3,Night,Bracket B,117,1,0,24.88,2.198
2025-09-08 04:00:00,L4,Night,Bracket B,121,0,0,23.73,2.221
2025-09-08 05:00:00,L1,Night,Housing A,117,1,0,26.48,1.876
2025-09-08 05:00:00,L2,Night,Housing A,110,3,0,22.24,3.469
2025-09-08 05:00:00,L3,Night,Bracket B,125,3,0,27.92,1.852
2025-09-08 05:00:00,L4,Night,Bracket B,113,1,0,25.81,2.229
2025-09-08 06:00:00,L1,Day,Housing A,120,3,0,27.08,3.17
2025-09-08 06:00:00,L2,Day,Housing A,120,3,0,26.86,3.484
2025-09-08 06:00:00,L3,Day,Bracket B,116,7,0,32.57,2.131
2025-09-08 06:00:00,L4,Day,Bracket B,112,1,0,26.26,2.695
2025-09-08 07:00:00,L1,Day,Housing A,118,2,0,26.29,2.124
2025-09-08 07:00:00,L2,Day,Housing A,128,5,0,26.41,3.489
2025-09-08 07:00:00,L3,Day,Bracket B,83,5,15,28.17,2.231
2025-09-08 07:00:00,L4,Day,Bracket B,119,3,0,29.16,2.218
2025-09-08 08:00:00,L1,Day,Housing A,113,5,0,27.62,2.253
2025-09-08 08:00:00,L2,Day,Housing A,115,4,0,26.58,3.595
2025-09-08 08:00:00,L3,Day,Bracket B,94,5,10,28.8,2.834
2025-09-08 08:00:00,L4,Day,Bracket B,125,1,0,25.54,2.265
2025-09-08 09:00:00,L1,Day,Housing A,112,2,0,26.21,1.998
2025-09-08 09:00:00,L2,Day,Housing A,93,5,15,26.93,3.68
2025-09-08 09:00:00,L3,Day,Bracket B,119,4,0,29.68,2.172
2025-09-08 09:00:00,L4,Day,Bracket B,124,6,0,28.64,1.484
2025-09-08 10:00:00,L1,Day,Housing A,120,5,0,25.52,2.667
2025-09-08 10:00:00,L2,Day,Housing A,31,0,45,22.34,2.506
2025-09-08 10:00:00,L3,Day,Bracket B,120,3,0,27.5,2.204
2025-09-08 10:00:00,L4,Day,Bracket B,124,4,0,29.49,2.166
2025-09-08 11:00:00,L1,Day,Housing A,121,1,0,28.02,2.412
2025-09-08 11:00:00,L2,Day,Housing A,115,4,0,26.93,3.338
2025-09-08 11:00:00,L3,Day,Bracket B,123,3,0,30.27,1.867
2025-09-08 11:00:00,L4,Day,Bracket B,82,0,15,24.43,2.72
2025-09-08 12:00:00,L1,Day,Housing A,116,0,0,27.47,2.035
2025-09-08 12:00:00,L2,Day,Housing A,94,0,15,25.19,3.542
2025-09-08 12:00:00,L3,Day,Bracket B,109,3,0,30.73,2.504
2025-09-08 12:00:00,L4,Day,Bracket B,134,2,0,23.34,1.99
2025-09-08 13:00:00,L1,Day,Housing A,125,3,0,27.35,2.101
2025-09-08 13:00:00,L2,Day,Housing A,126,1,0,24.69,2.975
2025-09-08 13:00:00,L3,Day,Bracket B,60,4,30,29.48,1.932
2025-09-08 13:00:00,L4,Day,Bracket B,127,2,0,23.91,1.253
2025-09-08 14:00:00,L1,Evening,Housing A,123,5,0,25.99,1.283
2025-09-08 14:00:00,L2,Evening,Housing A,124,1,0,23.72,2.927
2025-09-08 14:00:00,L3,Evening,Bracket B,90,3,10,27.28,2.131
2025-09-08 14:00:00,L4,Evening,Bracket B,119,0,0,24.19,1.564
2025-09-08 15:00:00,L1,Evening,Housing A,116,1,0,23.97,2.112
2025-09-08 15:00:00,L2,Evening,Housing A,121,0,0,22.37,3.444
2025-09-08 15:00:00,L3,Evening,Bracket B,106,7,0,28.96,1.988
2025-09-08 15:00:00,L4,Evening,Bracket B,100,2,10,21.86,1.955
2025-09-08 16:00:00,L1,Evening,Housing A,30,0,45,23.68,2.181
2025-09-08 16:00:00,L2,Evening,Housing A,112,1,0,26.97,3.34
2025-09-08 16:00:00,L3,Evening,Bracket B,123,1,0,24.11,2.37
2025-09-08 16:00:00,L4,Evening,Bracket B,127,0,0,24.15,2.23
2025-09-08 17:00:00,L1,Evening,Housing A,44,1,30,25.2,0.948
2025-09-08 17:00:00,L2,Evening,Housing A,121,2,0,24.45,3.697
2025-09-08 17:00:00,L3,Evening,Bracket B,119,0,0,23.49,2.033
2025-09-08 17:00:00,L4,Evening,Bracket B,120,0,0,24.74,2.522
2025-09-08 18:00:00,L1,Evening,Housing A,28,0,45,22.11,0.521
2025-09-08 18:00:00,L2,Evening,Housing A,114,2,0,24.12,3.439
2025-09-08 18:00:00,L3,Evening,Bracket B,118,6,0,28.98,2.112
2025-09-08 18:00:00,L4,Evening,Bracket B,114,4,0,26.44,1.929
2025-09-08 19:00:00,L1,Evening,Housing A,125,1,0,22.95,2.286
2025-09-08 19:00:00,L2,Evening,Housing A,107,1,0,26.17,2.51
2025-09-08 19:00:00,L3,Evening,Bracket B,93,3,15,25.95,2.368
2025-09-08 19:00:00,L4,Evening,Bracket B,115,0,0,23.9,1.711
2025-09-08 20:00:00,L1,Evening,Housing A,116,1,0,26.38,1.965
2025-09-08 20:00:00,L2,Evening,Housing A,130,2,0,21.79,3.499
2025-09-08 20:00:00,L3,Evening,Bracket B,112,2,0,29.48,2.663
2025-09-08 20:00:00,L4,Evening,Bracket B,117,1,0,22.17,1.82
2025-09-08 21:00:00,L1,Evening,Housing A,113,6,0,28.01,1.873
2025-09-08 21:00:00,L2,Evening,Housing A,108,1,0,26.14,2.872
2025-09-08 21:00:00,L3,Evening,Bracket B,87,3,15,28.37,2.34
2025-09-08 21:00:00,L4,Evening,Bracket B,123,1,0,21.55,1.343
2025-09-08 22:00:00,L1,Night,Housing A,94,1,10,23.72,2.761
2025-09-08 22:00:00,L2,Night,Housing A,118,1,0,24.42,3.099
2025-09-08 22:00:00,L3,Night,Bracket B,106,3,5,27.58,1.694
2025-09-08 22:00:00,L4,Night,Bracket B,122,0,0,25.9,1.421
2025-09-08 23:00:00,L1,Night,Housing A,118,0,0,22.29,2.211
2025-09-08 23:00:00,L2,Night,Housing A,113,1,0,24.8,3.263
2025-09-08 23:00:00,L3,Night,Bracket B,117,1,0,29.03,3.127
2025-09-08 23:00:00,L4,Night,Bracket B,114,3,0,24.58,2.562
2025-09-09 00:00:00,L1,Night,Housing A,31,0,45,25.08,2.651
2025-09-09 00:00:00,L2,Night,Housing A,110,1,0,24.38,3.334
2025-09-09 00:00:00,L3,Night,Bracket B,115,6,0,27.44,2.097
2025-09-09 00:00:00,L4,Night,Bracket B,127,1,0,21.21,1.544
2025-09-09 01:00:00,L1,Night,Housing A,109,2,0,23.69,2.348
2025-09-09 01:00:00,L2,Night,Housing A,109,2,0,23.88,3.113
2025-09-09 01:00:00,L3,Night,Bracket B,113,2,0,27.32,2.805
2025-09-09 01:00:00,L4,Night,Bracket B,120,3,0,21.73,2.616
2025-09-09 02:00:00,L1,Night,Housing A,101,3,15,24.84,3.073
2025-09-09 02:00:00,L2,Night,Housing A,120,2,0,24.31,2.632
2025-09-09 02:00:00,L3,Night,Bracket B,125,4,0,28.23,2.523
2025-09-09 02:00:00,L4,Night,Bracket B,119,1,0,25.69,2.13
2025-09-09 03:00:00,L1,Night,Housing A,116,0,0,22.17,2.514
2025-09-09 03:00:00,L2,Night,Housing A,122,2,0,23.54,3.666
2025-09-09 03:00:00,L3,Night,Bracket B,112,2,0,25.72,1.978
2025-09-09 03:00:00,L4,Night,Bracket B,130,1,0,19.45,2.588
2025-09-09 04:00:00,L1,Night,Housing A,115,2,0,24.25,2.12
2025-09-09 04:00:00,L2,Night,Housing A,129,1,0,23.25,3.819
2025-09-09 04:00:00,L3,Night,Bracket B,66,0,30,29.45,1.817
2025-09-09 04:00:00,L4,Night,Bracket B,120,1,0,24.37,2.305
2025-09-09 05:00:00,L1,Night,Housing A,116,0,0,23.52,1.742
2025-09-09 05:00:00,L2,Night,Housing A,112,4,0,20.67,3.325
2025-09-09 05:00:00,L3,Night,Bracket B,123,2,0,26.98,1.744
2025-09-09 05:00:00,L4,Night,Bracket B,119,2,0,23.45,2.74
2025-09-09 06:00:00,L1,Day,Housing A,121,4,0,28.35,2.01
2025-09-09 06:00:00,L2,Day,Housing A,114,4,0,27.45,3.062
2025-09-09 06:00:00,L3,Day,Bracket B,30,0,45,26.63,1.853
2025-09-09 06:00:00,L4,Day,Bracket B,118,2,0,27.71,1.671
2025-09-09 07:00:00,L1,Day,Housing A,114,0,0,23.39,1.253
2025-09-09 07:00:00,L2,Day,Housing A,115,2,0,26.28,2.88
2025-09-09 07:00:00,L3,Day,Bracket B,124,7,0,27.17,1.092
2025-09-09 07:00:00,L4,Day,Bracket B,116,4,0,28.09,2.005
2025-09-09 08:00:00,L1,Day,Housing A,128,5,0,26.86,1.799
2025-09-09 08:00:00,L2,Day,Housing A,133,2,0,27.75,2.675
2025-09-09 08:00:00,L3,Day,Bracket B,124,9,0,30.66,2.007
2025-09-09 08:00:00,L4,Day,Bracket B,113,1,0,24.86,2.158
2025-09-09 09:00:00,L1,Day,Housing A,117,3,0,26.71,2.706
2025-09-09 09:00:00,L2,Day,Housing A,121,2,0,26.46,2.667
2025-09-09 09:00:00,L3,Day,Bracket B,110,3,0,30.34,2.336
2025-09-09 09:00:00,L4,Day,Bracket B,120,2,0,26.18,2.895
2025-09-09 10:00:00,L1,Day,Housing A,127,3,0,28.63,2.736
2025-09-09 10:00:00,L2,Day,Housing A,115,2,0,24.83,2.99
2025-09-09 10:00:00,L3,Day,Bracket B,117,6,0,27.77,1.865
2025-09-09 10:00:00,L4,Day,Bracket B,124,4,0,24.01,1.641
2025-09-09 11:00:00,L1,Day,Housing A,117,6,0,27.87,1.875
2025-09-09 11:00:00,L2,Day,Housing A,112,1,0,28.38,3.486
2025-09-09 11:00:00,L3,Day,Bracket B,130,7,0,31.41,1.9
2025-09-09 11:00:00,L4,Day,Bracket B,118,1,0,25.96,1.653
2025-09-09 12:00:00,L1,Day,Housing A,117,5,0,26.27,2.908
2025-09-09 12:00:00,L2,Day,Housing A,119,6,0,26.84,3.879
2025-09-09 12:00:00,L3,Day,Bracket B,122,9,0,28.77,2.288
2025-09-09 12:00:00,L4,Day,Bracket B,102,2,0,28.81,1.727
2025-09-09 13:00:00,L1,Day,Housing A,90,2,15,27.85,2.235
2025-09-09 13:00:00,L2,Day,Housing A,114,1,0,25.58,3.66
2025-09-09 13:00:00,L3,Day,Bracket B,127,3,0,28.28,1.746
2025-09-09 13:00:00,L4,Day,Bracket B,114,2,0,24.44,1.93
2025-09-09 14:00:00,L1,Evening,Housing A,122,2,0,23.98,1.658
2025-09-09 14:00:00,L2,Evening,Housing A,120,4,0,25.12,3.173
2025-09-09 14:00:00,L3,Evening,Bracket B,111,1,5,25.52,1.534
2025-09-09 14:00:00,L4,Evening,Bracket B,115,2,0,26.72,1.579
2025-09-09 15:00:00,L1,Evening,Housing A,127,1,0,21.02,1.744
2025-09-09 15:00:00,L2,Evening,Housing A,104,3,0,23.25,3.297
2025-09-09 15:00:00,L3,Evening,Bracket B,114,4,0,28.58,1.909
2025-09-09 15:00:00,L4,Evening,Bracket B,128,2,0,24.85,1.506
2025-09-09 16:00:00,L1,Evening,Housing A,112,1,0,28.08,2.313
2025-09-09 16:00:00,L2,Evening,Housing A,112,0,0,24.26,3.304
2025-09-09 16:00:00,L3,Evening,Bracket B,120,6,0,28.72,1.988
2025-09-09 16:00:00,L4,Evening,Bracket B,134,4,0,20.33,2.716
2025-09-09 17:00:00,L1,Evening,Housing A,122,1,0,23.07,2.721
2025-09-09 17:00:00,L2,Evening,Housing A,111,0,0,24.17,2.499
2025-09-09 17:00:00,L3,Evening,Bracket B,112,5,0,28.86,1.664
2025-09-09 17:00:00,L4,Evening,Bracket B,111,1,0,24.78,1.898
2025-09-09 18:00:00,L1,Evening,Housing A,122,0,0,22.75,1.838
2025-09-09 18:00:00,L2,Evening,Housing A,109,4,0,20.48,2.793
2025-09-09 18:00:00,L3,Evening,Bracket B,126,4,0,26.93,2.494
2025-09-09 18:00:00,L4,Evening,Bracket B,119,2,0,24.89,1.376
2025-09-09 19:00:00,L1,Evening,Housing A,116,1,0,25.65,2.65
2025-09-09 19:00:00,L2,Evening,Housing A,127,4,0,26.98,2.81
2025-09-09 19:00:00,L3,Evening,Bracket B,122,3,0,27.72,2.76
2025-09-09 19:00:00,L4,Evening,Bracket B,124,4,0,25.99,1.641
2025-09-09 20:00:00,L1,Evening,Housing A,119,3,0,22.01,3.213
2025-09-09 20:00:00,L2,Evening,Housing A,111,2,0,22.73,3.191
2025-09-09 20:00:00,L3,Evening,Bracket B,119,6,0,32.85,1.822
2025-09-09 20:00:00,L4,Evening,Bracket B,122,2,0,23.54,1.847
2025-09-09 21:00:00,L1,Evening,Housing A,103,0,5,23.9,1.219
2025-09-09 21:00:00,L2,Evening,Housing A,125,1,0,23.83,2.545
2025-09-09 21:00:00,L3,Evening,Bracket B,121,3,0,25.77,2.529
2025-09-09 21:00:00,L4,Evening,Bracket B,120,2,0,25.86,1.466
2025-09-09 22:00:00,L1,Night,Housing A,126,1,0,22.63,2.928
2025-09-09 22:00:00,L2,Night,Housing A,119,4,0,26.54,3.237
2025-09-09 22:00:00,L3,Night,Bracket B,122,5,0,26.06,2.643
2025-09-09 22:00:00,L4,Night,Bracket B,107,2,0,22.94,1.896
2025-09-09 23:00:00,L1,Night,Housing A,116,3,0,22.68,1.745
2025-09-09 23:00:00,L2,Night,Housing A,25,0,45,26.39,3.431
2025-09-09 23:00:00,L3,Night,Bracket B,110,3,0,26.99,2.663
2025-09-09 23:00:00,L4,Night,Bracket B,100,3,5,23.33,2.691
2025-09-10 00:00:00,L1,Night,Housing A,122,1,0,22.3,1.848
2025-09-10 00:00:00,L2,Night,Housing A,121,3,0,25.38,2.934
2025-09-10 00:00:00,L3,Night,Bracket B,121,2,0,27.98,0.995
2025-09-10 00:00:00,L4,Night,Bracket B,108,2,0,24.63,2.359
2025-09-10 01:00:00,L1,Night,Housing A,118,6,0,26.44,1.134
2025-09-10 01:00:00,L2,Night,Housing A,123,1,0,25.11,2.66
2025-09-10 01:00:00,L3,Night,Bracket B,128,7,0,29.66,1.978
2025-09-10 01:00:00,L4,Night,Bracket B,115,2,0,23.72,2.245
2025-09-10 02:00:00,L1,Night,Housing A,128,1,0,21.68,2.432
2025-09-10 02:00:00,L2,Night,Housing A,117,0,0,22.11,2.809
2025-09-10 02:00:00,L3,Night,Bracket B,116,3,0,25.63,2.325
2025-09-10 02:00:00,L4,Night,Bracket B,108,1,0,25.28,1.006
2025-09-10 03:00:00,L1,Night,Housing A,123,4,0,26.38,2.064
2025-09-10 03:00:00,L2,Night,Housing A,114,1,0,25.6,3.039
2025-09-10 03:00:00,L3,Night,Bracket B,113,3,0,28.89,1.331
2025-09-10 03:00:00,L4,Night,Bracket B,126,0,0,24.43,1.541
2025-09-10 04:00:00,L1,Night,Housing A,114,1,0,26.55,2.152
2025-09-10 04:00:00,L2,Night,Housing A,126,2,0,24.11,3.576
2025-09-10 04:00:00,L3,Night,Bracket B,117,3,0,27.91,2.918
2025-09-10 04:00:00,L4,Night,Bracket B,118,3,0,23.35,3.163
2025-09-10 05:00:00,L1,Night,Housing A,132,3,0,27.02,2.241
2025-09-10 05:00:00,L2,Night,Housing A,125,1,0,24.62,3.243
2025-09-10 05:00:00,L3,Night,Bracket B,130,4,0,27.91,1.915
2025-09-10 05:00:00,L4,Night,Bracket B,132,2,0,23.67,1.998
2025-09-10 06:00:00,L1,Day,Housing A,129,4,0,26.49,3.217
2025-09-10 06:00:00,L2,Day,Housing A,113,6,0,28.42,3.289
2025-09-10 06:00:00,L3,Day,Bracket B,117,7,0,30.75,2.607
2025-09-10 06:00:00,L4,Day,Bracket B,28,1,45,28.33,2.026
2025-09-10 07:00:00,L1,Day,Housing A,120,1,0,26.67,3.225
2025-09-10 07:00:00,L2,Day,Housing A,109,2,0,25.6,3.157
2025-09-10 07:00:00,L3,Day,Bracket B,134,7,0,30.37,2.937
2025-09-10 07:00:00,L4,Day,Bracket B,122,4,0,28.72,1.957
2025-09-10 08:00:00,L1,Day,Housing A,119,4,0,27.1,2.682
2025-09-10 08:00:00,L2,Day,Housing A,110,10,0,29.52,3.799
2025-09-10 08:00:00,L3,Day,Bracket B,126,4,0,29.33,1.982
2025-09-10 08:00:00,L4,Day,Bracket B,133,0,0,24.6,1.626
2025-09-10 09:00:00,L1,Day,Housing A,119,0,0,25.29,2.049
2025-09-10 09:00:00,L2,Day,Housing A,127,2,0,26.27,3.483
2025-09-10 09:00:00,L3,Day,Bracket B,130,10,0,29.87,1.978
2025-09-10 09:00:00,L4,Day,Bracket B,119,3,0,26.44,2.258
2025-09-10 10:00:00,L1,Day,Housing A,122,2,0,26.16,2.999
2025-09-10 10:00:00,L2,Day,Housing A,119,4,0,27.32,3.503
2025-09-10 10:00:00,L3,Day,Bracket B,122,3,0,27.08,2.09
2025-09-10 10:00:00,L4,Day,Bracket B,128,7,0,29.17,2.707
2025-09-10 11:00:00,L1,Day,Housing A,120,1,0,25.81,2.115
2025-09-10 11:00:00,L2,Day,Housing A,114,2,0,27.67,3.738
2025-09-10 11:00:00,L3,Day,Bracket B,119,3,0,27.25,2.423
2025-09-10 11:00:00,L4,Day,Bracket B,125,4,0,26.86,1.955
2025-09-10 12:00:00,L1,Day,Housing A,108,0,0,25.28,2.24
2025-09-10 12:00:00,L2,Day,Housing A,121,4,0,28.17,3.069
2025-09-10 12:00:00,L3,Day,Bracket B,114,8,0,29.68,2.09
2025-09-10 12:00:00,L4,Day,Bracket B,142,4,0,27.34,2.112
2025-09-10 13:00:00,L1,Day,Housing A,117,2,0,25.67,2.636
2025-09-10 13:00:00,L2,Day,Housing A,128,4,0,27.95,3.952
2025-09-10 13:00:00,L3,Day,Bracket B,122,6,0,32.0,2.56
2025-09-10 13:00:00,L4,Day,Bracket B,123,2,0,26.24,2.085
2025-09-10 14:00:00,L1,Evening,Housing A,124,1,0,25.32,1.724
2025-09-10 14:00:00,L2,Evening,Housing A,123,2,0,23.32,1.872
2025-09-10 14:00:00,L3,Evening,Bracket B,116,1,0,24.44,2.628
2025-09-10 14:00:00,L4,Evening,Bracket B,128,2,0,24.68,1.911
2025-09-10 15:00:00,L1,Evening,Housing A,136,2,0,22.23,1.757
2025-09-10 15:00:00,L2,Evening,Housing A,116,0,0,22.4,2.896
2025-09-10 15:00:00,L3,Evening,Bracket B,128,1,0,27.46,1.787
2025-09-10 15:00:00,L4,Evening,Bracket B,114,4,0,24.82,2.569
2025-09-10 16:00:00,L1,Evening,Housing A,112,0,0,25.71,1.687
2025-09-10 16:00:00,L2,Evening,Housing A,129,4,0,24.37,3.352
2025-09-10 16:00:00,L3,Evening,Bracket B,119,5,0,29.87,2.497
2025-09-10 16:00:00,L4,Evening,Bracket B,122,2,0,20.78,1.614
2025-09-10 17:00:00,L1,Evening,Housing A,122,5,0,27.9,2.978
2025-09-10 17:00:00,L2,Evening,Housing A,112,3,0,25.9,3.464
2025-09-10 17:00:00,L3,Evening,Bracket B,123,3,0,26.54,1.889
2025-09-10 17:00:00,L4,Evening,Bracket B,91,0,15,24.03,2.55
2025-09-10 18:00:00,L1,Evening,Housing A,127,2,0,24.66,2.236
2025-09-10 18:00:00,L2,Evening,Housing A,114,3,0,25.32,3.167
2025-09-10 18:00:00,L3,Evening,Bracket B,121,3,0,28.93,2.805
2025-09-10 18:00:00,L4,Evening,Bracket B,124,3,0,25.87,1.991
2025-09-10 19:00:00,L1,Evening,Housing A,119,2,0,24.82,2.746
2025-09-10 19:00:00,L2,Evening,Housing A,123,1,0,21.56,3.429
2025-09-10 19:00:00,L3,Evening,Bracket B,118,4,0,28.28,1.597
2025-09-10 19:00:00,L4,Evening,Bracket B,105,1,0,24.41,1.7
2025-09-10 20:00:00,L1,Evening,Housing A,116,2,0,22.79,2.053
2025-09-10 20:00:00,L2,Evening,Housing A,120,2,0,25.02,2.937
2025-09-10 20:00:00,L3,Evening,Bracket B,121,0,0,26.83,2.177
2025-09-10 20:00:00,L4,Evening,Bracket B,117,2,0,24.22,2.141
2025-09-10 21:00:00,L1,Evening,Housing A,126,0,0,22.7,2.236
2025-09-10 21:00:00,L2,Evening,Housing A,116,2,0,23.44,4.14
2025-09-10 21:00:00,L3,Evening,Bracket B,114,3,0,30.2,2.415
2025-09-10 21:00:00,L4,Evening,Bracket B,119,1,0,27.09,2.882
2025-09-10 22:00:00,L1,Night,Housing A,106,2,0,23.18,0.977
2025-09-10 22:00:00,L2,Night,Housing A,126,3,0,24.58,2.559
2025-09-10 22:00:00,L3,Night,Bracket B,105,4,0,26.91,2.143
2025-09-10 22:00:00,L4,Night,Bracket B,123,0,0,22.32,2.1
2025-09-10 23:00:00,L1,Night,Housing A,117,0,0,22.64,2.298
2025-09-10 23:00:00,L2,Night,Housing A,114,2,0,22.77,3.293
2025-09-10 23:00:00,L3,Night,Bracket B,112,2,0,28.34,1.851
2025-09-10 23:00:00,L4,Night,Bracket B,101,1,0,21.39,2.403
2025-09-11 00:00:00,L1,Night,Housing A,113,1,0,25.28,2.122
2025-09-11 00:00:00,L2,Night,Housing A,109,1,0,23.1,2.714
2025-09-11 00:00:00,L3,Night,Bracket B,107,0,0,25.93,1.985
2025-09-11 00:00:00,L4,Night,Bracket B,127,2,0,22.62,2.478
2025-09-11 01:00:00,L1,Night,Housing A,109,3,0,25.08,2.211
2025-09-11 01:00:00,L2,Night,Housing A,121,1,0,27.89,3.589
2025-09-11 01:00:00,L3,Night,Bracket B,124,6,0,26.18,1.765
2025-09-11 01:00:00,L4,Night,Bracket B,129,1,0,23.0,2.02
2025-09-11 02:00:00,L1,Night,Housing A,118,2,0,23.18,2.29
2025-09-11 02:00:00,L2,Night,Housing A,119,1,0,24.34,3.616
2025-09-11 02:00:00,L3,Night,Bracket B,128,6,0,29.46,2.544
2025-09-11 02:00:00,L4,Night,Bracket B,115,1,0,23.3,2.899
2025-09-11 03:00:00,L1,Night,Housing A,136,1,0,22.07,1.918
2025-09-11 03:00:00,L2,Night,Housing A,110,1,0,24.83,2.759
2025-09-11 03:00:00,L3,Night,Bracket B,114,3,0,28.07,1.528
2025-09-11 03:00:00,L4,Night,Bracket B,122,2,0,21.54,2.456
2025-09-11 04:00:00,L1,Night,Housing A,114,3,0,25.6,2.413
2025-09-11 04:00:00,L2,Night,Housing A,131,2,0,25.83,3.307
2025-09-11 04:00:00,L3,Night,Bracket B,124,4,0,24.57,1.957
2025-09-11 04:00:00,L4,Night,Bracket B,126,2,0,21.33,2.775
2025-09-11 05:00:00,L1,Night,Housing A,111,0,0,26.11,2.947
2025-09-11 05:00:00,L2,Night,Housing A,108,0,0,23.04,3.232
2025-09-11 05:00:00,L3,Night,Bracket B,99,6,0,27.57,2.337
2025-09-11 05:00:00,L4,Night,Bracket B,112,1,10,20.36,1.795
2025-09-11 06:00:00,L1,Day,Housing A,116,2,0,23.76,2.129
2025-09-11 06:00:00,L2,Day,Housing A,122,2,0,25.61,2.607
2025-09-11 06:00:00,L3,Day,Bracket B,113,2,0,27.39,1.644
2025-09-11 06:00:00,L4,Day,Bracket B,113,1,0,22.98,2.595
2025-09-11 07:00:00,L1,Day,Housing A,126,6,0,26.06,2.365
2025-09-11 07:00:00,L2,Day,Housing A,111,2,0,25.22,3.034
2025-09-11 07:00:00,L3,Day,Bracket B,117,5,0,33.02,2.189
2025-09-11 07:00:00,L4,Day,Bracket B,115,0,0,24.93,2.345
2025-09-11 08:00:00,L1,Day,Housing A,121,2,0,24.96,1.718
2025-09-11 08:00:00,L2,Day,Housing A,115,1,0,25.93,3.295
2025-09-11 08:00:00,L3,Day,Bracket B,114,4,0,28.76,2.738
2025-09-11 08:00:00,L4,Day,Bracket B,111,3,0,25.98,2.264
2025-09-11 09:00:00,L1,Day,Housing A,125,0,0,25.05,1.388
2025-09-11 09:00:00,L2,Day,Housing A,115,3,0,27.47,3.052
2025-09-11 09:00:00,L3,Day,Bracket B,120,8,0,28.66,1.868
2025-09-11 09:00:00,L4,Day,Bracket B,110,3,0,26.96,1.563
2025-09-11 10:00:00,L1,Day,Housing A,95,1,15,25.74,2.185
2025-09-11 10:00:00,L2,Day,Housing A,134,5,0,28.78,2.845
2025-09-11 10:00:00,L3,Day,Bracket B,119,8,0,29.65,2.791
2025-09-11 10:00:00,L4,Day,Bracket B,128,3,0,25.21,1.924
2025-09-11 11:00:00,L1,Day,Housing A,127,5,0,28.88,2.006
2025-09-11 11:00:00,L2,Day,Housing A,126,3,0,25.27,3.237
2025-09-11 11:00:00,L3,Day,Bracket B,116,2,0,28.04,1.593
2025-09-11 11:00:00,L4,Day,Bracket B,110,2,0,29.23,1.506
2025-09-11 12:00:00,L1,Day,Housing A,124,5,0,28.62,2.432
2025-09-11 12:00:00,L2,Day,Housing A,118,4,0,26.82,3.328
2025-09-11 12:00:00,L3,Day,Bracket B,122,4,0,30.19,1.377
2025-09-11 12:00:00,L4,Day,Bracket B,116,2,0,27.24,1.789
2025-09-11 13:00:00,L1,Day,Housing A,123,2,0,25.28,2.442
2025-09-11 13:00:00,L2,Day,Housing A,127,1,0,20.17,3.499
2025-09-11 13:00:00,L3,Day,Bracket B,111,9,0,29.75,1.404
2025-09-11 13:00:00,L4,Day,Bracket B,119,3,0,28.12,2.233
2025-09-11 14:00:00,L1,Evening,Housing A,108,2,0,25.77,1.426
2025-09-11 14:00:00,L2,Evening,Housing A,118,1,0,20.45,3.933
2025-09-11 14:00:00,L3,Evening,Bracket B,110,3,0,28.25,1.876
2025-09-11 14:00:00,L4,Evening,Bracket B,111,1,10,24.45,0.98
2025-09-11 15:00:00,L1,Evening,Housing A,113,1,0,24.09,1.72
2025-09-11 15:00:00,L2,Evening,Housing A,119,2,0,24.87,3.005
2025-09-11 15:00:00,L3,Evening,Bracket B,112,2,0,27.24,1.707
2025-09-11 15:00:00,L4,Evening,Bracket B,117,1,0,21.53,1.903
2025-09-11 16:00:00,L1,Evening,Housing A,118,4,0,24.16,2.048
2025-09-11 16:00:00,L2,Evening,Housing A,125,1,0,22.59,2.766
2025-09-11 16:00:00,L3,Evening,Bracket B,132,7,0,28.9,1.934
2025-09-11 16:00:00,L4,Evening,Bracket B,114,3,0,22.38,2.878
2025-09-11 17:00:00,L1,Evening,Housing A,116,1,0,23.68,2.301
2025-09-11 17:00:00,L2,Evening,Housing A,118,5,0,27.52,3.319
2025-09-11 17:00:00,L3,Evening,Bracket B,131,7,0,26.84,2.461
2025-09-11 17:00:00,L4,Evening,Bracket B,117,4,0,26.8,2.24
2025-09-11 18:00:00,L1,Evening,Housing A,132,1,0,23.45,1.581
2025-09-11 18:00:00,L2,Evening,Housing A,125,0,0,20.93,3.878
2025-09-11 18:00:00,L3,Evening,Bracket B,117,2,0,28.64,1.669
2025-09-11 18:00:00,L4,Evening,Bracket B,123,1,0,24.31,2.641
2025-09-11 19:00:00,L1,Evening,Housing A,112,0,0,23.62,1.888
2025-09-11 19:00:00,L2,Evening,Housing A,113,0,0,25.77,3.036
2025-09-11 19:00:00,L3,Evening,Bracket B,104,3,0,26.41,2.191
2025-09-11 19:00:00,L4,Evening,Bracket B,115,2,0,22.98,2.495
2025-09-11 20:00:00,L1,Evening,Housing A,131,2,0,23.73,3.051
2025-09-11 20:00:00,L2,Evening,Housing A,116,1,0,25.51,3.178
2025-09-11 20:00:00,L3,Evening,Bracket B,28,2,45,29.0,1.645
2025-09-11 20:00:00,L4,Evening,Bracket B,114,4,0,22.11,2.791
2025-09-11 21:00:00,L1,Evening,Housing A,113,0,0,24.36,2.508
2025-09-11 21:00:00,L2,Evening,Housing A,128,0,0,24.84,3.113
2025-09-11 21:00:00,L3,Evening,Bracket B,130,4,0,29.36,1.793
2025-09-11 21:00:00,L4,Evening,Bracket B,128,0,0,24.92,1.774
2025-09-11 22:00:00,L1,Night,Housing A,117,2,0,24.63,2.024
2025-09-11 22:00:00,L2,Night,Housing A,103,2,0,22.27,2.428
2025-09-11 22:00:00,L3,Night,Bracket B,117,5,0,29.1,1.726
2025-09-11 22:00:00,L4,Night,Bracket B,114,3,0,22.51,1.653
2025-09-11 23:00:00,L1,Night,Housing A,131,0,0,23.44,3.372
2025-09-11 23:00:00,L2,Night,Housing A,115,5,0,26.82,3.992
2025-09-11 23:00:00,L3,Night,Bracket B,112,5,0,25.81,1.908
2025-09-11 23:00:00,L4,Night,Bracket B,112,1,0,24.25,2.211
2025-09-12 00:00:00,L1,Night,Housing A,109,4,0,25.97,2.629
2025-09-12 00:00:00,L2,Night,Housing A,137,1,0,21.8,3.445
2025-09-12 00:00:00,L3,Night,Bracket B,124,4,0,30.0,3.393
2025-09-12 00:00:00,L4,Night,Bracket B,125,3,0,25.72,2.552
2025-09-12 01:00:00,L1,Night,Housing A,129,1,0,23.38,1.554
2025-09-12 01:00:00,L2,Night,Housing A,112,0,5,25.03,3.205
2025-09-12 01:00:00,L3,Night,Bracket B,121,2,0,29.99,2.285
2025-09-12 01:00:00,L4,Night,Bracket B,120,4,0,24.97,2.871
2025-09-12 02:00:00,L1,Night,Housing A,87,1,15,22.32,1.735
2025-09-12 02:00:00,L2,Night,Housing A,134,1,0,25.78,3.055
2025-09-12 02:00:00,L3,Night,Bracket B,127,5,0,27.99,1.637
2025-09-12 02:00:00,L4,Night,Bracket B,142,4,0,24.87,2.26
2025-09-12 03:00:00,L1,Night,Housing A,110,2,0,25.09,2.072
2025-09-12 03:00:00,L2,Night,Housing A,128,2,0,20.6,2.665
2025-09-12 03:00:00,L3,Night,Bracket B,116,6,0,29.93,1.943
2025-09-12 03:00:00,L4,Night,Bracket B,129,3,0,22.97,1.209
2025-09-12 04:00:00,L1,Night,Housing A,129,2,0,21.92,2.525
2025-09-12 04:00:00,L2,Night,Housing A,126,5,0,26.17,2.59
2025-09-12 04:00:00,L3,Night,Bracket B,108,2,0,26.02,2.257
2025-09-12 04:00:00,L4,Night,Bracket B,124,1,0,26.3,2.325
2025-09-12 05:00:00,L1,Night,Housing A,121,1,0,24.86,2.122
2025-09-12 05:00:00,L2,Night,Housing A,107,1,0,23.84,1.815
2025-09-12 05:00:00,L3,Night,Bracket B,59,1,30,28.33,2.257
2025-09-12 05:00:00,L4,Night,Bracket B,124,3,0,26.64,1.951
2025-09-12 06:00:00,L1,Day,Housing A,117,7,0,26.14,3.21
2025-09-12 06:00:00,L2,Day,Housing A,121,2,0,25.38,2.624
2025-09-12 06:00:00,L3,Day,Bracket B,109,3,0,29.25,2.402
2025-09-12 06:00:00,L4,Day,Bracket B,124,4,0,28.17,2.274
2025-09-12 07:00:00,L1,Day,Housing A,128,6,0,26.78,2.218
2025-09-12 07:00:00,L2,Day,Housing A,116,4,0,28.1,3.517
2025-09-12 07:00:00,L3,Day,Bracket B,128,5,0,30.85,2.265
2025-09-12 07:00:00,L4,Day,Bracket B,127,1,0,23.26,2.809
2025-09-12 08:00:00,L1,Day,Housing A,124,2,0,27.39,2.862
2025-09-12 08:00:00,L2,Day,Housing A,119,2,0,28.58,3.357
2025-09-12 08:00:00,L3,Day,Bracket B,94,1,15,30.15,1.836
2025-09-12 08:00:00,L4,Day,Bracket B,128,4,0,28.73,2.739
2025-09-12 09:00:00,L1,Day,Housing A,117,4,0,27.19,1.786
2025-09-12 09:00:00,L2,Day,Housing A,116,4,0,26.99,2.756
2025-09-12 09:00:00,L3,Day,Bracket B,121,5,0,29.25,2.342
2025-09-12 09:00:00,L4,Day,Bracket B,114,3,0,25.61,2.705
2025-09-12 10:00:00,L1,Day,Housing A,113,4,0,27.47,2.108
2025-09-12 10:00:00,L2,Day,Housing A,126,0,0,23.78,2.913
2025-09-12 10:00:00,L3,Day,Bracket B,127,4,0,29.77,1.852
2025-09-12 10:00:00,L4,Day,Bracket B,114,3,0,26.53,1.582
2025-09-12 11:00:00,L1,Day,Housing A,102,3,0,26.57,1.773
2025-09-12 11:00:00,L2,Day,Housing A,127,1,0,25.92,2.809
2025-09-12 11:00:00,L3,Day,Bracket B,119,4,0,29.27,2.823
2025-09-12 11:00:00,L4,Day,Bracket B,108,0,0,25.12,2.103
2025-09-12 12:00:00,L1,Day,Housing A,120,4,0,25.88,3.46
2025-09-12 12:00:00,L2,Day,Housing A,119,1,0,27.25,3.95
2025-09-12 12:00:00,L3,Day,Bracket B,131,8,0,29.38,2.778
2025-09-12 12:00:00,L4,Day,Bracket B,122,1,0,25.71,1.737
2025-09-12 13:00:00,L1,Day,Housing A,128,6,0,28.17,2.146
2025-09-12 13:00:00,L2,Day,Housing A,123,3,0,26.11,3.864
2025-09-12 13:00:00,L3,Day,Bracket B,107,3,0,30.09,1.444
2025-09-12 13:00:00,L4,Day,Bracket B,111,3,0,27.86,1.691
2025-09-12 14:00:00,L1,Evening,Housing A,133,2,0,22.61,2.375
2025-09-12 14:00:00,L2,Evening,Housing A,103,3,0,25.72,1.953
2025-09-12 14:00:00,L3,Evening,Bracket B,125,1,0,25.35,1.386
2025-09-12 14:00:00,L4,Evening,Bracket B,131,0,0,23.41,2.228
2025-09-12 15:00:00,L1,Evening,Housing A,122,1,0,23.26,3.12
2025-09-12 15:00:00,L2,Evening,Housing A,119,4,0,22.24,3.408
2025-09-12 15:00:00,L3,Evening,Bracket B,112,2,0,26.8,2.856
2025-09-12 15:00:00,L4,Evening,Bracket B,110,1,0,23.45,2.658
2025-09-12 16:00:00,L1,Evening,Housing A,127,1,0,22.65,2.077
2025-09-12 16:00:00,L2,Evening,Housing A,122,1,0,24.43,3.259
2025-09-12 16:00:00,L3,Evening,Bracket B,127,3,0,27.85,1.667
2025-09-12 16:00:00,L4,Evening,Bracket B,124,2,0,20.66,2.247
2025-09-12 17:00:00,L1,Evening,Housing A,124,2,0,25.38,2.056
2025-09-12 17:00:00,L2,Evening,Housing A,120,1,0,24.77,3.105
2025-09-12 17:00:00,L3,Evening,Bracket B,116,5,0,26.8,2.616
2025-09-12 17:00:00,L4,Evening,Bracket B,112,1,0,24.84,1.123
2025-09-12 18:00:00,L1,Evening,Housing A,99,2,0,26.24,2.312
2025-09-12 18:00:00,L2,Evening,Housing A,118,1,0,22.74,2.784
2025-09-12 18:00:00,L3,Evening,Bracket B,110,1,0,25.39,1.656
2025-09-12 18:00:00,L4,Evening,Bracket B,127,2,0,23.87,2.352
2025-09-12 19:00:00,L1,Evening,Housing A,120,1,0,24.11,2.285
2025-09-12 19:00:00,L2,Evening,Housing A,111,4,0,23.16,2.763
2025-09-12 19:00:00,L3,Evening,Bracket B,82,1,15,27.07,3.463
2025-09-12 19:00:00,L4,Evening,Bracket B,115,4,0,25.47,1.72
2025-09-12 20:00:00,L1,Evening,Housing A,113,3,0,22.52,1.462
2025-09-12 20:00:00,L2,Evening,Housing A,111,2,0,25.33,3.643
2025-09-12 20:00:00,L3,Evening,Bracket B,117,5,0,28.98,1.797
2025-09-12 20:00:00,L4,Evening,Bracket B,102,2,0,23.62,2.591
2025-09-12 21:00:00,L1,Evening,Housing A,129,3,0,22.76,2.14
2025-09-12 21:00:00,L2,Evening,Housing A,101,0,10,23.27,3.026
2025-09-12 21:00:00,L3,Evening,Bracket B,117,1,0,25.91,1.523
2025-09-12 21:00:00,L4,Evening,Bracket B,119,1,0,22.93,2.943
2025-09-12 22:00:00,L1,Night,Housing A,128,1,0,23.14,2.355
2025-09-12 22:00:00,L2,Night,Housing A,112,1,0,23.33,3.744
2025-09-12 22:00:00,L3,Night,Bracket B,26,1,45,27.26,3.361
2025-09-12 22:00:00,L4,Night,Bracket B,122,0,0,25.65,1.628
2025-09-12 23:00:00,L1,Night,Housing A,118,2,0,23.11,2.908
2025-09-12 23:00:00,L2,Night,Housing A,118,3,0,23.53,2.907
2025-09-12 23:00:00,L3,Night,Bracket B,124,3,0,26.98,1.568
2025-09-12 23:00:00,L4,Night,Bracket B,115,4,0,23.26,2.081
2025-09-13 00:00:00,L1,Night,Housing A,126,0,0,24.35,2.237
2025-09-13 00:00:00,L2,Night,Housing A,110,1,0,25.92,3.565
2025-09-13 00:00:00,L3,Night,Bracket B,121,3,0,28.38,2.249
2025-09-13 00:00:00,L4,Night,Bracket B,108,3,0,26.89,1.698
2025-09-13 01:00:00,L1,Night,Housing A,118,0,0,23.47,2.283
2025-09-13 01:00:00,L2,Night,Housing A,127,2,0,21.5,2.479
2025-09-13 01:00:00,L3,Night,Bracket B,113,2,0,25.97,1.79
2025-09-13 01:00:00,L4,Night,Bracket B,107,0,0,23.88,2.36
2025-09-13 02:00:00,L1,Night,Housing A,152,2,0,23.31,2.433
2025-09-13 02:00:00,L2,Night,Housing A,118,1,0,22.85,2.493
2025-09-13 02:00:00,L3,Night,Bracket B,127,3,0,29.27,2.525
2025-09-13 02:00:00,L4,Night,Bracket B,114,1,0,24.57,2.021
2025-09-13 03:00:00,L1,Night,Housing A,123,2,0,22.94,1.667
2025-09-13 03:00:00,L2,Night,Housing A,124,0,0,21.99,3.472
2025-09-13 03:00:00,L3,Night,Bracket B,114,1,0,27.25,2.631
2025-09-13 03:00:00,L4,Night,Bracket B,95,4,15,25.14,1.341
2025-09-13 04:00:00,L1,Night,Housing A,126,4,0,25.22,2.147
2025-09-13 04:00:00,L2,Night,Housing A,122,1,0,22.94,2.201
2025-09-13 04:00:00,L3,Night,Bracket B,123,1,0,25.24,2.175
2025-09-13 04:00:00,L4,Night,Bracket B,129,1,0,23.73,2.111
2025-09-13 05:00:00,L1,Night,Housing A,132,3,0,23.78,1.59
2025-09-13 05:00:00,L2,Night,Housing A,114,2,0,22.97,2.88
2025-09-13 05:00:00,L3,Night,Bracket B,119,6,0,29.92,1.856
2025-09-13 05:00:00,L4,Night,Bracket B,124,2,0,24.89,2.034
2025-09-13 06:00:00,L1,Day,Housing A,110,4,0,29.12,1.746
2025-09-13 06:00:00,L2,Day,Housing A,112,2,0,24.09,3.252
2025-09-13 06:00:00,L3,Day,Bracket B,115,6,0,30.01,2.348
2025-09-13 06:00:00,L4,Day,Bracket B,117,3,0,27.32,2.003
2025-09-13 07:00:00,L1,Day,Housing A,112,4,0,29.56,1.939
2025-09-13 07:00:00,L2,Day,Housing A,119,1,0,25.5,3.329
2025-09-13 07:00:00,L3,Day,Bracket B,115,6,0,31.49,2.87
2025-09-13 07:00:00,L4,Day,Bracket B,125,6,0,25.43,1.859
2025-09-13 08:00:00,L1,Day,Housing A,121,4,0,26.76,2.194
2025-09-13 08:00:00,L2,Day,Housing A,123,2,0,25.12,2.884
2025-09-13 08:00:00,L3,Day,Bracket B,65,5,30,27.44,2.773
2025-09-13 08:00:00,L4,Day,Bracket B,128,4,0,25.27,2.371
2025-09-13 09:00:00,L1,Day,Housing A,122,4,0,24.61,2.012
2025-09-13 09:00:00,L2,Day,Housing A,132,7,0,28.33,2.904
2025-09-13 09:00:00,L3,Day,Bracket B,125,7,0,31.45,3.078
2025-09-13 09:00:00,L4,Day,Bracket B,113,3,0,26.97,2.459
2025-09-13 10:00:00,L1,Day,Housing A,123,2,0,29.27,2.013
2025-09-13 10:00:00,L2,Day,Housing A,121,0,0,25.74,3.343
2025-09-13 10:00:00,L3,Day,Bracket B,112,6,0,29.77,2.227
2025-09-13 10:00:00,L4,Day,Bracket B,119,2,0,24.6,1.391
2025-09-13 11:00:00,L1,Day,Housing A,129,0,0,25.51,2.053
2025-09-13 11:00:00,L2,Day,Housing A,131,3,0,25.37,3.845
2025-09-13 11:00:00,L3,Day,Bracket B,120,2,0,28.89,1.933
2025-09-13 11:00:00,L4,Day,Bracket B,119,3,0,28.48,2.159
2025-09-13 12:00:00,L1,Day,Housing A,124,6,0,28.55,2.162
2025-09-13 12:00:00,L2,Day,Housing A,65,3,30,27.44,3.506
2025-09-13 12:00:00,L3,Day,Bracket B,109,7,0,28.44,2.651
2025-09-13 12:00:00,L4,Day,Bracket B,118,3,0,23.98,2.356
2025-09-13 13:00:00,L1,Day,Housing A,116,0,0,27.22,1.666
2025-09-13 13:00:00,L2,Day,Housing A,120,2,0,25.52,2.657
2025-09-13 13:00:00,L3,Day,Bracket B,114,6,0,30.19,1.891
2025-09-13 13:00:00,L4,Day,Bracket B,122,1,0,27.33,1.82
2025-09-13 14:00:00,L1,Evening,Housing A,113,4,0,22.08,1.929
2025-09-13 14:00:00,L2,Evening,Housing A,112,0,0,24.88,3.452
2025-09-13 14:00:00,L3,Evening,Bracket B,124,5,0,26.66,2.268
2025-09-13 14:00:00,L4,Evening,Bracket B,108,0,0,22.82,1.85
2025-09-13 15:00:00,L1,Evening,Housing A,114,4,0,23.51,2.363
2025-09-13 15:00:00,L2,Evening,Housing A,122,4,0,22.38,2.462
2025-09-13 15:00:00,L3,Evening,Bracket B,117,1,0,26.13,2.103
2025-09-13 15:00:00,L4,Evening,Bracket B,125,0,0,18.64,2.322
2025-09-13 16:00:00,L1,Evening,Housing A,125,2,0,22.94,2.822
2025-09-13 16:00:00,L2,Evening,Housing A,119,1,0,24.71,1.966
2025-09-13 16:00:00,L3,Evening,Bracket B,138,4,0,27.28,2.261
2025-09-13 16:00:00,L4,Evening,Bracket B,126,3,0,24.35,2.659
2025-09-13 17:00:00,L1,Evening,Housing A,108,3,10,26.3,2.884
2025-09-13 17:00:00,L2,Evening,Housing A,115,2,0,23.3,3.164
2025-09-13 17:00:00,L3,Evening,Bracket B,109,6,0,26.04,2.897
2025-09-13 17:00:00,L4,Evening,Bracket B,122,2,0,23.35,2.427
2025-09-13 18:00:00,L1,Evening,Housing A,127,0,0,23.17,2.319
2025-09-13 18:00:00,L2,Evening,Housing A,120,1,0,23.87,3.045
2025-09-13 18:00:00,L3,Evening,Bracket B,115,1,0,24.24,1.947
2025-09-13 18:00:00,L4,Evening,Bracket B,110,2,0,26.19,1.525
2025-09-13 19:00:00,L1,Evening,Housing A,117,3,0,20.39,2.287
2025-09-13 19:00:00,L2,Evening,Housing A,110,1,0,21.51,2.545
2025-09-13 19:00:00,L3,Evening,Bracket B,125,4,0,28.19,2.254
2025-09-13 19:00:00,L4,Evening,Bracket B,110,2,0,23.98,2.081
2025-09-13 20:00:00,L1,Evening,Housing A,115,1,0,25.78,1.126
2025-09-13 20:00:00,L2,Evening,Housing A,116,1,0,24.15,2.585
2025-09-13 20:00:00,L3,Evening,Bracket B,122,0,0,26.55,2.496
2025-09-13 20:00:00,L4,Evening,Bracket B,115,1,0,23.73,2.356
2025-09-13 21:00:00,L1,Evening,Housing A,122,0,0,21.03,1.616
2025-09-13 21:00:00,L2,Evening,Housing A,116,7,0,27.32,3.52
2025-09-13 21:00:00,L3,Evening,Bracket B,109,4,0,27.87,1.331
2025-09-13 21:00:00,L4,Evening,Bracket B,132,1,0,23.98,1.6
2025-09-13 22:00:00,L1,Night,Housing A,124,2,0,23.4,2.431
2025-09-13 22:00:00,L2,Night,Housing A,123,1,0,25.61,3.86
2025-09-13 22:00:00,L3,Night,Bracket B,99,0,0,27.02,2.152
2025-09-13 22:00:00,L4,Night,Bracket B,121,0,0,22.82,2.109
2025-09-13 23:00:00,L1,Night,Housing A,119,3,0,25.32,2.189
2025-09-13 23:00:00,L2,Night,Housing A,134,4,0,23.82,1.954
2025-09-13 23:00:00,L3,Night,Bracket B,121,3,0,30.49,2.365
2025-09-13 23:00:00,L4,Night,Bracket B,125,1,0,24.35,3.278
2025-09-14 00:00:00,L1,Night,Housing A,113,3,0,26.6,1.402
2025-09-14 00:00:00,L2,Night,Housing A,129,0,0,22.41,3.549
2025-09-14 00:00:00,L3,Night,Bracket B,112,4,0,26.48,1.422
2025-09-14 00:00:00,L4,Night,Bracket B,118,1,0,24.32,2.377
2025-09-14 01:00:00,L1,Night,Housing A,112,1,0,25.57,2.676
2025-09-14 01:00:00,L2,Night,Housing A,115,1,0,23.44,2.795
2025-09-14 01:00:00,L3,Night,Bracket B,29,4,45,29.56,2.801
2025-09-14 01:00:00,L4,Night,Bracket B,109,1,0,23.28,2.279
2025-09-14 02:00:00,L1,Night,Housing A,111,2,0,24.57,2.244
2025-09-14 02:00:00,L2,Night,Housing A,106,1,0,22.95,3.283
2025-09-14 02:00:00,L3,Night,Bracket B,120,4,0,29.29,2.083
2025-09-14 02:00:00,L4,Night,Bracket B,118,0,0,24.35,1.25
2025-09-14 03:00:00,L1,Night,Housing A,130,2,0,25.81,1.593
2025-09-14 03:00:00,L2,Night,Housing A,99,4,0,27.88,4.487
2025-09-14 03:00:00,L3,Night,Bracket B,118,5,0,26.7,1.553
2025-09-14 03:00:00,L4,Night,Bracket B,112,1,0,26.93,0.895
2025-09-14 04:00:00,L1,Night,Housing A,126,2,0,24.75,1.532
2025-09-14 04:00:00,L2,Night,Housing A,119,2,0,23.79,3.0
2025-09-14 04:00:00,L3,Night,Bracket B,111,1,0,29.01,2.058
2025-09-14 04:00:00,L4,Night,Bracket B,125,2,0,23.19,2.053
2025-09-14 05:00:00,L1,Night,Housing A,110,1,0,25.1,1.765
2025-09-14 05:00:00,L2,Night,Housing A,117,0,0,25.41,3.07
2025-09-14 05:00:00,L3,Night,Bracket B,31,1,45,29.01,2.76
2025-09-14 05:00:00,L4,Night,Bracket B,117,3,0,23.89,1.43
2025-09-14 06:00:00,L1,Day,Housing A,132,0,0,25.37,2.539
2025-09-14 06:00:00,L2,Day,Housing A,120,3,0,23.16,3.289
2025-09-14 06:00:00,L3,Day,Bracket B,106,3,0,30.45,2.453
2025-09-14 06:00:00,L4,Day,Bracket B,118,3,0,23.65,1.441
2025-09-14 07:00:00,L1,Day,Housing A,127,5,0,27.87,2.5
2025-09-14 07:00:00,L2,Day,Housing A,119,1,0,27.18,3.199
2025-09-14 07:00:00,L3,Day,Bracket B,122,10,0,31.22,2.306
2025-09-14 07:00:00,L4,Day,Bracket B,123,1,0,26.73,2.755
2025-09-14 08:00:00,L1,Day,Housing A,119,1,0,24.94,1.564
2025-09-14 08:00:00,L2,Day,Housing A,115,6,0,28.46,3.425
2025-09-14 08:00:00,L3,Day,Bracket B,110,10,0,34.75,2.491
2025-09-14 08:00:00,L4,Day,Bracket B,116,5,0,26.58,2.099
2025-09-14 09:00:00,L1,Day,Housing A,128,3,0,28.47,1.616
2025-09-14 09:00:00,L2,Day,Housing A,134,6,0,28.67,2.474
2025-09-14 09:00:00,L3,Day,Bracket B,127,4,0,27.75,3.413
2025-09-14 09:00:00,L4,Day,Bracket B,127,4,0,27.39,1.078
2025-09-14 10:00:00,L1,Day,Housing A,123,2,0,24.42,2.161
2025-09-14 10:00:00,L2,Day,Housing A,90,2,15,26.29,2.54
2025-09-14 10:00:00,L3,Day,Bracket B,128,3,0,30.6,2.419
2025-09-14 10:00:00,L4,Day,Bracket B,113,6,0,29.47,2.49
2025-09-14 11:00:00,L1,Day,Housing A,112,4,0,28.02,1.576
2025-09-14 11:00:00,L2,Day,Housing A,121,1,0,25.22,2.843
2025-09-14 11:00:00,L3,Day,Bracket B,127,4,0,30.74,1.604
2025-09-14 11:00:00,L4,Day,Bracket B,127,10,0,29.77,2.348
2025-09-14 12:00:00,L1,Day,Housing A,114,4,0,26.0,1.936
2025-09-14 12:00:00,L2,Day,Housing A,112,6,0,27.56,3.21
2025-09-14 12:00:00,L3,Day,Bracket B,121,5,0,27.52,1.827
2025-09-14 12:00:00,L4,Day,Bracket B,115,5,0,28.75,2.501
2025-09-14 13:00:00,L1,Day,Housing A,107,3,0,25.47,1.417
2025-09-14 13:00:00,L2,Day,Housing A,92,5,15,27.76,3.395
2025-09-14 13:00:00,L3,Day,Bracket B,121,4,0,31.63,1.043
2025-09-14 13:00:00,L4,Day,Bracket B,126,4,0,26.63,1.258
2025-09-14 14:00:00,L1,Evening,Housing A,111,2,0,23.78,1.794
2025-09-14 14:00:00,L2,Evening,Housing A,125,1,0,24.4,3.857
2025-09-14 14:00:00,L3,Evening,Bracket B,135,4,0,27.68,1.861
2025-09-14 14:00:00,L4,Evening,Bracket B,122,1,0,25.1,2.181
2025-09-14 15:00:00,L1,Evening,Housing A,108,3,5,29.45,2.516
2025-09-14 15:00:00,L2,Evening,Housing A,104,2,10,23.62,2.932
2025-09-14 15:00:00,L3,Evening,Bracket B,117,6,0,27.83,2.338
2025-09-14 15:00:00,L4,Evening,Bracket B,121,1,0,24.75,2.351
2025-09-14 16:00:00,L1,Evening,Housing A,121,1,5,23.25,2.265
2025-09-14 16:00:00,L2,Evening,Housing A,63,1,30,21.97,3.352
2025-09-14 16:00:00,L3,Evening,Bracket B,110,6,0,28.21,1.439
2025-09-14 16:00:00,L4,Evening,Bracket B,147,0,0,22.43,2.527
2025-09-14 17:00:00,L1,Evening,Housing A,123,0,0,24.6,2.54
2025-09-14 17:00:00,L2,Evening,Housing A,106,2,0,25.2,2.971
2025-09-14 17:00:00,L3,Evening,Bracket B,119,3,0,26.46,1.988
2025-09-14 17:00:00,L4,Evening,Bracket B,135,2,0,22.9,2.412
2025-09-14 18:00:00,L1,Evening,Housing A,110,2,0,25.88,2.637
2025-09-14 18:00:00,L2,Evening,Housing A,116,1,0,20.91,2.32
2025-09-14 18:00:00,L3,Evening,Bracket B,123,3,0,26.44,2.183
2025-09-14 18:00:00,L4,Evening,Bracket B,117,3,0,22.71,1.875
2025-09-14 19:00:00,L1,Evening,Housing A,107,1,5,25.24,2.718
2025-09-14 19:00:00,L2,Evening,Housing A,122,1,0,23.87,2.947
2025-09-14 19:00:00,L3,Evening,Bracket B,121,2,0,26.56,2.647
2025-09-14 19:00:00,L4,Evening,Bracket B,126,2,0,24.58,2.627
2025-09-14 20:00:00,L1,Evening,Housing A,120,2,0,24.1,2.031
2025-09-14 20:00:00,L2,Evening,Housing A,108,2,0,25.27,3.171
2025-09-14 20:00:00,L3,Evening,Bracket B,130,4,0,27.06,2.91
2025-09-14 20:00:00,L4,Evening,Bracket B,123,2,0,23.25,1.926
2025-09-14 21:00:00,L1,Evening,Housing A,126,2,0,24.92,1.463
2025-09-14 21:00:00,L2,Evening,Housing A,123,4,0,25.27,4.095
2025-09-14 21:00:00,L3,Evening,Bracket B,122,1,0,26.62,1.198
2025-09-14 21:00:00,L4,Evening,Bracket B,117,2,0,22.96,2.464
2025-09-14 22:00:00,L1,Night,Housing A,133,0,0,24.28,2.216
2025-09-14 22:00:00,L2,Night,Housing A,116,3,0,23.89,2.545
2025-09-14 22:00:00,L3,Night,Bracket B,103,1,0,24.88,1.795
2025-09-14 22:00:00,L4,Night,Bracket B,113,2,0,24.76,2.183
2025-09-14 23:00:00,L1,Night,Housing A,80,0,15,24.67,2.268
2025-09-14 23:00:00,L2,Night,Housing A,115,0,0,21.8,2.954
2025-09-14 23:00:00,L3,Night,Bracket B,103,3,0,28.48,2.602
2025-09-14 23:00:00,L4,Night,Bracket B,115,1,0,23.46,1.547
2025-09-15 00:00:00,L1,Night,Housing A,121,2,0,23.26,2.176
2025-09-15 00:00:00,L2,Night,Housing A,115,0,0,22.59,3.261
2025-09-15 00:00:00,L3,Night,Bracket B,113,3,0,25.39,2.637
2025-09-15 00:00:00,L4,Night,Bracket B,123,2,0,22.63,2.316
2025-09-15 01:00:00,L1,Night,Housing A,31,1,45,23.08,1.925
2025-09-15 01:00:00,L2,Night,Housing A,112,4,0,23.38,2.577
2025-09-15 01:00:00,L3,Night,Bracket B,115,4,0,28.24,1.976
2025-09-15 01:00:00,L4,Night,Bracket B,130,0,0,23.18,2.992
2025-09-15 02:00:00,L1,Night,Housing A,124,1,0,26.25,0.72
2025-09-15 02:00:00,L2,Night,Housing A,121,1,0,21.28,2.899
2025-09-15 02:00:00,L3,Night,Bracket B,122,3,0,28.3,1.985
2025-09-15 02:00:00,L4,Night,Bracket B,128,4,0,26.98,2.642
2025-09-15 03:00:00,L1,Night,Housing A,123,1,0,23.64,1.7
2025-09-15 03:00:00,L2,Night,Housing A,113,0,0,22.1,3.331
2025-09-15 03:00:00,L3,Night,Bracket B,116,0,0,25.22,2.86
2025-09-15 03:00:00,L4,Night,Bracket B,130,3,0,25.22,3.172
2025-09-15 04:00:00,L1,Night,Housing A,106,2,10,26.28,2.5
2025-09-15 04:00:00,L2,Night,Housing A,113,0,0,22.63,3.162
2025-09-15 04:00:00,L3,Night,Bracket B,118,2,0,27.59,2.856
2025-09-15 04:00:00,L4,Night,Bracket B,126,1,0,21.77,1.947
2025-09-15 05:00:00,L1,Night,Housing A,115,2,0,24.17,1.2
2025-09-15 05:00:00,L2,Night,Housing A,113,1,5,25.71,3.05
2025-09-15 05:00:00,L3,Night,Bracket B,113,2,0,25.96,2.235
2025-09-15 05:00:00,L4,Night,Bracket B,115,2,0,22.2,1.73
2025-09-15 06:00:00,L1,Day,Housing A,124,8,0,28.2,1.63
2025-09-15 06:00:00,L2,Day,Housing A,112,4,0,29.32,2.224
2025-09-15 06:00:00,L3,Day,Bracket B,122,0,0,28.97,2.079
2025-09-15 06:00:00,L4,Day,Bracket B,119,2,0,27.26,2.043
2025-09-15 07:00:00,L1,Day,Housing A,115,0,0,26.42,2.311
2025-09-15 07:00:00,L2,Day,Housing A,122,4,0,29.05,3.087
2025-09-15 07:00:00,L3,Day,Bracket B,125,5,0,29.88,2.407
2025-09-15 07:00:00,L4,Day,Bracket B,109,3,10,27.32,2.392
2025-09-15 08:00:00,L1,Day,Housing A,120,4,0,28.63,2.631
2025-09-15 08:00:00,L2,Day,Housing A,119,1,0,22.84,2.768
2025-09-15 08:00:00,L3,Day,Bracket B,60,1,30,28.9,3.297
2025-09-15 08:00:00,L4,Day,Bracket B,115,0,0,25.52,1.683
2025-09-15 09:00:00,L1,Day,Housing A,114,4,0,27.35,1.782
2025-09-15 09:00:00,L2,Day,Housing A,125,6,0,27.28,2.715
2025-09-15 09:00:00,L3,Day,Bracket B,128,6,0,29.02,2.751
2025-09-15 09:00:00,L4,Day,Bracket B,118,3,0,26.08,2.506
2025-09-15 10:00:00,L1,Day,Housing A,121,3,0,27.19,1.665
2025-09-15 10:00:00,L2,Day,Housing A,142,3,0,23.15,3.41
2025-09-15 10:00:00,L3,Day,Bracket B,131,3,0,29.45,2.128
2025-09-15 10:00:00,L4,Day,Bracket B,109,1,0,27.28,2.057
2025-09-15 11:00:00,L1,Day,Housing A,116,4,0,29.84,2.575
2025-09-15 11:00:00,L2,Day,Housing A,122,3,0,27.07,2.612
2025-09-15 11:00:00,L3,Day,Bracket B,121,3,0,30.17,2.119
2025-09-15 11:00:00,L4,Day,Bracket B,110,4,0,25.11,2.547
2025-09-15 12:00:00,L1,Day,Housing A,119,2,0,26.1,2.531
2025-09-15 12:00:00,L2,Day,Housing A,94,6,10,27.03,3.649
2025-09-15 12:00:00,L3,Day,Bracket B,113,6,0,28.71,1.742
2025-09-15 12:00:00,L4,Day,Bracket B,123,1,0,25.91,2.156
2025-09-15 13:00:00,L1,Day,Housing A,124,2,0,27.63,2.466
2025-09-15 13:00:00,L2,Day,Housing A,31,1,45,24.57,4.007
2025-09-15 13:00:00,L3,Day,Bracket B,116,4,0,29.99,1.72
2025-09-15 13:00:00,L4,Day,Bracket B,113,1,0,24.14,2.239
2025-09-15 14:00:00,L1,Evening,Housing A,113,5,0,26.68,2.023
2025-09-15 14:00:00,L2,Evening,Housing A,125,4,0,24.14,3.555
2025-09-15 14:00:00,L3,Evening,Bracket B,120,3,0,27.02,1.75
2025-09-15 14:00:00,L4,Evening,Bracket B,117,2,0,24.78,3.511
2025-09-15 15:00:00,L1,Evening,Housing A,123,3,0,22.46,2.299
2025-09-15 15:00:00,L2,Evening,Housing A,139,5,0,26.68,4.109
2025-09-15 15:00:00,L3,Evening,Bracket B,119,9,0,30.09,2.169
2025-09-15 15:00:00,L4,Evening,Bracket B,122,0,0,23.37,2.609
2025-09-15 16:00:00,L1,Evening,Housing A,122,2,0,23.54,2.237
2025-09-15 16:00:00,L2,Evening,Housing A,123,3,0,23.98,2.787
2025-09-15 16:00:00,L3,Evening,Bracket B,125,9,0,28.99,2.585
2025-09-15 16:00:00,L4,Evening,Bracket B,112,2,0,21.47,1.769
2025-09-15 17:00:00,L1,Evening,Housing A,29,1,45,23.76,1.353
2025-09-15 17:00:00,L2,Evening,Housing A,122,7,0,25.05,3.783
2025-09-15 17:00:00,L3,Evening,Bracket B,131,4,0,26.88,2.153
2025-09-15 17:00:00,L4,Evening,Bracket B,109,0,5,23.92,2.444
2025-09-15 18:00:00,L1,Evening,Housing A,117,2,0,23.46,1.467
2025-09-15 18:00:00,L2,Evening,Housing A,130,4,0,24.11,2.955
2025-09-15 18:00:00,L3,Evening,Bracket B,118,7,0,30.35,2.168
2025-09-15 18:00:00,L4,Evening,Bracket B,136,6,0,24.33,2.508
2025-09-15 19:00:00,L1,Evening,Housing A,105,2,0,21.55,2.063
2025-09-15 19:00:00,L2,Evening,Housing A,118,2,0,19.31,3.1
2025-09-15 19:00:00,L3,Evening,Bracket B,118,6,0,28.21,2.641
2025-09-15 19:00:00,L4,Evening,Bracket B,118,2,0,24.52,2.686
2025-09-15 20:00:00,L1,Evening,Housing A,119,0,0,24.45,3.087
2025-09-15 20:00:00,L2,Evening,Housing A,135,3,0,23.06,3.325
2025-09-15 20:00:00,L3,Evening,Bracket B,114,1,0,26.78,2.07
2025-09-15 20:00:00,L4,Evening,Bracket B,118,2,0,23.67,0.619
2025-09-15 21:00:00,L1,Evening,Housing A,104,2,0,24.9,3.246
2025-09-15 21:00:00,L2,Evening,Housing A,129,4,0,23.81,3.079
2025-09-15 21:00:00,L3,Evening,Bracket B,112,1,0,26.75,2.075
2025-09-15 21:00:00,L4,Evening,Bracket B,123,1,0,22.04,3.736
2025-09-15 22:00:00,L1,Night,Housing A,90,5,15,22.04,1.619
2025-09-15 22:00:00,L2,Night,Housing A,122,3,0,25.81,2.899
2025-09-15 22:00:00,L3,Night,Bracket B,118,9,0,30.16,2.853
2025-09-15 22:00:00,L4,Night,Bracket B,119,1,0,24.33,1.815
2025-09-15 23:00:00,L1,Night,Housing A,118,1,0,24.74,2.21
2025-09-15 23:00:00,L2,Night,Housing A,134,2,0,22.13,3.595
2025-09-15 23:00:00,L3,Night,Bracket B,119,2,0,26.95,2.559
2025-09-15 23:00:00,L4,Night,Bracket B,135,3,0,28.03,1.903
2025-09-16 00:00:00,L1,Night,Housing A,26,0,45,25.22,1.915
2025-09-16 00:00:00,L2,Night,Housing A,122,1,0,23.45,3.285
2025-09-16 00:00:00,L3,Night,Bracket B,126,2,0,26.75,2.926
2025-09-16 00:00:00,L4,Night,Bracket B,124,2,0,21.96,1.86
2025-09-16 01:00:00,L1,Night,Housing A,107,1,0,24.54,2.446
2025-09-16 01:00:00,L2,Night,Housing A,122,4,0,25.12,2.799
2025-09-16 01:00:00,L3,Night,Bracket B,125,4,0,26.62,2.467
2025-09-16 01:00:00,L4,Night,Bracket B,120,2,0,25.86,2.47
2025-09-16 02:00:00,L1,Night,Housing A,124,0,0,25.04,2.069
2025-09-16 02:00:00,L2,Night,Housing A,126,2,0,22.52,3.434
2025-09-16 02:00:00,L3,Night,Bracket B,30,1,45,25.55,1.622
2025-09-16 02:00:00,L4,Night,Bracket B,130,1,0,25.17,1.932
2025-09-16 03:00:00,L1,Night,Housing A,107,2,0,21.82,2.97
2025-09-16 03:00:00,L2,Night,Housing A,115,1,0,26.15,2.933
2025-09-16 03:00:00,L3,Night,Bracket B,128,1,0,22.55,1.893
2025-09-16 03:00:00,L4,Night,Bracket B,63,0,30,24.25,1.56
2025-09-16 04:00:00,L1,Night,Housing A,116,0,0,24.22,2.412
2025-09-16 04:00:00,L2,Night,Housing A,60,2,30,22.42,3.245
2025-09-16 04:00:00,L3,Night,Bracket B,130,2,0,25.31,2.137
2025-09-16 04:00:00,L4,Night,Bracket B,135,2,0,21.95,1.579
2025-09-16 05:00:00,L1,Night,Housing A,122,0,0,22.25,2.6
2025-09-16 05:00:00,L2,Night,Housing A,120,2,0,26.06,2.72
2025-09-16 05:00:00,L3,Night,Bracket B,109,5,0,28.9,1.784
2025-09-16 05:00:00,L4,Night,Bracket B,126,0,0,22.8,1.952
2025-09-16 06:00:00,L1,Day,Housing A,112,2,0,26.11,2.574
2025-09-16 06:00:00,L2,Day,Housing A,113,4,0,26.06,3.581
2025-09-16 06:00:00,L3,Day,Bracket B,126,6,0,30.08,1.664
2025-09-16 06:00:00,L4,Day,Bracket B,113,4,0,25.65,2.457
2025-09-16 07:00:00,L1,Day,Housing A,124,2,0,25.81,2.35
2025-09-16 07:00:00,L2,Day,Housing A,114,3,0,29.64,3.792
2025-09-16 07:00:00,L3,Day,Bracket B,115,7,0,32.74,2.407
2025-09-16 07:00:00,L4,Day,Bracket B,116,1,0,26.21,2.18
2025-09-16 08:00:00,L1,Day,Housing A,100,2,10,24.76,2.605
2025-09-16 08:00:00,L2,Day,Housing A,113,4,0,25.58,3.552
2025-09-16 08:00:00,L3,Day,Bracket B,127,3,0,28.38,2.664
2025-09-16 08:00:00,L4,Day,Bracket B,120,4,0,26.53,1.837
2025-09-16 09:00:00,L1,Day,Housing A,117,1,0,25.67,1.579
2025-09-16 09:00:00,L2,Day,Housing A,114,2,0,26.08,3.165
2025-09-16 09:00:00,L3,Day,Bracket B,131,3,0,28.08,2.216
2025-09-16 09:00:00,L4,Day,Bracket B,127,3,0,23.8,1.527
2025-09-16 10:00:00,L1,Day,Housing A,118,3,0,25.64,2.052
2025-09-16 10:00:00,L2,Day,Housing A,124,0,0,26.3,2.1
2025-09-16 10:00:00,L3,Day,Bracket B,124,9,0,30.37,2.991
2025-09-16 10:00:00,L4,Day,Bracket B,120,3,0,22.97,2.938
2025-09-16 11:00:00,L1,Day,Housing A,119,2,0,26.03,1.631
2025-09-16 11:00:00,L2,Day,Housing A,133,6,0,27.03,3.716
2025-09-16 11:00:00,L3,Day,Bracket B,106,3,0,28.38,1.317
2025-09-16 11:00:00,L4,Day,Bracket B,136,3,0,26.12,2.228
2025-09-16 12:00:00,L1,Day,Housing A,114,3,0,25.86,2.206
2025-09-16 12:00:00,L2,Day,Housing A,120,0,0,25.82,2.3
2025-09-16 12:00:00,L3,Day,Bracket B,118,4,0,29.09,2.625
2025-09-16 12:00:00,L4,Day,Bracket B,124,1,0,26.06,1.881
2025-09-16 13:00:00,L1,Day,Housing A,115,2,0,28.01,1.028
2025-09-16 13:00:00,L2,Day,Housing A,60,1,30,26.64,2.314
2025-09-16 13:00:00,L3,Day,Bracket B,116,5,0,29.02,1.973
2025-09-16 13:00:00,L4,Day,Bracket B,120,2,0,25.06,2.365
2025-09-16 14:00:00,L1,Evening,Housing A,109,2,0,24.95,2.445
2025-09-16 14:00:00,L2,Evening,Housing A,112,4,0,22.56,3.32
2025-09-16 14:00:00,L3,Evening,Bracket B,113,1,0,27.12,2.816
2025-09-16 14:00:00,L4,Evening,Bracket B,122,0,0,24.67,3.255
2025-09-16 15:00:00,L1,Evening,Housing A,119,1,0,20.83,2.346
2025-09-16 15:00:00,L2,Evening,Housing A,118,2,0,22.87,2.965
2025-09-16 15:00:00,L3,Evening,Bracket B,125,1,0,23.03,2.211
2025-09-16 15:00:00,L4,Evening,Bracket B,123,1,0,23.72,2.27
2025-09-16 16:00:00,L1,Evening,Housing A,94,1,0,23.71,1.802
2025-09-16 16:00:00,L2,Evening,Housing A,134,3,0,24.42,3.411
2025-09-16 16:00:00,L3,Evening,Bracket B,108,6,0,27.28,2.079
2025-09-16 16:00:00,L4,Evening,Bracket B,110,1,0,22.75,1.701
2025-09-16 17:00:00,L1,Evening,Housing A,117,1,0,25.75,2.32
2025-09-16 17:00:00,L2,Evening,Housing A,113,1,0,24.13,2.727
2025-09-16 17:00:00,L3,Evening,Bracket B,99,0,15,29.3,2.377
2025-09-16 17:00:00,L4,Evening,Bracket B,130,1,0,24.49,2.068
2025-09-16 18:00:00,L1,Evening,Housing A,111,0,0,27.25,1.741
2025-09-16 18:00:00,L2,Evening,Housing A,121,2,0,24.65,3.17
2025-09-16 18:00:00,L3,Evening,Bracket B,111,5,0,28.55,2.921
2025-09-16 18:00:00,L4,Evening,Bracket B,120,1,0,23.72,2.683
2025-09-16 19:00:00,L1,Evening,Housing A,126,2,0,26.89,2.152
2025-09-16 19:00:00,L2,Evening,Housing A,86,1,15,23.13,3.061
2025-09-16 19:00:00,L3,Evening,Bracket B,110,7,0,28.14,1.965
2025-09-16 19:00:00,L4,Evening,Bracket B,125,1,0,22.6,2.56
2025-09-16 20:00:00,L1,Evening,Housing A,115,1,0,25.9,2.694
2025-09-16 20:00:00,L2,Evening,Housing A,113,1,0,21.36,2.014
2025-09-16 20:00:00,L3,Evening,Bracket B,124,3,0,26.86,1.782
2025-09-16 20:00:00,L4,Evening,Bracket B,122,2,0,23.08,3.433
2025-09-16 21:00:00,L1,Evening,Housing A,124,1,0,25.0,1.704
2025-09-16 21:00:00,L2,Evening,Housing A,102,2,0,24.3,2.425
2025-09-16 21:00:00,L3,Evening,Bracket B,127,1,0,27.05,2.186
2025-09-16 21:00:00,L4,Evening,Bracket B,117,1,0,25.4,1.95
2025-09-16 22:00:00,L1,Night,Housing A,115,1,0,23.45,1.903
2025-09-16 22:00:00,L2,Night,Housing A,120,3,0,25.39,3.309
2025-09-16 22:00:00,L3,Night,Bracket B,117,4,0,29.3,2.911
2025-09-16 22:00:00,L4,Night,Bracket B,121,4,0,26.18,2.132
2025-09-16 23:00:00,L1,Night,Housing A,114,1,0,23.83,2.826
2025-09-16 23:00:00,L2,Night,Housing A,119,5,0,25.18,3.416
2025-09-16 23:00:00,L3,Night,Bracket B,133,5,0,28.42,1.63
2025-09-16 23:00:00,L4,Night,Bracket B,124,4,0,23.48,2.357
2025-09-17 00:00:00,L1,Night,Housing A,111,1,0,23.06,2.969
2025-09-17 00:00:00,L2,Night,Housing A,116,2,0,24.41,2.89
2025-09-17 00:00:00,L3,Night,Bracket B,123,4,0,26.61,2.207
2025-09-17 00:00:00,L4,Night,Bracket B,118,1,0,22.27,2.441
2025-09-17 01:00:00,L1,Night,Housing A,123,1,0,25.04,2.952
2025-09-17 01:00:00,L2,Night,Housing A,117,1,0,25.36,3.488
2025-09-17 01:00:00,L3,Night,Bracket B,125,5,0,28.7,2.105
2025-09-17 01:00:00,L4,Night,Bracket B,125,3,0,25.34,1.533
2025-09-17 02:00:00,L1,Night,Housing A,118,0,0,23.91,2.311
2025-09-17 02:00:00,L2,Night,Housing A,101,2,5,22.71,2.661
2025-09-17 02:00:00,L3,Night,Bracket B,114,6,0,28.21,2.491
2025-09-17 02:00:00,L4,Night,Bracket B,135,2,0,23.97,2.243
2025-09-17 03:00:00,L1,Night,Housing A,112,0,0,23.45,2.086
2025-09-17 03:00:00,L2,Night,Housing A,119,0,0,25.87,2.983
2025-09-17 03:00:00,L3,Night,Bracket B,111,3,0,27.57,2.303
2025-09-17 03:00:00,L4,Night,Bracket B,108,0,0,23.44,2.475
2025-09-17 04:00:00,L1,Night,Housing A,127,1,0,22.62,2.567
2025-09-17 04:00:00,L2,Night,Housing A,124,3,0,25.39,2.402
2025-09-17 04:00:00,L3,Night,Bracket B,112,1,0,28.32,2.004
2025-09-17 04:00:00,L4,Night,Bracket B,118,2,0,22.94,3.357
2025-09-17 05:00:00,L1,Night,Housing A,125,2,0,23.07,2.243
2025-09-17 05:00:00,L2,Night,Housing A,111,2,0,22.61,2.883
2025-09-17 05:00:00,L3,Night,Bracket B,117,1,0,26.81,2.12
2025-09-17 05:00:00,L4,Night,Bracket B,120,2,0,24.17,2.215
2025-09-17 06:00:00,L1,Day,Housing A,121,2,0,24.87,2.382
2025-09-17 06:00:00,L2,Day,Housing A,113,5,0,23.67,3.607
2025-09-17 06:00:00,L3,Day,Bracket B,118,3,0,30.94,1.961
2025-09-17 06:00:00,L4,Day,Bracket B,107,1,0,24.6,1.83
2025-09-17 07:00:00,L1,Day,Housing A,116,6,0,25.33,2.572
2025-09-17 07:00:00,L2,Day,Housing A,110,1,0,26.02,2.745
2025-09-17 07:00:00,L3,Day,Bracket B,90,3,10,30.57,2.06
2025-09-17 07:00:00,L4,Day,Bracket B,124,3,0,24.67,1.617
2025-09-17 08:00:00,L1,Day,Housing A,113,1,0,26.9,2.356
2025-09-17 08:00:00,L2,Day,Housing A,112,2,0,28.07,1.839
2025-09-17 08:00:00,L3,Day,Bracket B,124,1,0,27.44,1.939
2025-09-17 08:00:00,L4,Day,Bracket B,111,5,0,24.23,2.373
2025-09-17 09:00:00,L1,Day,Housing A,110,5,0,27.05,2.817
2025-09-17 09:00:00,L2,Day,Housing A,136,1,0,27.6,3.229
2025-09-17 09:00:00,L3,Day,Bracket B,109,5,0,30.9,1.38
2025-09-17 09:00:00,L4,Day,Bracket B,137,8,0,26.28,1.95
2025-09-17 10:00:00,L1,Day,Housing A,122,3,0,25.04,2.639
2025-09-17 10:00:00,L2,Day,Housing A,122,2,0,24.14,3.261
2025-09-17 10:00:00,L3,Day,Bracket B,115,6,0,30.24,2.622
2025-09-17 10:00:00,L4,Day,Bracket B,116,7,0,27.36,2.012
2025-09-17 11:00:00,L1,Day,Housing A,125,1,0,26.7,2.316
2025-09-17 11:00:00,L2,Day,Housing A,116,2,0,26.42,3.303
2025-09-17 11:00:00,L3,Day,Bracket B,117,9,0,29.27,1.873
2025-09-17 11:00:00,L4,Day,Bracket B,111,3,0,26.91,2.281
2025-09-17 12:00:00,L1,Day,Housing A,109,1,0,22.21,2.254
2025-09-17 12:00:00,L2,Day,Housing A,123,4,0,27.18,3.634
2025-09-17 12:00:00,L3,Day,Bracket B,96,7,10,33.77,2.06
2025-09-17 12:00:00,L4,Day,Bracket B,62,0,30,27.35,1.827
2025-09-17 13:00:00,L1,Day,Housing A,117,1,0,25.29,2.309
2025-09-17 13:00:00,L2,Day,Housing A,113,4,0,26.55,4.095
2025-09-17 13:00:00,L3,Day,Bracket B,124,6,0,30.94,3.078
2025-09-17 13:00:00,L4,Day,Bracket B,115,1,0,25.01,2.186
2025-09-17 14:00:00,L1,Evening,Housing A,121,1,0,20.68,2.639
2025-09-17 14:00:00,L2,Evening,Housing A,110,0,0,24.72,2.915
2025-09-17 14:00:00,L3,Evening,Bracket B,134,4,0,28.36,1.802
2025-09-17 14:00:00,L4,Evening,Bracket B,129,3,0,26.78,1.972
2025-09-17 15:00:00,L1,Evening,Housing A,120,1,0,26.01,2.131
2025-09-17 15:00:00,L2,Evening,Housing A,104,1,0,22.84,3.332
2025-09-17 15:00:00,L3,Evening,Bracket B,121,3,0,27.21,2.576
2025-09-17 15:00:00,L4,Evening,Bracket B,131,0,0,21.68,1.711
2025-09-17 16:00:00,L1,Evening,Housing A,113,3,0,26.71,2.237
2025-09-17 16:00:00,L2,Evening,Housing A,125,0,0,25.21,3.021
2025-09-17 16:00:00,L3,Evening,Bracket B,126,4,0,28.31,2.462
2025-09-17 16:00:00,L4,Evening,Bracket B,100,1,0,22.37,2.509
2025-09-17 17:00:00,L1,Evening,Housing A,107,5,0,22.5,1.865
2025-09-17 17:00:00,L2,Evening,Housing A,135,1,0,26.78,3.76
2025-09-17 17:00:00,L3,Evening,Bracket B,114,0,0,26.06,0.874
2025-09-17 17:00:00,L4,Evening,Bracket B,126,2,0,24.44,2.243
2025-09-17 18:00:00,L1,Evening,Housing A,101,1,5,27.42,1.878
2025-09-17 18:00:00,L2,Evening,Housing A,123,0,0,23.26,2.69
2025-09-17 18:00:00,L3,Evening,Bracket B,124,3,0,26.26,2.359
2025-09-17 18:00:00,L4,Evening,Bracket B,119,1,0,21.87,1.255
2025-09-17 19:00:00,L1,Evening,Housing A,118,3,0,24.62,2.535
2025-09-17 19:00:00,L2,Evening,Housing A,108,0,5,25.93,2.957
2025-09-17 19:00:00,L3,Evening,Bracket B,61,3,30,26.85,2.744
2025-09-17 19:00:00,L4,Evening,Bracket B,110,0,0,20.85,2.006
2025-09-17 20:00:00,L1,Evening,Housing A,125,3,0,23.67,1.817
2025-09-17 20:00:00,L2,Evening,Housing A,119,0,0,20.66,3.383
2025-09-17 20:00:00,L3,Evening,Bracket B,130,5,0,29.39,2.375
2025-09-17 20:00:00,L4,Evening,Bracket B,120,0,0,23.97,2.726
2025-09-17 21:00:00,L1,Evening,Housing A,125,0,0,27.14,3.669
2025-09-17 21:00:00,L2,Evening,Housing A,116,0,0,24.92,3.285
2025-09-17 21:00:00,L3,Evening,Bracket B,131,5,0,29.17,2.5
2025-09-17 21:00:00,L4,Evening,Bracket B,120,2,0,21.92,2.292
2025-09-17 22:00:00,L1,Night,Housing A,116,1,0,22.6,2.211
2025-09-17 22:00:00,L2,Night,Housing A,123,1,0,24.87,2.982
2025-09-17 22:00:00,L3,Night,Bracket B,108,2,0,28.62,2.365
2025-09-17 22:00:00,L4,Night,Bracket B,132,2,0,24.27,2.406
2025-09-17 23:00:00,L1,Night,Housing A,131,1,0,25.18,2.667
2025-09-17 23:00:00,L2,Night,Housing A,130,1,0,23.65,2.59
2025-09-17 23:00:00,L3,Night,Bracket B,123,4,0,29.22,1.712
2025-09-17 23:00:00,L4,Night,Bracket B,132,1,0,25.51,2.396
2025-09-18 00:00:00,L1,Night,Housing A,117,1,0,23.06,3.08
2025-09-18 00:00:00,L2,Night,Housing A,118,1,0,24.27,3.186
2025-09-18 00:00:00,L3,Night,Bracket B,119,7,0,30.78,2.239
2025-09-18 00:00:00,L4,Night,Bracket B,126,3,0,23.8,2.76
2025-09-18 01:00:00,L1,Night,Housing A,104,1,0,23.25,1.393
2025-09-18 01:00:00,L2,Night,Housing A,132,0,0,23.97,3.679
2025-09-18 01:00:00,L3,Night,Bracket B,115,2,0,28.07,2.396
2025-09-18 01:00:00,L4,Night,Bracket B,116,1,0,22.32,1.584
2025-09-18 02:00:00,L1,Night,Housing A,126,1,0,22.21,1.439
2025-09-18 02:00:00,L2,Night,Housing A,140,4,0,22.54,2.68
2025-09-18 02:00:00,L3,Night,Bracket B,117,3,0,29.84,2.267
2025-09-18 02:00:00,L4,Night,Bracket B,119,1,0,22.79,2.901
2025-09-18 03:00:00,L1,Night,Housing A,128,0,0,21.62,0.846
2025-09-18 03:00:00,L2,Night,Housing A,121,1,0,24.78,3.813
2025-09-18 03:00:00,L3,Night,Bracket B,110,2,0,24.59,1.76
2025-09-18 03:00:00,L4,Night,Bracket B,120,1,0,25.62,2.137
2025-09-18 04:00:00,L1,Night,Housing A,118,0,0,24.25,3.234
2025-09-18 04:00:00,L2,Night,Housing A,122,0,0,23.28,2.773
2025-09-18 04:00:00,L3,Night,Bracket B,123,1,0,26.36,2.493
2025-09-18 04:00:00,L4,Night,Bracket B,116,1,0,23.43,2.151
2025-09-18 05:00:00,L1,Night,Housing A,125,3,0,22.21,2.127
2025-09-18 05:00:00,L2,Night,Housing A,122,1,0,25.83,2.69
2025-09-18 05:00:00,L3,Night,Bracket B,136,7,0,28.68,1.663
2025-09-18 05:00:00,L4,Night,Bracket B,118,0,0,22.04,2.484
2025-09-18 06:00:00,L1,Day,Housing A,127,4,0,24.25,2.301
2025-09-18 06:00:00,L2,Day,Housing A,113,5,0,27.27,3.517
2025-09-18 06:00:00,L3,Day,Bracket B,109,5,0,30.46,2.265
2025-09-18 06:00:00,L4,Day,Bracket B,125,7,0,28.64,1.916
2025-09-18 07:00:00,L1,Day,Housing A,130,1,0,24.84,2.834
2025-09-18 07:00:00,L2,Day,Housing A,107,4,0,27.3,3.866
2025-09-18 07:00:00,L3,Day,Bracket B,123,7,0,31.26,1.877
2025-09-18 07:00:00,L4,Day,Bracket B,112,1,0,23.83,1.778
2025-09-18 08:00:00,L1,Day,Housing A,130,0,0,26.25,2.555
2025-09-18 08:00:00,L2,Day,Housing A,119,0,0,25.84,2.899
2025-09-18 08:00:00,L3,Day,Bracket B,120,7,0,31.06,2.144
2025-09-18 08:00:00,L4,Day,Bracket B,128,0,0,25.66,2.704
2025-09-18 09:00:00,L1,Day,Housing A,100,1,10,24.01,1.185
2025-09-18 09:00:00,L2,Day,Housing A,130,4,0,26.34,3.148
2025-09-18 09:00:00,L3,Day,Bracket B,115,3,0,32.0,1.542
2025-09-18 09:00:00,L4,Day,Bracket B,126,1,0,22.44,2.039
2025-09-18 10:00:00,L1,Day,Housing A,130,2,0,26.93,2.081
2025-09-18 10:00:00,L2,Day,Housing A,125,7,0,25.98,2.755
2025-09-18 10:00:00,L3,Day,Bracket B,120,2,0,29.0,2.282
2025-09-18 10:00:00,L4,Day,Bracket B,127,3,0,24.19,2.152
2025-09-18 11:00:00,L1,Day,Housing A,119,1,0,23.55,1.096
2025-09-18 11:00:00,L2,Day,Housing A,106,1,0,27.65,4.239
2025-09-18 11:00:00,L3,Day,Bracket B,118,5,0,31.26,2.343
2025-09-18 11:00:00,L4,Day,Bracket B,115,3,0,25.42,2.506
2025-09-18 12:00:00,L1,Day,Housing A,123,3,0,26.17,2.314
2025-09-18 12:00:00,L2,Day,Housing A,103,2,0,27.45,3.131
2025-09-18 12:00:00,L3,Day,Bracket B,115,8,0,31.36,2.187
2025-09-18 12:00:00,L4,Day,Bracket B,130,4,0,25.59,1.852
2025-09-18 13:00:00,L1,Day,Housing A,123,1,0,24.24,2.255
2025-09-18 13:00:00,L2,Day,Housing A,122,2,0,29.25,2.304
2025-09-18 13:00:00,L3,Day,Bracket B,118,5,0,29.67,2.903
2025-09-18 13:00:00,L4,Day,Bracket B,122,2,0,27.94,2.328
2025-09-18 14:00:00,L1,Evening,Housing A,107,2,0,23.37,2.512
2025-09-18 14:00:00,L2,Evening,Housing A,96,2,10,24.4,3.234
2025-09-18 14:00:00,L3,Evening,Bracket B,110,4,0,29.09,2.485
2025-09-18 14:00:00,L4,Evening,Bracket B,30,1,45,21.23,2.814
2025-09-18 15:00:00,L1,Evening,Housing A,134,4,0,25.43,1.488
2025-09-18 15:00:00,L2,Evening,Housing A,125,3,0,23.71,3.284
2025-09-18 15:00:00,L3,Evening,Bracket B,110,2,0,26.37,2.651
2025-09-18 15:00:00,L4,Evening,Bracket B,116,0,0,22.49,3.358
2025-09-18 16:00:00,L1,Evening,Housing A,114,3,0,22.89,2.336
2025-09-18 16:00:00,L2,Evening,Housing A,129,2,0,23.5,2.5
2025-09-18 16:00:00,L3,Evening,Bracket B,52,4,30,28.84,1.845
2025-09-18 16:00:00,L4,Evening,Bracket B,30,1,45,23.9,2.898
2025-09-18 17:00:00,L1,Evening,Housing A,120,4,0,22.03,1.72
2025-09-18 17:00:00,L2,Evening,Housing A,109,1,0,23.56,3.351
2025-09-18 17:00:00,L3,Evening,Bracket B,109,3,0,29.39,2.374
2025-09-18 17:00:00,L4,Evening,Bracket B,27,0,45,24.07,2.222
2025-09-18 18:00:00,L1,Evening,Housing A,114,0,0,24.08,1.84
2025-09-18 18:00:00,L2,Evening,Housing A,120,0,0,21.39,2.212
2025-09-18 18:00:00,L3,Evening,Bracket B,116,1,0,26.4,2.379
2025-09-18 18:00:00,L4,Evening,Bracket B,126,5,0,25.32,1.88
2025-09-18 19:00:00,L1,Evening,Housing A,121,1,0,23.13,2.583
2025-09-18 19:00:00,L2,Evening,Housing A,113,1,0,23.26,3.181
2025-09-18 19:00:00,L3,Evening,Bracket B,27,1,45,29.57,0.938
2025-09-18 19:00:00,L4,Evening,Bracket B,109,3,0,25.5,3.071
2025-09-18 20:00:00,L1,Evening,Housing A,122,1,0,25.45,1.974
2025-09-18 20:00:00,L2,Evening,Housing A,116,1,0,21.18,2.907
2025-09-18 20:00:00,L3,Evening,Bracket B,124,3,0,28.28,2.09
2025-09-18 20:00:00,L4,Evening,Bracket B,119,2,0,24.59,2.669
2025-09-18 21:00:00,L1,Evening,Housing A,132,1,0,22.82,2.494
2025-09-18 21:00:00,L2,Evening,Housing A,121,4,0,25.04,2.435
2025-09-18 21:00:00,L3,Evening,Bracket B,122,2,0,27.52,2.591
2025-09-18 21:00:00,L4,Evening,Bracket B,121,0,0,22.79,1.491
2025-09-18 22:00:00,L1,Night,Housing A,120,0,0,25.98,1.154
2025-09-18 22:00:00,L2,Night,Housing A,120,0,0,26.09,2.639
2025-09-18 22:00:00,L3,Night,Bracket B,122,1,0,28.27,1.526
2025-09-18 22:00:00,L4,Night,Bracket B,114,3,0,22.2,0.975
2025-09-18 23:00:00,L1,Night,Housing A,122,3,0,24.31,2.013
2025-09-18 23:00:00,L2,Night,Housing A,116,1,0,23.14,4.445
2025-09-18 23:00:00,L3,Night,Bracket B,121,5,0,27.9,2.177
2025-09-18 23:00:00,L4,Night,Bracket B,54,2,30,23.73,1.749
2025-09-19 00:00:00,L1,Night,Housing A,127,3,0,23.8,2.358
2025-09-19 00:00:00,L2,Night,Housing A,125,1,0,24.23,3.152
2025-09-19 00:00:00,L3,Night,Bracket B,114,4,0,28.6,2.643
2025-09-19 00:00:00,L4,Night,Bracket B,109,0,0,25.06,1.34
2025-09-19 01:00:00,L1,Night,Housing A,107,2,0,24.41,2.289
2025-09-19 01:00:00,L2,Night,Housing A,124,2,0,25.28,2.819
2025-09-19 01:00:00,L3,Night,Bracket B,112,1,0,27.97,1.609
2025-09-19 01:00:00,L4,Night,Bracket B,103,3,0,25.7,1.726
2025-09-19 02:00:00,L1,Night,Housing A,107,2,0,25.05,2.326
2025-09-19 02:00:00,L2,Night,Housing A,118,1,0,21.37,3.386
2025-09-19 02:00:00,L3,Night,Bracket B,122,5,0,27.1,2.527
2025-09-19 02:00:00,L4,Night,Bracket B,94,4,10,26.55,2.682
2025-09-19 03:00:00,L1,Night,Housing A,105,1,0,23.69,2.384
2025-09-19 03:00:00,L2,Night,Housing A,126,1,5,25.13,2.643
2025-09-19 03:00:00,L3,Night,Bracket B,129,2,0,26.24,2.167
2025-09-19 03:00:00,L4,Night,Bracket B,120,3,0,25.67,2.845
2025-09-19 04:00:00,L1,Night,Housing A,105,3,0,22.01,2.12
2025-09-19 04:00:00,L2,Night,Housing A,124,2,0,23.47,2.822
2025-09-19 04:00:00,L3,Night,Bracket B,128,3,0,26.67,1.821
2025-09-19 04:00:00,L4,Night,Bracket B,125,1,0,23.71,2.417
2025-09-19 05:00:00,L1,Night,Housing A,123,1,0,24.08,2.283
2025-09-19 05:00:00,L2,Night,Housing A,122,4,0,26.78,2.859
2025-09-19 05:00:00,L3,Night,Bracket B,59,2,30,30.67,1.79
2025-09-19 05:00:00,L4,Night,Bracket B,116,2,0,22.99,2.904
2025-09-19 06:00:00,L1,Day,Housing A,122,5,0,28.92,2.017
2025-09-19 06:00:00,L2,Day,Housing A,109,2,0,25.77,2.672
2025-09-19 06:00:00,L3,Day,Bracket B,127,7,0,29.53,2.884
2025-09-19 06:00:00,L4,Day,Bracket B,28,2,45,27.27,2.135
2025-09-19 07:00:00,L1,Day,Housing A,124,4,0,23.68,2.838
2025-09-19 07:00:00,L2,Day,Housing A,124,3,0,26.82,3.121
2025-09-19 07:00:00,L3,Day,Bracket B,118,7,0,31.42,1.742
2025-09-19 07:00:00,L4,Day,Bracket B,123,1,0,27.61,2.185
2025-09-19 08:00:00,L1,Day,Housing A,109,6,0,25.86,2.437
2025-09-19 08:00:00,L2,Day,Housing A,117,0,0,25.48,3.064
2025-09-19 08:00:00,L3,Day,Bracket B,115,5,0,30.55,2.78
2025-09-19 08:00:00,L4,Day,Bracket B,131,11,0,27.43,1.808
2025-09-19 09:00:00,L1,Day,Housing A,133,4,0,25.96,2.661
2025-09-19 09:00:00,L2,Day,Housing A,116,2,0,26.78,3.653
2025-09-19 09:00:00,L3,Day,Bracket B,111,5,10,32.32,2.249
2025-09-19 09:00:00,L4,Day,Bracket B,118,2,0,25.27,2.18
2025-09-19 10:00:00,L1,Day,Housing A,119,0,0,26.98,2.989
2025-09-19 10:00:00,L2,Day,Housing A,105,2,0,27.94,2.991
2025-09-19 10:00:00,L3,Day,Bracket B,125,5,0,31.13,2.752
2025-09-19 10:00:00,L4,Day,Bracket B,121,1,0,26.64,2.24
2025-09-19 11:00:00,L1,Day,Housing A,115,3,0,28.88,1.935
2025-09-19 11:00:00,L2,Day,Housing A,115,4,0,26.02,3.204
2025-09-19 11:00:00,L3,Day,Bracket B,122,5,0,31.22,2.218
2025-09-19 11:00:00,L4,Day,Bracket B,116,2,0,27.36,3.534
2025-09-19 12:00:00,L1,Day,Housing A,135,2,0,25.92,2.372
2025-09-19 12:00:00,L2,Day,Housing A,114,1,0,24.62,3.199
2025-09-19 12:00:00,L3,Day,Bracket B,118,1,5,28.83,2.752
2025-09-19 12:00:00,L4,Day,Bracket B,87,4,15,28.46,2.517
2025-09-19 13:00:00,L1,Day,Housing A,127,2,0,23.85,2.418
2025-09-19 13:00:00,L2,Day,Housing A,139,3,0,24.9,3.854
2025-09-19 13:00:00,L3,Day,Bracket B,110,11,0,30.37,3.058
2025-09-19 13:00:00,L4,Day,Bracket B,121,4,0,26.83,2.29
2025-09-19 14:00:00,L1,Evening,Housing A,99,1,0,23.5,2.248
2025-09-19 14:00:00,L2,Evening,Housing A,115,2,0,23.43,3.223
2025-09-19 14:00:00,L3,Evening,Bracket B,126,3,0,27.88,2.245
2025-09-19 14:00:00,L4,Evening,Bracket B,81,0,15,24.8,2.796
2025-09-19 15:00:00,L1,Evening,Housing A,108,2,0,24.29,2.052
2025-09-19 15:00:00,L2,Evening,Housing A,108,2,0,26.46,3.476
2025-09-19 15:00:00,L3,Evening,Bracket B,82,2,15,27.97,2.083
2025-09-19 15:00:00,L4,Evening,Bracket B,97,3,0,24.61,1.644
2025-09-19 16:00:00,L1,Evening,Housing A,138,1,0,22.67,2.388
2025-09-19 16:00:00,L2,Evening,Housing A,112,1,0,23.57,3.06
2025-09-19 16:00:00,L3,Evening,Bracket B,125,4,0,28.36,3.05
2025-09-19 16:00:00,L4,Evening,Bracket B,114,3,0,23.95,1.508
2025-09-19 17:00:00,L1,Evening,Housing A,112,3,0,24.47,2.436
2025-09-19 17:00:00,L2,Evening,Housing A,119,3,0,21.67,3.695
2025-09-19 17:00:00,L3,Evening,Bracket B,115,2,0,27.8,2.567
2025-09-19 17:00:00,L4,Evening,Bracket B,120,0,0,24.47,2.1
2025-09-19 18:00:00,L1,Evening,Housing A,128,2,0,24.61,2.584
2025-09-19 18:00:00,L2,Evening,Housing A,126,1,0,23.86,3.968
2025-09-19 18:00:00,L3,Evening,Bracket B,125,4,0,28.19,2.227
2025-09-19 18:00:00,L4,Evening,Bracket B,118,1,0,23.43,2.374
2025-09-19 19:00:00,L1,Evening,Housing A,115,2,0,24.61,1.834
2025-09-19 19:00:00,L2,Evening,Housing A,111,3,0,28.73,3.354
2025-09-19 19:00:00,L3,Evening,Bracket B,120,7,0,30.24,1.851
2025-09-19 19:00:00,L4,Evening,Bracket B,114,3,0,26.55,2.165
2025-09-19 20:00:00,L1,Evening,Housing A,119,0,0,24.1,2.151
2025-09-19 20:00:00,L2,Evening,Housing A,96,0,10,24.74,3.272
2025-09-19 20:00:00,L3,Evening,Bracket B,85,2,15,29.79,1.479
2025-09-19 20:00:00,L4,Evening,Bracket B,100,5,0,25.97,1.844
2025-09-19 21:00:00,L1,Evening,Housing A,31,0,45,23.53,1.657
2025-09-19 21:00:00,L2,Evening,Housing A,111,3,0,23.09,2.614
2025-09-19 21:00:00,L3,Evening,Bracket B,134,4,0,28.15,2.55
2025-09-19 21:00:00,L4,Evening,Bracket B,132,2,0,23.67,1.755
2025-09-19 22:00:00,L1,Night,Housing A,123,3,0,23.45,2.221
2025-09-19 22:00:00,L2,Night,Housing A,119,2,0,25.12,2.778
2025-09-19 22:00:00,L3,Night,Bracket B,110,2,0,27.93,1.785
2025-09-19 22:00:00,L4,Night,Bracket B,119,0,0,25.32,1.802
2025-09-19 23:00:00,L1,Night,Housing A,104,0,0,22.64,1.79
2025-09-19 23:00:00,L2,Night,Housing A,120,3,0,27.34,3.481
2025-09-19 23:00:00,L3,Night,Bracket B,110,2,0,26.71,2.224
2025-09-19 23:00:00,L4,Night,Bracket B,130,3,0,22.82,3.34
2025-09-20 00:00:00,L1,Night,Housing A,55,2,30,22.12,2.332
2025-09-20 00:00:00,L2,Night,Housing A,110,1,0,26.63,2.456
2025-09-20 00:00:00,L3,Night,Bracket B,129,6,0,29.99,1.853
2025-09-20 00:00:00,L4,Night,Bracket B,131,4,0,21.01,2.26
2025-09-20 01:00:00,L1,Night,Housing A,106,3,0,24.51,2.264
2025-09-20 01:00:00,L2,Night,Housing A,113,0,0,24.52,3.528
2025-09-20 01:00:00,L3,Night,Bracket B,116,0,0,26.7,2.12
2025-09-20 01:00:00,L4,Night,Bracket B,124,2,0,22.62,1.968
2025-09-20 02:00:00,L1,Night,Housing A,117,2,0,23.55,2.314
2025-09-20 02:00:00,L2,Night,Housing A,29,0,45,24.69,2.446
2025-09-20 02:00:00,L3,Night,Bracket B,113,2,0,29.29,2.32
2025-09-20 02:00:00,L4,Night,Bracket B,123,2,0,25.45,2.815
2025-09-20 03:00:00,L1,Night,Housing A,116,1,0,23.84,2.857
2025-09-20 03:00:00,L2,Night,Housing A,118,2,0,24.13,2.864
2025-09-20 03:00:00,L3,Night,Bracket B,127,3,0,27.94,2.049
2025-09-20 03:00:00,L4,Night,Bracket B,99,1,0,25.45,1.033
2025-09-20 04:00:00,L1,Night,Housing A,124,2,0,25.62,2.384
2025-09-20 04:00:00,L2,Night,Housing A,114,2,0,23.5,3.938
2025-09-20 04:00:00,L3,Night,Bracket B,120,0,0,25.08,1.515
2025-09-20 04:00:00,L4,Night,Bracket B,135,6,0,21.92,2.201
2025-09-20 05:00:00,L1,Night,Housing A,110,4,0,25.84,2.214
2025-09-20 05:00:00,L2,Night,Housing A,135,3,0,24.16,3.843
2025-09-20 05:00:00,L3,Night,Bracket B,29,1,45,28.48,2.997
2025-09-20 05:00:00,L4,Night,Bracket B,125,1,0,24.81,2.408
2025-09-20 06:00:00,L1,Day,Housing A,122,2,0,24.87,2.997
2025-09-20 06:00:00,L2,Day,Housing A,130,0,0,24.62,3.257
2025-09-20 06:00:00,L3,Day,Bracket B,122,2,0,25.35,2.475
2025-09-20 06:00:00,L4,Day,Bracket B,115,2,0,27.68,2.351
2025-09-20 07:00:00,L1,Day,Housing A,122,6,0,28.73,2.762
2025-09-20 07:00:00,L2,Day,Housing A,114,1,0,23.7,3.471
2025-09-20 07:00:00,L3,Day,Bracket B,117,11,0,30.41,2.34
2025-09-20 07:00:00,L4,Day,Bracket B,107,1,0,24.47,2.096
2025-09-20 08:00:00,L1,Day,Housing A,124,3,0,27.98,1.678
2025-09-20 08:00:00,L2,Day,Housing A,108,2,0,25.07,3.089
2025-09-20 08:00:00,L3,Day,Bracket B,112,8,0,30.25,1.925
2025-09-20 08:00:00,L4,Day,Bracket B,132,3,0,27.13,0.561
2025-09-20 09:00:00,L1,Day,Housing A,126,2,0,24.38,2.587
2025-09-20 09:00:00,L2,Day,Housing A,123,7,0,27.08,2.927
2025-09-20 09:00:00,L3,Day,Bracket B,121,3,0,27.89,1.534
2025-09-20 09:00:00,L4,Day,Bracket B,109,0,0,25.73,2.117
2025-09-20 10:00:00,L1,Day,Housing A,32,0,45,26.02,2.5
2025-09-20 10:00:00,L2,Day,Housing A,116,6,0,28.95,3.0
2025-09-20 10:00:00,L3,Day,Bracket B,89,8,15,31.7,2.952
2025-09-20 10:00:00,L4,Day,Bracket B,110,2,0,25.15,2.673
2025-09-20 11:00:00,L1,Day,Housing A,121,4,0,26.49,2.203
2025-09-20 11:00:00,L2,Day,Housing A,96,1,10,24.41,1.714
2025-09-20 11:00:00,L3,Day,Bracket B,122,3,0,29.0,2.237
2025-09-20 11:00:00,L4,Day,Bracket B,124,3,0,24.9,3.128
2025-09-20 12:00:00,L1,Day,Housing A,129,2,0,27.79,2.531
2025-09-20 12:00:00,L2,Day,Housing A,110,3,0,27.36,3.938
2025-09-20 12:00:00,L3,Day,Bracket B,120,2,0,29.04,2.374
2025-09-20 12:00:00,L4,Day,Bracket B,116,4,0,27.61,3.433
2025-09-20 13:00:00,L1,Day,Housing A,120,1,0,23.83,1.888
2025-09-20 13:00:00,L2,Day,Housing A,107,4,0,28.63,2.891
2025-09-20 13:00:00,L3,Day,Bracket B,117,6,0,30.55,0.783
2025-09-20 13:00:00,L4,Day,Bracket B,110,0,0,24.89,1.547
2025-09-20 14:00:00,L1,Evening,Housing A,100,2,0,23.72,2.356
2025-09-20 14:00:00,L2,Evening,Housing A,122,3,0,25.23,3.375
2025-09-20 14:00:00,L3,Evening,Bracket B,132,7,0,28.0,2.019
2025-09-20 14:00:00,L4,Evening,Bracket B,131,4,0,24.7,1.524
2025-09-20 15:00:00,L1,Evening,Housing A,57,1,30,24.46,1.94
2025-09-20 15:00:00,L2,Evening,Housing A,128,1,0,24.71,3.056
2025-09-20 15:00:00,L3,Evening,Bracket B,119,0,0,26.57,1.683
2025-09-20 15:00:00,L4,Evening,Bracket B,131,4,0,25.65,1.747
2025-09-20 16:00:00,L1,Evening,Housing A,128,0,0,25.54,1.986
2025-09-20 16:00:00,L2,Evening,Housing A,109,1,0,23.29,2.688
2025-09-20 16:00:00,L3,Evening,Bracket B,115,6,0,28.27,2.186
2025-09-20 16:00:00,L4,Evening,Bracket B,116,3,0,25.29,1.651
2025-09-20 17:00:00,L1,Evening,Housing A,116,2,0,23.11,2.032
2025-09-20 17:00:00,L2,Evening,Housing A,134,1,0,24.46,3.673
2025-09-20 17:00:00,L3,Evening,Bracket B,117,3,0,27.54,2.288
2025-09-20 17:00:00,L4,Evening,Bracket B,125,0,0,24.84,1.174
2025-09-20 18:00:00,L1,Evening,Housing A,101,3,10,23.78,2.438
2025-09-20 18:00:00,L2,Evening,Housing A,115,0,0,24.07,3.018
2025-09-20 18:00:00,L3,Evening,Bracket B,109,1,0,28.68,1.786
2025-09-20 18:00:00,L4,Evening,Bracket B,113,0,0,24.27,3.322
2025-09-20 19:00:00,L1,Evening,Housing A,127,1,0,25.19,3.047
2025-09-20 19:00:00,L2,Evening,Housing A,110,2,0,23.38,2.899
2025-09-20 19:00:00,L3,Evening,Bracket B,115,1,0,24.27,2.652
2025-09-20 19:00:00,L4,Evening,Bracket B,97,1,15,22.44,2.661
2025-09-20 20:00:00,L1,Evening,Housing A,120,2,0,23.48,2.345
2025-09-20 20:00:00,L2,Evening,Housing A,129,3,0,25.21,2.634
2025-09-20 20:00:00,L3,Evening,Bracket B,131,3,0,26.68,2.552
2025-09-20 20:00:00,L4,Evening,Bracket B,117,3,0,22.63,2.484
2025-09-20 21:00:00,L1,Evening,Housing A,62,0,30,23.53,2.75
2025-09-20 21:00:00,L2,Evening,Housing A,103,0,0,25.37,3.596
2025-09-20 21:00:00,L3,Evening,Bracket B,113,3,0,26.95,1.975
2025-09-20 21:00:00,L4,Evening,Bracket B,117,4,0,23.33,2.946
2025-09-20 22:00:00,L1,Night,Housing A,114,0,5,24.73,2.495
2025-09-20 22:00:00,L2,Night,Housing A,113,1,0,23.53,3.188
2025-09-20 22:00:00,L3,Night,Bracket B,95,0,15,26.69,2.611
2025-09-20 22:00:00,L4,Night,Bracket B,116,1,0,25.07,2.699
2025-09-20 23:00:00,L1,Night,Housing A,118,2,0,23.99,1.892
2025-09-20 23:00:00,L2,Night,Housing A,131,1,0,19.75,3.071
2025-09-20 23:00:00,L3,Night,Bracket B,125,3,0,28.91,2.132
2025-09-20 23:00:00,L4,Night,Bracket B,118,3,0,24.49,2.802
2025-09-21 00:00:00,L1,Night,Housing A,114,0,0,24.87,2.412
2025-09-21 00:00:00,L2,Night,Housing A,120,5,0,23.06,3.296
2025-09-21 00:00:00,L3,Night,Bracket B,118,6,0,28.82,2.004
2025-09-21 00:00:00,L4,Night,Bracket B,114,0,0,24.41,2.236
2025-09-21 01:00:00,L1,Night,Housing A,95,1,15,23.14,2.424
2025-09-21 01:00:00,L2,Night,Housing A,125,1,0,22.33,3.654
2025-09-21 01:00:00,L3,Night,Bracket B,132,3,0,26.61,2.535
2025-09-21 01:00:00,L4,Night,Bracket B,107,1,0,23.56,2.686
2025-09-21 02:00:00,L1,Night,Housing A,117,2,0,23.83,2.043
2025-09-21 02:00:00,L2,Night,Housing A,135,2,0,24.7,3.645
2025-09-21 02:00:00,L3,Night,Bracket B,116,2,0,26.79,2.031
2025-09-21 02:00:00,L4,Night,Bracket B,114,3,0,22.8,1.8
2025-09-21 03:00:00,L1,Night,Housing A,130,3,0,25.7,2.313
2025-09-21 03:00:00,L2,Night,Housing A,119,0,0,23.65,2.325
2025-09-21 03:00:00,L3,Night,Bracket B,105,1,0,24.23,2.872
2025-09-21 03:00:00,L4,Night,Bracket B,68,2,30,26.56,2.205
2025-09-21 04:00:00,L1,Night,Housing A,124,2,0,22.9,1.894
2025-09-21 04:00:00,L2,Night,Housing A,121,1,0,23.99,2.627
2025-09-21 04:00:00,L3,Night,Bracket B,115,4,0,29.05,3.51
2025-09-21 04:00:00,L4,Night,Bracket B,120,2,0,23.27,1.308
2025-09-21 05:00:00,L1,Night,Housing A,112,1,0,25.19,1.609
2025-09-21 05:00:00,L2,Night,Housing A,119,1,0,23.76,2.998
2025-09-21 05:00:00,L3,Night,Bracket B,117,6,0,28.13,2.854
2025-09-21 05:00:00,L4,Night,Bracket B,116,1,0,22.13,3.091
2025-09-21 06:00:00,L1,Day,Housing A,120,1,0,23.62,2.199
2025-09-21 06:00:00,L2,Day,Housing A,111,4,0,26.15,2.566
2025-09-21 06:00:00,L3,Day,Bracket B,118,4,0,30.08,2.684
2025-09-21 06:00:00,L4,Day,Bracket B,114,3,0,27.36,3.26
2025-09-21 07:00:00,L1,Day,Housing A,114,1,0,28.46,2.012
2025-09-21 07:00:00,L2,Day,Housing A,118,4,0,26.9,3.376
2025-09-21 07:00:00,L3,Day,Bracket B,94,2,10,27.72,1.811
2025-09-21 07:00:00,L4,Day,Bracket B,121,5,0,26.1,2.414
2025-09-21 08:00:00,L1,Day,Housing A,128,3,0,26.4,2.999
2025-09-21 08:00:00,L2,Day,Housing A,114,0,0,23.65,3.561
2025-09-21 08:00:00,L3,Day,Bracket B,126,4,0,30.46,2.496
2025-09-21 08:00:00,L4,Day,Bracket B,107,1,0,22.8,2.449
2025-09-21 09:00:00,L1,Day,Housing A,131,3,0,24.32,1.829
2025-09-21 09:00:00,L2,Day,Housing A,101,3,10,27.73,1.97
2025-09-21 09:00:00,L3,Day,Bracket B,94,6,5,30.88,2.926
2025-09-21 09:00:00,L4,Day,Bracket B,115,1,0,26.67,1.246
2025-09-21 10:00:00,L1,Day,Housing A,118,5,0,28.15,2.531
2025-09-21 10:00:00,L2,Day,Housing A,121,5,0,28.28,2.577
2025-09-21 10:00:00,L3,Day,Bracket B,123,1,0,30.13,1.669
2025-09-21 10:00:00,L4,Day,Bracket B,120,6,0,27.54,2.453
2025-09-21 11:00:00,L1,Day,Housing A,128,5,0,26.86,2.634
2025-09-21 11:00:00,L2,Day,Housing A,117,6,0,29.72,2.928
2025-09-21 11:00:00,L3,Day,Bracket B,118,5,0,31.98,1.481
2025-09-21 11:00:00,L4,Day,Bracket B,118,4,0,27.78,1.957
2025-09-21 12:00:00,L1,Day,Housing A,117,3,0,26.58,1.321
2025-09-21 12:00:00,L2,Day,Housing A,111,3,0,26.73,3.296
2025-09-21 12:00:00,L3,Day,Bracket B,115,9,0,30.98,1.993
2025-09-21 12:00:00,L4,Day,Bracket B,115,2,0,25.66,1.863
2025-09-21 13:00:00,L1,Day,Housing A,124,2,0,28.39,2.94
2025-09-21 13:00:00,L2,Day,Housing A,109,3,0,25.75,3.289
2025-09-21 13:00:00,L3,Day,Bracket B,92,6,5,31.85,2.727
2025-09-21 13:00:00,L4,Day,Bracket B,133,2,0,27.85,2.908
2025-09-21 14:00:00,L1,Evening,Housing A,112,1,0,24.7,1.694
2025-09-21 14:00:00,L2,Evening,Housing A,117,1,0,20.72,1.972
2025-09-21 14:00:00,L3,Evening,Bracket B,119,3,0,27.81,1.768
2025-09-21 14:00:00,L4,Evening,Bracket B,115,4,0,23.97,2.225
2025-09-21 15:00:00,L1,Evening,Housing A,125,3,0,25.69,2.965
2025-09-21 15:00:00,L2,Evening,Housing A,120,1,0,22.79,3.066
2025-09-21 15:00:00,L3,Evening,Bracket B,109,4,0,28.47,2.693
2025-09-21 15:00:00,L4,Evening,Bracket B,132,5,0,23.76,1.937
2025-09-21 16:00:00,L1,Evening,Housing A,126,2,0,24.59,2.473
2025-09-21 16:00:00,L2,Evening,Housing A,119,4,0,20.82,3.281
2025-09-21 16:00:00,L3,Evening,Bracket B,105,0,0,26.56,1.981
2025-09-21 16:00:00,L4,Evening,Bracket B,114,0,0,20.71,2.165
2025-09-21 17:00:00,L1,Evening,Housing A,105,0,0,22.86,1.903
2025-09-21 17:00:00,L2,Evening,Housing A,117,1,0,24.86,2.636
2025-09-21 17:00:00,L3,Evening,Bracket B,125,4,0,24.76,1.725
2025-09-21 17:00:00,L4,Evening,Bracket B,125,3,0,26.97,1.988
2025-09-21 18:00:00,L1,Evening,Housing A,124,1,0,23.32,1.693
2025-09-21 18:00:00,L2,Evening,Housing A,117,2,0,24.41,4.162
2025-09-21 18:00:00,L3,Evening,Bracket B,97,1,0,26.6,1.533
2025-09-21 18:00:00,L4,Evening,Bracket B,126,1,0,22.26,1.995
2025-09-21 19:00:00,L1,Evening,Housing A,122,2,0,25.01,2.046
2025-09-21 19:00:00,L2,Evening,Housing A,122,3,0,23.71,2.817
2025-09-21 19:00:00,L3,Evening,Bracket B,121,0,0,25.75,1.989
2025-09-21 19:00:00,L4,Evening,Bracket B,111,2,0,22.11,2.048
2025-09-21 20:00:00,L1,Evening,Housing A,122,0,0,23.14,2.175
2025-09-21 20:00:00,L2,Evening,Housing A,119,3,0,23.42,1.944
2025-09-21 20:00:00,L3,Evening,Bracket B,128,5,0,27.39,2.559
2025-09-21 20:00:00,L4,Evening,Bracket B,117,0,0,25.35,2.459
2025-09-21 21:00:00,L1,Evening,Housing A,103,0,0,24.38,2.042
2025-09-21 21:00:00,L2,Evening,Housing A,110,1,0,22.06,3.9
2025-09-21 21:00:00,L3,Evening,Bracket B,119,5,0,29.14,1.974
2025-09-21 21:00:00,L4,Evening,Bracket B,109,5,0,24.7,1.796
2025-09-21 22:00:00,L1,Night,Housing A,135,4,0,20.67,2.589
2025-09-21 22:00:00,L2,Night,Housing A,121,1,0,25.29,2.609
2025-09-21 22:00:00,L3,Night,Bracket B,126,2,0,25.89,2.655
2025-09-21 22:00:00,L4,Night,Bracket B,126,1,0,21.55,2.533
2025-09-21 23:00:00,L1,Night,Housing A,124,2,0,26.7,2.664
2025-09-21 23:00:00,L2,Night,Housing A,116,3,0,27.04,3.586
2025-09-21 23:00:00,L3,Night,Bracket B,104,4,0,25.99,2.227
2025-09-21 23:00:00,L4,Night,Bracket B,133,1,0,25.36,2.611
2025-09-22 00:00:00,L1,Night,Housing A,115,2,0,23.49,2.989
2025-09-22 00:00:00,L2,Night,Housing A,126,2,0,21.96,2.62
2025-09-22 00:00:00,L3,Night,Bracket B,133,1,0,28.15,1.94
2025-09-22 00:00:00,L4,Night,Bracket B,115,2,0,25.22,1.746
2025-09-22 01:00:00,L1,Night,Housing A,57,0,30,22.42,2.578
2025-09-22 01:00:00,L2,Night,Housing A,104,2,0,23.59,2.863
2025-09-22 01:00:00,L3,Night,Bracket B,116,3,0,29.58,2.931
2025-09-22 01:00:00,L4,Night,Bracket B,118,2,0,26.22,2.571
2025-09-22 02:00:00,L1,Night,Housing A,125,1,0,24.0,3.157
2025-09-22 02:00:00,L2,Night,Housing A,118,1,0,23.58,3.4
2025-09-22 02:00:00,L3,Night,Bracket B,120,2,0,27.76,1.844
2025-09-22 02:00:00,L4,Night,Bracket B,109,3,0,24.33,2.653
2025-09-22 03:00:00,L1,Night,Housing A,120,4,0,20.29,2.042
2025-09-22 03:00:00,L2,Night,Housing A,88,3,15,24.14,2.938
2025-09-22 03:00:00,L3,Night,Bracket B,115,2,0,26.9,2.511
2025-09-22 03:00:00,L4,Night,Bracket B,123,2,0,21.94,1.102
2025-09-22 04:00:00,L1,Night,Housing A,98,0,15,23.86,2.338
2025-09-22 04:00:00,L2,Night,Housing A,126,1,0,23.85,2.596
2025-09-22 04:00:00,L3,Night,Bracket B,123,2,0,26.31,2.076
2025-09-22 04:00:00,L4,Night,Bracket B,30,0,45,23.3,1.48
2025-09-22 05:00:00,L1,Night,Housing A,117,3,0,26.32,2.48
2025-09-22 05:00:00,L2,Night,Housing A,63,1,30,23.29,2.194
2025-09-22 05:00:00,L3,Night,Bracket B,110,1,0,29.55,1.487
2025-09-22 05:00:00,L4,Night,Bracket B,121,1,0,22.57,2.712
2025-09-22 06:00:00,L1,Day,Housing A,118,1,0,25.8,2.435
2025-09-22 06:00:00,L2,Day,Housing A,116,4,0,27.79,3.61
2025-09-22 06:00:00,L3,Day,Bracket B,113,6,0,29.42,1.907
2025-09-22 06:00:00,L4,Day,Bracket B,113,4,0,27.99,2.659
2025-09-22 07:00:00,L1,Day,Housing A,114,3,0,26.83,1.88
2025-09-22 07:00:00,L2,Day,Housing A,112,4,0,25.66,3.938
2025-09-22 07:00:00,L3,Day,Bracket B,122,4,0,28.75,2.664
2025-09-22 07:00:00,L4,Day,Bracket B,104,1,0,28.06,2.092
2025-09-22 08:00:00,L1,Day,Housing A,120,1,0,26.28,2.363
2025-09-22 08:00:00,L2,Day,Housing A,135,9,0,26.24,2.885
2025-09-22 08:00:00,L3,Day,Bracket B,118,8,0,31.39,2.455
2025-09-22 08:00:00,L4,Day,Bracket B,122,4,0,28.22,2.27
2025-09-22 09:00:00,L1,Day,Housing A,29,1,45,28.7,2.199
2025-09-22 09:00:00,L2,Day,Housing A,110,0,0,24.63,2.652
2025-09-22 09:00:00,L3,Day,Bracket B,106,2,0,28.43,2.316
2025-09-22 09:00:00,L4,Day,Bracket B,124,1,0,25.94,2.038
2025-09-22 10:00:00,L1,Day,Housing A,126,6,0,27.76,2.251
2025-09-22 10:00:00,L2,Day,Housing A,114,4,0,27.56,3.02
2025-09-22 10:00:00,L3,Day,Bracket B,106,6,0,28.24,1.32
2025-09-22 10:00:00,L4,Day,Bracket B,132,7,0,29.88,2.721
2025-09-22 11:00:00,L1,Day,Housing A,118,0,0,27.61,2.513
2025-09-22 11:00:00,L2,Day,Housing A,119,2,0,27.87,2.433
2025-09-22 11:00:00,L3,Day,Bracket B,108,5,0,31.68,2.344
2025-09-22 11:00:00,L4,Day,Bracket B,28,0,45,25.97,2.084
2025-09-22 12:00:00,L1,Day,Housing A,97,2,10,27.53,2.301
2025-09-22 12:00:00,L2,Day,Housing A,116,3,0,24.15,3.129
2025-09-22 12:00:00,L3,Day,Bracket B,136,6,0,31.08,2.271
2025-09-22 12:00:00,L4,Day,Bracket B,129,3,0,24.83,2.177
2025-09-22 13:00:00,L1,Day,Housing A,116,4,10,28.72,3.288
2025-09-22 13:00:00,L2,Day,Housing A,121,2,0,24.46,2.962
2025-09-22 13:00:00,L3,Day,Bracket B,118,2,0,29.5,1.404
2025-09-22 13:00:00,L4,Day,Bracket B,97,5,15,30.57,2.868
2025-09-22 14:00:00,L1,Evening,Housing A,133,1,0,24.6,2.861
2025-09-22 14:00:00,L2,Evening,Housing A,108,1,0,22.68,2.98
2025-09-22 14:00:00,L3,Evening,Bracket B,118,8,0,29.66,2.21
2025-09-22 14:00:00,L4,Evening,Bracket B,124,0,0,22.8,2.196
2025-09-22 15:00:00,L1,Evening,Housing A,119,1,0,24.04,2.012
2025-09-22 15:00:00,L2,Evening,Housing A,110,2,0,24.26,3.097
2025-09-22 15:00:00,L3,Evening,Bracket B,120,3,0,30.59,2.271
2025-09-22 15:00:00,L4,Evening,Bracket B,119,0,0,23.34,1.269
2025-09-22 16:00:00,L1,Evening,Housing A,120,1,0,24.37,2.005
2025-09-22 16:00:00,L2,Evening,Housing A,122,0,0,24.9,3.102
2025-09-22 16:00:00,L3,Evening,Bracket B,129,6,0,27.79,2.211
2025-09-22 16:00:00,L4,Evening,Bracket B,112,4,0,25.63,2.224
2025-09-22 17:00:00,L1,Evening,Housing A,114,3,0,24.19,2.931
2025-09-22 17:00:00,L2,Evening,Housing A,134,3,0,22.21,3.126
2025-09-22 17:00:00,L3,Evening,Bracket B,124,7,0,28.66,2.09
2025-09-22 17:00:00,L4,Evening,Bracket B,119,2,0,19.84,3.055
2025-09-22 18:00:00,L1,Evening,Housing A,143,5,0,23.97,2.621
2025-09-22 18:00:00,L2,Evening,Housing A,116,1,0,22.65,2.481
2025-09-22 18:00:00,L3,Evening,Bracket B,119,1,0,25.5,1.869
2025-09-22 18:00:00,L4,Evening,Bracket B,107,1,10,24.46,2.4
2025-09-22 19:00:00,L1,Evening,Housing A,120,1,0,26.73,2.049
2025-09-22 19:00:00,L2,Evening,Housing A,112,1,0,26.08,3.006
2025-09-22 19:00:00,L3,Evening,Bracket B,112,1,0,25.03,2.907
2025-09-22 19:00:00,L4,Evening,Bracket B,104,1,0,24.72,2.473
2025-09-22 20:00:00,L1,Evening,Housing A,145,3,0,23.47,1.748
2025-09-22 20:00:00,L2,Evening,Housing A,85,2,15,25.73,3.643
2025-09-22 20:00:00,L3,Evening,Bracket B,124,1,0,26.8,2.18
2025-09-22 20:00:00,L4,Evening,Bracket B,125,1,0,24.35,2.735
2025-09-22 21:00:00,L1,Evening,Housing A,120,2,0,21.84,1.957
2025-09-22 21:00:00,L2,Evening,Housing A,114,3,0,26.5,2.866
2025-09-22 21:00:00,L3,Evening,Bracket B,125,7,0,28.54,2.125
2025-09-22 21:00:00,L4,Evening,Bracket B,125,1,0,25.09,1.493
2025-09-22 22:00:00,L1,Night,Housing A,121,1,0,24.1,2.327
2025-09-22 22:00:00,L2,Night,Housing A,107,1,0,23.06,2.886
2025-09-22 22:00:00,L3,Night,Bracket B,101,2,0,26.82,2.122
2025-09-22 22:00:00,L4,Night,Bracket B,118,4,0,22.69,3.111
2025-09-22 23:00:00,L1,Night,Housing A,114,0,0,27.79,2.015
2025-09-22 23:00:00,L2,Night,Housing A,130,4,0,23.68,3.096
2025-09-22 23:00:00,L3,Night,Bracket B,128,1,0,29.37,2.026
2025-09-22 23:00:00,L4,Night,Bracket B,129,1,0,24.15,2.328
2025-09-23 00:00:00,L1,Night,Housing A,133,3,0,26.33,2.857
2025-09-23 00:00:00,L2,Night,Housing A,117,3,0,23.53,3.145
2025-09-23 00:00:00,L3,Night,Bracket B,100,4,0,27.23,1.912
2025-09-23 00:00:00,L4,Night,Bracket B,117,3,0,23.77,2.313
2025-09-23 01:00:00,L1,Night,Housing A,127,0,0,25.44,2.909
2025-09-23 01:00:00,L2,Night,Housing A,110,0,0,24.52,3.093
2025-09-23 01:00:00,L3,Night,Bracket B,117,5,0,29.36,2.384
2025-09-23 01:00:00,L4,Night,Bracket B,124,4,0,24.14,1.605
2025-09-23 02:00:00,L1,Night,Housing A,104,0,0,23.49,2.483
2025-09-23 02:00:00,L2,Night,Housing A,126,2,0,24.49,4.036
2025-09-23 02:00:00,L3,Night,Bracket B,129,4,0,28.47,1.737
2025-09-23 02:00:00,L4,Night,Bracket B,117,0,0,22.19,2.038
2025-09-23 03:00:00,L1,Night,Housing A,122,2,0,22.99,2.631
2025-09-23 03:00:00,L2,Night,Housing A,116,3,0,25.82,2.945
2025-09-23 03:00:00,L3,Night,Bracket B,116,3,0,29.1,2.409
2025-09-23 03:00:00,L4,Night,Bracket B,124,1,0,24.09,1.726
2025-09-23 04:00:00,L1,Night,Housing A,120,2,0,20.91,1.677
2025-09-23 04:00:00,L2,Night,Housing A,117,3,0,28.77,2.868
2025-09-23 04:00:00,L3,Night,Bracket B,126,4,0,29.26,0.925
2025-09-23 04:00:00,L4,Night,Bracket B,113,1,0,21.68,2.709
2025-09-23 05:00:00,L1,Night,Housing A,126,2,0,22.88,2.398
2025-09-23 05:00:00,L2,Night,Housing A,117,1,0,22.94,2.57
2025-09-23 05:00:00,L3,Night,Bracket B,124,6,0,28.21,2.077
2025-09-23 05:00:00,L4,Night,Bracket B,122,2,0,24.12,1.207
2025-09-23 06:00:00,L1,Day,Housing A,122,4,0,27.9,1.899
2025-09-23 06:00:00,L2,Day,Housing A,113,1,0,26.52,3.048
2025-09-23 06:00:00,L3,Day,Bracket B,115,6,0,29.09,2.93
2025-09-23 06:00:00,L4,Day,Bracket B,125,9,0,29.24,1.743
2025-09-23 07:00:00,L1,Day,Housing A,123,0,0,26.59,1.864
2025-09-23 07:00:00,L2,Day,Housing A,115,2,0,26.28,2.94
2025-09-23 07:00:00,L3,Day,Bracket B,121,7,0,30.54,1.891
2025-09-23 07:00:00,L4,Day,Bracket B,126,2,0,27.27,2.43
2025-09-23 08:00:00,L1,Day,Housing A,125,3,0,28.2,1.843
2025-09-23 08:00:00,L2,Day,Housing A,104,0,0,26.8,3.165
2025-09-23 08:00:00,L3,Day,Bracket B,129,7,0,30.88,1.562
2025-09-23 08:00:00,L4,Day,Bracket B,110,2,0,26.0,3.127
2025-09-23 09:00:00,L1,Day,Housing A,116,4,0,26.36,2.809
2025-09-23 09:00:00,L2,Day,Housing A,123,2,0,24.32,1.667
2025-09-23 09:00:00,L3,Day,Bracket B,119,9,0,31.71,1.604
2025-09-23 09:00:00,L4,Day,Bracket B,122,3,0,27.01,2.782
2025-09-23 10:00:00,L1,Day,Housing A,113,1,0,23.06,1.544
2025-09-23 10:00:00,L2,Day,Housing A,110,2,0,26.64,2.328
2025-09-23 10:00:00,L3,Day,Bracket B,128,8,0,31.35,1.642
2025-09-23 10:00:00,L4,Day,Bracket B,58,1,30,27.27,2.49
2025-09-23 11:00:00,L1,Day,Housing A,100,0,0,25.64,2.879
2025-09-23 11:00:00,L2,Day,Housing A,105,3,10,26.32,3.023
2025-09-23 11:00:00,L3,Day,Bracket B,114,6,0,29.56,2.07
2025-09-23 11:00:00,L4,Day,Bracket B,117,1,0,26.12,3.349
2025-09-23 12:00:00,L1,Day,Housing A,118,4,0,28.49,1.988
2025-09-23 12:00:00,L2,Day,Housing A,113,5,0,28.6,3.579
2025-09-23 12:00:00,L3,Day,Bracket B,122,8,0,29.89,2.566
2025-09-23 12:00:00,L4,Day,Bracket B,62,1,30,27.19,2.134
2025-09-23 13:00:00,L1,Day,Housing A,122,5,0,25.46,2.503
2025-09-23 13:00:00,L2,Day,Housing A,117,3,0,28.55,3.924
2025-09-23 13:00:00,L3,Day,Bracket B,129,3,0,30.0,1.768
2025-09-23 13:00:00,L4,Day,Bracket B,117,2,0,22.85,2.589
2025-09-23 14:00:00,L1,Evening,Housing A,125,1,0,23.9,2.936
2025-09-23 14:00:00,L2,Evening,Housing A,127,0,0,27.05,2.877
2025-09-23 14:00:00,L3,Evening,Bracket B,121,2,0,29.88,2.107
2025-09-23 14:00:00,L4,Evening,Bracket B,125,3,0,25.73,3.026
2025-09-23 15:00:00,L1,Evening,Housing A,130,3,0,27.0,2.272
2025-09-23 15:00:00,L2,Evening,Housing A,123,3,0,26.48,2.85
2025-09-23 15:00:00,L3,Evening,Bracket B,121,4,0,25.03,2.006
2025-09-23 15:00:00,L4,Evening,Bracket B,122,3,0,26.06,2.601
2025-09-23 16:00:00,L1,Evening,Housing A,108,4,0,22.15,2.476
2025-09-23 16:00:00,L2,Evening,Housing A,116,0,0,24.24,2.744
2025-09-23 16:00:00,L3,Evening,Bracket B,134,4,0,29.73,1.931
2025-09-23 16:00:00,L4,Evening,Bracket B,124,0,0,24.54,2.493
2025-09-23 17:00:00,L1,Evening,Housing A,122,2,0,22.96,1.597
2025-09-23 17:00:00,L2,Evening,Housing A,134,0,0,23.68,2.599
2025-09-23 17:00:00,L3,Evening,Bracket B,120,2,0,26.3,2.553
2025-09-23 17:00:00,L4,Evening,Bracket B,118,1,0,24.36,2.218
2025-09-23 18:00:00,L1,Evening,Housing A,55,0,30,25.04,1.462
2025-09-23 18:00:00,L2,Evening,Housing A,123,5,0,26.09,3.134
2025-09-23 18:00:00,L3,Evening,Bracket B,121,1,0,25.02,1.178
2025-09-23 18:00:00,L4,Evening,Bracket B,117,1,0,23.74,2.494
2025-09-23 19:00:00,L1,Evening,Housing A,126,0,0,23.59,2.368
2025-09-23 19:00:00,L2,Evening,Housing A,99,3,0,25.36,3.322
2025-09-23 19:00:00,L3,Evening,Bracket B,131,4,0,28.59,1.429
2025-09-23 19:00:00,L4,Evening,Bracket B,121,1,0,22.55,1.837
2025-09-23 20:00:00,L1,Evening,Housing A,115,1,0,23.99,3.211
2025-09-23 20:00:00,L2,Evening,Housing A,124,1,0,24.88,2.958
2025-09-23 20:00:00,L3,Evening,Bracket B,124,2,0,27.23,2.129
2025-09-23 20:00:00,L4,Evening,Bracket B,113,3,0,27.23,1.967
2025-09-23 21:00:00,L1,Evening,Housing A,118,7,0,23.9,1.968
2025-09-23 21:00:00,L2,Evening,Housing A,131,1,0,22.41,2.875
2025-09-23 21:00:00,L3,Evening,Bracket B,125,1,0,24.16,2.323
2025-09-23 21:00:00,L4,Evening,Bracket B,132,1,0,24.93,1.989
2025-09-23 22:00:00,L1,Night,Housing A,120,3,0,22.69,1.591
2025-09-23 22:00:00,L2,Night,Housing A,117,6,0,24.62,3.855
2025-09-23 22:00:00,L3,Night,Bracket B,119,2,5,26.07,2.201
2025-09-23 22:00:00,L4,Night,Bracket B,111,0,0,23.27,2.259
2025-09-23 23:00:00,L1,Night,Housing A,126,0,0,24.9,2.643
2025-09-23 23:00:00,L2,Night,Housing A,119,4,0,22.78,3.213
2025-09-23 23:00:00,L3,Night,Bracket B,127,0,0,27.07,2.696
2025-09-23 23:00:00,L4,Night,Bracket B,123,2,0,26.83,2.152
2025-09-24 00:00:00,L1,Night,Housing A,129,0,0,23.26,1.845
2025-09-24 00:00:00,L2,Night,Housing A,131,2,0,24.3,3.108
2025-09-24 00:00:00,L3,Night,Bracket B,121,3,0,30.11,2.123
2025-09-24 00:00:00,L4,Night,Bracket B,112,3,0,23.0,1.834
2025-09-24 01:00:00,L1,Night,Housing A,117,0,0,24.05,3.563
2025-09-24 01:00:00,L2,Night,Housing A,127,1,0,22.73,3.105
2025-09-24 01:00:00,L3,Night,Bracket B,124,0,0,26.12,1.324
2025-09-24 01:00:00,L4,Night,Bracket B,118,1,0,19.44,1.752
2025-09-24 02:00:00,L1,Night,Housing A,119,2,0,22.17,1.959
2025-09-24 02:00:00,L2,Night,Housing A,113,2,0,22.41,3.207
2025-09-24 02:00:00,L3,Night,Bracket B,112,1,0,26.9,1.972
2025-09-24 02:00:00,L4,Night,Bracket B,129,1,0,25.9,1.621
2025-09-24 03:00:00,L1,Night,Housing A,131,2,0,24.04,1.124
2025-09-24 03:00:00,L2,Night,Housing A,116,2,0,22.35,3.145
2025-09-24 03:00:00,L3,Night,Bracket B,108,2,0,28.06,2.005
2025-09-24 03:00:00,L4,Night,Bracket B,115,1,0,23.62,2.298
2025-09-24 04:00:00,L1,Night,Housing A,99,0,0,22.87,0.441
2025-09-24 04:00:00,L2,Night,Housing A,144,4,0,23.98,3.14
2025-09-24 04:00:00,L3,Night,Bracket B,116,4,0,29.05,2.413
2025-09-24 04:00:00,L4,Night,Bracket B,116,2,0,24.84,1.761
2025-09-24 05:00:00,L1,Night,Housing A,136,1,0,20.61,2.774
2025-09-24 05:00:00,L2,Night,Housing A,111,3,0,26.32,2.917
2025-09-24 05:00:00,L3,Night,Bracket B,104,2,0,26.13,2.161
2025-09-24 05:00:00,L4,Night,Bracket B,143,2,0,23.41,2.315
2025-09-24 06:00:00,L1,Day,Housing A,122,2,0,21.1,2.972
2025-09-24 06:00:00,L2,Day,Housing A,116,3,0,27.97,3.594
2025-09-24 06:00:00,L3,Day,Bracket B,30,2,45,29.62,2.921
2025-09-24 06:00:00,L4,Day,Bracket B,123,7,0,29.03,2.736
2025-09-24 07:00:00,L1,Day,Housing A,107,3,0,26.21,2.177
2025-09-24 07:00:00,L2,Day,Housing A,119,3,0,28.12,4.051
2025-09-24 07:00:00,L3,Day,Bracket B,120,6,0,31.08,2.487
2025-09-24 07:00:00,L4,Day,Bracket B,106,2,10,26.97,2.19
2025-09-24 08:00:00,L1,Day,Housing A,126,2,0,26.62,2.406
2025-09-24 08:00:00,L2,Day,Housing A,115,1,0,25.78,3.359
2025-09-24 08:00:00,L3,Day,Bracket B,99,4,15,30.75,1.586
2025-09-24 08:00:00,L4,Day,Bracket B,113,4,0,29.33,3.066
2025-09-24 09:00:00,L1,Day,Housing A,114,2,0,26.58,3.328
2025-09-24 09:00:00,L2,Day,Housing A,130,8,0,29.66,2.577
2025-09-24 09:00:00,L3,Day,Bracket B,111,8,0,29.79,2.164
2025-09-24 09:00:00,L4,Day,Bracket B,116,4,0,26.59,2.649
2025-09-24 10:00:00,L1,Day,Housing A,118,4,0,24.35,3.135
2025-09-24 10:00:00,L2,Day,Housing A,119,1,0,25.96,2.768
2025-09-24 10:00:00,L3,Day,Bracket B,115,3,0,28.18,1.662
2025-09-24 10:00:00,L4,Day,Bracket B,104,1,0,25.78,1.935
2025-09-24 11:00:00,L1,Day,Housing A,124,4,0,29.07,2.418
2025-09-24 11:00:00,L2,Day,Housing A,57,1,30,26.53,3.711
2025-09-24 11:00:00,L3,Day,Bracket B,59,2,30,30.84,1.989
2025-09-24 11:00:00,L4,Day,Bracket B,115,2,0,25.56,2.042
2025-09-24 12:00:00,L1,Day,Housing A,102,3,5,28.04,1.952
2025-09-24 12:00:00,L2,Day,Housing A,130,1,0,26.78,2.486
2025-09-24 12:00:00,L3,Day,Bracket B,119,4,0,30.91,2.74
2025-09-24 12:00:00,L4,Day,Bracket B,127,1,0,27.06,3.083
2025-09-24 13:00:00,L1,Day,Housing A,127,3,0,28.62,2.285
2025-09-24 13:00:00,L2,Day,Housing A,126,5,0,25.53,3.13
2025-09-24 13:00:00,L3,Day,Bracket B,118,7,0,29.39,1.712
2025-09-24 13:00:00,L4,Day,Bracket B,131,1,0,25.4,1.934
2025-09-24 14:00:00,L1,Evening,Housing A,126,1,0,23.94,3.091
2025-09-24 14:00:00,L2,Evening,Housing A,115,1,0,27.33,2.367
2025-09-24 14:00:00,L3,Evening,Bracket B,124,5,0,27.07,2.854
2025-09-24 14:00:00,L4,Evening,Bracket B,122,1,0,24.48,2.34
2025-09-24 15:00:00,L1,Evening,Housing A,112,0,0,20.94,3.258
2025-09-24 15:00:00,L2,Evening,Housing A,124,2,0,23.6,2.989
2025-09-24 15:00:00,L3,Evening,Bracket B,120,2,0,26.27,1.74
2025-09-24 15:00:00,L4,Evening,Bracket B,127,1,0,23.69,2.529
2025-09-24 16:00:00,L1,Evening,Housing A,110,4,0,24.3,1.966
2025-09-24 16:00:00,L2,Evening,Housing A,122,2,0,23.01,3.387
2025-09-24 16:00:00,L3,Evening,Bracket B,136,2,0,25.6,1.695
2025-09-24 16:00:00,L4,Evening,Bracket B,110,1,0,25.67,2.657
2025-09-24 17:00:00,L1,Evening,Housing A,117,2,0,21.81,2.427
2025-09-24 17:00:00,L2,Evening,Housing A,125,3,0,21.33,3.382
2025-09-24 17:00:00,L3,Evening,Bracket B,129,3,0,28.53,2.263
2025-09-24 17:00:00,L4,Evening,Bracket B,130,5,0,21.9,2.487
2025-09-24 18:00:00,L1,Evening,Housing A,114,3,0,23.91,2.514
2025-09-24 18:00:00,L2,Evening,Housing A,124,1,0,25.7,3.155
2025-09-24 18:00:00,L3,Evening,Bracket B,122,3,0,27.25,2.497
2025-09-24 18:00:00,L4,Evening,Bracket B,111,2,0,23.41,2.16
2025-09-24 19:00:00,L1,Evening,Housing A,113,2,0,23.49,1.406
2025-09-24 19:00:00,L2,Evening,Housing A,126,1,0,23.02,2.768
2025-09-24 19:00:00,L3,Evening,Bracket B,104,7,0,27.47,1.405
2025-09-24 19:00:00,L4,Evening,Bracket B,124,3,0,26.8,2.092
2025-09-24 20:00:00,L1,Evening,Housing A,105,2,5,24.17,2.145
2025-09-24 20:00:00,L2,Evening,Housing A,105,0,5,24.43,2.958
2025-09-24 20:00:00,L3,Evening,Bracket B,26,3,45,28.57,2.213
2025-09-24 20:00:00,L4,Evening,Bracket B,117,0,0,22.23,2.264
2025-09-24 21:00:00,L1,Evening,Housing A,119,2,0,24.24,2.704
2025-09-24 21:00:00,L2,Evening,Housing A,121,3,0,26.72,3.786
2025-09-24 21:00:00,L3,Evening,Bracket B,111,1,0,27.81,2.795
2025-09-24 21:00:00,L4,Evening,Bracket B,63,0,30,20.73,2.703
2025-09-24 22:00:00,L1,Night,Housing A,107,1,0,25.59,2.644
2025-09-24 22:00:00,L2,Night,Housing A,113,0,0,22.38,2.443
2025-09-24 22:00:00,L3,Night,Bracket B,126,2,0,27.03,3.139
2025-09-24 22:00:00,L4,Night,Bracket B,120,1,0,24.61,2.335
2025-09-24 23:00:00,L1,Night,Housing A,121,3,0,23.33,3.024
2025-09-24 23:00:00,L2,Night,Housing A,116,3,0,25.0,2.944
2025-09-24 23:00:00,L3,Night,Bracket B,135,5,0,27.27,1.988
2025-09-24 23:00:00,L4,Night,Bracket B,132,3,0,21.66,2.372
2025-09-25 00:00:00,L1,Night,Housing A,119,1,0,25.34,1.173
2025-09-25 00:00:00,L2,Night,Housing A,124,4,0,24.41,3.331
2025-09-25 00:00:00,L3,Night,Bracket B,135,4,0,29.66,2.428
2025-09-25 00:00:00,L4,Night,Bracket B,114,2,0,22.87,1.961
2025-09-25 01:00:00,L1,Night,Housing A,114,4,0,22.36,2.001
2025-09-25 01:00:00,L2,Night,Housing A,108,0,0,22.77,2.132
2025-09-25 01:00:00,L3,Night,Bracket B,110,3,0,28.7,1.214
2025-09-25 01:00:00,L4,Night,Bracket B,114,1,0,21.57,1.917
2025-09-25 02:00:00,L1,Night,Housing A,111,0,0,23.62,1.357
2025-09-25 02:00:00,L2,Night,Housing A,115,5,0,27.24,2.814
2025-09-25 02:00:00,L3,Night,Bracket B,30,0,45,27.91,1.416
2025-09-25 02:00:00,L4,Night,Bracket B,124,0,0,22.53,2.861
2025-09-25 03:00:00,L1,Night,Housing A,124,0,0,24.65,1.287
2025-09-25 03:00:00,L2,Night,Housing A,117,5,0,25.02,2.999
2025-09-25 03:00:00,L3,Night,Bracket B,120,2,0,28.0,1.863
2025-09-25 03:00:00,L4,Night,Bracket B,119,1,0,23.84,2.414
2025-09-25 04:00:00,L1,Night,Housing A,121,1,0,25.85,1.804
2025-09-25 04:00:00,L2,Night,Housing A,120,0,0,22.05,2.823
2025-09-25 04:00:00,L3,Night,Bracket B,119,2,0,27.32,2.372
2025-09-25 04:00:00,L4,Night,Bracket B,119,1,0,24.24,1.526
2025-09-25 05:00:00,L1,Night,Housing A,127,2,0,23.93,2.846
2025-09-25 05:00:00,L2,Night,Housing A,127,7,0,27.23,2.846
2025-09-25 05:00:00,L3,Night,Bracket B,109,5,0,29.02,2.584
2025-09-25 05:00:00,L4,Night,Bracket B,111,2,0,23.14,1.997
2025-09-25 06:00:00,L1,Day,Housing A,121,6,0,25.49,2.267
2025-09-25 06:00:00,L2,Day,Housing A,112,0,0,28.4,2.645
2025-09-25 06:00:00,L3,Day,Bracket B,112,3,0,29.56,2.368
2025-09-25 06:00:00,L4,Day,Bracket B,140,1,0,24.43,2.093
2025-09-25 07:00:00,L1,Day,Housing A,132,3,0,28.61,2.225
2025-09-25 07:00:00,L2,Day,Housing A,116,3,0,26.48,2.04
2025-09-25 07:00:00,L3,Day,Bracket B,124,4,0,29.13,2.099
2025-09-25 07:00:00,L4,Day,Bracket B,124,2,0,26.65,2.506
2025-09-25 08:00:00,L1,Day,Housing A,132,5,0,27.4,1.985
2025-09-25 08:00:00,L2,Day,Housing A,114,0,0,27.08,2.812
2025-09-25 08:00:00,L3,Day,Bracket B,120,8,0,31.26,1.404
2025-09-25 08:00:00,L4,Day,Bracket B,125,2,0,27.01,2.072
2025-09-25 09:00:00,L1,Day,Housing A,101,5,0,28.55,1.455
2025-09-25 09:00:00,L2,Day,Housing A,110,3,0,22.3,3.57
2025-09-25 09:00:00,L3,Day,Bracket B,116,6,0,28.63,2.554
2025-09-25 09:00:00,L4,Day,Bracket B,135,5,0,27.78,2.396
2025-09-25 10:00:00,L1,Day,Housing A,120,2,0,27.44,1.934
2025-09-25 10:00:00,L2,Day,Housing A,126,5,0,27.43,2.686
2025-09-25 10:00:00,L3,Day,Bracket B,112,6,0,28.99,2.848
2025-09-25 10:00:00,L4,Day,Bracket B,131,5,0,24.53,2.726
2025-09-25 11:00:00,L1,Day,Housing A,113,2,0,25.09,1.357
2025-09-25 11:00:00,L2,Day,Housing A,130,5,0,27.07,3.535
2025-09-25 11:00:00,L3,Day,Bracket B,134,4,0,30.7,2.935
2025-09-25 11:00:00,L4,Day,Bracket B,69,2,30,26.46,2.261
2025-09-25 12:00:00,L1,Day,Housing A,120,3,0,26.6,1.783
2025-09-25 12:00:00,L2,Day,Housing A,121,2,0,26.13,2.721
2025-09-25 12:00:00,L3,Day,Bracket B,108,2,0,30.91,2.248
2025-09-25 12:00:00,L4,Day,Bracket B,30,0,45,26.03,1.805
2025-09-25 13:00:00,L1,Day,Housing A,119,2,0,26.82,2.189
2025-09-25 13:00:00,L2,Day,Housing A,104,3,5,27.72,3.853
2025-09-25 13:00:00,L3,Day,Bracket B,129,6,0,28.68,2.673
2025-09-25 13:00:00,L4,Day,Bracket B,119,4,0,29.22,2.043
2025-09-25 14:00:00,L1,Evening,Housing A,126,1,0,20.99,1.582
2025-09-25 14:00:00,L2,Evening,Housing A,116,2,0,25.74,2.517
2025-09-25 14:00:00,L3,Evening,Bracket B,119,3,0,28.51,1.967
2025-09-25 14:00:00,L4,Evening,Bracket B,119,0,0,22.54,3.221
2025-09-25 15:00:00,L1,Evening,Housing A,121,2,0,24.13,2.576
2025-09-25 15:00:00,L2,Evening,Housing A,123,2,0,25.09,2.906
2025-09-25 15:00:00,L3,Evening,Bracket B,90,0,10,25.59,2.492
2025-09-25 15:00:00,L4,Evening,Bracket B,134,2,0,23.67,3.454
2025-09-25 16:00:00,L1,Evening,Housing A,120,2,0,21.39,3.182
2025-09-25 16:00:00,L2,Evening,Housing A,121,2,0,22.9,2.193
2025-09-25 16:00:00,L3,Evening,Bracket B,107,3,0,26.26,1.823
2025-09-25 16:00:00,L4,Evening,Bracket B,123,0,0,24.93,2.477
2025-09-25 17:00:00,L1,Evening,Housing A,135,3,0,22.04,1.875
2025-09-25 17:00:00,L2,Evening,Housing A,118,1,0,23.77,2.814
2025-09-25 17:00:00,L3,Evening,Bracket B,119,0,0,26.34,2.292
2025-09-25 17:00:00,L4,Evening,Bracket B,107,0,0,22.16,1.796
2025-09-25 18:00:00,L1,Evening,Housing A,109,1,0,22.92,1.837
2025-09-25 18:00:00,L2,Evening,Housing A,106,1,0,21.11,2.652
2025-09-25 18:00:00,L3,Evening,Bracket B,84,0,15,25.75,2.382
2025-09-25 18:00:00,L4,Evening,Bracket B,125,2,0,25.39,2.079
2025-09-25 19:00:00,L1,Evening,Housing A,108,1,0,23.47,2.426
2025-09-25 19:00:00,L2,Evening,Housing A,118,3,0,24.53,2.684
2025-09-25 19:00:00,L3,Evening,Bracket B,121,2,0,28.78,2.012
2025-09-25 19:00:00,L4,Evening,Bracket B,116,1,5,23.27,2.131
2025-09-25 20:00:00,L1,Evening,Housing A,90,0,15,25.48,1.719
2025-09-25 20:00:00,L2,Evening,Housing A,123,2,0,23.0,3.298
2025-09-25 20:00:00,L3,Evening,Bracket B,114,4,0,29.03,2.406
2025-09-25 20:00:00,L4,Evening,Bracket B,125,1,0,24.34,2.275
2025-09-25 21:00:00,L1,Evening,Housing A,120,3,0,23.77,2.337
2025-09-25 21:00:00,L2,Evening,Housing A,28,0,45,23.78,3.208
2025-09-25 21:00:00,L3,Evening,Bracket B,111,1,0,25.58,1.441
2025-09-25 21:00:00,L4,Evening,Bracket B,127,3,0,20.74,2.617
2025-09-25 22:00:00,L1,Night,Housing A,119,1,0,25.16,1.647
2025-09-25 22:00:00,L2,Night,Housing A,132,1,0,25.12,3.159
2025-09-25 22:00:00,L3,Night,Bracket B,127,3,0,26.31,2.26
2025-09-25 22:00:00,L4,Night,Bracket B,115,3,0,24.54,2.605
2025-09-25 23:00:00,L1,Night,Housing A,114,3,0,25.39,2.025
2025-09-25 23:00:00,L2,Night,Housing A,118,0,0,24.76,2.902
2025-09-25 23:00:00,L3,Night,Bracket B,110,5,0,27.76,2.687
2025-09-25 23:00:00,L4,Night,Bracket B,119,3,0,22.21,1.9
2025-09-26 00:00:00,L1,Night,Housing A,120,1,0,25.1,1.95
2025-09-26 00:00:00,L2,Night,Housing A,125,2,0,25.14,2.627
2025-09-26 00:00:00,L3,Night,Bracket B,126,8,0,30.65,2.926
2025-09-26 00:00:00,L4,Night,Bracket B,129,1,0,23.63,2.127
2025-09-26 01:00:00,L1,Night,Housing A,125,1,0,25.68,2.375
2025-09-26 01:00:00,L2,Night,Housing A,120,1,0,21.06,2.519
2025-09-26 01:00:00,L3,Night,Bracket B,125,6,0,29.74,2.542
2025-09-26 01:00:00,L4,Night,Bracket B,113,1,0,22.52,2.43
2025-09-26 02:00:00,L1,Night,Housing A,113,1,0,24.75,2.187
2025-09-26 02:00:00,L2,Night,Housing A,52,0,30,24.9,2.619
2025-09-26 02:00:00,L3,Night,Bracket B,122,3,0,25.16,2.739
2025-09-26 02:00:00,L4,Night,Bracket B,119,2,0,22.93,2.358
2025-09-26 03:00:00,L1,Night,Housing A,124,0,0,23.04,1.914
2025-09-26 03:00:00,L2,Night,Housing A,120,1,0,23.91,2.74
2025-09-26 03:00:00,L3,Night,Bracket B,107,1,0,24.18,3.226
2025-09-26 03:00:00,L4,Night,Bracket B,119,1,0,21.75,2.455
2025-09-26 04:00:00,L1,Night,Housing A,123,2,0,25.63,1.646
2025-09-26 04:00:00,L2,Night,Housing A,122,2,0,24.61,2.865
2025-09-26 04:00:00,L3,Night,Bracket B,61,2,30,27.08,2.054
2025-09-26 04:00:00,L4,Night,Bracket B,113,0,0,24.39,2.34
2025-09-26 05:00:00,L1,Night,Housing A,123,3,0,25.35,2.216
2025-09-26 05:00:00,L2,Night,Housing A,56,0,30,26.04,2.424
2025-09-26 05:00:00,L3,Night,Bracket B,115,1,0,27.94,2.174
2025-09-26 05:00:00,L4,Night,Bracket B,124,3,0,21.59,1.991
2025-09-26 06:00:00,L1,Day,Housing A,113,5,0,25.99,2.726
2025-09-26 06:00:00,L2,Day,Housing A,127,1,0,25.42,2.657
2025-09-26 06:00:00,L3,Day,Bracket B,102,4,10,31.63,2.271
2025-09-26 06:00:00,L4,Day,Bracket B,114,2,0,27.41,1.639
2025-09-26 07:00:00,L1,Day,Housing A,127,3,0,23.52,1.68
2025-09-26 07:00:00,L2,Day,Housing A,123,3,0,26.24,3.55
2025-09-26 07:00:00,L3,Day,Bracket B,123,7,0,30.64,2.461
2025-09-26 07:00:00,L4,Day,Bracket B,115,0,0,25.08,2.42
2025-09-26 08:00:00,L1,Day,Housing A,121,1,0,27.87,1.729
2025-09-26 08:00:00,L2,Day,Housing A,127,0,0,23.89,3.499
2025-09-26 08:00:00,L3,Day,Bracket B,117,3,0,30.65,1.699
2025-09-26 08:00:00,L4,Day,Bracket B,116,1,0,26.95,2.421
2025-09-26 09:00:00,L1,Day,Housing A,118,7,0,29.75,2.296
2025-09-26 09:00:00,L2,Day,Housing A,115,1,0,27.88,3.224
2025-09-26 09:00:00,L3,Day,Bracket B,102,3,0,29.03,1.549
2025-09-26 09:00:00,L4,Day,Bracket B,111,2,0,27.83,2.759
2025-09-26 10:00:00,L1,Day,Housing A,118,5,0,27.91,3.065
2025-09-26 10:00:00,L2,Day,Housing A,129,6,0,28.42,4.183
2025-09-26 10:00:00,L3,Day,Bracket B,127,3,0,28.27,2.855
2025-09-26 10:00:00,L4,Day,Bracket B,110,4,0,28.1,2.044
2025-09-26 11:00:00,L1,Day,Housing A,112,2,5,23.75,1.806
2025-09-26 11:00:00,L2,Day,Housing A,119,2,0,27.08,2.415
2025-09-26 11:00:00,L3,Day,Bracket B,128,4,0,29.45,1.929
2025-09-26 11:00:00,L4,Day,Bracket B,117,1,0,26.71,1.166
2025-09-26 12:00:00,L1,Day,Housing A,127,1,0,26.38,3.145
2025-09-26 12:00:00,L2,Day,Housing A,123,4,0,29.14,3.309
2025-09-26 12:00:00,L3,Day,Bracket B,120,5,0,30.26,1.826
2025-09-26 12:00:00,L4,Day,Bracket B,115,0,0,29.44,2.525
2025-09-26 13:00:00,L1,Day,Housing A,121,3,0,28.38,1.98
2025-09-26 13:00:00,L2,Day,Housing A,116,2,0,24.25,3.036
2025-09-26 13:00:00,L3,Day,Bracket B,123,8,0,31.98,1.999
2025-09-26 13:00:00,L4,Day,Bracket B,113,2,0,26.73,2.519
2025-09-26 14:00:00,L1,Evening,Housing A,112,3,0,22.56,2.64
2025-09-26 14:00:00,L2,Evening,Housing A,118,1,0,23.38,2.362
2025-09-26 14:00:00,L3,Evening,Bracket B,124,1,0,26.87,2.537
2025-09-26 14:00:00,L4,Evening,Bracket B,91,0,0,21.83,1.754
2025-09-26 15:00:00,L1,Evening,Housing A,123,0,0,25.59,1.428
2025-09-26 15:00:00,L2,Evening,Housing A,122,0,0,23.03,2.364
2025-09-26 15:00:00,L3,Evening,Bracket B,128,4,0,26.7,2.966
2025-09-26 15:00:00,L4,Evening,Bracket B,114,0,0,24.59,1.928
2025-09-26 16:00:00,L1,Evening,Housing A,115,3,0,22.67,1.975
2025-09-26 16:00:00,L2,Evening,Housing A,127,2,0,24.32,2.722
2025-09-26 16:00:00,L3,Evening,Bracket B,107,7,0,29.23,3.167
2025-09-26 16:00:00,L4,Evening,Bracket B,103,2,0,22.51,2.164
2025-09-26 17:00:00,L1,Evening,Housing A,127,1,0,25.62,2.076
2025-09-26 17:00:00,L2,Evening,Housing A,132,2,0,23.81,2.651
2025-09-26 17:00:00,L3,Evening,Bracket B,115,2,0,26.64,2.437
2025-09-26 17:00:00,L4,Evening,Bracket B,125,0,0,24.16,1.461
2025-09-26 18:00:00,L1,Evening,Housing A,128,0,0,24.27,1.826
2025-09-26 18:00:00,L2,Evening,Housing A,111,0,0,22.44,2.989
2025-09-26 18:00:00,L3,Evening,Bracket B,125,7,0,26.93,2.006
2025-09-26 18:00:00,L4,Evening,Bracket B,122,3,0,20.79,1.955
2025-09-26 19:00:00,L1,Evening,Housing A,117,0,0,25.18,2.524
2025-09-26 19:00:00,L2,Evening,Housing A,120,0,0,25.19,3.22
2025-09-26 19:00:00,L3,Evening,Bracket B,115,5,0,28.13,1.939
2025-09-26 19:00:00,L4,Evening,Bracket B,117,2,0,24.65,2.639
2025-09-26 20:00:00,L1,Evening,Housing A,106,1,0,25.06,2.48
2025-09-26 20:00:00,L2,Evening,Housing A,120,0,0,25.4,3.332
2025-09-26 20:00:00,L3,Evening,Bracket B,116,2,0,26.7,2.482
2025-09-26 20:00:00,L4,Evening,Bracket B,118,2,0,26.66,2.13
2025-09-26 21:00:00,L1,Evening,Housing A,119,2,0,23.74,1.672
2025-09-26 21:00:00,L2,Evening,Housing A,103,0,10,22.59,2.719
2025-09-26 21:00:00,L3,Evening,Bracket B,122,5,0,28.26,2.986
2025-09-26 21:00:00,L4,Evening,Bracket B,133,1,0,23.6,2.289
2025-09-26 22:00:00,L1,Night,Housing A,110,3,0,22.13,2.26
2025-09-26 22:00:00,L2,Night,Housing A,126,4,0,22.31,2.828
2025-09-26 22:00:00,L3,Night,Bracket B,113,2,0,27.82,2.223
2025-09-26 22:00:00,L4,Night,Bracket B,121,1,0,22.99,1.987
2025-09-26 23:00:00,L1,Night,Housing A,123,4,0,25.67,2.106
2025-09-26 23:00:00,L2,Night,Housing A,111,1,0,23.84,2.789
2025-09-26 23:00:00,L3,Night,Bracket B,128,2,0,28.31,1.617
2025-09-26 23:00:00,L4,Night,Bracket B,122,1,0,23.88,2.469
2025-09-27 00:00:00,L1,Night,Housing A,110,0,0,22.11,2.007
2025-09-27 00:00:00,L2,Night,Housing A,136,0,0,24.12,3.108
2025-09-27 00:00:00,L3,Night,Bracket B,26,0,45,29.18,2.414
2025-09-27 00:00:00,L4,Night,Bracket B,108,1,0,21.93,2.39
2025-09-27 01:00:00,L1,Night,Housing A,112,1,0,24.75,2.144
2025-09-27 01:00:00,L2,Night,Housing A,127,3,0,21.95,3.53
2025-09-27 01:00:00,L3,Night,Bracket B,119,1,0,27.95,3.172
2025-09-27 01:00:00,L4,Night,Bracket B,115,1,0,25.06,2.65
2025-09-27 02:00:00,L1,Night,Housing A,133,0,0,24.45,2.559
2025-09-27 02:00:00,L2,Night,Housing A,106,3,0,28.27,3.859
2025-09-27 02:00:00,L3,Night,Bracket B,119,4,0,28.08,2.473
2025-09-27 02:00:00,L4,Night,Bracket B,130,0,0,22.67,2.798
2025-09-27 03:00:00,L1,Night,Housing A,133,2,0,25.34,2.074
2025-09-27 03:00:00,L2,Night,Housing A,122,2,0,25.15,3.187
2025-09-27 03:00:00,L3,Night,Bracket B,117,2,0,26.79,1.843
2025-09-27 03:00:00,L4,Night,Bracket B,121,2,0,25.55,2.215
2025-09-27 04:00:00,L1,Night,Housing A,103,0,10,24.98,1.638
2025-09-27 04:00:00,L2,Night,Housing A,112,1,0,26.31,2.83
2025-09-27 04:00:00,L3,Night,Bracket B,128,6,0,29.67,2.054
2025-09-27 04:00:00,L4,Night,Bracket B,119,0,0,22.6,2.059
2025-09-27 05:00:00,L1,Night,Housing A,28,0,45,23.97,2.317
2025-09-27 05:00:00,L2,Night,Housing A,120,2,5,24.21,2.944
2025-09-27 05:00:00,L3,Night,Bracket B,121,2,0,27.23,1.823
2025-09-27 05:00:00,L4,Night,Bracket B,110,1,0,23.17,2.089
2025-09-27 06:00:00,L1,Day,Housing A,124,1,0,25.71,1.966
2025-09-27 06:00:00,L2,Day,Housing A,117,5,0,31.02,2.833
2025-09-27 06:00:00,L3,Day,Bracket B,128,3,0,28.62,2.582
2025-09-27 06:00:00,L4,Day,Bracket B,130,4,0,27.54,2.291
2025-09-27 07:00:00,L1,Day,Housing A,118,6,0,27.44,2.308
2025-09-27 07:00:00,L2,Day,Housing A,129,5,0,27.17,4.391
2025-09-27 07:00:00,L3,Day,Bracket B,132,3,0,28.27,1.847
2025-09-27 07:00:00,L4,Day,Bracket B,126,1,0,26.51,2.076
2025-09-27 08:00:00,L1,Day,Housing A,120,1,0,25.35,2.446
2025-09-27 08:00:00,L2,Day,Housing A,107,0,0,25.39,3.921
2025-09-27 08:00:00,L3,Day,Bracket B,111,3,0,28.44,2.429
2025-09-27 08:00:00,L4,Day,Bracket B,123,2,0,26.21,1.808
2025-09-27 09:00:00,L1,Day,Housing A,114,2,5,26.64,1.232
2025-09-27 09:00:00,L2,Day,Housing A,127,3,0,26.48,2.267
2025-09-27 09:00:00,L3,Day,Bracket B,114,3,0,28.97,1.905
2025-09-27 09:00:00,L4,Day,Bracket B,107,2,0,25.96,1.872
2025-09-27 10:00:00,L1,Day,Housing A,122,8,0,32.66,2.12
2025-09-27 10:00:00,L2,Day,Housing A,116,2,0,27.43,3.442
2025-09-27 10:00:00,L3,Day,Bracket B,122,6,0,30.61,1.715
2025-09-27 10:00:00,L4,Day,Bracket B,129,7,0,27.1,2.253
2025-09-27 11:00:00,L1,Day,Housing A,105,7,0,29.95,2.453
2025-09-27 11:00:00,L2,Day,Housing A,120,2,0,24.33,3.699
2025-09-27 11:00:00,L3,Day,Bracket B,111,5,0,31.48,2.539
2025-09-27 11:00:00,L4,Day,Bracket B,116,3,5,25.34,1.416
2025-09-27 12:00:00,L1,Day,Housing A,114,4,0,26.73,1.567
2025-09-27 12:00:00,L2,Day,Housing A,124,4,0,24.13,2.69
2025-09-27 12:00:00,L3,Day,Bracket B,110,2,0,30.32,2.037
2025-09-27 12:00:00,L4,Day,Bracket B,108,1,0,26.31,1.726
2025-09-27 13:00:00,L1,Day,Housing A,118,4,0,28.35,2.132
2025-09-27 13:00:00,L2,Day,Housing A,114,2,0,26.33,2.945
2025-09-27 13:00:00,L3,Day,Bracket B,116,4,0,29.45,2.194
2025-09-27 13:00:00,L4,Day,Bracket B,128,3,0,28.48,1.561
2025-09-27 14:00:00,L1,Evening,Housing A,114,1,0,24.92,1.834
2025-09-27 14:00:00,L2,Evening,Housing A,122,4,0,24.2,2.915
2025-09-27 14:00:00,L3,Evening,Bracket B,140,7,0,28.96,2.506
2025-09-27 14:00:00,L4,Evening,Bracket B,118,0,0,22.18,2.505
2025-09-27 15:00:00,L1,Evening,Housing A,115,2,0,24.39,1.65
2025-09-27 15:00:00,L2,Evening,Housing A,142,1,0,22.07,2.787
2025-09-27 15:00:00,L3,Evening,Bracket B,115,0,0,29.08,1.852
2025-09-27 15:00:00,L4,Evening,Bracket B,116,4,0,23.03,2.322
2025-09-27 16:00:00,L1,Evening,Housing A,114,3,0,22.85,1.95
2025-09-27 16:00:00,L2,Evening,Housing A,111,2,0,24.08,3.226
2025-09-27 16:00:00,L3,Evening,Bracket B,107,3,0,27.64,2.142
2025-09-27 16:00:00,L4,Evening,Bracket B,102,4,5,26.91,1.913
2025-09-27 17:00:00,L1,Evening,Housing A,123,0,0,22.74,1.96
2025-09-27 17:00:00,L2,Evening,Housing A,86,3,15,25.85,3.305
2025-09-27 17:00:00,L3,Evening,Bracket B,121,4,0,25.96,3.153
2025-09-27 17:00:00,L4,Evening,Bracket B,123,2,0,26.04,2.126
2025-09-27 18:00:00,L1,Evening,Housing A,119,1,0,24.83,1.756
2025-09-27 18:00:00,L2,Evening,Housing A,122,0,0,23.31,3.363
2025-09-27 18:00:00,L3,Evening,Bracket B,119,2,0,28.01,2.1
2025-09-27 18:00:00,L4,Evening,Bracket B,116,1,0,23.65,2.103
2025-09-27 19:00:00,L1,Evening,Housing A,118,3,0,22.72,2.47
2025-09-27 19:00:00,L2,Evening,Housing A,123,2,0,23.41,2.602
2025-09-27 19:00:00,L3,Evening,Bracket B,122,8,0,27.36,2.097
2025-09-27 19:00:00,L4,Evening,Bracket B,120,1,0,24.22,2.279
2025-09-27 20:00:00,L1,Evening,Housing A,114,3,0,22.65,2.716
2025-09-27 20:00:00,L2,Evening,Housing A,121,1,0,23.99,3.077
2025-09-27 20:00:00,L3,Evening,Bracket B,128,6,0,29.16,1.69
2025-09-27 20:00:00,L4,Evening,Bracket B,118,2,0,26.25,2.008
2025-09-27 21:00:00,L1,Evening,Housing A,124,2,0,23.69,1.733
2025-09-27 21:00:00,L2,Evening,Housing A,125,2,0,24.8,3.567
2025-09-27 21:00:00,L3,Evening,Bracket B,106,6,0,30.41,2.074
2025-09-27 21:00:00,L4,Evening,Bracket B,123,5,0,23.8,1.982
2025-09-27 22:00:00,L1,Night,Housing A,101,2,0,23.36,2.075
2025-09-27 22:00:00,L2,Night,Housing A,117,0,0,23.09,3.549
2025-09-27 22:00:00,L3,Night,Bracket B,119,2,0,25.33,1.795
2025-09-27 22:00:00,L4,Night,Bracket B,112,5,0,23.68,2.059
2025-09-27 23:00:00,L1,Night,Housing A,123,1,0,25.19,1.58
2025-09-27 23:00:00,L2,Night,Housing A,121,1,0,22.9,2.485
2025-09-27 23:00:00,L3,Night,Bracket B,110,2,0,25.33,2.634
2025-09-27 23:00:00,L4,Night,Bracket B,117,6,0,24.99,2.379
2025-09-28 00:00:00,L1,Night,Housing A,115,2,0,23.56,1.835
2025-09-28 00:00:00,L2,Night,Housing A,114,0,0,22.14,3.461
2025-09-28 00:00:00,L3,Night,Bracket B,122,4,0,25.61,3.086
2025-09-28 00:00:00,L4,Night,Bracket B,125,1,0,23.81,1.993
2025-09-28 01:00:00,L1,Night,Housing A,124,4,0,26.54,2.386
2025-09-28 01:00:00,L2,Night,Housing A,127,1,0,24.9,3.349
2025-09-28 01:00:00,L3,Night,Bracket B,108,8,0,30.6,1.486
2025-09-28 01:00:00,L4,Night,Bracket B,123,1,0,22.96,2.15
2025-09-28 02:00:00,L1,Night,Housing A,114,3,0,21.99,2.001
2025-09-28 02:00:00,L2,Night,Housing A,123,0,0,25.04,3.215
2025-09-28 02:00:00,L3,Night,Bracket B,111,1,0,27.36,1.189
2025-09-28 02:00:00,L4,Night,Bracket B,113,1,0,24.1,1.854
2025-09-28 03:00:00,L1,Night,Housing A,137,0,0,23.47,2.889
2025-09-28 03:00:00,L2,Night,Housing A,123,2,0,25.65,3.709
2025-09-28 03:00:00,L3,Night,Bracket B,116,2,0,25.94,3.173
2025-09-28 03:00:00,L4,Night,Bracket B,132,1,0,21.44,2.323
2025-09-28 04:00:00,L1,Night,Housing A,118,1,0,21.26,1.102
2025-09-28 04:00:00,L2,Night,Housing A,134,0,0,25.13,3.508
2025-09-28 04:00:00,L3,Night,Bracket B,100,1,0,26.78,3.359
2025-09-28 04:00:00,L4,Night,Bracket B,119,4,0,25.74,1.631
2025-09-28 05:00:00,L1,Night,Housing A,107,1,0,23.61,1.872
2025-09-28 05:00:00,L2,Night,Housing A,120,1,0,23.07,2.784
2025-09-28 05:00:00,L3,Night,Bracket B,122,1,0,25.6,2.865
2025-09-28 05:00:00,L4,Night,Bracket B,114,2,0,23.88,1.78
2025-09-28 06:00:00,L1,Day,Housing A,125,5,0,29.74,2.588
2025-09-28 06:00:00,L2,Day,Housing A,112,3,0,26.57,3.736
2025-09-28 06:00:00,L3,Day,Bracket B,123,5,0,29.46,1.284
2025-09-28 06:00:00,L4,Day,Bracket B,111,2,10,25.76,2.517
2025-09-28 07:00:00,L1,Day,Housing A,123,3,0,27.6,2.292
2025-09-28 07:00:00,L2,Day,Housing A,123,2,0,26.31,3.551
2025-09-28 07:00:00,L3,Day,Bracket B,114,7,0,29.59,2.701
2025-09-28 07:00:00,L4,Day,Bracket B,127,3,0,25.59,2.357
2025-09-28 08:00:00,L1,Day,Housing A,124,7,0,30.33,2.436
2025-09-28 08:00:00,L2,Day,Housing A,133,2,0,23.67,3.074
2025-09-28 08:00:00,L3,Day,Bracket B,126,2,0,30.08,1.862
2025-09-28 08:00:00,L4,Day,Bracket B,108,2,0,24.84,2.207
2025-09-28 09:00:00,L1,Day,Housing A,125,6,0,27.79,1.624
2025-09-28 09:00:00,L2,Day,Housing A,32,1,45,30.14,2.52
2025-09-28 09:00:00,L3,Day,Bracket B,114,3,0,29.94,1.636
2025-09-28 09:00:00,L4,Day,Bracket B,105,3,0,25.89,2.157
2025-09-28 10:00:00,L1,Day,Housing A,108,4,0,27.08,2.21
2025-09-28 10:00:00,L2,Day,Housing A,107,2,0,26.64,3.072
2025-09-28 10:00:00,L3,Day,Bracket B,117,8,0,31.49,3.271
2025-09-28 10:00:00,L4,Day,Bracket B,119,2,0,28.49,2.902
2025-09-28 11:00:00,L1,Day,Housing A,122,1,0,26.24,2.071
2025-09-28 11:00:00,L2,Day,Housing A,105,1,0,25.84,3.199
2025-09-28 11:00:00,L3,Day,Bracket B,121,6,0,29.2,2.926
2025-09-28 11:00:00,L4,Day,Bracket B,124,2,0,26.01,2.55
2025-09-28 12:00:00,L1,Day,Housing A,130,2,0,25.84,2.046
2025-09-28 12:00:00,L2,Day,Housing A,125,2,0,26.05,2.588
2025-09-28 12:00:00,L3,Day,Bracket B,120,9,0,30.66,1.879
2025-09-28 12:00:00,L4,Day,Bracket B,123,3,0,25.76,2.886
2025-09-28 13:00:00,L1,Day,Housing A,117,1,0,26.67,2.019
2025-09-28 13:00:00,L2,Day,Housing A,123,3,0,27.03,3.414
2025-09-28 13:00:00,L3,Day,Bracket B,122,1,0,28.54,2.652
2025-09-28 13:00:00,L4,Day,Bracket B,130,3,0,26.39,1.901
2025-09-28 14:00:00,L1,Evening,Housing A,128,2,0,22.2,2.338
2025-09-28 14:00:00,L2,Evening,Housing A,125,1,0,25.29,3.818
2025-09-28 14:00:00,L3,Evening,Bracket B,114,2,0,27.73,2.294
2025-09-28 14:00:00,L4,Evening,Bracket B,129,4,0,24.63,1.884
2025-09-28 15:00:00,L1,Evening,Housing A,128,1,0,23.0,1.535
2025-09-28 15:00:00,L2,Evening,Housing A,129,1,0,24.45,2.936
2025-09-28 15:00:00,L3,Evening,Bracket B,124,1,0,27.56,2.94
2025-09-28 15:00:00,L4,Evening,Bracket B,102,1,0,22.53,2.975
2025-09-28 16:00:00,L1,Evening,Housing A,118,2,0,24.7,1.959
2025-09-28 16:00:00,L2,Evening,Housing A,114,3,0,22.55,3.844
2025-09-28 16:00:00,L3,Evening,Bracket B,121,0,0,23.49,1.939
2025-09-28 16:00:00,L4,Evening,Bracket B,111,2,0,23.52,1.656
2025-09-28 17:00:00,L1,Evening,Housing A,122,1,0,23.23,2.521
2025-09-28 17:00:00,L2,Evening,Housing A,117,2,0,22.82,2.065
2025-09-28 17:00:00,L3,Evening,Bracket B,114,6,0,29.94,1.557
2025-09-28 17:00:00,L4,Evening,Bracket B,131,1,0,24.91,2.545
2025-09-28 18:00:00,L1,Evening,Housing A,104,1,0,22.36,1.708
2025-09-28 18:00:00,L2,Evening,Housing A,127,1,0,23.39,2.821
2025-09-28 18:00:00,L3,Evening,Bracket B,128,4,0,30.02,2.148
2025-09-28 18:00:00,L4,Evening,Bracket B,134,3,0,25.59,2.673
2025-09-28 19:00:00,L1,Evening,Housing A,108,2,0,23.32,2.623
2025-09-28 19:00:00,L2,Evening,Housing A,120,2,0,23.94,2.886
2025-09-28 19:00:00,L3,Evening,Bracket B,126,2,0,26.88,1.943
2025-09-28 19:00:00,L4,Evening,Bracket B,123,4,0,20.72,2.372
2025-09-28 20:00:00,L1,Evening,Housing A,112,2,0,24.91,2.497
2025-09-28 20:00:00,L2,Evening,Housing A,115,1,0,22.09,2.264
2025-09-28 20:00:00,L3,Evening,Bracket B,112,2,0,27.07,1.998
2025-09-28 20:00:00,L4,Evening,Bracket B,120,3,0,24.2,1.816
2025-09-28 21:00:00,L1,Evening,Housing A,120,2,0,24.48,2.674
2025-09-28 21:00:00,L2,Evening,Housing A,122,3,0,25.02,1.707
2025-09-28 21:00:00,L3,Evening,Bracket B,133,3,0,25.31,2.114
2025-09-28 21:00:00,L4,Evening,Bracket B,127,1,0,22.02,2.324
2025-09-28 22:00:00,L1,Night,Housing A,113,4,0,25.56,2.45
2025-09-28 22:00:00,L2,Night,Housing A,95,1,0,23.39,2.013
2025-09-28 22:00:00,L3,Night,Bracket B,102,4,0,26.44,2.955
2025-09-28 22:00:00,L4,Night,Bracket B,133,2,0,25.05,2.349
2025-09-28 23:00:00,L1,Night,Housing A,114,0,0,21.82,1.577
2025-09-28 23:00:00,L2,Night,Housing A,121,0,0,22.11,3.469
2025-09-28 23:00:00,L3,Night,Bracket B,114,4,0,22.49,1.593
2025-09-28 23:00:00,L4,Night,Bracket B,127,3,0,27.64,1.904
2025-09-29 00:00:00,L1,Night,Housing A,118,0,0,23.51,1.2
2025-09-29 00:00:00,L2,Night,Housing A,119,2,0,23.42,3.26
2025-09-29 00:00:00,L3,Night,Bracket B,113,5,0,28.7,2.33
2025-09-29 00:00:00,L4,Night,Bracket B,111,2,0,25.95,2.41
2025-09-29 01:00:00,L1,Night,Housing A,129,4,0,23.77,1.838
2025-09-29 01:00:00,L2,Night,Housing A,117,2,0,26.4,2.755
2025-09-29 01:00:00,L3,Night,Bracket B,112,3,0,26.15,2.584
2025-09-29 01:00:00,L4,Night,Bracket B,136,2,0,27.97,2.219
2025-09-29 02:00:00,L1,Night,Housing A,117,2,0,25.31,1.162
2025-09-29 02:00:00,L2,Night,Housing A,117,3,0,22.38,1.818
2025-09-29 02:00:00,L3,Night,Bracket B,113,2,0,27.47,1.327
2025-09-29 02:00:00,L4,Night,Bracket B,124,1,0,23.46,2.382
2025-09-29 03:00:00,L1,Night,Housing A,97,2,15,20.85,2.786
2025-09-29 03:00:00,L2,Night,Housing A,107,0,0,23.61,2.809
2025-09-29 03:00:00,L3,Night,Bracket B,113,6,0,29.1,1.92
2025-09-29 03:00:00,L4,Night,Bracket B,113,4,0,27.48,2.024
2025-09-29 04:00:00,L1,Night,Housing A,122,0,0,23.76,1.652
2025-09-29 04:00:00,L2,Night,Housing A,113,0,0,26.46,3.185
2025-09-29 04:00:00,L3,Night,Bracket B,115,3,0,26.04,2.196
2025-09-29 04:00:00,L4,Night,Bracket B,115,0,0,27.42,1.974
2025-09-29 05:00:00,L1,Night,Housing A,107,0,10,22.16,2.437
2025-09-29 05:00:00,L2,Night,Housing A,85,3,15,26.57,1.712
2025-09-29 05:00:00,L3,Night,Bracket B,115,2,0,24.12,3.05
2025-09-29 05:00:00,L4,Night,Bracket B,122,1,0,24.76,2.341
2025-09-29 06:00:00,L1,Day,Housing A,122,2,0,26.1,2.536
2025-09-29 06:00:00,L2,Day,Housing A,128,1,0,25.98,3.061
2025-09-29 06:00:00,L3,Day,Bracket B,101,6,0,30.85,2.168
2025-09-29 06:00:00,L4,Day,Bracket B,114,2,0,26.48,1.906
2025-09-29 07:00:00,L1,Day,Housing A,114,2,0,28.27,1.795
2025-09-29 07:00:00,L2,Day,Housing A,114,7,0,26.35,3.111
2025-09-29 07:00:00,L3,Day,Bracket B,101,4,0,29.04,2.267
2025-09-29 07:00:00,L4,Day,Bracket B,123,4,0,27.22,2.748
2025-09-29 08:00:00,L1,Day,Housing A,113,2,0,27.76,2.416
2025-09-29 08:00:00,L2,Day,Housing A,112,2,0,26.17,3.155
2025-09-29 08:00:00,L3,Day,Bracket B,110,3,0,29.71,2.956
2025-09-29 08:00:00,L4,Day,Bracket B,121,1,0,27.2,2.331
2025-09-29 09:00:00,L1,Day,Housing A,113,0,0,25.36,2.44
2025-09-29 09:00:00,L2,Day,Housing A,111,1,0,27.83,3.539
2025-09-29 09:00:00,L3,Day,Bracket B,124,4,0,30.09,1.85
2025-09-29 09:00:00,L4,Day,Bracket B,123,1,0,26.18,2.098
2025-09-29 10:00:00,L1,Day,Housing A,120,0,0,24.23,2.221
2025-09-29 10:00:00,L2,Day,Housing A,128,2,0,25.65,2.709
2025-09-29 10:00:00,L3,Day,Bracket B,123,6,0,33.47,2.262
2025-09-29 10:00:00,L4,Day,Bracket B,120,4,0,27.56,2.107
2025-09-29 11:00:00,L1,Day,Housing A,132,4,0,28.03,1.994
2025-09-29 11:00:00,L2,Day,Housing A,113,5,0,24.94,3.693
2025-09-29 11:00:00,L3,Day,Bracket B,112,3,0,25.33,2.056
2025-09-29 11:00:00,L4,Day,Bracket B,124,4,0,28.69,2.339
2025-09-29 12:00:00,L1,Day,Housing A,131,5,0,27.63,2.768
2025-09-29 12:00:00,L2,Day,Housing A,120,6,0,27.08,3.37
2025-09-29 12:00:00,L3,Day,Bracket B,121,4,0,29.75,2.438
2025-09-29 12:00:00,L4,Day,Bracket B,29,0,45,25.91,2.311
2025-09-29 13:00:00,L1,Day,Housing A,120,5,0,29.28,2.375
2025-09-29 13:00:00,L2,Day,Housing A,127,4,0,26.59,2.774
2025-09-29 13:00:00,L3,Day,Bracket B,114,5,5,29.27,2.829
2025-09-29 13:00:00,L4,Day,Bracket B,109,0,0,28.62,1.764
2025-09-29 14:00:00,L1,Evening,Housing A,108,2,10,23.86,2.272
2025-09-29 14:00:00,L2,Evening,Housing A,116,1,0,24.43,2.947
2025-09-29 14:00:00,L3,Evening,Bracket B,105,3,0,28.63,2.288
2025-09-29 14:00:00,L4,Evening,Bracket B,125,3,0,22.7,1.903
2025-09-29 15:00:00,L1,Evening,Housing A,119,0,0,24.37,2.217
2025-09-29 15:00:00,L2,Evening,Housing A,112,3,0,22.97,2.216
2025-09-29 15:00:00,L3,Evening,Bracket B,121,7,0,27.49,1.869
2025-09-29 15:00:00,L4,Evening,Bracket B,128,2,0,22.32,2.973
2025-09-29 16:00:00,L1,Evening,Housing A,104,1,0,22.79,2.084
2025-09-29 16:00:00,L2,Evening,Housing A,126,1,0,23.45,2.179
2025-09-29 16:00:00,L3,Evening,Bracket B,119,4,0,27.26,2.45
2025-09-29 16:00:00,L4,Evening,Bracket B,128,0,0,22.8,1.429
2025-09-29 17:00:00,L1,Evening,Housing A,103,0,0,23.27,1.345
2025-09-29 17:00:00,L2,Evening,Housing A,119,2,0,23.47,3.451
2025-09-29 17:00:00,L3,Evening,Bracket B,113,3,0,28.78,1.093
2025-09-29 17:00:00,L4,Evening,Bracket B,126,0,0,24.94,2.373
2025-09-29 18:00:00,L1,Evening,Housing A,119,2,0,22.13,2.976
2025-09-29 18:00:00,L2,Evening,Housing A,117,1,0,25.22,2.978
2025-09-29 18:00:00,L3,Evening,Bracket B,119,3,0,28.74,1.64
2025-09-29 18:00:00,L4,Evening,Bracket B,109,1,5,22.38,1.836
2025-09-29 19:00:00,L1,Evening,Housing A,126,0,0,23.16,2.025
2025-09-29 19:00:00,L2,Evening,Housing A,116,2,0,22.34,3.425
2025-09-29 19:00:00,L3,Evening,Bracket B,112,2,0,28.5,1.976
2025-09-29 19:00:00,L4,Evening,Bracket B,108,0,0,23.61,3.08
2025-09-29 20:00:00,L1,Evening,Housing A,120,0,0,23.99,2.213
2025-09-29 20:00:00,L2,Evening,Housing A,115,1,0,24.5,2.883
2025-09-29 20:00:00,L3,Evening,Bracket B,106,1,0,27.0,0.907
2025-09-29 20:00:00,L4,Evening,Bracket B,122,0,0,24.14,2.551
2025-09-29 21:00:00,L1,Evening,Housing A,132,0,0,23.93,1.95
2025-09-29 21:00:00,L2,Evening,Housing A,110,1,0,25.38,3.119
2025-09-29 21:00:00,L3,Evening,Bracket B,120,5,0,29.24,2.384
2025-09-29 21:00:00,L4,Evening,Bracket B,124,3,0,23.18,3.131
2025-09-29 22:00:00,L1,Night,Housing A,118,1,0,22.16,2.911
2025-09-29 22:00:00,L2,Night,Housing A,124,0,0,24.14,3.156
2025-09-29 22:00:00,L3,Night,Bracket B,131,2,0,27.14,2.396
2025-09-29 22:00:00,L4,Night,Bracket B,110,0,0,24.66,2.595
2025-09-29 23:00:00,L1,Night,Housing A,125,1,0,23.71,2.364
2025-09-29 23:00:00,L2,Night,Housing A,123,2,0,26.74,2.848
2025-09-29 23:00:00,L3,Night,Bracket B,122,1,0,24.51,1.867
2025-09-29 23:00:00,L4,Night,Bracket B,123,2,0,25.27,2.85
2025-09-30 00:00:00,L1,Night,Housing A,110,7,0,27.12,1.847
2025-09-30 00:00:00,L2,Night,Housing A,113,0,0,22.1,4.161
2025-09-30 00:00:00,L3,Night,Bracket B,113,3,0,29.26,1.521
2025-09-30 00:00:00,L4,Night,Bracket B,118,3,0,23.4,1.571
2025-09-30 01:00:00,L1,Night,Housing A,104,0,10,22.56,1.81
2025-09-30 01:00:00,L2,Night,Housing A,118,4,0,22.76,3.119
2025-09-30 01:00:00,L3,Night,Bracket B,106,3,0,30.79,2.624
2025-09-30 01:00:00,L4,Night,Bracket B,59,1,30,23.93,2.137
2025-09-30 02:00:00,L1,Night,Housing A,127,1,0,26.35,2.55
2025-09-30 02:00:00,L2,Night,Housing A,118,6,0,25.4,3.05
2025-09-30 02:00:00,L3,Night,Bracket B,119,9,0,29.54,1.824
2025-09-30 02:00:00,L4,Night,Bracket B,114,1,0,23.8,3.092
2025-09-30 03:00:00,L1,Night,Housing A,116,4,0,24.94,2.727
2025-09-30 03:00:00,L2,Night,Housing A,127,3,0,23.13,3.355
2025-09-30 03:00:00,L3,Night,Bracket B,120,7,0,28.11,2.331
2025-09-30 03:00:00,L4,Night,Bracket B,114,1,0,22.33,1.348
2025-09-30 04:00:00,L1,Night,Housing A,127,2,0,22.1,2.184
2025-09-30 04:00:00,L2,Night,Housing A,108,1,5,25.5,3.519
2025-09-30 04:00:00,L3,Night,Bracket B,106,4,0,27.64,1.817
2025-09-30 04:00:00,L4,Night,Bracket B,113,1,0,25.73,2.598
2025-09-30 05:00:00,L1,Night,Housing A,106,1,0,22.89,1.958
2025-09-30 05:00:00,L2,Night,Housing A,112,3,0,20.58,2.926
2025-09-30 05:00:00,L3,Night,Bracket B,111,2,0,27.8,2.898
2025-09-30 05:00:00,L4,Night,Bracket B,125,2,0,22.79,2.006
2025-09-30 06:00:00,L1,Day,Housing A,100,1,10,24.96,2.186
2025-09-30 06:00:00,L2,Day,Housing A,113,3,0,24.31,2.972
2025-09-30 06:00:00,L3,Day,Bracket B,118,5,0,29.66,2.621
2025-09-30 06:00:00,L4,Day,Bracket B,128,1,0,26.68,1.674
2025-09-30 07:00:00,L1,Day,Housing A,124,2,0,29.11,2.672
2025-09-30 07:00:00,L2,Day,Housing A,113,2,0,24.27,3.577
2025-09-30 07:00:00,L3,Day,Bracket B,115,0,0,28.75,2.224
2025-09-30 07:00:00,L4,Day,Bracket B,120,5,0,29.1,2.19
2025-09-30 08:00:00,L1,Day,Housing A,110,3,0,25.67,2.18
2025-09-30 08:00:00,L2,Day,Housing A,110,0,0,23.28,3.45
2025-09-30 08:00:00,L3,Day,Bracket B,118,5,0,33.16,1.762
2025-09-30 08:00:00,L4,Day,Bracket B,125,7,0,28.55,1.756
2025-09-30 09:00:00,L1,Day,Housing A,133,1,0,24.51,2.404
2025-09-30 09:00:00,L2,Day,Housing A,124,3,0,25.87,2.684
2025-09-30 09:00:00,L3,Day,Bracket B,107,6,0,32.32,1.964
2025-09-30 09:00:00,L4,Day,Bracket B,127,1,0,29.39,2.569
2025-09-30 10:00:00,L1,Day,Housing A,119,2,0,25.91,3.267
2025-09-30 10:00:00,L2,Day,Housing A,130,3,0,26.12,3.358
2025-09-30 10:00:00,L3,Day,Bracket B,117,1,0,28.16,1.672
2025-09-30 10:00:00,L4,Day,Bracket B,121,3,0,26.42,1.957
2025-09-30 11:00:00,L1,Day,Housing A,106,4,0,25.56,2.199
2025-09-30 11:00:00,L2,Day,Housing A,114,3,0,28.91,3.971
2025-09-30 11:00:00,L3,Day,Bracket B,114,3,0,28.73,2.148
2025-09-30 11:00:00,L4,Day,Bracket B,119,2,0,26.63,2.121
2025-09-30 12:00:00,L1,Day,Housing A,136,0,0,25.95,2.04
2025-09-30 12:00:00,L2,Day,Housing A,124,8,0,27.21,2.786
2025-09-30 12:00:00,L3,Day,Bracket B,120,1,0,26.98,1.957
2025-09-30 12:00:00,L4,Day,Bracket B,115,5,0,27.3,2.463
2025-09-30 13:00:00,L1,Day,Housing A,111,7,0,28.43,2.796
2025-09-30 13:00:00,L2,Day,Housing A,32,3,45,29.4,3.326
2025-09-30 13:00:00,L3,Day,Bracket B,121,5,0,30.48,2.246
2025-09-30 13:00:00,L4,Day,Bracket B,128,2,0,26.38,2.133
2025-09-30 14:00:00,L1,Evening,Housing A,113,0,0,22.57,1.07
2025-09-30 14:00:00,L2,Evening,Housing A,116,2,0,21.94,3.898
2025-09-30 14:00:00,L3,Evening,Bracket B,129,3,0,28.99,2.581
2025-09-30 14:00:00,L4,Evening,Bracket B,123,3,0,22.92,2.726
2025-09-30 15:00:00,L1,Evening,Housing A,126,0,0,23.63,2.54
2025-09-30 15:00:00,L2,Evening,Housing A,130,2,0,22.32,3.154
2025-09-30 15:00:00,L3,Evening,Bracket B,111,2,0,26.8,2.34
2025-09-30 15:00:00,L4,Evening,Bracket B,103,0,5,22.31,2.489
2025-09-30 16:00:00,L1,Evening,Housing A,130,5,0,27.4,2.739
2025-09-30 16:00:00,L2,Evening,Housing A,133,4,0,22.32,3.078
2025-09-30 16:00:00,L3,Evening,Bracket B,95,2,15,25.15,2.975
2025-09-30 16:00:00,L4,Evening,Bracket B,126,2,0,23.38,2.276
2025-09-30 17:00:00,L1,Evening,Housing A,111,1,0,24.7,2.635
2025-09-30 17:00:00,L2,Evening,Housing A,125,2,0,24.16,2.452
2025-09-30 17:00:00,L3,Evening,Bracket B,113,0,0,27.41,1.457
2025-09-30 17:00:00,L4,Evening,Bracket B,110,3,0,25.15,2.808
2025-09-30 18:00:00,L1,Evening,Housing A,117,3,0,24.32,1.81
2025-09-30 18:00:00,L2,Evening,Housing A,116,2,0,25.28,2.493
2025-09-30 18:00:00,L3,Evening,Bracket B,122,5,0,26.81,2.321
2025-09-30 18:00:00,L4,Evening,Bracket B,116,4,0,23.6,2.837
2025-09-30 19:00:00,L1,Evening,Housing A,119,1,0,24.26,1.42
2025-09-30 19:00:00,L2,Evening,Housing A,130,0,0,25.98,2.786
2025-09-30 19:00:00,L3,Evening,Bracket B,114,4,0,29.06,2.289
2025-09-30 19:00:00,L4,Evening,Bracket B,129,1,0,20.72,2.189
2025-09-30 20:00:00,L1,Evening,Housing A,123,1,0,24.67,2.745
2025-09-30 20:00:00,L2,Evening,Housing A,128,3,0,24.38,2.982
2025-09-30 20:00:00,L3,Evening,Bracket B,120,1,0,28.06,2.14
2025-09-30 20:00:00,L4,Evening,Bracket B,121,1,0,23.98,2.814
2025-09-30 21:00:00,L1,Evening,Housing A,121,3,0,21.95,2.884
2025-09-30 21:00:00,L2,Evening,Housing A,93,2,5,21.91,2.52
2025-09-30 21:00:00,L3,Evening,Bracket B,124,2,0,26.13,2.452
2025-09-30 21:00:00,L4,Evening,Bracket B,116,1,0,23.98,1.372
2025-09-30 22:00:00,L1,Night,Housing A,128,1,0,23.99,1.472
2025-09-30 22:00:00,L2,Night,Housing A,127,1,0,19.73,3.353
2025-09-30 22:00:00,L3,Night,Bracket B,113,1,0,26.13,2.656
2025-09-30 22:00:00,L4,Night,Bracket B,123,2,0,25.47,1.549
2025-09-30 23:00:00,L1,Night,Housing A,108,1,0,25.09,1.988
2025-09-30 23:00:00,L2,Night,Housing A,128,0,0,24.73,2.586
2025-09-30 23:00:00,L3,Night,Bracket B,108,2,0,27.14,2.214
2025-09-30 23:00:00,L4,Night,Bracket B,137,1,0,25.47,1.268
