shipment_id,ship_date,origin,destination,carrier,mode,weight_kg,distance_km,transit_days,promised_days,cost_usd,on_time,delay_reason
SH24077,2024-01-01,Rotterdam,Shanghai,Swift Cargo,Sea,907.4,8176,14,15,808.94,true,
SH29090,2024-01-01,Rotterdam,Hamburg,BlueWave Lines,Sea,1430.7,11899,20,20,1721.59,true,
SH29321,2024-01-01,Los Angeles,Singapore,Swift Cargo,Sea,933.7,10224,18,18,1034.65,true,
SH31063,2024-01-01,Busan,Rotterdam,Atlas Air Cargo,Air,267.1,16106,3,3,4488.44,true,
SH31065,2024-01-01,Ho Chi Minh City,Los Angeles,Meridian Freight,Sea,895.8,12237,21,21,1242.36,true,Documentation
SH31113,2024-01-01,Ho Chi Minh City,Dubai,Meridian Freight,Rail,1349.1,1857,2,3,620.47,true,
SH31358,2024-01-01,Los Angeles,Busan,Swift Cargo,Sea,3840.4,1214,3,4,615.18,true,
SH31743,2024-01-01,Dubai,Ho Chi Minh City,BlueWave Lines,Sea,449.4,11730,19,20,618.63,true,
SH32811,2024-01-01,Busan,Hamburg,BlueWave Lines,Sea,1612.3,1758,5,5,424.27,true,
SH24354,2024-01-02,Busan,Dubai,Meridian Freight,Rail,311.2,2061,3,4,266.76,true,
SH24427,2024-01-02,Busan,Singapore,Swift Cargo,Sea,995.2,9799,17,17,1124.34,true,
SH24581,2024-01-02,Shanghai,Hamburg,Swift Cargo,Sea,465.1,7503,14,14,496.54,true,
SH24664,2024-01-02,Rotterdam,Ho Chi Minh City,Northstar Logistics,Sea,2607.3,2921,6,6,825.46,true,
SH25199,2024-01-02,Hamburg,Singapore,Swift Cargo,Sea,1973.3,9693,17,17,2113.38,true,
SH25670,2024-01-02,Singapore,Hamburg,Atlas Air Cargo,Air,154.2,1186,1,1,337.92,true,
SH25906,2024-01-02,Hamburg,Busan,Meridian Freight,Sea,960.6,6879,12,13,669.06,true,
SH27290,2024-01-02,Ho Chi Minh City,Dubai,Northstar Logistics,Sea,291.6,5072,10,10,260.41,true,
SH29292,2024-01-02,Dubai,Los Angeles,Northstar Logistics,Sea,1310.8,8462,15,15,1247.74,true,
SH29364,2024-01-02,Ho Chi Minh City,Hamburg,Swift Cargo,Sea,2012.8,10007,17,17,1783.49,true,
SH29609,2024-01-02,Shanghai,Singapore,Northstar Logistics,Road,2991.9,1604,6,4,1930.49,false,Customs
SH30554,2024-01-02,Busan,Los Angeles,Atlas Air Cargo,Air,223.4,6070,2,2,1409.39,true,
SH31361,2024-01-02,Hamburg,Shanghai,Northstar Logistics,Sea,1871.2,6242,11,12,1176.03,true,
SH24481,2024-01-03,Busan,Singapore,Atlas Air Cargo,Air,881.8,1621,1,1,1845.68,true,
SH26274,2024-01-03,Busan,Singapore,BlueWave Lines,Sea,1292.8,8939,16,16,1169.1,true,
SH26298,2024-01-03,Ho Chi Minh City,Rotterdam,Swift Cargo,Road,1463.2,1427,3,3,820.19,true,
SH26540,2024-01-03,Shanghai,Busan,Atlas Air Cargo,Air,33.3,16996,3,3,739.53,true,
SH26891,2024-01-03,Ho Chi Minh City,Singapore,Swift Cargo,Sea,872.4,15499,25,26,1579.73,true,
SH27649,2024-01-03,Rotterdam,Los Angeles,Swift Cargo,Sea,8473.3,17875,31,30,12326.49,false,Equipment
SH28044,2024-01-03,Rotterdam,Busan,Meridian Freight,Sea,401.7,4897,10,10,298.32,true,
SH28359,2024-01-03,Ho Chi Minh City,Hamburg,Northstar Logistics,Sea,753.1,15094,25,25,1309.06,true,
SH29525,2024-01-03,Ho Chi Minh City,Singapore,Swift Cargo,Sea,492.5,2673,6,6,257.92,true,
SH29716,2024-01-03,Busan,Shanghai,Swift Cargo,Road,9380.0,925,3,3,3130.31,true,
SH29852,2024-01-03,Hamburg,Busan,Meridian Freight,Sea,1347.7,5290,9,10,673.21,true,
SH30211,2024-01-03,Singapore,Dubai,BlueWave Lines,Sea,403.7,6365,12,12,343.09,true,
SH30397,2024-01-03,Rotterdam,Busan,Meridian Freight,Road,252.6,1240,12,3,248.78,false,Port congestion
SH31824,2024-01-03,Busan,Shanghai,Swift Cargo,Sea,1241.5,11881,20,20,1346.5,true,
SH32519,2024-01-03,Hamburg,Dubai,Meridian Freight,Rail,1873.8,166,1,1,201.36,true,
SH26341,2024-01-04,Dubai,Ho Chi Minh City,Atlas Air Cargo,Air,139.6,13079,1,2,2199.84,true,
SH26913,2024-01-04,Hamburg,Dubai,Swift Cargo,Road,1239.5,1824,4,4,922.11,true,
SH26940,2024-01-04,Singapore,Rotterdam,Atlas Air Cargo,Air,41.0,7615,1,2,422.24,true,
SH28237,2024-01-04,Dubai,Ho Chi Minh City,Swift Cargo,Sea,1351.4,2061,5,5,380.78,true,
SH29327,2024-01-04,Rotterdam,Los Angeles,Northstar Logistics,Sea,2462.8,3893,8,8,1031.99,true,
SH30158,2024-01-04,Singapore,Los Angeles,Northstar Logistics,Sea,1458.7,1922,5,5,377.62,true,
SH30300,2024-01-04,Singapore,Ho Chi Minh City,Swift Cargo,Sea,1025.4,14295,27,24,1305.49,false,Weather
SH31618,2024-01-04,Busan,Shanghai,BlueWave Lines,Sea,608.4,3302,6,7,329.24,true,
SH31737,2024-01-04,Los Angeles,Dubai,Meridian Freight,Sea,2179.8,6643,11,12,1636.97,true,
SH32512,2024-01-04,Singapore,Los Angeles,Swift Cargo,Road,2122.5,651,2,2,556.63,true,
SH25693,2024-01-05,Shanghai,Singapore,Atlas Air Cargo,Air,172.0,3429,1,1,699.85,true,
SH25855,2024-01-05,Singapore,Shanghai,Northstar Logistics,Sea,7092.6,9957,16,17,5570.47,true,
SH26114,2024-01-05,Rotterdam,Ho Chi Minh City,BlueWave Lines,Sea,3340.3,8913,16,16,3164.0,true,
SH26439,2024-01-05,Hamburg,Rotterdam,Swift Cargo,Sea,745.0,6838,13,13,517.54,true,
SH26461,2024-01-05,Ho Chi Minh City,Singapore,Meridian Freight,Sea,793.5,15172,24,25,1244.67,true,
SH27353,2024-01-05,Dubai,Singapore,Swift Cargo,Road,2409.0,363,2,2,445.61,true,
SH27852,2024-01-05,Hamburg,Ho Chi Minh City,Meridian Freight,Sea,888.8,14568,24,24,1451.0,true,
SH28279,2024-01-05,Ho Chi Minh City,Hamburg,Swift Cargo,Sea,1008.4,2812,6,6,372.99,true,
SH28451,2024-01-05,Los Angeles,Dubai,Northstar Logistics,Sea,223.0,8023,14,14,274.23,true,
SH28907,2024-01-05,Dubai,Busan,Northstar Logistics,Sea,2002.8,3291,7,7,728.21,true,
SH29190,2024-01-05,Shanghai,Busan,Atlas Air Cargo,Air,208.6,17557,3,3,4631.61,true,
SH30210,2024-01-05,Ho Chi Minh City,Los Angeles,Swift Cargo,Sea,2742.8,4836,9,9,1308.12,true,
SH24281,2024-01-06,Hamburg,Shanghai,Meridian Freight,Sea,1218.2,14531,33,24,1495.39,false,Documentation
SH24566,2024-01-06,Hamburg,Ho Chi Minh City,Northstar Logistics,Sea,941.7,5170,10,10,576.28,true,Customs
SH25019,2024-01-06,Ho Chi Minh City,Singapore,Northstar Logistics,Sea,2745.6,13442,23,23,3294.33,true,
SH25209,2024-01-06,Busan,Shanghai,Northstar Logistics,Sea,1498.0,11893,23,20,1786.06,false,Equipment
SH26134,2024-01-06,Dubai,Hamburg,Meridian Freight,Sea,2234.4,1901,5,5,453.61,true,
SH26261,2024-01-06,Dubai,Ho Chi Minh City,BlueWave Lines,Sea,4372.9,9960,17,17,3936.17,true,
SH26619,2024-01-06,Rotterdam,Shanghai,Atlas Air Cargo,Air,344.6,14078,2,3,5606.46,true,
SH27735,2024-01-06,Ho Chi Minh City,Los Angeles,Meridian Freight,Sea,2971.0,17145,28,28,5044.35,true,
SH28264,2024-01-06,Los Angeles,Hamburg,Swift Cargo,Rail,1243.2,721,2,2,355.1,true,
SH28337,2024-01-06,Shanghai,Busan,Northstar Logistics,Sea,298.8,5295,10,10,278.74,true,
SH31005,2024-01-06,Busan,Dubai,Atlas Air Cargo,Air,2127.0,4493,5,1,9479.47,false,Weather
SH31082,2024-01-06,Dubai,Busan,Swift Cargo,Sea,3515.6,11134,22,19,3374.15,false,Weather
SH31344,2024-01-06,Busan,Los Angeles,Atlas Air Cargo,Air,475.9,6446,2,2,3917.1,true,
SH31617,2024-01-06,Busan,Los Angeles,BlueWave Lines,Road,439.9,1350,3,3,367.49,true,
SH31659,2024-01-06,Shanghai,Los Angeles,Swift Cargo,Road,394.8,2240,5,5,396.02,true,
SH32355,2024-01-06,Singapore,Los Angeles,Northstar Logistics,Sea,823.3,16218,29,27,1163.65,false,Customs
SH24100,2024-01-07,Shanghai,Singapore,Northstar Logistics,Sea,1670.2,7459,13,13,1395.11,true,
SH24649,2024-01-07,Ho Chi Minh City,Dubai,BlueWave Lines,Sea,2228.3,3574,7,7,842.3,true,
SH25238,2024-01-07,Ho Chi Minh City,Singapore,Atlas Air Cargo,Air,422.1,3090,1,1,1463.32,true,
SH28389,2024-01-07,Singapore,Dubai,BlueWave Lines,Sea,1765.0,15063,25,25,2198.7,true,
SH29309,2024-01-07,Hamburg,Los Angeles,Meridian Freight,Rail,1153.8,592,2,2,267.56,true,
SH31924,2024-01-07,Hamburg,Singapore,Northstar Logistics,Road,2196.5,201,2,1,289.64,false,Customs
SH32545,2024-01-07,Los Angeles,Busan,Northstar Logistics,Sea,625.7,4128,10,8,362.65,false,Customs
SH24169,2024-01-08,Shanghai,Hamburg,Swift Cargo,Rail,1979.3,150,1,1,196.24,true,
SH25031,2024-01-08,Hamburg,Ho Chi Minh City,Atlas Air Cargo,Air,1091.9,14743,3,3,20458.59,true,
SH25935,2024-01-08,Dubai,Los Angeles,Atlas Air Cargo,Air,2108.0,9299,1,2,25024.71,true,
SH27012,2024-01-08,Los Angeles,Shanghai,Northstar Logistics,Sea,1530.9,4323,9,9,730.11,true,
SH27484,2024-01-08,Rotterdam,Ho Chi Minh City,Northstar Logistics,Rail,1807.0,165,3,1,186.8,false,Weather
SH27609,2024-01-08,Singapore,Busan,BlueWave Lines,Sea,469.8,7963,13,14,462.48,true,
SH28681,2024-01-08,Dubai,Hamburg,Atlas Air Cargo,Air,589.4,17717,3,3,11737.85,true,
SH28894,2024-01-08,Hamburg,Ho Chi Minh City,Meridian Freight,Sea,1482.0,16500,30,27,2343.74,false,Customs
SH29566,2024-01-08,Rotterdam,Singapore,Northstar Logistics,Sea,422.3,1155,4,4,166.31,true,
SH31130,2024-01-08,Rotterdam,Busan,Atlas Air Cargo,Air,186.1,3973,1,1,924.88,true,
SH32875,2024-01-08,Ho Chi Minh City,Singapore,Meridian Freight,Sea,979.9,17622,31,29,1716.33,false,Documentation
SH24257,2024-01-09,Shanghai,Rotterdam,BlueWave Lines,Sea,2400.4,17307,28,29,4442.3,true,
SH24825,2024-01-09,Dubai,Shanghai,Swift Cargo,Sea,313.9,5151,9,10,255.41,true,
SH24901,2024-01-09,Busan,Shanghai,Swift Cargo,Sea,1427.8,17956,30,30,2419.09,true,
SH25314,2024-01-09,Los Angeles,Busan,Swift Cargo,Sea,1178.6,10617,22,18,1312.47,false,Weather
SH25973,2024-01-09,Shanghai,Los Angeles,Swift Cargo,Sea,1850.4,9596,16,17,1491.55,true,
SH27103,2024-01-09,Hamburg,Dubai,Swift Cargo,Sea,718.4,6984,14,13,656.3,false,Port congestion
SH27564,2024-01-09,Dubai,Ho Chi Minh City,Northstar Logistics,Sea,1096.5,4849,10,9,550.1,false,Port congestion
SH28029,2024-01-09,Shanghai,Los Angeles,BlueWave Lines,Rail,1798.5,1438,2,3,663.13,true,
SH28282,2024-01-09,Shanghai,Singapore,Swift Cargo,Sea,2482.9,1279,6,4,446.11,false,Documentation
SH28590,2024-01-09,Dubai,Rotterdam,BlueWave Lines,Sea,2923.6,3242,7,7,860.94,true,
SH28895,2024-01-09,Shanghai,Singapore,Atlas Air Cargo,Air,221.8,9076,2,2,2035.87,true,
SH29488,2024-01-09,Busan,Singapore,Meridian Freight,Road,1766.2,1035,3,3,879.52,true,
SH29715,2024-01-09,Rotterdam,Hamburg,Swift Cargo,Sea,890.0,2335,6,6,333.39,true,
SH29854,2024-01-09,Los Angeles,Singapore,Northstar Logistics,Sea,545.3,12551,20,21,692.27,true,
SH30393,2024-01-09,Rotterdam,Singapore,Swift Cargo,Sea,1387.7,9574,16,17,1168.7,true,
SH30676,2024-01-09,Los Angeles,Shanghai,Northstar Logistics,Rail,2760.1,2170,4,4,1373.97,true,Documentation
SH30799,2024-01-09,Los Angeles,Ho Chi Minh City,BlueWave Lines,Road,1636.4,2266,5,5,1657.07,true,
SH31862,2024-01-09,Los Angeles,Ho Chi Minh City,Atlas Air Cargo,Air,418.8,15344,3,3,6391.15,true,
SH32020,2024-01-09,Hamburg,Ho Chi Minh City,BlueWave Lines,Sea,2375.4,1103,4,4,352.82,true,
SH32436,2024-01-09,Ho Chi Minh City,Rotterdam,BlueWave Lines,Sea,1186.8,3419,7,7,451.79,true,
SH24795,2024-01-10,Rotterdam,Busan,BlueWave Lines,Sea,4267.6,14019,24,24,5709.94,true,
SH24961,2024-01-10,Shanghai,Hamburg,Atlas Air Cargo,Air,238.8,4044,1,1,1292.85,true,
SH25715,2024-01-10,Ho Chi Minh City,Shanghai,Atlas Air Cargo,Air,78.8,16577,3,3,1358.13,true,
SH27105,2024-01-10,Dubai,Shanghai,Meridian Freight,Sea,693.6,4581,9,9,456.14,true,
SH27217,2024-01-10,Singapore,Busan,BlueWave Lines,Sea,2003.7,6794,11,12,1280.83,true,
SH27391,2024-01-10,Singapore,Ho Chi Minh City,Swift Cargo,Rail,9450.1,2425,3,4,5008.24,true,
SH28096,2024-01-10,Dubai,Shanghai,Atlas Air Cargo,Air,418.9,7836,1,2,3876.01,true,
SH28127,2024-01-10,Shanghai,Los Angeles,Atlas Air Cargo,Air,664.7,10799,1,2,7725.64,true,
SH28805,2024-01-10,Los Angeles,Hamburg,Atlas Air Cargo,Air,293.2,7398,1,2,2536.89,true,
SH31267,2024-01-10,Shanghai,Los Angeles,Northstar Logistics,Sea,801.5,9819,17,17,919.07,true,
SH32531,2024-01-10,Los Angeles,Singapore,Swift Cargo,Sea,1769.6,16993,28,28,2923.55,true,
SH32588,2024-01-10,Ho Chi Minh City,Los Angeles,BlueWave Lines,Sea,1194.0,11861,19,20,1286.36,true,
SH32982,2024-01-10,Hamburg,Dubai,Atlas Air Cargo,Air,375.7,13025,2,2,4883.23,true,
SH24600,2024-01-11,Busan,Hamburg,Northstar Logistics,Sea,890.8,2947,9,7,369.83,false,Documentation
SH24870,2024-01-11,Busan,Rotterdam,Atlas Air Cargo,Air,689.3,13560,2,3,8878.62,true,
SH25378,2024-01-11,Rotterdam,Shanghai,BlueWave Lines,Road,1018.7,322,1,2,229.33,true,
SH26450,2024-01-11,Dubai,Singapore,BlueWave Lines,Sea,2652.1,13392,23,23,3409.74,true,
SH27487,2024-01-11,Busan,Ho Chi Minh City,Meridian Freight,Rail,1346.7,1092,2,2,479.77,true,
SH28206,2024-01-11,Busan,Hamburg,Swift Cargo,Rail,189.1,2295,4,4,205.04,true,
SH28474,2024-01-11,Ho Chi Minh City,Rotterdam,BlueWave Lines,Sea,1019.2,2633,6,6,346.25,true,
SH29596,2024-01-11,Los Angeles,Shanghai,Meridian Freight,Sea,569.5,1273,4,4,184.78,true,
SH29863,2024-01-11,Hamburg,Ho Chi Minh City,BlueWave Lines,Sea,788.2,11423,20,20,931.54,true,
SH30916,2024-01-11,Hamburg,Singapore,BlueWave Lines,Sea,1443.3,11995,23,20,1817.81,false,Port congestion
SH31475,2024-01-11,Dubai,Hamburg,Meridian Freight,Road,2168.4,2342,5,5,1902.08,true,
SH24550,2024-01-12,Hamburg,Singapore,BlueWave Lines,Road,1693.2,618,1,2,524.53,true,
SH24590,2024-01-12,Rotterdam,Shanghai,Atlas Air Cargo,Air,601.9,10642,2,2,6322.36,true,
SH26771,2024-01-12,Dubai,Ho Chi Minh City,Meridian Freight,Sea,1076.4,4002,8,8,552.63,true,
SH26814,2024-01-12,Busan,Singapore,Swift Cargo,Sea,1168.3,13622,24,23,1834.42,false,Weather
SH27893,2024-01-12,Ho Chi Minh City,Shanghai,Meridian Freight,Sea,2049.3,13291,21,22,3026.29,true,
SH29241,2024-01-12,Singapore,Rotterdam,Atlas Air Cargo,Air,136.4,4665,2,2,883.21,true,
SH31036,2024-01-12,Shanghai,Hamburg,Swift Cargo,Sea,1435.6,13065,22,22,1804.98,true,Documentation
SH31142,2024-01-12,Shanghai,Dubai,Meridian Freight,Sea,2492.6,7480,14,14,1757.14,true,
SH32418,2024-01-12,Shanghai,Rotterdam,Northstar Logistics,Sea,655.0,15266,34,25,1112.04,false,Weather
SH32448,2024-01-12,Dubai,Busan,Atlas Air Cargo,Air,407.6,8554,2,2,3901.25,true,
SH32814,2024-01-12,Busan,Ho Chi Minh City,BlueWave Lines,Sea,2158.7,10212,17,18,1940.57,true,
SH26979,2024-01-13,Hamburg,Busan,Meridian Freight,Sea,425.5,1265,4,4,163.85,true,
SH27205,2024-01-13,Busan,Los Angeles,BlueWave Lines,Rail,1858.9,212,4,1,197.91,false,Weather
SH29371,2024-01-13,Los Angeles,Rotterdam,Swift Cargo,Sea,8246.6,4968,10,10,3669.71,true,
SH30025,2024-01-13,Rotterdam,Los Angeles,Meridian Freight,Sea,2642.7,12710,22,22,2731.23,true,
SH30322,2024-01-13,Ho Chi Minh City,Singapore,Atlas Air Cargo,Air,369.7,5125,1,2,2429.55,true,
SH31180,2024-01-13,Dubai,Singapore,Atlas Air Cargo,Air,200.0,4620,2,2,1282.1,true,
SH31309,2024-01-13,Singapore,Dubai,Northstar Logistics,Road,746.6,2490,4,5,760.33,true,
SH31899,2024-01-13,Hamburg,Shanghai,Swift Cargo,Rail,411.5,1909,6,3,279.14,false,Weather
SH24005,2024-01-14,Ho Chi Minh City,Dubai,Swift Cargo,Sea,2513.7,12532,21,21,3088.37,true,
SH24340,2024-01-14,Busan,Shanghai,BlueWave Lines,Sea,4276.5,6374,12,12,2774.05,true,
SH24470,2024-01-14,Ho Chi Minh City,Shanghai,Meridian Freight,Sea,358.1,4474,9,9,266.67,true,
SH25175,2024-01-14,Hamburg,Busan,Northstar Logistics,Sea,3687.0,5552,11,11,2193.2,true,
SH26197,2024-01-14,Shanghai,Hamburg,Swift Cargo,Sea,474.5,5482,9,10,381.72,true,
SH27626,2024-01-14,Singapore,Dubai,Northstar Logistics,Sea,4705.0,17118,28,28,7023.74,true,
SH28149,2024-01-14,Singapore,Hamburg,BlueWave Lines,Sea,7335.2,8300,15,15,5958.36,true,
SH30100,2024-01-14,Shanghai,Los Angeles,BlueWave Lines,Road,418.5,1970,4,4,408.27,true,
SH25239,2024-01-15,Singapore,Ho Chi Minh City,BlueWave Lines,Sea,1634.2,11687,20,20,2042.8,true,
SH26457,2024-01-15,Ho Chi Minh City,Dubai,Meridian Freight,Sea,4448.2,16387,27,27,5699.98,true,
SH26983,2024-01-15,Busan,Hamburg,Northstar Logistics,Road,923.8,226,1,1,193.78,true,
SH27554,2024-01-15,Rotterdam,Hamburg,Atlas Air Cargo,Air,288.4,17654,3,3,5201.87,true,
SH27992,2024-01-15,Shanghai,Singapore,Northstar Logistics,Sea,880.7,8659,14,15,834.7,true,
SH28428,2024-01-15,Los Angeles,Busan,Swift Cargo,Rail,4431.6,205,1,1,331.93,true,
SH28506,2024-01-15,Shanghai,Busan,Atlas Air Cargo,Air,521.4,12079,2,2,6713.34,true,
SH28584,2024-01-15,Rotterdam,Dubai,Northstar Logistics,Road,2811.2,2148,5,5,2634.57,true,
SH29077,2024-01-15,Hamburg,Dubai,Atlas Air Cargo,Air,831.5,14178,3,3,11355.9,true,
SH31653,2024-01-15,Singapore,Ho Chi Minh City,Meridian Freight,Road,565.9,2166,5,5,539.67,true,
SH25904,2024-01-16,Busan,Los Angeles,Northstar Logistics,Rail,1337.9,2217,4,4,786.61,true,
SH26821,2024-01-16,Rotterdam,Dubai,Atlas Air Cargo,Air,104.8,16874,3,3,1972.41,true,
SH27555,2024-01-16,Ho Chi Minh City,Dubai,Northstar Logistics,Sea,772.1,2499,5,6,327.27,true,
SH27679,2024-01-16,Singapore,Shanghai,Northstar Logistics,Sea,1792.1,12196,21,21,2118.4,true,
SH27951,2024-01-16,Los Angeles,Rotterdam,Swift Cargo,Sea,3026.7,11123,18,19,3002.76,true,
SH29564,2024-01-16,Los Angeles,Busan,Meridian Freight,Sea,1309.2,1634,5,5,339.42,true,
SH29660,2024-01-16,Shanghai,Hamburg,Swift Cargo,Sea,920.2,2499,6,6,345.74,true,
SH30879,2024-01-16,Busan,Ho Chi Minh City,Atlas Air Cargo,Air,171.1,11351,2,2,2384.02,true,
SH31002,2024-01-16,Busan,Hamburg,Meridian Freight,Rail,1149.4,2034,3,4,663.67,true,
SH31856,2024-01-16,Hamburg,Singapore,BlueWave Lines,Road,679.6,1987,4,4,606.76,true,
SH32685,2024-01-16,Los Angeles,Ho Chi Minh City,Northstar Logistics,Sea,1672.7,13749,27,23,2526.31,false,Weather
SH32932,2024-01-16,Hamburg,Shanghai,Swift Cargo,Sea,4049.9,9855,16,17,3197.51,true,
SH24283,2024-01-17,Hamburg,Los Angeles,Meridian Freight,Sea,1616.3,1174,4,4,312.7,true,
SH25824,2024-01-17,Rotterdam,Ho Chi Minh City,Northstar Logistics,Sea,2033.8,1398,4,4,426.51,true,
SH27125,2024-01-17,Busan,Dubai,BlueWave Lines,Sea,8385.9,14958,31,25,10733.03,false,Port congestion
SH27155,2024-01-17,Shanghai,Ho Chi Minh City,Northstar Logistics,Rail,2014.5,1087,5,2,613.02,false,Equipment
SH27924,2024-01-17,Rotterdam,Singapore,Atlas Air Cargo,Air,207.3,13884,2,3,2824.47,true,
SH28304,2024-01-17,Shanghai,Hamburg,Meridian Freight,Road,611.8,1603,3,4,517.04,true,
SH29547,2024-01-17,Dubai,Rotterdam,Meridian Freight,Rail,3462.6,822,1,2,870.96,true,
SH29548,2024-01-17,Rotterdam,Shanghai,Meridian Freight,Sea,1757.7,12389,22,21,2460.62,false,Customs
SH29641,2024-01-17,Singapore,Shanghai,Atlas Air Cargo,Air,339.6,16825,3,3,5974.4,true,
SH31375,2024-01-17,Busan,Hamburg,Atlas Air Cargo,Air,466.9,12251,2,2,6485.27,true,
SH31501,2024-01-17,Busan,Rotterdam,Northstar Logistics,Sea,923.8,6729,16,12,685.95,false,Weather
SH31892,2024-01-17,Ho Chi Minh City,Hamburg,BlueWave Lines,Sea,400.5,17733,29,29,790.63,true,
SH32025,2024-01-17,Busan,Los Angeles,BlueWave Lines,Sea,1002.7,16679,27,28,1711.32,true,
SH24164,2024-01-18,Ho Chi Minh City,Shanghai,Swift Cargo,Sea,1649.2,13370,23,23,2189.35,true,
SH25161,2024-01-18,Rotterdam,Dubai,Atlas Air Cargo,Air,536.5,7218,2,2,3828.26,true,
SH25304,2024-01-18,Singapore,Ho Chi Minh City,Meridian Freight,Sea,8820.2,14767,25,25,12224.76,true,
SH25488,2024-01-18,Dubai,Busan,Swift Cargo,Sea,1032.0,6211,11,12,623.1,true,
SH27750,2024-01-18,Dubai,Shanghai,Meridian Freight,Sea,680.9,13294,21,22,812.79,true,
SH28861,2024-01-18,Shanghai,Hamburg,BlueWave Lines,Sea,1895.9,12402,21,21,2164.32,true,
SH29230,2024-01-18,Los Angeles,Busan,BlueWave Lines,Sea,280.2,14720,24,25,502.19,true,
SH30127,2024-01-18,Los Angeles,Singapore,Northstar Logistics,Sea,239.9,2031,5,5,167.78,true,
SH30706,2024-01-18,Los Angeles,Busan,Swift Cargo,Sea,395.6,15142,24,25,617.6,true,
SH31177,2024-01-18,Hamburg,Dubai,Swift Cargo,Sea,3891.3,16311,26,27,5677.02,true,
SH32075,2024-01-18,Ho Chi Minh City,Dubai,BlueWave Lines,Sea,3033.1,15163,25,25,4600.29,true,
SH32840,2024-01-18,Shanghai,Ho Chi Minh City,Meridian Freight,Rail,1307.2,2364,4,4,889.04,true,
SH26545,2024-01-19,Los Angeles,Hamburg,BlueWave Lines,Sea,306.6,15056,24,25,547.17,true,
SH28694,2024-01-19,Singapore,Rotterdam,Swift Cargo,Rail,2193.1,1958,3,3,1021.05,true,
SH28754,2024-01-19,Shanghai,Ho Chi Minh City,BlueWave Lines,Sea,8939.3,3599,8,8,3463.15,true,
SH29470,2024-01-19,Shanghai,Ho Chi Minh City,Atlas Air Cargo,Air,261.7,16101,3,3,4368.5,true,
SH30348,2024-01-19,Busan,Rotterdam,BlueWave Lines,Road,1738.4,1061,12,3,794.33,false,Port congestion
SH30488,2024-01-19,Hamburg,Los Angeles,Swift Cargo,Sea,1018.6,17276,29,29,1935.34,true,
SH32041,2024-01-19,Rotterdam,Busan,Atlas Air Cargo,Air,164.5,11992,2,2,2354.82,true,
SH25053,2024-01-20,Los Angeles,Rotterdam,Atlas Air Cargo,Air,233.9,10970,2,2,2584.26,true,
SH25451,2024-01-20,Singapore,Shanghai,Northstar Logistics,Sea,1972.1,16921,34,28,2783.03,false,Customs
SH25481,2024-01-20,Singapore,Dubai,Swift Cargo,Sea,417.9,5313,9,10,332.51,true,
SH25946,2024-01-20,Singapore,Shanghai,Swift Cargo,Rail,1992.7,1888,3,3,922.01,true,
SH29925,2024-01-20,Shanghai,Los Angeles,Atlas Air Cargo,Air,283.3,1133,1,1,482.0,true,
SH30737,2024-01-20,Los Angeles,Hamburg,Swift Cargo,Sea,2256.6,13464,23,23,2488.91,true,
SH31511,2024-01-20,Rotterdam,Singapore,Northstar Logistics,Sea,7253.5,12568,21,21,8745.58,true,
SH32363,2024-01-20,Shanghai,Hamburg,Swift Cargo,Sea,1914.1,2586,5,6,612.3,true,
SH32562,2024-01-20,Ho Chi Minh City,Singapore,BlueWave Lines,Sea,1569.0,7397,12,13,1244.94,true,
SH24048,2024-01-21,Busan,Dubai,Atlas Air Cargo,Air,514.9,10180,2,2,6703.9,true,
SH28018,2024-01-21,Singapore,Shanghai,Atlas Air Cargo,Air,160.3,14258,2,3,2631.02,true,
SH29049,2024-01-21,Singapore,Ho Chi Minh City,BlueWave Lines,Sea,567.7,12742,23,22,798.42,false,Customs
SH29734,2024-01-21,Shanghai,Los Angeles,Northstar Logistics,Sea,593.6,9972,20,17,740.44,false,Customs
SH30810,2024-01-21,Hamburg,Rotterdam,Northstar Logistics,Sea,1984.2,16790,27,28,3361.91,true,
SH31320,2024-01-21,Ho Chi Minh City,Shanghai,Northstar Logistics,Road,913.4,846,2,2,365.06,true,
SH32346,2024-01-21,Busan,Singapore,Atlas Air Cargo,Air,101.1,17858,3,3,2148.38,true,
SH32806,2024-01-21,Busan,Los Angeles,Northstar Logistics,Sea,1766.2,8730,18,15,1407.23,false,Port congestion
SH24205,2024-01-22,Rotterdam,Shanghai,Atlas Air Cargo,Air,31.0,10776,2,2,461.47,true,
SH25247,2024-01-22,Busan,Shanghai,BlueWave Lines,Sea,528.9,16818,28,28,1025.17,true,
SH25288,2024-01-22,Shanghai,Dubai,Swift Cargo,Sea,3745.4,3305,7,7,1186.12,true,
SH26062,2024-01-22,Shanghai,Ho Chi Minh City,BlueWave Lines,Sea,259.7,15302,26,26,459.47,true,
SH26831,2024-01-22,Hamburg,Rotterdam,Meridian Freight,Sea,1067.3,2304,6,6,310.81,true,
SH26897,2024-01-22,Los Angeles,Busan,Meridian Freight,Sea,1398.4,10930,19,19,1625.05,true,
SH27038,2024-01-22,Singapore,Rotterdam,Meridian Freight,Rail,486.3,2189,3,4,332.13,true,
SH27276,2024-01-22,Ho Chi Minh City,Los Angeles,BlueWave Lines,Road,5783.1,1780,4,4,4358.65,true,
SH27583,2024-01-22,Dubai,Hamburg,BlueWave Lines,Sea,191.1,991,4,4,137.81,true,
SH28188,2024-01-22,Hamburg,Shanghai,Atlas Air Cargo,Air,97.3,15153,3,3,1955.72,true,
SH28935,2024-01-22,Hamburg,Shanghai,BlueWave Lines,Sea,2081.3,13992,24,24,2727.14,true,
SH29729,2024-01-22,Singapore,Busan,Swift Cargo,Sea,2678.6,14013,23,24,3736.02,true,
SH29783,2024-01-22,Ho Chi Minh City,Dubai,Meridian Freight,Sea,4031.8,3368,7,7,1462.9,true,
SH29841,2024-01-22,Shanghai,Singapore,BlueWave Lines,Sea,696.8,2096,5,5,246.39,true,
SH25330,2024-01-23,Dubai,Shanghai,Northstar Logistics,Sea,802.0,16467,29,27,1430.96,false,Customs
SH26672,2024-01-23,Singapore,Los Angeles,Meridian Freight,Road,417.4,769,1,2,227.76,true,
SH27231,2024-01-23,Singapore,Dubai,Atlas Air Cargo,Air,192.1,11340,2,2,2865.53,true,
SH27742,2024-01-23,Ho Chi Minh City,Singapore,BlueWave Lines,Sea,3611.7,17181,34,28,6760.63,false,Port congestion
SH28259,2024-01-23,Busan,Singapore,Atlas Air Cargo,Air,80.4,1745,1,1,274.38,true,
SH29533,2024-01-23,Shanghai,Singapore,Northstar Logistics,Road,2006.4,1733,4,4,1203.16,true,
SH29835,2024-01-23,Los Angeles,Dubai,Northstar Logistics,Sea,313.7,2528,8,6,192.19,false,Weather
SH30914,2024-01-23,Rotterdam,Ho Chi Minh City,Swift Cargo,Rail,811.0,846,2,2,270.77,true,
SH31530,2024-01-23,Shanghai,Singapore,Atlas Air Cargo,Air,294.5,11389,2,2,3687.43,true,
SH31900,2024-01-23,Hamburg,Rotterdam,Atlas Air Cargo,Air,230.6,7272,2,2,2286.35,true,
SH27054,2024-01-24,Hamburg,Shanghai,Swift Cargo,Rail,1509.5,642,2,2,352.42,true,
SH27164,2024-01-24,Busan,Singapore,Meridian Freight,Sea,5049.0,5125,10,10,2750.92,true,
SH27943,2024-01-24,Rotterdam,Shanghai,Swift Cargo,Sea,1135.5,2147,4,5,311.03,true,
SH29950,2024-01-24,Rotterdam,Shanghai,Meridian Freight,Rail,1982.2,948,2,2,488.53,true,
SH30828,2024-01-24,Los Angeles,Singapore,Northstar Logistics,Sea,1879.5,10655,18,18,2123.06,true,
SH31017,2024-01-24,Dubai,Shanghai,BlueWave Lines,Sea,3213.8,14228,23,24,4018.49,true,
SH24438,2024-01-25,Dubai,Singapore,Atlas Air Cargo,Air,248.1,7513,2,2,2402.49,true,
SH25916,2024-01-25,Singapore,Busan,Northstar Logistics,Road,1842.2,1768,4,4,1153.31,true,
SH26597,2024-01-25,Hamburg,Singapore,BlueWave Lines,Sea,1579.1,16940,28,28,2384.26,true,
SH27929,2024-01-25,Dubai,Busan,Northstar Logistics,Sea,2657.2,6036,11,11,1541.54,true,
SH28585,2024-01-25,Shanghai,Hamburg,Meridian Freight,Sea,1235.9,11134,19,19,1352.26,true,
SH29039,2024-01-25,Dubai,Los Angeles,BlueWave Lines,Road,267.9,554,2,2,175.7,true,
SH30033,2024-01-25,Dubai,Los Angeles,Atlas Air Cargo,Air,315.5,2390,1,1,941.83,true,
SH31316,2024-01-25,Busan,Singapore,BlueWave Lines,Rail,1652.7,1556,2,3,682.84,true,
SH32049,2024-01-25,Singapore,Busan,Northstar Logistics,Sea,381.3,2362,5,6,193.32,true,
SH32158,2024-01-25,Shanghai,Hamburg,Atlas Air Cargo,Air,75.4,17016,2,3,1411.85,true,
SH32242,2024-01-25,Busan,Singapore,Northstar Logistics,Road,7502.2,439,2,2,1259.67,true,
SH24298,2024-01-26,Dubai,Ho Chi Minh City,Swift Cargo,Sea,309.1,14369,27,24,549.71,false,Port congestion
SH25206,2024-01-26,Dubai,Ho Chi Minh City,Swift Cargo,Sea,1135.8,15720,26,26,1750.85,true,
SH25244,2024-01-26,Busan,Shanghai,BlueWave Lines,Rail,3440.1,1909,3,3,1729.95,true,
SH25637,2024-01-26,Ho Chi Minh City,Los Angeles,BlueWave Lines,Road,1626.5,315,2,2,280.59,true,
SH26352,2024-01-26,Hamburg,Busan,Northstar Logistics,Sea,312.3,10665,19,18,431.96,false,Port congestion
SH26480,2024-01-26,Ho Chi Minh City,Shanghai,Atlas Air Cargo,Air,136.8,16695,3,3,2609.12,true,
SH26580,2024-01-26,Ho Chi Minh City,Los Angeles,Meridian Freight,Sea,1211.0,17418,28,29,2029.68,true,
SH27299,2024-01-26,Dubai,Busan,Atlas Air Cargo,Air,367.2,15675,2,3,6482.18,true,
SH27314,2024-01-26,Shanghai,Singapore,Atlas Air Cargo,Air,277.7,4585,2,2,1776.86,true,
SH30314,2024-01-26,Shanghai,Singapore,Northstar Logistics,Road,1138.3,195,2,1,212.83,false,Weather
SH30520,2024-01-26,Busan,Rotterdam,BlueWave Lines,Road,1456.8,914,3,3,543.42,true,
SH31345,2024-01-26,Ho Chi Minh City,Busan,Atlas Air Cargo,Air,264.7,9556,2,2,3455.97,true,
SH31474,2024-01-26,Hamburg,Shanghai,Northstar Logistics,Sea,2213.5,4799,9,9,1048.25,true,
SH31679,2024-01-26,Rotterdam,Shanghai,Northstar Logistics,Road,2252.4,322,2,2,348.26,true,
SH31738,2024-01-26,Singapore,Busan,Atlas Air Cargo,Air,239.1,5273,2,2,1497.69,true,
SH32222,2024-01-26,Los Angeles,Dubai,BlueWave Lines,Road,2065.1,932,3,3,718.64,true,
SH32601,2024-01-26,Shanghai,Singapore,Swift Cargo,Sea,432.1,11881,20,20,554.49,true,
SH24540,2024-01-27,Ho Chi Minh City,Rotterdam,Atlas Air Cargo,Air,218.4,10190,2,2,2299.64,true,
SH24854,2024-01-27,Hamburg,Los Angeles,Meridian Freight,Sea,890.3,2750,5,6,338.44,true,
SH25478,2024-01-27,Los Angeles,Singapore,Northstar Logistics,Sea,536.0,13738,23,23,848.18,true,
SH26318,2024-01-27,Hamburg,Busan,Swift Cargo,Sea,3054.8,10256,19,18,2533.25,false,Documentation
SH27093,2024-01-27,Rotterdam,Singapore,Swift Cargo,Sea,1066.3,4725,8,9,647.64,true,
SH27393,2024-01-27,Los Angeles,Rotterdam,BlueWave Lines,Sea,8884.4,6658,12,12,6049.21,true,
SH27763,2024-01-27,Hamburg,Dubai,Meridian Freight,Rail,1160.9,2175,4,4,673.42,true,
SH27973,2024-01-27,Dubai,Shanghai,Meridian Freight,Road,1180.2,331,2,2,276.61,true,
SH28240,2024-01-27,Hamburg,Rotterdam,Atlas Air Cargo,Air,204.6,3586,1,1,908.27,true,
SH28777,2024-01-27,Los Angeles,Dubai,Northstar Logistics,Sea,5766.0,6412,11,12,3707.72,true,
SH28835,2024-01-27,Rotterdam,Dubai,Atlas Air Cargo,Air,651.8,15696,2,3,11168.65,true,
SH28920,2024-01-27,Dubai,Busan,Atlas Air Cargo,Air,298.4,7302,2,2,2476.3,true,
SH29726,2024-01-27,Los Angeles,Rotterdam,BlueWave Lines,Sea,643.0,5535,11,11,464.8,true,
SH30021,2024-01-27,Ho Chi Minh City,Singapore,Northstar Logistics,Sea,1540.7,16871,28,28,2924.44,true,
SH30701,2024-01-27,Los Angeles,Dubai,BlueWave Lines,Sea,1355.8,12373,20,21,1841.1,true,
SH24493,2024-01-28,Shanghai,Busan,Northstar Logistics,Sea,3092.9,13099,21,22,3954.6,true,
SH25942,2024-01-28,Busan,Hamburg,BlueWave Lines,Road,331.8,1937,4,4,352.14,true,
SH26061,2024-01-28,Dubai,Singapore,Meridian Freight,Sea,544.4,5779,11,11,441.14,true,
SH26356,2024-01-28,Los Angeles,Dubai,Meridian Freight,Rail,654.2,499,3,2,183.38,false,Weather
SH26880,2024-01-28,Shanghai,Busan,BlueWave Lines,Sea,1878.0,1873,5,5,395.04,true,
SH27272,2024-01-28,Rotterdam,Singapore,Northstar Logistics,Rail,4034.1,1967,3,3,1619.64,true,
SH28345,2024-01-28,Rotterdam,Dubai,Northstar Logistics,Rail,272.6,212,3,1,132.7,false,Customs
SH28495,2024-01-28,Shanghai,Ho Chi Minh City,Atlas Air Cargo,Air,287.4,6746,1,2,2012.45,true,
SH29936,2024-01-28,Hamburg,Los Angeles,Meridian Freight,Road,1888.0,608,2,2,471.21,true,
SH30175,2024-01-28,Ho Chi Minh City,Rotterdam,Swift Cargo,Sea,505.5,17627,29,29,809.4,true,
SH31620,2024-01-28,Hamburg,Los Angeles,Northstar Logistics,Road,2196.0,2307,5,5,1783.1,true,
SH31639,2024-01-28,Hamburg,Ho Chi Minh City,BlueWave Lines,Sea,6410.2,8055,14,14,4418.51,true,
SH31861,2024-01-28,Ho Chi Minh City,Rotterdam,Swift Cargo,Sea,721.7,2548,6,6,268.2,true,
SH32508,2024-01-28,Shanghai,Dubai,Swift Cargo,Sea,707.9,11102,22,19,740.76,false,Customs
SH32603,2024-01-28,Busan,Dubai,Meridian Freight,Sea,939.8,7720,14,14,709.53,true,
SH25212,2024-01-29,Busan,Ho Chi Minh City,BlueWave Lines,Sea,314.6,11580,19,20,501.73,true,
SH26110,2024-01-29,Dubai,Hamburg,Swift Cargo,Sea,1895.7,2949,7,7,564.26,true,
SH26449,2024-01-29,Hamburg,Rotterdam,Northstar Logistics,Road,4225.8,1550,4,4,2536.38,true,
SH27538,2024-01-29,Los Angeles,Dubai,Swift Cargo,Sea,307.9,10673,21,18,456.75,false,Port congestion
SH28072,2024-01-29,Singapore,Busan,Northstar Logistics,Sea,3370.5,5686,10,11,1893.86,true,
SH28303,2024-01-29,Los Angeles,Singapore,Northstar Logistics,Road,1677.7,876,2,2,718.15,true,
SH28398,2024-01-29,Ho Chi Minh City,Los Angeles,Meridian Freight,Sea,1057.4,17648,29,29,1563.1,true,
SH28788,2024-01-29,Hamburg,Busan,Northstar Logistics,Sea,1484.2,6438,21,12,1094.12,false,Port congestion
SH29194,2024-01-29,Rotterdam,Singapore,BlueWave Lines,Sea,596.4,9019,16,16,688.55,true,
SH30402,2024-01-29,Los Angeles,Busan,Atlas Air Cargo,Air,661.5,9474,4,2,6575.27,false,Equipment
SH30961,2024-01-29,Hamburg,Singapore,BlueWave Lines,Sea,1179.9,16673,28,28,2221.35,true,
SH31554,2024-01-29,Singapore,Dubai,BlueWave Lines,Sea,904.2,8969,16,16,972.35,true,
SH31557,2024-01-29,Dubai,Hamburg,Swift Cargo,Sea,379.5,12534,21,21,601.43,true,
SH32048,2024-01-29,Ho Chi Minh City,Busan,Swift Cargo,Sea,2913.9,4025,7,8,1284.62,true,
SH24076,2024-01-30,Rotterdam,Ho Chi Minh City,BlueWave Lines,Sea,304.5,15770,25,26,500.88,true,
SH26213,2024-01-30,Rotterdam,Busan,BlueWave Lines,Road,1361.1,335,2,2,298.8,true,
SH26828,2024-01-30,Dubai,Shanghai,Swift Cargo,Sea,1035.2,14937,26,25,1647.96,false,Customs
SH27565,2024-01-30,Hamburg,Ho Chi Minh City,BlueWave Lines,Sea,961.9,14180,24,24,1563.89,true,
SH28459,2024-01-30,Ho Chi Minh City,Singapore,Swift Cargo,Sea,1360.7,15053,25,25,2245.98,true,
SH28827,2024-01-30,Hamburg,Los Angeles,Atlas Air Cargo,Air,93.8,2766,1,1,460.8,true,
SH30236,2024-01-30,Busan,Ho Chi Minh City,Atlas Air Cargo,Air,321.0,7077,2,2,2931.26,true,
SH30279,2024-01-30,Dubai,Singapore,Northstar Logistics,Rail,731.7,1914,3,3,411.89,true,
SH31400,2024-01-30,Hamburg,Ho Chi Minh City,Northstar Logistics,Sea,722.9,6450,14,12,554.71,false,Customs
SH31490,2024-01-30,Hamburg,Rotterdam,BlueWave Lines,Road,617.7,801,2,2,320.78,true,
SH24346,2024-01-31,Los Angeles,Ho Chi Minh City,Atlas Air Cargo,Air,157.0,14610,3,3,2335.53,true,
SH24774,2024-01-31,Singapore,Shanghai,Atlas Air Cargo,Air,135.2,16437,3,3,2585.65,true,
SH25040,2024-01-31,Shanghai,Hamburg,Swift Cargo,Sea,1525.7,13667,23,23,1919.6,true,
SH26078,2024-01-31,Singapore,Shanghai,Northstar Logistics,Sea,950.0,1441,4,4,250.36,true,
SH26496,2024-01-31,Dubai,Hamburg,Meridian Freight,Sea,672.8,15232,24,25,1224.4,true,
SH31527,2024-01-31,Los Angeles,Shanghai,Swift Cargo,Sea,1501.0,9880,17,17,1476.27,true,
SH32819,2024-01-31,Singapore,Rotterdam,Northstar Logistics,Road,1559.9,2435,6,5,1311.94,false,Weather
SH24082,2024-02-01,Ho Chi Minh City,Hamburg,BlueWave Lines,Road,1735.0,2083,3,4,1208.37,true,
SH24224,2024-02-01,Hamburg,Shanghai,BlueWave Lines,Sea,679.8,3498,7,7,372.41,true,
SH24291,2024-02-01,Singapore,Ho Chi Minh City,Swift Cargo,Road,581.9,731,1,2,279.64,true,
SH24578,2024-02-01,Dubai,Los Angeles,Meridian Freight,Sea,1867.2,5877,14,11,1103.3,false,Port congestion
SH26493,2024-02-01,Ho Chi Minh City,Los Angeles,Northstar Logistics,Sea,1392.8,17718,29,29,2101.12,true,
SH26720,2024-02-01,Shanghai,Singapore,BlueWave Lines,Rail,401.4,1184,2,2,215.81,true,
SH27148,2024-02-01,Hamburg,Rotterdam,Swift Cargo,Rail,991.6,635,2,2,248.41,true,
SH27990,2024-02-01,Rotterdam,Los Angeles,Northstar Logistics,Rail,1125.9,911,2,2,357.58,true,
SH28626,2024-02-01,Ho Chi Minh City,Shanghai,Meridian Freight,Rail,688.6,1369,2,3,361.22,true,
SH28668,2024-02-01,Ho Chi Minh City,Singapore,Meridian Freight,Sea,355.2,9388,18,16,398.39,false,Equipment
SH29339,2024-02-01,Ho Chi Minh City,Shanghai,Swift Cargo,Road,1955.8,1684,4,4,1365.37,true,
SH30173,2024-02-01,Ho Chi Minh City,Los Angeles,Atlas Air Cargo,Air,452.6,14634,3,3,6543.02,true,
SH30212,2024-02-01,Rotterdam,Shanghai,Meridian Freight,Sea,842.4,14215,24,24,1304.99,true,Port congestion
SH30666,2024-02-01,Shanghai,Rotterdam,Swift Cargo,Sea,2150.6,7294,12,13,1613.51,true,
SH30958,2024-02-01,Busan,Shanghai,Swift Cargo,Sea,1753.3,13477,23,23,2372.16,true,
SH30978,2024-02-01,Ho Chi Minh City,Hamburg,BlueWave Lines,Sea,1853.6,2502,6,6,613.29,true,
SH31948,2024-02-01,Singapore,Dubai,Swift Cargo,Sea,3028.6,15769,26,26,4070.99,true,
SH32782,2024-02-01,Ho Chi Minh City,Los Angeles,BlueWave Lines,Sea,2469.3,16607,27,28,3488.7,true,
SH32890,2024-02-01,Hamburg,Ho Chi Minh City,Meridian Freight,Rail,1296.5,2366,4,4,790.04,true,Customs
SH25580,2024-02-02,Hamburg,Busan,Atlas Air Cargo,Air,296.2,12078,2,2,3862.6,true,
SH25720,2024-02-02,Hamburg,Shanghai,Meridian Freight,Rail,839.1,2071,4,4,564.98,true,
SH27639,2024-02-02,Shanghai,Busan,Meridian Freight,Sea,601.6,10568,18,18,640.09,true,
SH27685,2024-02-02,Dubai,Shanghai,BlueWave Lines,Sea,863.0,5905,10,11,552.55,true,
SH27848,2024-02-02,Hamburg,Ho Chi Minh City,Atlas Air Cargo,Air,124.5,3322,1,1,664.32,true,
SH28475,2024-02-02,Singapore,Busan,Atlas Air Cargo,Air,938.7,2210,1,1,2743.56,true,
SH28525,2024-02-02,Singapore,Dubai,BlueWave Lines,Sea,596.0,14771,25,25,843.94,true,
SH30357,2024-02-02,Hamburg,Ho Chi Minh City,Atlas Air Cargo,Air,581.9,13503,2,3,8497.15,true,
SH30574,2024-02-02,Los Angeles,Busan,Atlas Air Cargo,Air,217.9,1611,1,1,551.21,true,
SH30739,2024-02-02,Busan,Shanghai,Meridian Freight,Road,2176.0,590,4,2,567.57,false,Weather
SH30815,2024-02-02,Shanghai,Singapore,BlueWave Lines,Sea,5068.0,5696,10,11,3106.77,true,
SH31728,2024-02-02,Los Angeles,Rotterdam,Northstar Logistics,Sea,1703.0,983,5,4,277.51,false,Port congestion
SH32627,2024-02-02,Hamburg,Ho Chi Minh City,Northstar Logistics,Road,1714.1,839,1,2,566.22,true,
SH24802,2024-02-03,Ho Chi Minh City,Rotterdam,Atlas Air Cargo,Air,492.6,8717,2,2,5729.81,true,
SH25016,2024-02-03,Hamburg,Busan,Meridian Freight,Sea,2231.8,6022,20,11,1179.83,false,Port congestion
SH25444,2024-02-03,Singapore,Ho Chi Minh City,Meridian Freight,Sea,1694.4,11949,20,20,1691.12,true,
SH26070,2024-02-03,Shanghai,Busan,Swift Cargo,Rail,624.6,1282,3,3,320.66,true,
SH27876,2024-02-03,Ho Chi Minh City,Dubai,Northstar Logistics,Sea,2817.8,17670,30,29,4434.44,false,Customs
SH28469,2024-02-03,Rotterdam,Singapore,Swift Cargo,Sea,1487.6,8213,15,15,1297.96,true,
SH28828,2024-02-03,Hamburg,Busan,Meridian Freight,Sea,941.4,4536,9,9,520.86,true,
SH28846,2024-02-03,Shanghai,Los Angeles,Atlas Air Cargo,Air,128.0,14066,3,3,2122.55,true,
SH29289,2024-02-03,Los Angeles,Singapore,Atlas Air Cargo,Air,40.9,2656,1,1,253.26,true,
SH29786,2024-02-03,Singapore,Ho Chi Minh City,Northstar Logistics,Sea,1055.6,3999,9,8,498.12,false,Customs
SH30416,2024-02-03,Dubai,Ho Chi Minh City,Meridian Freight,Road,8759.0,1354,3,3,3730.94,true,
SH30569,2024-02-03,Busan,Hamburg,BlueWave Lines,Sea,2106.8,7078,13,13,1379.81,true,
SH30826,2024-02-03,Dubai,Rotterdam,Atlas Air Cargo,Air,132.5,12288,2,2,1781.42,true,
SH31104,2024-02-03,Ho Chi Minh City,Rotterdam,Atlas Air Cargo,Air,152.4,5718,1,2,976.09,true,
SH31708,2024-02-03,Hamburg,Busan,Swift Cargo,Sea,7452.2,16521,27,27,11613.24,true,
SH32217,2024-02-03,Singapore,Dubai,Atlas Air Cargo,Air,2843.4,9698,1,2,28979.16,true,
SH32539,2024-02-03,Rotterdam,Los Angeles,Swift Cargo,Sea,1229.9,10714,17,18,1527.87,true,
SH32812,2024-02-03,Rotterdam,Hamburg,BlueWave Lines,Sea,402.3,17688,29,29,753.69,true,
SH24187,2024-02-04,Los Angeles,Dubai,Atlas Air Cargo,Air,295.4,5659,11,2,1791.72,false,Port congestion
SH25464,2024-02-04,Singapore,Los Angeles,Northstar Logistics,Road,892.1,2098,3,4,743.62,true,
SH26089,2024-02-04,Dubai,Shanghai,Atlas Air Cargo,Air,748.2,16361,3,3,15163.14,true,
SH28903,2024-02-04,Dubai,Los Angeles,BlueWave Lines,Sea,800.2,4912,10,10,482.17,true,
SH28958,2024-02-04,Shanghai,Ho Chi Minh City,Atlas Air Cargo,Air,340.5,2080,1,1,805.7,true,
SH29682,2024-02-04,Dubai,Ho Chi Minh City,BlueWave Lines,Sea,556.5,9902,17,17,559.37,true,
SH29699,2024-02-04,Ho Chi Minh City,Busan,Meridian Freight,Sea,1042.1,3452,7,7,496.8,true,
SH30317,2024-02-04,Singapore,Shanghai,Swift Cargo,Sea,1664.0,10413,19,18,1874.0,false,Port congestion
SH30726,2024-02-04,Busan,Los Angeles,Meridian Freight,Rail,2906.2,692,2,2,562.61,true,
SH31258,2024-02-04,Shanghai,Los Angeles,Northstar Logistics,Rail,1211.5,876,3,2,376.55,false,Customs
SH31544,2024-02-04,Singapore,Busan,Meridian Freight,Rail,1562.2,294,1,1,228.81,true,
SH24112,2024-02-05,Singapore,Busan,Northstar Logistics,Sea,4934.4,4292,8,9,1845.38,true,
SH25154,2024-02-05,Busan,Los Angeles,BlueWave Lines,Sea,686.0,6871,19,13,603.0,false,Equipment
SH25277,2024-02-05,Dubai,Los Angeles,Northstar Logistics,Sea,580.9,4954,10,10,412.6,true,
SH26221,2024-02-05,Busan,Shanghai,Atlas Air Cargo,Air,127.0,6080,2,2,882.02,true,
SH27101,2024-02-05,Busan,Dubai,Atlas Air Cargo,Air,64.4,17979,2,3,1405.69,true,
SH27120,2024-02-05,Ho Chi Minh City,Rotterdam,Atlas Air Cargo,Air,203.0,12794,1,2,3530.62,true,
SH27483,2024-02-05,Busan,Los Angeles,Swift Cargo,Sea,1399.1,9177,15,16,1360.15,true,
SH28454,2024-02-05,Dubai,Ho Chi Minh City,Meridian Freight,Rail,2245.6,407,1,2,335.06,true,
SH29006,2024-02-05,Dubai,Busan,Meridian Freight,Sea,1181.9,14698,27,25,1855.38,false,Customs
SH29365,2024-02-05,Dubai,Rotterdam,Northstar Logistics,Sea,1122.5,6327,12,12,665.26,true,
SH29595,2024-02-05,Shanghai,Rotterdam,Atlas Air Cargo,Air,2855.9,16071,2,3,52760.39,true,
SH29811,2024-02-05,Busan,Shanghai,Atlas Air Cargo,Air,489.7,17124,3,3,9350.01,true,
SH30169,2024-02-05,Hamburg,Shanghai,Swift Cargo,Sea,1142.1,6374,12,12,841.78,true,
SH30638,2024-02-05,Dubai,Ho Chi Minh City,BlueWave Lines,Sea,331.2,13032,22,22,535.33,true,
SH30699,2024-02-05,Los Angeles,Dubai,Atlas Air Cargo,Air,430.0,6121,2,2,3210.16,true,
SH31484,2024-02-05,Los Angeles,Hamburg,Swift Cargo,Road,1834.3,1638,7,4,1069.09,false,Customs
SH31872,2024-02-05,Ho Chi Minh City,Shanghai,Meridian Freight,Road,398.5,635,2,2,202.39,true,
SH32309,2024-02-05,Dubai,Busan,Atlas Air Cargo,Air,80.0,7863,2,2,808.12,true,
SH32529,2024-02-05,Singapore,Rotterdam,Swift Cargo,Sea,4857.9,10938,19,19,5195.81,true,
SH24034,2024-02-06,Ho Chi Minh City,Singapore,BlueWave Lines,Rail,711.4,2160,3,4,518.52,true,
SH24115,2024-02-06,Busan,Los Angeles,Meridian Freight,Sea,1237.7,2943,7,7,465.92,true,
SH25473,2024-02-06,Shanghai,Ho Chi Minh City,Atlas Air Cargo,Air,207.2,3856,1,1,1148.32,true,
SH26621,2024-02-06,Shanghai,Ho Chi Minh City,Meridian Freight,Sea,1431.9,1742,4,5,344.14,true,
SH27807,2024-02-06,Busan,Dubai,Northstar Logistics,Sea,1327.5,8437,15,15,1291.12,true,
SH29092,2024-02-06,Hamburg,Singapore,Northstar Logistics,Sea,277.0,8551,16,15,303.04,false,Port congestion
SH24129,2024-02-07,Los Angeles,Dubai,Meridian Freight,Sea,804.3,9610,17,17,733.13,true,
SH29084,2024-02-07,Dubai,Shanghai,Atlas Air Cargo,Air,121.2,6210,2,2,1101.48,true,
SH29103,2024-02-07,Singapore,Hamburg,Meridian Freight,Sea,544.7,6427,11,12,422.12,true,
SH29326,2024-02-07,Hamburg,Shanghai,Northstar Logistics,Sea,1029.9,2911,6,6,376.03,true,
SH31090,2024-02-07,Rotterdam,Dubai,BlueWave Lines,Road,3990.4,2334,5,5,3155.93,true,
SH31841,2024-02-07,Los Angeles,Ho Chi Minh City,Swift Cargo,Sea,898.4,4425,8,9,530.18,true,
SH32339,2024-02-07,Los Angeles,Ho Chi Minh City,Swift Cargo,Sea,664.8,12746,21,22,791.24,true,
SH32391,2024-02-07,Busan,Dubai,Northstar Logistics,Sea,3396.4,6506,11,12,2166.04,true,
SH25576,2024-02-08,Ho Chi Minh City,Hamburg,Atlas Air Cargo,Air,175.2,7088,2,2,1438.67,true,
SH25743,2024-02-08,Hamburg,Dubai,Swift Cargo,Sea,5026.9,17467,29,29,8497.48,true,
SH26996,2024-02-08,Dubai,Shanghai,Northstar Logistics,Sea,3494.5,3089,7,7,1054.15,true,
SH27930,2024-02-08,Hamburg,Ho Chi Minh City,BlueWave Lines,Road,1051.8,2469,5,5,1026.03,true,
SH27965,2024-02-08,Los Angeles,Singapore,BlueWave Lines,Sea,1713.6,8424,15,15,1389.06,true,
SH28348,2024-02-08,Los Angeles,Singapore,Northstar Logistics,Road,784.3,960,2,3,418.01,true,
SH28361,2024-02-08,Rotterdam,Shanghai,Meridian Freight,Rail,1226.7,1344,3,3,465.16,true,
SH29761,2024-02-08,Dubai,Busan,Northstar Logistics,Sea,1276.4,4886,12,10,661.21,false,Customs
SH29767,2024-02-08,Singapore,Rotterdam,BlueWave Lines,Sea,1846.9,11304,19,19,1867.36,true,
SH30383,2024-02-08,Shanghai,Rotterdam,Swift Cargo,Sea,860.2,6574,12,12,599.9,true,
SH30713,2024-02-08,Busan,Hamburg,Northstar Logistics,Sea,1512.1,869,6,3,228.88,false,Equipment
SH31038,2024-02-08,Dubai,Singapore,Atlas Air Cargo,Air,346.5,2098,1,1,889.85,true,
SH31973,2024-02-08,Los Angeles,Singapore,Swift Cargo,Sea,1239.5,11855,20,20,1407.45,true,
SH32072,2024-02-08,Los Angeles,Singapore,Atlas Air Cargo,Air,148.8,10566,2,2,1784.39,true,
SH32379,2024-02-08,Shanghai,Rotterdam,Meridian Freight,Sea,565.7,10594,22,18,683.17,false,Port congestion
SH32941,2024-02-08,Los Angeles,Busan,Northstar Logistics,Road,477.6,1322,3,3,322.08,true,
SH24157,2024-02-09,Shanghai,Los Angeles,Swift Cargo,Road,3002.2,1480,3,3,1838.37,true,
SH24486,2024-02-09,Los Angeles,Singapore,Swift Cargo,Road,458.8,1077,3,3,321.84,true,
SH24599,2024-02-09,Busan,Los Angeles,Atlas Air Cargo,Air,84.6,11608,2,2,1129.57,true,
SH24936,2024-02-09,Rotterdam,Shanghai,Swift Cargo,Sea,513.5,6650,12,12,391.14,true,
SH25508,2024-02-09,Shanghai,Dubai,Northstar Logistics,Road,1758.0,2316,10,5,1334.61,false,Customs
SH26994,2024-02-09,Singapore,Hamburg,Atlas Air Cargo,Air,327.9,15642,3,3,6593.8,true,
SH27287,2024-02-09,Rotterdam,Hamburg,Swift Cargo,Sea,1877.3,1700,5,5,455.34,true,
SH27497,2024-02-09,Singapore,Busan,Atlas Air Cargo,Air,332.4,3683,1,1,1268.87,true,
SH28402,2024-02-09,Shanghai,Busan,Meridian Freight,Road,2140.0,585,1,2,493.98,true,
SH29008,2024-02-09,Ho Chi Minh City,Hamburg,Meridian Freight,Sea,2004.2,11898,29,20,2258.71,false,Customs
SH29627,2024-02-09,Shanghai,Hamburg,Meridian Freight,Sea,393.6,12390,30,21,523.21,false,Port congestion
SH29702,2024-02-09,Rotterdam,Shanghai,BlueWave Lines,Sea,3565.0,1461,4,4,568.17,true,Port congestion
SH30143,2024-02-09,Shanghai,Hamburg,Swift Cargo,Road,2335.3,1447,3,3,1393.33,true,
SH31093,2024-02-09,Shanghai,Los Angeles,BlueWave Lines,Sea,7469.7,6884,13,13,4385.87,true,
SH31949,2024-02-09,Shanghai,Singapore,Northstar Logistics,Sea,2077.6,8733,18,15,1819.99,false,Port congestion
SH32210,2024-02-09,Ho Chi Minh City,Rotterdam,Atlas Air Cargo,Air,232.0,9895,2,2,2447.91,true,
SH24148,2024-02-10,Singapore,Rotterdam,Northstar Logistics,Sea,192.1,13827,23,23,355.66,true,
SH24561,2024-02-10,Ho Chi Minh City,Rotterdam,BlueWave Lines,Sea,966.5,16358,27,27,1590.5,true,
SH24864,2024-02-10,Singapore,Busan,Northstar Logistics,Road,1209.9,1359,3,3,743.44,true,
SH25253,2024-02-10,Los Angeles,Busan,Swift Cargo,Sea,717.9,2203,5,5,249.49,true,
SH26344,2024-02-10,Rotterdam,Busan,Atlas Air Cargo,Air,390.9,6630,2,2,3437.25,true,
SH28914,2024-02-10,Shanghai,Los Angeles,Northstar Logistics,Sea,1114.6,14227,24,24,1503.09,true,
SH29285,2024-02-10,Singapore,Busan,Atlas Air Cargo,Air,107.8,6739,1,2,934.33,true,
SH29670,2024-02-10,Los Angeles,Busan,BlueWave Lines,Sea,2924.7,10391,18,18,2854.75,true,
SH30219,2024-02-10,Los Angeles,Singapore,Swift Cargo,Sea,1005.7,8274,15,15,986.17,true,
SH31165,2024-02-10,Singapore,Rotterdam,Atlas Air Cargo,Air,501.8,12780,1,2,6716.81,true,
SH31367,2024-02-10,Los Angeles,Hamburg,BlueWave Lines,Sea,2334.0,8957,16,16,2063.88,true,
SH31377,2024-02-10,Hamburg,Busan,Swift Cargo,Sea,401.9,2493,5,6,210.46,true,
SH31719,2024-02-10,Busan,Shanghai,Atlas Air Cargo,Air,71.4,10759,2,2,876.2,true,
SH31756,2024-02-10,Hamburg,Rotterdam,Northstar Logistics,Road,637.5,1627,4,4,474.41,true,
SH32625,2024-02-10,Singapore,Rotterdam,Northstar Logistics,Road,1841.4,2200,7,5,1346.52,false,Port congestion
SH24228,2024-02-11,Busan,Ho Chi Minh City,BlueWave Lines,Sea,2747.2,4544,9,9,1357.87,true,
SH24847,2024-02-11,Shanghai,Busan,Meridian Freight,Rail,1090.9,473,1,2,248.91,true,
SH27709,2024-02-11,Busan,Shanghai,Atlas Air Cargo,Air,535.3,10535,2,2,6201.29,true,
SH27734,2024-02-11,Los Angeles,Singapore,Meridian Freight,Sea,193.9,4185,8,8,186.85,true,
SH27844,2024-02-11,Rotterdam,Hamburg,BlueWave Lines,Sea,682.2,6598,11,12,484.46,true,
SH27966,2024-02-11,Hamburg,Busan,Northstar Logistics,Sea,4893.7,8583,14,15,4486.39,true,
SH30135,2024-02-11,Rotterdam,Shanghai,Meridian Freight,Sea,2245.2,9088,16,16,2067.26,true,
SH30609,2024-02-11,Dubai,Los Angeles,BlueWave Lines,Sea,1259.8,12342,21,21,1668.73,true,Port congestion
SH31830,2024-02-11,Shanghai,Busan,Northstar Logistics,Sea,5541.0,10599,18,18,5511.57,true,
SH32883,2024-02-11,Los Angeles,Shanghai,Northstar Logistics,Sea,1713.2,2716,9,6,581.63,false,Customs
SH24597,2024-02-12,Hamburg,Shanghai,BlueWave Lines,Sea,1831.2,1522,4,4,365.88,true,
SH24866,2024-02-12,Singapore,Busan,Swift Cargo,Road,1515.9,1804,3,4,1258.84,true,
SH25276,2024-02-12,Hamburg,Busan,Northstar Logistics,Sea,432.8,10527,18,18,586.53,true,
SH25647,2024-02-12,Los Angeles,Dubai,Meridian Freight,Sea,969.8,8500,15,15,945.32,true,
SH26588,2024-02-12,Dubai,Hamburg,Atlas Air Cargo,Air,276.6,5972,1,2,1775.11,true,
SH26635,2024-02-12,Ho Chi Minh City,Los Angeles,BlueWave Lines,Sea,1427.2,15427,26,26,2185.59,true,
SH27134,2024-02-12,Busan,Los Angeles,Swift Cargo,Rail,448.5,1623,3,3,256.53,true,
SH27501,2024-02-12,Ho Chi Minh City,Singapore,BlueWave Lines,Sea,2136.9,1430,3,4,362.74,true,
SH28447,2024-02-12,Ho Chi Minh City,Busan,Northstar Logistics,Sea,762.9,17841,29,29,1262.02,true,
SH28964,2024-02-12,Los Angeles,Busan,Northstar Logistics,Road,4152.6,1108,3,3,1891.13,true,
SH29733,2024-02-12,Busan,Shanghai,Swift Cargo,Sea,2012.9,17221,28,28,3130.53,true,
SH30307,2024-02-12,Dubai,Shanghai,Northstar Logistics,Road,1353.3,1901,5,4,1005.62,false,Equipment
SH31000,2024-02-12,Dubai,Rotterdam,Swift Cargo,Sea,1578.1,11861,26,20,1836.38,false,Port congestion
SH31049,2024-02-12,Los Angeles,Rotterdam,Swift Cargo,Sea,2860.5,12303,21,21,3622.17,true,
SH32981,2024-02-12,Shanghai,Ho Chi Minh City,BlueWave Lines,Road,1574.0,1776,4,4,1108.58,true,
SH24196,2024-02-13,Dubai,Rotterdam,Meridian Freight,Sea,2891.5,11229,18,19,3594.34,true,
SH24314,2024-02-13,Los Angeles,Busan,Atlas Air Cargo,Air,645.3,17423,3,3,11215.63,true,
SH24735,2024-02-13,Busan,Rotterdam,Atlas Air Cargo,Air,160.0,841,1,1,284.54,true,
SH25211,2024-02-13,Busan,Ho Chi Minh City,Northstar Logistics,Sea,492.6,1726,5,5,186.18,true,
SH25216,2024-02-13,Rotterdam,Dubai,Northstar Logistics,Sea,227.8,16735,28,28,441.14,true,
SH25285,2024-02-13,Busan,Rotterdam,Swift Cargo,Sea,4246.7,882,2,3,467.26,true,
SH25641,2024-02-13,Los Angeles,Busan,BlueWave Lines,Road,686.4,265,1,1,187.96,true,
SH25736,2024-02-13,Los Angeles,Dubai,Northstar Logistics,Sea,1165.3,13772,23,23,1512.19,true,
SH26041,2024-02-13,Singapore,Ho Chi Minh City,Meridian Freight,Road,874.7,152,10,1,170.44,false,Customs
SH27856,2024-02-13,Hamburg,Shanghai,Swift Cargo,Sea,3275.5,7221,13,13,2498.53,true,
SH28002,2024-02-13,Singapore,Busan,Northstar Logistics,Road,775.4,1047,2,3,406.37,true,
SH29669,2024-02-13,Ho Chi Minh City,Shanghai,Northstar Logistics,Sea,1825.0,2411,5,6,589.29,true,
SH32384,2024-02-13,Hamburg,Los Angeles,BlueWave Lines,Sea,660.6,9081,19,16,713.62,false,Equipment
SH24313,2024-02-14,Hamburg,Los Angeles,Swift Cargo,Sea,1083.0,16780,31,28,1712.23,false,Customs
SH24585,2024-02-14,Hamburg,Los Angeles,Swift Cargo,Sea,499.1,13324,21,22,708.15,true,
SH24604,2024-02-14,Singapore,Hamburg,Northstar Logistics,Rail,998.5,2279,4,4,573.26,true,
SH25756,2024-02-14,Hamburg,Rotterdam,Meridian Freight,Sea,788.3,3269,7,7,394.61,true,
SH25767,2024-02-14,Busan,Rotterdam,Atlas Air Cargo,Air,76.1,17497,3,3,1416.64,true,
SH26217,2024-02-14,Singapore,Rotterdam,Swift Cargo,Rail,1318.6,2235,4,4,888.22,true,
SH26590,2024-02-14,Shanghai,Singapore,Swift Cargo,Sea,576.8,15702,27,26,865.37,false,Documentation
SH26599,2024-02-14,Busan,Rotterdam,Swift Cargo,Sea,1337.7,4466,11,9,641.74,false,Equipment
SH27831,2024-02-14,Singapore,Hamburg,Atlas Air Cargo,Air,235.2,3151,1,1,1007.84,true,
SH28075,2024-02-14,Busan,Hamburg,Atlas Air Cargo,Air,364.8,12822,2,2,5384.36,true,
SH28547,2024-02-14,Rotterdam,Singapore,Atlas Air Cargo,Air,83.5,16381,3,3,1689.08,true,
SH30227,2024-02-14,Los Angeles,Dubai,Atlas Air Cargo,Air,92.7,17196,2,3,1796.82,true,
SH32320,2024-02-14,Busan,Hamburg,Meridian Freight,Sea,2102.9,6912,19,13,1576.1,false,Port congestion
SH32366,2024-02-14,Shanghai,Hamburg,Northstar Logistics,Road,534.0,2301,13,5,588.31,false,Customs
SH24556,2024-02-15,Rotterdam,Busan,Swift Cargo,Sea,4526.3,12679,22,22,5551.86,true,
SH24953,2024-02-15,Singapore,Los Angeles,Northstar Logistics,Sea,3277.8,1440,4,4,511.19,true,
SH24998,2024-02-15,Hamburg,Shanghai,Meridian Freight,Sea,980.7,15719,35,26,1650.09,false,Documentation
SH26495,2024-02-15,Ho Chi Minh City,Dubai,Swift Cargo,Sea,536.7,5116,10,10,366.66,true,
SH26751,2024-02-15,Shanghai,Ho Chi Minh City,Atlas Air Cargo,Air,164.3,11747,1,2,2083.7,true,
SH29689,2024-02-15,Hamburg,Dubai,Northstar Logistics,Road,802.8,307,2,2,198.64,true,
SH31100,2024-02-15,Los Angeles,Rotterdam,Swift Cargo,Sea,1145.3,14845,25,25,1703.04,true,
SH31741,2024-02-15,Busan,Singapore,Atlas Air Cargo,Air,132.9,17824,3,3,3021.56,true,
SH32725,2024-02-15,Dubai,Rotterdam,Atlas Air Cargo,Air,112.0,10804,2,2,1387.01,true,
SH25655,2024-02-16,Busan,Los Angeles,Northstar Logistics,Sea,1327.5,13592,24,23,1883.01,false,Port congestion
SH25842,2024-02-16,Singapore,Los Angeles,Swift Cargo,Road,2609.4,732,2,2,754.13,true,
SH26185,2024-02-16,Shanghai,Los Angeles,Atlas Air Cargo,Air,483.2,11229,2,2,5329.24,true,
SH27247,2024-02-16,Shanghai,Dubai,Swift Cargo,Sea,1099.5,17746,30,29,2202.83,false,Port congestion
SH28028,2024-02-16,Singapore,Ho Chi Minh City,Swift Cargo,Sea,1545.7,9119,16,16,1462.27,true,
SH30592,2024-02-16,Ho Chi Minh City,Los Angeles,Atlas Air Cargo,Air,103.7,7990,2,2,1100.79,true,
SH30747,2024-02-16,Busan,Los Angeles,Swift Cargo,Sea,6670.1,3730,8,8,2740.54,true,
SH30898,2024-02-16,Busan,Ho Chi Minh City,Atlas Air Cargo,Air,350.4,8099,2,2,3743.77,true,
SH31636,2024-02-16,Dubai,Shanghai,Meridian Freight,Road,673.0,1389,3,3,476.88,true,
SH32066,2024-02-16,Rotterdam,Singapore,Meridian Freight,Sea,732.3,3438,7,7,343.0,true,
SH32096,2024-02-16,Dubai,Singapore,Atlas Air Cargo,Air,520.8,4780,2,2,2788.04,true,
SH32698,2024-02-16,Dubai,Los Angeles,Northstar Logistics,Rail,512.7,1868,9,3,343.66,false,Weather
SH25540,2024-02-17,Hamburg,Los Angeles,Atlas Air Cargo,Air,1059.6,2900,1,1,3542.38,true,
SH26004,2024-02-17,Hamburg,Singapore,Meridian Freight,Sea,802.8,4956,10,10,528.76,true,
SH26655,2024-02-17,Ho Chi Minh City,Busan,Atlas Air Cargo,Air,159.6,12164,2,2,2548.1,true,
SH27610,2024-02-17,Hamburg,Singapore,Meridian Freight,Sea,828.3,6713,16,12,639.44,false,Weather
SH29242,2024-02-17,Busan,Los Angeles,Swift Cargo,Road,528.3,1005,3,3,278.41,true,
SH30150,2024-02-17,Hamburg,Rotterdam,Atlas Air Cargo,Air,171.7,10371,1,2,1910.57,true,
SH31008,2024-02-17,Shanghai,Dubai,Meridian Freight,Rail,13461.2,772,1,2,2071.4,true,
SH32383,2024-02-17,Singapore,Hamburg,Meridian Freight,Rail,3603.3,1329,2,3,1318.56,true,
SH32551,2024-02-17,Ho Chi Minh City,Los Angeles,Northstar Logistics,Sea,321.3,1219,5,4,158.68,false,Customs
SH32635,2024-02-17,Rotterdam,Busan,Atlas Air Cargo,Air,176.9,9868,2,2,1884.66,true,
SH24738,2024-02-18,Shanghai,Dubai,Swift Cargo,Rail,2302.1,1291,3,3,817.71,true,
SH24923,2024-02-18,Singapore,Dubai,Northstar Logistics,Sea,5472.0,9893,25,17,5207.77,false,Port congestion
SH25466,2024-02-18,Busan,Dubai,Northstar Logistics,Sea,1459.8,8878,16,16,1201.57,true,
SH26182,2024-02-18,Dubai,Rotterdam,BlueWave Lines,Sea,867.7,5274,9,10,526.41,true,
SH26340,2024-02-18,Hamburg,Ho Chi Minh City,Atlas Air Cargo,Air,191.1,9305,2,2,2354.28,true,
SH26697,2024-02-18,Hamburg,Dubai,Northstar Logistics,Sea,687.1,9709,19,17,775.68,false,Equipment
SH28266,2024-02-18,Dubai,Shanghai,BlueWave Lines,Sea,973.9,5537,11,11,656.42,true,
SH28664,2024-02-18,Ho Chi Minh City,Shanghai,Northstar Logistics,Rail,205.5,2193,4,4,234.53,true,
SH31308,2024-02-18,Busan,Singapore,Atlas Air Cargo,Air,306.0,6264,2,2,1922.05,true,
SH31500,2024-02-18,Ho Chi Minh City,Shanghai,Northstar Logistics,Sea,1843.9,6708,11,12,1148.69,true,
SH24888,2024-02-19,Rotterdam,Los Angeles,Atlas Air Cargo,Air,759.0,10387,2,2,8399.5,true,
SH26793,2024-02-19,Ho Chi Minh City,Los Angeles,Northstar Logistics,Sea,815.3,9142,22,16,803.17,false,Customs
SH27308,2024-02-19,Ho Chi Minh City,Rotterdam,BlueWave Lines,Sea,1063.8,1944,5,5,307.63,true,
SH28107,2024-02-19,Dubai,Rotterdam,BlueWave Lines,Sea,5013.7,5043,10,10,2262.83,true,
SH28752,2024-02-19,Rotterdam,Dubai,Northstar Logistics,Sea,885.3,7077,13,13,786.17,true,
SH28768,2024-02-19,Shanghai,Hamburg,Meridian Freight,Sea,429.6,15260,24,25,808.66,true,
SH30072,2024-02-19,Rotterdam,Shanghai,Swift Cargo,Sea,8058.9,957,3,3,711.08,true,
SH30268,2024-02-19,Rotterdam,Singapore,BlueWave Lines,Sea,426.1,17331,29,29,692.1,true,
SH30525,2024-02-19,Busan,Los Angeles,Meridian Freight,Sea,1819.3,12385,21,21,2316.59,true,
SH30631,2024-02-19,Los Angeles,Busan,BlueWave Lines,Sea,592.9,8499,15,15,579.73,true,
SH31102,2024-02-19,Hamburg,Busan,Swift Cargo,Sea,1134.1,16671,32,28,2096.44,false,Port congestion
SH31444,2024-02-19,Rotterdam,Los Angeles,Swift Cargo,Sea,1324.9,6731,12,12,876.41,true,
SH24152,2024-02-20,Los Angeles,Dubai,Northstar Logistics,Sea,4823.6,17643,29,29,8012.67,true,
SH24404,2024-02-20,Hamburg,Ho Chi Minh City,Meridian Freight,Sea,405.3,9275,16,16,473.45,true,
SH25115,2024-02-20,Ho Chi Minh City,Rotterdam,Swift Cargo,Sea,4107.9,15335,26,26,6287.65,true,
SH25549,2024-02-20,Hamburg,Los Angeles,Meridian Freight,Sea,935.9,4328,8,9,486.86,true,
SH26265,2024-02-20,Hamburg,Rotterdam,Atlas Air Cargo,Air,260.6,7988,2,2,2555.77,true,
SH28181,2024-02-20,Rotterdam,Singapore,Atlas Air Cargo,Air,128.7,8062,2,2,1146.32,true,
SH28251,2024-02-20,Shanghai,Rotterdam,Swift Cargo,Sea,4166.3,11185,28,19,5128.68,false,Equipment
SH29535,2024-02-20,Hamburg,Singapore,BlueWave Lines,Sea,909.2,9994,17,17,996.57,true,Customs
SH30328,2024-02-20,Dubai,Busan,Northstar Logistics,Sea,798.5,2264,4,5,266.76,true,
SH30709,2024-02-20,Los Angeles,Rotterdam,Atlas Air Cargo,Air,633.3,11722,2,2,8721.8,true,
SH31182,2024-02-20,Los Angeles,Shanghai,Meridian Freight,Rail,1156.9,2174,4,4,650.22,true,
SH31760,2024-02-20,Busan,Shanghai,Atlas Air Cargo,Air,542.2,10703,1,2,6782.82,true,
SH32293,2024-02-20,Shanghai,Rotterdam,BlueWave Lines,Sea,1050.0,5431,15,10,735.71,false,Documentation
SH32978,2024-02-20,Dubai,Rotterdam,Atlas Air Cargo,Air,222.0,14386,2,3,3582.88,true,
SH24212,2024-02-21,Rotterdam,Singapore,BlueWave Lines,Sea,2846.2,17931,30,30,5525.83,true,
SH24308,2024-02-21,Shanghai,Los Angeles,Meridian Freight,Road,1138.6,632,2,2,386.2,true,
SH28295,2024-02-21,Hamburg,Busan,Atlas Air Cargo,Air,332.6,3533,7,1,1378.89,false,Weather
SH29914,2024-02-21,Rotterdam,Ho Chi Minh City,Atlas Air Cargo,Air,503.0,17688,3,3,8517.27,true,
SH30171,2024-02-21,Los Angeles,Hamburg,Swift Cargo,Rail,395.4,1070,1,2,223.13,true,
SH30220,2024-02-21,Shanghai,Rotterdam,Meridian Freight,Sea,564.4,12416,23,21,679.12,false,Port congestion
SH31175,2024-02-21,Shanghai,Rotterdam,Swift Cargo,Sea,1358.6,12094,21,21,1654.8,true,
SH31778,2024-02-21,Hamburg,Shanghai,Swift Cargo,Sea,1841.1,1215,4,4,343.97,true,
SH24457,2024-02-22,Ho Chi Minh City,Busan,Meridian Freight,Road,639.0,162,1,1,154.89,true,
SH24768,2024-02-22,Rotterdam,Los Angeles,Swift Cargo,Road,1357.0,398,2,2,315.72,true,
SH25902,2024-02-22,Shanghai,Dubai,Atlas Air Cargo,Air,179.9,17910,2,3,3735.59,true,
SH26076,2024-02-22,Los Angeles,Rotterdam,Meridian Freight,Sea,883.2,3371,7,7,373.19,true,
SH26145,2024-02-22,Los Angeles,Shanghai,Swift Cargo,Sea,766.7,1322,4,4,226.0,true,
SH26611,2024-02-22,Dubai,Los Angeles,Meridian Freight,Sea,1744.8,5347,10,10,1050.67,true,
SH27527,2024-02-22,Rotterdam,Ho Chi Minh City,Atlas Air Cargo,Air,198.1,8492,1,2,1881.57,true,
SH27860,2024-02-22,Shanghai,Ho Chi Minh City,Meridian Freight,Sea,3014.5,2265,11,5,751.36,false,Equipment
SH28566,2024-02-22,Hamburg,Ho Chi Minh City,Northstar Logistics,Sea,1254.5,7983,16,14,1124.87,false,Port congestion
SH28924,2024-02-22,Ho Chi Minh City,Busan,Northstar Logistics,Sea,1016.2,13720,22,23,1481.0,true,
SH29239,2024-02-22,Rotterdam,Dubai,BlueWave Lines,Sea,686.3,11499,20,20,949.43,true,
SH30264,2024-02-22,Ho Chi Minh City,Los Angeles,Swift Cargo,Sea,1800.6,10409,20,18,1887.87,false,Port congestion
SH31341,2024-02-22,Dubai,Rotterdam,BlueWave Lines,Sea,2326.3,12287,21,21,2902.78,true,
SH31602,2024-02-22,Busan,Shanghai,Northstar Logistics,Road,687.3,864,1,2,359.08,true,
SH24168,2024-02-23,Dubai,Hamburg,Meridian Freight,Sea,2348.3,17929,29,30,4284.76,true,
SH25499,2024-02-23,Ho Chi Minh City,Shanghai,BlueWave Lines,Sea,747.6,15031,25,25,1031.43,true,
SH27463,2024-02-23,Shanghai,Los Angeles,Meridian Freight,Sea,3190.4,14602,23,24,4828.07,true,
SH27979,2024-02-23,Hamburg,Busan,Swift Cargo,Sea,1647.5,13097,22,22,1996.75,true,
SH28115,2024-02-23,Busan,Rotterdam,Swift Cargo,Road,2027.7,252,3,1,299.75,false,Port congestion
SH31600,2024-02-23,Singapore,Shanghai,BlueWave Lines,Sea,1999.2,17920,30,30,3888.98,true,Port congestion
SH32472,2024-02-23,Singapore,Rotterdam,Meridian Freight,Rail,665.6,1795,2,3,370.04,true,
SH25849,2024-02-24,Los Angeles,Dubai,BlueWave Lines,Sea,2110.1,11659,20,20,2176.98,true,
SH27431,2024-02-24,Shanghai,Singapore,Atlas Air Cargo,Air,281.7,5025,2,2,1881.74,true,
SH27591,2024-02-24,Singapore,Ho Chi Minh City,Swift Cargo,Sea,3478.7,10155,18,18,3682.81,true,
SH28101,2024-02-24,Singapore,Dubai,Northstar Logistics,Sea,3081.9,5925,13,11,1720.87,false,Port congestion
SH28792,2024-02-24,Busan,Rotterdam,BlueWave Lines,Sea,1927.1,17256,29,29,3207.56,true,
SH29795,2024-02-24,Shanghai,Ho Chi Minh City,Atlas Air Cargo,Air,287.0,13591,3,3,3839.52,true,
SH31317,2024-02-24,Busan,Hamburg,Swift Cargo,Rail,507.0,1542,3,3,322.13,true,
SH32773,2024-02-24,Busan,Hamburg,BlueWave Lines,Sea,2702.3,16730,28,28,3803.7,true,
SH24410,2024-02-25,Singapore,Hamburg,BlueWave Lines,Sea,812.1,6008,11,11,597.21,true,
SH24619,2024-02-25,Hamburg,Los Angeles,Swift Cargo,Sea,1101.9,6231,11,12,767.27,true,
SH24680,2024-02-25,Shanghai,Los Angeles,Northstar Logistics,Road,2915.3,838,7,2,1080.63,false,Customs
SH24822,2024-02-25,Hamburg,Los Angeles,Northstar Logistics,Sea,1133.7,3981,8,8,599.33,true,
SH25635,2024-02-25,Dubai,Singapore,Atlas Air Cargo,Air,1995.3,15233,3,3,33460.11,true,
SH26759,2024-02-25,Busan,Singapore,Swift Cargo,Sea,2372.9,7910,15,14,1593.9,false,Port congestion
SH26931,2024-02-25,Singapore,Hamburg,Meridian Freight,Road,872.6,1538,4,4,642.64,true,
SH27453,2024-02-25,Busan,Rotterdam,Swift Cargo,Sea,544.3,2727,6,6,245.13,true,
SH28110,2024-02-25,Ho Chi Minh City,Hamburg,Northstar Logistics,Sea,318.7,17638,29,29,664.36,true,
SH28270,2024-02-25,Shanghai,Los Angeles,Atlas Air Cargo,Air,57.3,6360,2,2,596.73,true,
SH29694,2024-02-25,Ho Chi Minh City,Busan,Swift Cargo,Sea,615.1,17336,28,29,1070.13,true,
SH29714,2024-02-25,Rotterdam,Dubai,BlueWave Lines,Road,1491.0,658,3,2,414.01,false,Customs
SH29750,2024-02-25,Busan,Shanghai,Northstar Logistics,Sea,1404.5,9762,16,17,1505.8,true,
SH30548,2024-02-25,Rotterdam,Busan,Atlas Air Cargo,Air,334.7,1102,1,1,470.63,true,
SH30711,2024-02-25,Shanghai,Rotterdam,Atlas Air Cargo,Air,258.9,6351,2,2,1956.33,true,
SH31608,2024-02-25,Busan,Singapore,Atlas Air Cargo,Air,629.3,12915,1,2,10052.52,true,
SH31789,2024-02-25,Busan,Los Angeles,BlueWave Lines,Sea,1895.6,13210,22,22,2092.49,true,
SH32775,2024-02-25,Dubai,Singapore,BlueWave Lines,Rail,678.6,982,2,2,282.2,true,
SH24431,2024-02-26,Hamburg,Singapore,Atlas Air Cargo,Air,718.4,6791,2,2,4915.12,true,
SH24553,2024-02-26,Singapore,Hamburg,Northstar Logistics,Sea,832.2,1209,4,4,214.72,true,
SH24842,2024-02-26,Los Angeles,Busan,Meridian Freight,Rail,4203.4,198,1,1,317.95,true,
SH25134,2024-02-26,Los Angeles,Busan,Swift Cargo,Sea,780.0,7573,13,14,716.1,true,
SH25442,2024-02-26,Singapore,Los Angeles,BlueWave Lines,Sea,587.6,9286,16,16,540.67,true,
SH25551,2024-02-26,Hamburg,Ho Chi Minh City,Meridian Freight,Sea,3604.7,13667,23,23,4011.21,true,
SH26683,2024-02-26,Hamburg,Rotterdam,Northstar Logistics,Sea,921.8,6471,12,12,600.02,true,
SH27785,2024-02-26,Ho Chi Minh City,Los Angeles,BlueWave Lines,Road,535.9,859,2,2,294.68,true,
SH27821,2024-02-26,Busan,Shanghai,Swift Cargo,Sea,1112.3,3929,7,8,473.42,true,
SH28196,2024-02-26,Los Angeles,Busan,Meridian Freight,Rail,556.9,2027,4,4,341.73,true,
SH29338,2024-02-26,Busan,Singapore,Swift Cargo,Sea,2105.4,16346,27,27,3129.61,true,
SH29931,2024-02-26,Hamburg,Rotterdam,Northstar Logistics,Rail,2317.7,582,2,2,463.66,true,
SH30333,2024-02-26,Busan,Singapore,Atlas Air Cargo,Air,362.5,10813,2,2,4929.67,true,
SH30500,2024-02-26,Rotterdam,Shanghai,Meridian Freight,Sea,505.1,8251,15,15,464.77,true,
SH30570,2024-02-26,Ho Chi Minh City,Busan,Swift Cargo,Sea,2624.3,4605,9,9,1205.54,true,
SH30847,2024-02-26,Rotterdam,Shanghai,BlueWave Lines,Sea,3009.8,1316,4,4,483.29,true,
SH31190,2024-02-26,Dubai,Ho Chi Minh City,Swift Cargo,Sea,411.8,13869,23,23,583.73,true,
SH32413,2024-02-26,Busan,Ho Chi Minh City,Meridian Freight,Sea,2030.5,6977,12,13,1255.21,true,
SH24233,2024-02-27,Hamburg,Busan,Atlas Air Cargo,Air,436.7,9568,1,2,5020.94,true,
SH25030,2024-02-27,Dubai,Singapore,Northstar Logistics,Sea,667.6,2895,6,6,299.67,true,
SH25129,2024-02-27,Hamburg,Los Angeles,Northstar Logistics,Sea,375.4,5980,20,11,327.64,false,Weather
SH26740,2024-02-27,Singapore,Ho Chi Minh City,Swift Cargo,Sea,3365.7,9836,17,17,2950.12,true,
SH27140,2024-02-27,Dubai,Shanghai,BlueWave Lines,Road,2746.5,1018,3,3,1224.03,true,
SH28035,2024-02-27,Ho Chi Minh City,Dubai,Swift Cargo,Sea,2930.1,14071,23,24,3371.95,true,
SH28801,2024-02-27,Busan,Singapore,Meridian Freight,Rail,686.4,1219,3,3,288.19,true,
SH30536,2024-02-27,Singapore,Los Angeles,Atlas Air Cargo,Air,575.5,6519,1,2,4544.32,true,
SH32238,2024-02-27,Rotterdam,Dubai,Atlas Air Cargo,Air,1117.2,15545,3,3,19517.84,true,
SH32395,2024-02-27,Rotterdam,Ho Chi Minh City,Northstar Logistics,Sea,847.2,17109,28,28,1537.71,true,
SH24209,2024-02-28,Dubai,Hamburg,Northstar Logistics,Road,1996.4,1043,3,3,882.88,true,
SH25034,2024-02-28,Singapore,Rotterdam,Northstar Logistics,Road,1471.0,1174,3,3,650.67,true,
SH25323,2024-02-28,Hamburg,Shanghai,Swift Cargo,Sea,1655.5,10943,20,19,1698.76,false,Port congestion
SH26394,2024-02-28,Hamburg,Busan,Atlas Air Cargo,Air,132.1,14022,2,3,2167.62,true,
SH27675,2024-02-28,Los Angeles,Singapore,Meridian Freight,Rail,1189.6,1355,3,3,510.64,true,
SH28931,2024-02-28,Rotterdam,Singapore,Atlas Air Cargo,Air,134.2,5451,2,2,922.4,true,
SH29093,2024-02-28,Rotterdam,Ho Chi Minh City,Meridian Freight,Sea,544.5,8893,16,16,532.32,true,
SH29740,2024-02-28,Rotterdam,Busan,Northstar Logistics,Sea,2819.2,4710,9,9,1400.0,true,
SH30421,2024-02-28,Los Angeles,Dubai,Swift Cargo,Sea,390.5,11560,20,20,595.78,true,
SH30624,2024-02-28,Los Angeles,Busan,Northstar Logistics,Road,438.3,1078,3,3,304.15,true,
SH30672,2024-02-28,Hamburg,Shanghai,Meridian Freight,Sea,1754.7,4304,8,9,827.6,true,
SH30803,2024-02-28,Hamburg,Ho Chi Minh City,Atlas Air Cargo,Air,694.6,14784,2,3,12505.63,true,
SH31265,2024-02-28,Hamburg,Busan,Northstar Logistics,Road,1429.6,1813,5,4,1137.29,false,Customs
SH24501,2024-02-29,Dubai,Hamburg,Swift Cargo,Sea,323.5,4994,10,10,273.16,true,
SH24807,2024-02-29,Los Angeles,Busan,Atlas Air Cargo,Air,280.2,11821,4,2,3639.99,false,Weather
SH29577,2024-02-29,Singapore,Dubai,Atlas Air Cargo,Air,268.4,16867,5,3,5030.11,false,Documentation
SH30343,2024-02-29,Busan,Shanghai,Swift Cargo,Sea,759.2,11079,19,19,996.78,true,
SH25773,2024-03-01,Shanghai,Singapore,Swift Cargo,Sea,3349.6,11209,19,19,3148.56,true,
SH26397,2024-03-01,Shanghai,Hamburg,BlueWave Lines,Sea,1953.2,11205,20,19,2066.2,false,Equipment
SH28252,2024-03-01,Los Angeles,Hamburg,Northstar Logistics,Sea,3268.3,10108,21,18,3023.54,false,Equipment
SH28750,2024-03-01,Hamburg,Dubai,Northstar Logistics,Sea,2546.6,3149,6,7,791.26,true,
SH28923,2024-03-01,Shanghai,Singapore,BlueWave Lines,Road,1893.4,150,1,1,206.16,true,
SH30409,2024-03-01,Hamburg,Shanghai,Northstar Logistics,Sea,2698.1,13436,22,23,3384.58,true,
SH30656,2024-03-01,Ho Chi Minh City,Shanghai,Atlas Air Cargo,Air,251.5,11134,1,2,2898.67,true,
SH24083,2024-03-02,Rotterdam,Singapore,Northstar Logistics,Rail,1013.7,2006,5,4,511.73,false,Port congestion
SH24959,2024-03-02,Rotterdam,Shanghai,Northstar Logistics,Sea,690.7,12903,22,22,1051.15,true,
SH25061,2024-03-02,Dubai,Singapore,BlueWave Lines,Rail,954.6,2468,3,4,737.4,true,
SH25606,2024-03-02,Los Angeles,Busan,Meridian Freight,Sea,3892.7,10457,17,18,3801.46,true,
SH26409,2024-03-02,Ho Chi Minh City,Hamburg,BlueWave Lines,Sea,365.3,1509,4,4,170.03,true,
SH26574,2024-03-02,Ho Chi Minh City,Busan,Meridian Freight,Sea,3118.5,3701,11,8,1321.57,false,Weather
SH26674,2024-03-02,Hamburg,Singapore,BlueWave Lines,Road,567.6,1552,3,4,402.38,true,
SH26963,2024-03-02,Ho Chi Minh City,Busan,Atlas Air Cargo,Air,178.7,14335,3,3,2673.17,true,
SH27323,2024-03-02,Ho Chi Minh City,Singapore,Atlas Air Cargo,Air,70.7,15194,3,3,1406.18,true,
SH27981,2024-03-02,Hamburg,Dubai,BlueWave Lines,Road,1466.2,952,2,3,699.91,true,
SH28171,2024-03-02,Dubai,Ho Chi Minh City,Meridian Freight,Sea,1152.4,12565,20,21,1301.05,true,
SH29200,2024-03-02,Dubai,Hamburg,Northstar Logistics,Sea,1987.2,8156,15,15,1636.52,true,
SH29696,2024-03-02,Ho Chi Minh City,Rotterdam,Atlas Air Cargo,Air,713.8,15233,3,3,14030.84,true,
SH29736,2024-03-02,Rotterdam,Dubai,Atlas Air Cargo,Air,682.4,12609,2,2,11099.1,true,
SH30347,2024-03-02,Ho Chi Minh City,Rotterdam,Atlas Air Cargo,Air,155.0,7374,1,2,1545.23,true,
SH31248,2024-03-02,Busan,Hamburg,Atlas Air Cargo,Air,628.0,2529,1,1,1895.94,true,
SH31369,2024-03-02,Shanghai,Rotterdam,Atlas Air Cargo,Air,1539.6,5776,2,2,9371.31,true,
SH31710,2024-03-02,Los Angeles,Rotterdam,Swift Cargo,Rail,795.2,2263,4,4,542.69,true,
SH32431,2024-03-02,Dubai,Singapore,Swift Cargo,Rail,1980.4,1178,2,2,645.1,true,
SH24311,2024-03-03,Singapore,Rotterdam,Meridian Freight,Rail,789.4,1009,2,2,286.51,true,
SH24514,2024-03-03,Singapore,Shanghai,Swift Cargo,Sea,2582.1,9244,16,16,2052.02,true,
SH24764,2024-03-03,Busan,Ho Chi Minh City,Northstar Logistics,Sea,937.8,7858,15,14,720.0,false,Documentation
SH25598,2024-03-03,Rotterdam,Hamburg,Atlas Air Cargo,Air,124.7,12304,1,2,2135.47,true,
SH26420,2024-03-03,Shanghai,Dubai,BlueWave Lines,Sea,3438.9,8422,15,15,3002.95,true,
SH26699,2024-03-03,Los Angeles,Dubai,BlueWave Lines,Sea,2289.0,15060,25,25,3689.23,true,
SH26769,2024-03-03,Hamburg,Los Angeles,Swift Cargo,Sea,1784.9,17349,29,29,2999.06,true,
SH28098,2024-03-03,Shanghai,Busan,Swift Cargo,Sea,1318.7,13209,21,22,1601.01,true,
SH30260,2024-03-03,Busan,Hamburg,Meridian Freight,Sea,3081.5,14408,24,24,3605.23,true,
SH30641,2024-03-03,Rotterdam,Dubai,Meridian Freight,Sea,1043.2,12802,26,22,1560.68,false,Port congestion
SH30712,2024-03-03,Los Angeles,Rotterdam,Northstar Logistics,Road,7309.7,1313,5,3,3733.31,false,Customs
SH31257,2024-03-03,Los Angeles,Rotterdam,Meridian Freight,Sea,1576.3,13278,22,22,2057.99,true,
SH31466,2024-03-03,Ho Chi Minh City,Busan,Northstar Logistics,Sea,928.3,6248,18,12,655.06,false,Port congestion
SH32086,2024-03-03,Rotterdam,Singapore,Meridian Freight,Sea,6597.1,13100,22,22,8843.5,true,
SH32680,2024-03-03,Singapore,Los Angeles,Meridian Freight,Sea,1235.3,9031,17,16,1146.61,false,Port congestion
SH24895,2024-03-04,Shanghai,Ho Chi Minh City,Meridian Freight,Road,1686.0,2131,4,5,1592.3,true,
SH25363,2024-03-04,Ho Chi Minh City,Rotterdam,Atlas Air Cargo,Air,351.1,7296,2,2,2818.4,true,
SH26339,2024-03-04,Rotterdam,Singapore,Atlas Air Cargo,Air,1580.9,8785,1,2,17401.25,true,
SH27192,2024-03-04,Dubai,Busan,Northstar Logistics,Rail,4625.7,772,1,2,969.46,true,
SH27454,2024-03-04,Ho Chi Minh City,Los Angeles,Atlas Air Cargo,Air,1152.8,8669,2,2,12562.1,true,
SH27813,2024-03-04,Dubai,Shanghai,Swift Cargo,Road,2547.5,368,2,2,406.38,true,
SH28385,2024-03-04,Ho Chi Minh City,Shanghai,BlueWave Lines,Sea,185.9,15923,26,26,429.9,true,
SH30572,2024-03-04,Ho Chi Minh City,Rotterdam,Atlas Air Cargo,Air,122.9,7160,2,2,1093.27,true,
SH31956,2024-03-04,Hamburg,Rotterdam,Meridian Freight,Road,1974.7,1149,3,3,844.01,true,
SH25205,2024-03-05,Shanghai,Rotterdam,Northstar Logistics,Road,685.5,1708,4,4,487.63,true,
SH25484,2024-03-05,Shanghai,Dubai,BlueWave Lines,Sea,2171.3,8526,14,15,1904.46,true,
SH25781,2024-03-05,Busan,Los Angeles,Northstar Logistics,Sea,1011.5,2800,15,6,350.65,false,Port congestion
SH26456,2024-03-05,Hamburg,Dubai,Meridian Freight,Sea,398.4,15046,28,25,579.7,false,Weather
SH26780,2024-03-05,Shanghai,Ho Chi Minh City,Northstar Logistics,Sea,1966.2,16110,27,27,2959.5,true,
SH27016,2024-03-05,Busan,Ho Chi Minh City,Northstar Logistics,Sea,743.8,16729,27,28,1129.4,true,
SH29623,2024-03-05,Hamburg,Busan,BlueWave Lines,Road,1200.6,2286,4,5,962.16,true,
SH29956,2024-03-05,Hamburg,Shanghai,Meridian Freight,Road,1716.1,330,2,2,342.53,true,
SH31015,2024-03-05,Singapore,Dubai,Atlas Air Cargo,Air,183.7,6717,1,2,1674.19,true,
SH32628,2024-03-05,Shanghai,Dubai,BlueWave Lines,Rail,804.9,1688,3,3,409.03,true,
SH24373,2024-03-06,Singapore,Los Angeles,Meridian Freight,Sea,749.8,14246,24,24,949.77,true,
SH24477,2024-03-06,Rotterdam,Los Angeles,Atlas Air Cargo,Air,265.4,10290,2,2,3507.51,true,
SH24886,2024-03-06,Busan,Los Angeles,BlueWave Lines,Sea,2045.8,959,2,3,279.62,true,
SH25439,2024-03-06,Rotterdam,Los Angeles,Northstar Logistics,Road,249.9,989,3,3,214.67,true,
SH30721,2024-03-06,Busan,Singapore,Swift Cargo,Sea,576.8,5074,10,10,383.61,true,
SH30801,2024-03-06,Dubai,Rotterdam,Meridian Freight,Road,2717.5,1687,4,4,1929.91,true,
SH31232,2024-03-06,Rotterdam,Singapore,BlueWave Lines,Sea,501.3,16672,28,28,879.59,true,
SH31989,2024-03-06,Hamburg,Rotterdam,Swift Cargo,Sea,476.6,10166,17,18,596.6,true,
SH32573,2024-03-06,Dubai,Ho Chi Minh City,Swift Cargo,Road,785.7,1853,4,4,681.38,true,
SH24984,2024-03-07,Hamburg,Rotterdam,Swift Cargo,Road,1068.5,2243,5,5,969.41,true,
SH27072,2024-03-07,Los Angeles,Rotterdam,Swift Cargo,Sea,4524.9,2299,6,6,976.71,true,
SH28155,2024-03-07,Shanghai,Hamburg,Atlas Air Cargo,Air,113.8,3681,1,1,598.83,true,
SH29831,2024-03-07,Shanghai,Rotterdam,BlueWave Lines,Road,3129.7,1806,4,4,1917.26,true,
SH30610,2024-03-07,Busan,Dubai,Swift Cargo,Sea,739.0,15730,26,26,1176.65,true,
SH31638,2024-03-07,Los Angeles,Singapore,BlueWave Lines,Sea,5429.5,4943,10,10,2772.28,true,
SH32184,2024-03-07,Dubai,Shanghai,Swift Cargo,Sea,752.0,12709,22,22,897.54,true,
SH32439,2024-03-07,Dubai,Los Angeles,Meridian Freight,Road,3864.7,1417,4,3,2121.27,false,Port congestion
SH24724,2024-03-08,Los Angeles,Hamburg,Atlas Air Cargo,Air,115.6,14861,3,3,1883.79,true,
SH24946,2024-03-08,Rotterdam,Busan,Atlas Air Cargo,Air,121.2,2124,1,1,400.38,true,
SH25286,2024-03-08,Hamburg,Busan,Swift Cargo,Road,924.0,1481,3,3,619.27,true,
SH25607,2024-03-08,Shanghai,Rotterdam,Atlas Air Cargo,Air,872.7,9876,2,2,11037.45,true,
SH25816,2024-03-08,Rotterdam,Hamburg,Meridian Freight,Rail,487.1,1918,2,3,365.32,true,
SH26511,2024-03-08,Hamburg,Busan,Atlas Air Cargo,Air,226.7,15162,3,3,3593.92,true,
SH26947,2024-03-08,Shanghai,Dubai,Swift Cargo,Road,501.1,1279,2,3,338.73,true,
SH27098,2024-03-08,Ho Chi Minh City,Hamburg,Northstar Logistics,Sea,646.8,7627,13,14,631.28,true,
SH27346,2024-03-08,Los Angeles,Hamburg,Meridian Freight,Sea,247.4,3910,8,8,215.24,true,
SH30535,2024-03-08,Dubai,Los Angeles,BlueWave Lines,Road,2581.2,1908,4,4,1956.9,true,
SH30596,2024-03-08,Hamburg,Shanghai,Northstar Logistics,Rail,2840.2,1369,3,3,1012.65,true,
SH31630,2024-03-08,Shanghai,Rotterdam,Atlas Air Cargo,Air,352.1,15049,2,3,6826.3,true,
SH32397,2024-03-08,Shanghai,Singapore,Northstar Logistics,Rail,673.4,1913,3,3,380.72,true,
SH32511,2024-03-08,Dubai,Los Angeles,BlueWave Lines,Sea,3245.7,5841,11,11,2149.95,true,
SH25158,2024-03-09,Rotterdam,Ho Chi Minh City,Meridian Freight,Sea,3222.2,13135,22,22,4281.5,true,
SH25783,2024-03-09,Shanghai,Busan,Swift Cargo,Sea,4393.5,3303,6,7,1412.23,true,
SH26310,2024-03-09,Dubai,Singapore,Atlas Air Cargo,Air,232.5,3944,1,1,1044.57,true,Customs
SH27239,2024-03-09,Rotterdam,Busan,Swift Cargo,Sea,1152.2,14809,25,25,1945.61,true,
SH27604,2024-03-09,Dubai,Singapore,BlueWave Lines,Sea,764.8,7860,14,14,751.46,true,
SH28070,2024-03-09,Singapore,Ho Chi Minh City,Atlas Air Cargo,Air,180.5,4709,2,2,958.21,true,
SH28689,2024-03-09,Los Angeles,Hamburg,Swift Cargo,Road,730.6,2413,6,5,656.17,false,Documentation
SH28706,2024-03-09,Singapore,Los Angeles,Meridian Freight,Road,3323.7,2355,5,5,2850.1,true,
SH29347,2024-03-09,Singapore,Ho Chi Minh City,Meridian Freight,Sea,570.0,3676,8,8,301.71,true,
SH29678,2024-03-09,Ho Chi Minh City,Los Angeles,BlueWave Lines,Sea,2617.3,14171,23,24,3488.22,true,
SH30603,2024-03-09,Rotterdam,Shanghai,Swift Cargo,Sea,1404.8,3765,8,8,642.96,true,
SH31199,2024-03-09,Rotterdam,Shanghai,BlueWave Lines,Sea,610.4,11101,19,19,748.42,true,
SH31832,2024-03-09,Rotterdam,Dubai,BlueWave Lines,Rail,3889.8,1421,3,3,1168.2,true,
SH32548,2024-03-09,Singapore,Rotterdam,Northstar Logistics,Road,672.0,674,2,2,298.02,true,
SH24022,2024-03-10,Rotterdam,Shanghai,Meridian Freight,Rail,1634.0,1361,3,3,604.37,true,
SH24629,2024-03-10,Ho Chi Minh City,Hamburg,Northstar Logistics,Sea,1211.2,4076,8,8,639.6,true,Weather
SH24672,2024-03-10,Singapore,Rotterdam,Northstar Logistics,Sea,2118.0,7825,14,14,1705.93,true,
SH26384,2024-03-10,Los Angeles,Hamburg,BlueWave Lines,Road,3485.0,696,2,2,1002.36,true,
SH26414,2024-03-10,Los Angeles,Rotterdam,Swift Cargo,Sea,226.0,3924,8,8,189.41,true,
SH27885,2024-03-10,Ho Chi Minh City,Dubai,Atlas Air Cargo,Air,246.9,14315,2,3,4751.03,true,
SH28543,2024-03-10,Dubai,Singapore,BlueWave Lines,Sea,1531.8,10041,17,17,1765.35,true,
SH29752,2024-03-10,Dubai,Ho Chi Minh City,BlueWave Lines,Sea,306.9,17866,28,29,697.6,true,
SH31397,2024-03-10,Hamburg,Rotterdam,Northstar Logistics,Sea,2053.2,15618,26,26,3050.61,true,
SH32885,2024-03-10,Busan,Hamburg,Atlas Air Cargo,Air,199.1,11016,2,2,2730.02,true,
SH25118,2024-03-11,Busan,Dubai,BlueWave Lines,Sea,2734.5,822,3,3,303.93,true,
SH25326,2024-03-11,Ho Chi Minh City,Busan,Atlas Air Cargo,Air,172.7,2097,1,1,490.14,true,
SH25553,2024-03-11,Busan,Hamburg,Meridian Freight,Road,4233.5,1525,4,4,2785.94,true,
SH26386,2024-03-11,Busan,Hamburg,Swift Cargo,Rail,2150.5,2143,6,4,1178.83,false,Customs
SH26668,2024-03-11,Singapore,Shanghai,Swift Cargo,Sea,919.1,13613,23,23,1284.89,true,
SH27683,2024-03-11,Los Angeles,Shanghai,Northstar Logistics,Sea,475.4,17803,28,29,1002.27,true,
SH27911,2024-03-11,Ho Chi Minh City,Dubai,Swift Cargo,Sea,983.2,5356,10,10,683.24,true,
SH31446,2024-03-11,Dubai,Los Angeles,Meridian Freight,Sea,1530.3,12877,22,22,1803.82,true,
SH31734,2024-03-11,Rotterdam,Hamburg,BlueWave Lines,Road,2998.7,1139,3,3,1309.49,true,
SH32333,2024-03-11,Shanghai,Hamburg,Swift Cargo,Sea,3726.8,1908,5,5,694.64,true,
SH25262,2024-03-12,Los Angeles,Singapore,Northstar Logistics,Sea,940.7,8848,16,16,893.99,true,
SH25458,2024-03-12,Hamburg,Busan,Northstar Logistics,Sea,1833.7,11857,20,20,2030.1,true,
SH25515,2024-03-12,Singapore,Busan,Meridian Freight,Sea,600.6,11931,20,20,671.94,true,
SH26176,2024-03-12,Ho Chi Minh City,Rotterdam,Meridian Freight,Sea,600.5,6114,16,11,464.94,false,Port congestion
SH27727,2024-03-12,Hamburg,Ho Chi Minh City,Meridian Freight,Road,2000.0,1969,4,4,1547.2,true,
SH29258,2024-03-12,Los Angeles,Ho Chi Minh City,Meridian Freight,Rail,1656.6,1840,3,3,694.53,true,
SH30869,2024-03-12,Los Angeles,Shanghai,BlueWave Lines,Rail,5323.4,342,1,1,496.48,true,
SH32287,2024-03-12,Busan,Hamburg,Meridian Freight,Sea,1263.2,11455,20,20,1291.18,true,
SH24080,2024-03-13,Singapore,Shanghai,Swift Cargo,Rail,214.5,189,1,1,128.92,true,
SH24997,2024-03-13,Singapore,Hamburg,Atlas Air Cargo,Air,297.2,17751,3,3,6610.98,true,
SH25967,2024-03-13,Ho Chi Minh City,Singapore,Swift Cargo,Sea,1297.0,11170,19,19,1526.99,true,
SH28767,2024-03-13,Busan,Ho Chi Minh City,Meridian Freight,Sea,640.2,6761,12,12,579.5,true,
SH30998,2024-03-13,Ho Chi Minh City,Los Angeles,Meridian Freight,Sea,1534.7,3880,8,8,723.64,true,
SH31380,2024-03-13,Shanghai,Ho Chi Minh City,Atlas Air Cargo,Air,318.3,12633,2,2,4276.64,true,
SH32833,2024-03-13,Rotterdam,Hamburg,Meridian Freight,Road,405.0,1057,3,3,258.12,true,
SH24043,2024-03-14,Ho Chi Minh City,Busan,Northstar Logistics,Sea,2799.9,5574,12,11,1512.59,false,Weather
SH26865,2024-03-14,Ho Chi Minh City,Singapore,Atlas Air Cargo,Air,158.2,7671,1,2,1314.79,true,
SH27070,2024-03-14,Singapore,Hamburg,Swift Cargo,Sea,2007.6,10468,18,18,2115.92,true,
SH27319,2024-03-14,Busan,Los Angeles,BlueWave Lines,Sea,1503.2,12475,20,21,2021.52,true,
SH29414,2024-03-14,Hamburg,Shanghai,Meridian Freight,Sea,189.2,17355,28,29,446.5,true,
SH29653,2024-03-14,Shanghai,Ho Chi Minh City,BlueWave Lines,Sea,3725.3,17912,30,30,5348.46,true,
SH32237,2024-03-14,Busan,Ho Chi Minh City,Northstar Logistics,Sea,1027.4,5607,11,11,581.29,true,
SH32417,2024-03-14,Shanghai,Rotterdam,Atlas Air Cargo,Air,226.4,4918,1,2,1545.81,true,
SH24220,2024-03-15,Los Angeles,Hamburg,Northstar Logistics,Sea,1875.6,13933,23,23,2172.02,true,
SH24521,2024-03-15,Ho Chi Minh City,Rotterdam,Meridian Freight,Sea,3178.4,2065,5,5,783.79,true,
SH27208,2024-03-15,Ho Chi Minh City,Rotterdam,Northstar Logistics,Sea,1317.0,2767,6,6,430.59,true,
SH27430,2024-03-15,Los Angeles,Singapore,Swift Cargo,Road,2125.2,1662,3,4,1331.61,true,
SH28013,2024-03-15,Busan,Dubai,Atlas Air Cargo,Air,381.1,4836,2,2,2541.8,true,
SH28867,2024-03-15,Hamburg,Dubai,Meridian Freight,Rail,3981.3,208,1,1,317.24,true,
SH29262,2024-03-15,Hamburg,Busan,Swift Cargo,Sea,601.5,3957,7,8,324.98,true,
SH31166,2024-03-15,Singapore,Hamburg,Meridian Freight,Road,470.0,515,2,2,207.67,true,
SH32752,2024-03-15,Ho Chi Minh City,Shanghai,Atlas Air Cargo,Air,192.2,10785,2,2,2096.14,true,
SH24061,2024-03-16,Los Angeles,Shanghai,BlueWave Lines,Sea,337.0,837,2,3,145.91,true,
SH24155,2024-03-16,Hamburg,Rotterdam,BlueWave Lines,Sea,633.0,7172,13,13,516.24,true,
SH24491,2024-03-16,Rotterdam,Hamburg,BlueWave Lines,Sea,1081.6,8467,15,15,935.0,true,
SH27335,2024-03-16,Hamburg,Singapore,Atlas Air Cargo,Air,565.3,2185,1,1,1555.6,true,
SH27761,2024-03-16,Shanghai,Los Angeles,Meridian Freight,Sea,1825.6,3459,7,7,628.15,true,
SH29127,2024-03-16,Singapore,Hamburg,Meridian Freight,Sea,690.3,13524,23,23,889.82,true,
SH29158,2024-03-16,Busan,Los Angeles,BlueWave Lines,Rail,1180.6,274,1,1,205.32,true,
SH30189,2024-03-16,Singapore,Ho Chi Minh City,Swift Cargo,Road,1136.5,2132,5,5,914.37,true,
SH30192,2024-03-16,Singapore,Rotterdam,BlueWave Lines,Sea,1390.7,8155,14,15,1094.31,true,
SH30435,2024-03-16,Los Angeles,Singapore,BlueWave Lines,Sea,693.4,14795,28,25,1141.5,false,Weather
SH30497,2024-03-16,Dubai,Los Angeles,Swift Cargo,Rail,411.7,792,1,2,196.92,true,
SH32141,2024-03-16,Los Angeles,Ho Chi Minh City,Swift Cargo,Road,921.2,2207,5,5,767.16,true,
SH32142,2024-03-16,Hamburg,Shanghai,Swift Cargo,Road,1233.3,179,1,1,190.04,true,
SH24560,2024-03-17,Los Angeles,Rotterdam,Meridian Freight,Sea,642.1,5440,12,10,437.08,false,Documentation
SH26806,2024-03-17,Shanghai,Busan,Atlas Air Cargo,Air,361.0,7239,2,2,3451.68,true,
SH27548,2024-03-17,Rotterdam,Hamburg,Atlas Air Cargo,Air,78.8,6811,2,2,626.28,true,
SH27648,2024-03-17,Los Angeles,Busan,BlueWave Lines,Sea,4252.3,14232,23,24,5448.5,true,
SH28103,2024-03-17,Dubai,Singapore,Atlas Air Cargo,Air,188.1,10645,2,2,2485.96,true,
SH29412,2024-03-17,Singapore,Hamburg,Meridian Freight,Sea,3279.9,12418,21,21,4438.62,true,
SH30153,2024-03-17,Rotterdam,Ho Chi Minh City,Swift Cargo,Road,2743.9,2215,5,5,2471.62,true,
SH30615,2024-03-17,Los Angeles,Singapore,Northstar Logistics,Sea,1223.3,16450,27,27,1685.66,true,
SH31371,2024-03-17,Dubai,Los Angeles,Meridian Freight,Sea,3728.3,2810,5,6,1081.02,true,
SH24781,2024-03-18,Shanghai,Dubai,BlueWave Lines,Sea,4854.6,1011,4,4,613.17,true,
SH25195,2024-03-18,Hamburg,Ho Chi Minh City,BlueWave Lines,Sea,2702.6,5682,11,11,1450.7,true,
SH25252,2024-03-18,Hamburg,Shanghai,Meridian Freight,Road,111.1,849,2,2,152.66,true,
SH25890,2024-03-18,Ho Chi Minh City,Shanghai,Swift Cargo,Sea,907.8,12814,22,22,1040.37,true,
SH26761,2024-03-18,Busan,Dubai,Meridian Freight,Sea,908.5,1087,3,4,200.54,true,
SH27998,2024-03-18,Hamburg,Rotterdam,Meridian Freight,Rail,1164.8,1173,4,2,405.81,false,Documentation
SH28541,2024-03-18,Shanghai,Singapore,Swift Cargo,Sea,1792.4,14924,26,25,2934.58,false,Weather
SH31290,2024-03-18,Dubai,Singapore,Swift Cargo,Rail,2061.7,1701,3,3,842.28,true,
SH31352,2024-03-18,Ho Chi Minh City,Busan,Meridian Freight,Sea,1016.8,7898,16,14,917.93,false,Port congestion
SH31595,2024-03-18,Dubai,Hamburg,Northstar Logistics,Sea,2136.5,16569,27,27,3228.77,true,
SH32389,2024-03-18,Los Angeles,Ho Chi Minh City,Meridian Freight,Sea,3302.6,5674,10,11,1624.55,true,
SH32453,2024-03-18,Dubai,Rotterdam,Atlas Air Cargo,Air,124.7,9187,2,2,1619.94,true,
SH32565,2024-03-18,Singapore,Busan,Northstar Logistics,Sea,1458.6,16688,27,28,2237.37,true,
SH32647,2024-03-18,Hamburg,Busan,Meridian Freight,Sea,503.4,15961,29,27,759.79,false,Equipment
SH32878,2024-03-18,Singapore,Shanghai,BlueWave Lines,Sea,2263.0,15259,24,25,3416.14,true,
SH24025,2024-03-19,Hamburg,Shanghai,Northstar Logistics,Sea,1052.8,4405,9,9,498.95,true,
SH24692,2024-03-19,Rotterdam,Ho Chi Minh City,BlueWave Lines,Sea,703.6,15364,27,26,1152.63,false,Customs
SH26981,2024-03-19,Dubai,Singapore,Northstar Logistics,Sea,5617.0,11941,20,20,6159.94,true,
SH27797,2024-03-19,Los Angeles,Busan,Atlas Air Cargo,Air,202.3,8732,2,2,2100.34,true,
SH28576,2024-03-19,Dubai,Ho Chi Minh City,Meridian Freight,Sea,4706.8,7209,13,13,2834.67,true,
SH29106,2024-03-19,Los Angeles,Rotterdam,Meridian Freight,Sea,2294.4,1141,4,4,397.19,true,
SH30250,2024-03-19,Ho Chi Minh City,Singapore,Swift Cargo,Sea,1373.2,8628,15,15,1226.53,true,
SH30342,2024-03-19,Ho Chi Minh City,Singapore,Atlas Air Cargo,Air,82.9,16993,4,3,1766.32,false,Documentation
SH31860,2024-03-19,Hamburg,Singapore,Northstar Logistics,Sea,1070.2,5282,10,10,627.85,true,
SH32267,2024-03-19,Shanghai,Dubai,BlueWave Lines,Sea,1071.4,6855,13,13,850.6,true,
SH24454,2024-03-20,Rotterdam,Shanghai,Meridian Freight,Sea,769.8,16914,28,28,1295.44,true,
SH24979,2024-03-20,Singapore,Dubai,Atlas Air Cargo,Air,141.0,5927,2,2,952.3,true,
SH26951,2024-03-20,Singapore,Ho Chi Minh City,Swift Cargo,Sea,1165.4,6491,12,12,821.54,true,
SH27079,2024-03-20,Shanghai,Singapore,Atlas Air Cargo,Air,214.3,6123,1,2,1812.42,true,
SH27108,2024-03-20,Rotterdam,Shanghai,Atlas Air Cargo,Air,102.1,3501,1,1,514.84,true,
SH27774,2024-03-20,Busan,Los Angeles,Atlas Air Cargo,Air,252.2,5736,2,2,1977.85,true,
SH28450,2024-03-20,Hamburg,Rotterdam,Northstar Logistics,Sea,591.3,5196,14,10,416.4,false,Customs
SH28881,2024-03-20,Hamburg,Busan,Meridian Freight,Sea,781.4,15047,25,25,1234.2,true,
SH29522,2024-03-20,Dubai,Busan,Northstar Logistics,Sea,315.6,12894,25,22,496.38,false,Customs
SH29629,2024-03-20,Ho Chi Minh City,Singapore,BlueWave Lines,Sea,1657.3,4300,8,9,801.19,true,
SH29907,2024-03-20,Ho Chi Minh City,Los Angeles,Atlas Air Cargo,Air,165.9,8486,2,2,1864.31,true,
SH30840,2024-03-20,Rotterdam,Dubai,Swift Cargo,Sea,2005.8,2110,5,5,478.93,true,
SH30947,2024-03-20,Dubai,Singapore,Atlas Air Cargo,Air,113.5,6904,1,2,1049.7,true,
SH30984,2024-03-20,Ho Chi Minh City,Hamburg,BlueWave Lines,Rail,722.9,2034,4,4,448.65,true,
SH31682,2024-03-20,Los Angeles,Busan,BlueWave Lines,Sea,372.7,16493,27,27,685.93,true,
SH31712,2024-03-20,Los Angeles,Dubai,Atlas Air Cargo,Air,805.4,6670,2,2,5232.82,true,
SH32153,2024-03-20,Rotterdam,Busan,Meridian Freight,Sea,734.6,1349,4,4,196.91,true,
SH32581,2024-03-20,Los Angeles,Shanghai,BlueWave Lines,Sea,790.1,16988,28,28,1279.17,true,
SH32608,2024-03-20,Busan,Singapore,Atlas Air Cargo,Air,72.5,11735,2,2,953.53,true,
SH32841,2024-03-20,Singapore,Busan,Northstar Logistics,Rail,377.3,335,1,1,147.87,true,
SH25548,2024-03-21,Rotterdam,Ho Chi Minh City,Northstar Logistics,Road,4336.8,499,1,2,818.52,true,
SH25936,2024-03-21,Ho Chi Minh City,Hamburg,Atlas Air Cargo,Air,1511.2,14652,2,3,23905.14,true,
SH26147,2024-03-21,Rotterdam,Hamburg,Meridian Freight,Road,1164.8,2210,5,5,1130.73,true,
SH27404,2024-03-21,Busan,Dubai,Swift Cargo,Sea,902.6,11695,20,20,936.72,true,
SH27586,2024-03-21,Dubai,Ho Chi Minh City,Northstar Logistics,Sea,1626.8,12021,20,20,2050.3,true,
SH29015,2024-03-21,Shanghai,Hamburg,Swift Cargo,Sea,952.9,17027,27,28,1810.05,true,
SH29206,2024-03-21,Busan,Los Angeles,Northstar Logistics,Sea,3614.4,6736,11,12,2228.69,true,
SH29358,2024-03-21,Dubai,Busan,Northstar Logistics,Rail,368.8,2232,6,4,281.85,false,Customs
SH30399,2024-03-21,Hamburg,Singapore,Meridian Freight,Sea,3903.0,16625,27,28,5639.52,true,
SH31910,2024-03-21,Ho Chi Minh City,Singapore,Northstar Logistics,Sea,1738.0,9111,16,16,1768.8,true,
SH31928,2024-03-21,Busan,Rotterdam,BlueWave Lines,Rail,2892.2,217,1,1,253.75,true,
SH32442,2024-03-21,Rotterdam,Busan,Swift Cargo,Sea,1146.0,14641,25,25,1879.91,true,
SH32502,2024-03-21,Los Angeles,Shanghai,Atlas Air Cargo,Air,2298.2,6984,2,2,19245.41,true,
SH25022,2024-03-22,Shanghai,Ho Chi Minh City,Atlas Air Cargo,Air,339.7,9811,1,2,3971.6,true,
SH25529,2024-03-22,Dubai,Hamburg,Meridian Freight,Sea,1130.6,3546,6,7,430.38,true,
SH27063,2024-03-22,Rotterdam,Busan,Meridian Freight,Sea,2242.8,8896,15,16,1835.4,true,
SH28781,2024-03-22,Ho Chi Minh City,Los Angeles,Meridian Freight,Sea,2947.8,14887,24,25,4289.88,true,
SH29164,2024-03-22,Rotterdam,Ho Chi Minh City,Northstar Logistics,Sea,993.6,13162,21,22,1443.54,true,
SH29298,2024-03-22,Los Angeles,Rotterdam,Atlas Air Cargo,Air,629.8,6380,2,2,4650.37,true,
SH29468,2024-03-22,Los Angeles,Ho Chi Minh City,Northstar Logistics,Rail,3234.5,1640,3,3,1154.64,true,
SH29665,2024-03-22,Ho Chi Minh City,Hamburg,Meridian Freight,Rail,3058.8,2416,3,4,1863.6,true,
SH31855,2024-03-22,Rotterdam,Singapore,BlueWave Lines,Sea,1021.9,12335,21,21,1243.97,true,
SH32103,2024-03-22,Ho Chi Minh City,Shanghai,BlueWave Lines,Rail,2256.7,1815,7,3,1116.04,false,Port congestion
SH32358,2024-03-22,Hamburg,Singapore,Northstar Logistics,Sea,1148.5,1583,3,4,272.64,true,
SH25106,2024-03-23,Hamburg,Busan,Atlas Air Cargo,Air,596.0,5013,2,2,3059.36,true,
SH25579,2024-03-23,Rotterdam,Dubai,Northstar Logistics,Road,692.0,2233,7,5,708.23,false,Port congestion
SH25873,2024-03-23,Shanghai,Ho Chi Minh City,Northstar Logistics,Sea,2266.7,978,3,4,291.98,true,
SH26153,2024-03-23,Busan,Hamburg,Atlas Air Cargo,Air,224.6,8708,2,2,2024.49,true,
SH26596,2024-03-23,Hamburg,Rotterdam,Swift Cargo,Sea,2792.2,6246,12,12,1765.03,true,
SH27028,2024-03-23,Singapore,Shanghai,Swift Cargo,Sea,2587.6,6759,11,12,1748.25,true,
SH27044,2024-03-23,Singapore,Los Angeles,Atlas Air Cargo,Air,403.1,9045,2,2,4899.68,true,
SH27256,2024-03-23,Rotterdam,Los Angeles,Atlas Air Cargo,Air,37.2,13802,3,3,660.42,true,
SH27460,2024-03-23,Hamburg,Shanghai,Northstar Logistics,Sea,5783.1,7468,13,13,4414.94,true,
SH27474,2024-03-23,Ho Chi Minh City,Dubai,Meridian Freight,Sea,1854.7,4003,7,8,753.87,true,
SH28977,2024-03-23,Ho Chi Minh City,Busan,Swift Cargo,Road,313.5,418,2,2,168.17,true,
SH29211,2024-03-23,Rotterdam,Ho Chi Minh City,BlueWave Lines,Road,2534.7,291,1,1,403.15,true,
SH31577,2024-03-23,Singapore,Hamburg,BlueWave Lines,Sea,1362.8,4587,9,9,720.41,true,
SH32188,2024-03-23,Busan,Dubai,Swift Cargo,Rail,514.6,904,2,2,239.42,true,
SH24789,2024-03-24,Hamburg,Rotterdam,Atlas Air Cargo,Air,798.2,2193,1,1,1772.27,true,
SH25847,2024-03-24,Busan,Shanghai,BlueWave Lines,Sea,4622.3,12038,20,21,5269.96,true,
SH25924,2024-03-24,Ho Chi Minh City,Busan,Northstar Logistics,Sea,3704.2,1621,4,4,762.15,true,
SH27147,2024-03-24,Hamburg,Shanghai,BlueWave Lines,Sea,1684.0,8628,14,15,1277.23,true,
SH28586,2024-03-24,Ho Chi Minh City,Hamburg,BlueWave Lines,Sea,443.2,12624,21,21,718.44,true,
SH29626,2024-03-24,Busan,Rotterdam,Swift Cargo,Road,576.9,257,1,1,164.28,true,
SH30940,2024-03-24,Shanghai,Los Angeles,Swift Cargo,Road,2348.1,1492,3,3,1463.94,true,
SH32254,2024-03-24,Busan,Hamburg,Swift Cargo,Road,547.1,819,6,2,274.79,false,Documentation
SH24086,2024-03-25,Shanghai,Ho Chi Minh City,Atlas Air Cargo,Air,165.6,8553,2,2,1625.99,true,
SH24194,2024-03-25,Ho Chi Minh City,Busan,Northstar Logistics,Sea,900.3,12028,20,21,987.4,true,
SH25765,2024-03-25,Shanghai,Dubai,Atlas Air Cargo,Air,115.3,1029,1,1,254.59,true,
SH25917,2024-03-25,Singapore,Rotterdam,BlueWave Lines,Road,1671.2,1894,4,4,1434.52,true,
SH26974,2024-03-25,Shanghai,Dubai,Northstar Logistics,Sea,224.8,7543,14,14,284.23,true,
SH28782,2024-03-25,Busan,Los Angeles,Swift Cargo,Sea,3938.5,3025,7,7,1338.72,true,
SH28847,2024-03-25,Ho Chi Minh City,Los Angeles,Swift Cargo,Road,242.7,744,1,2,191.98,true,
SH30871,2024-03-25,Rotterdam,Ho Chi Minh City,Northstar Logistics,Sea,91.7,1764,5,5,134.28,true,
SH31394,2024-03-25,Dubai,Hamburg,Swift Cargo,Sea,3501.3,14494,24,24,4975.79,true,
SH31580,2024-03-25,Singapore,Shanghai,BlueWave Lines,Sea,2888.5,9788,16,17,2981.23,true,
SH32470,2024-03-25,Rotterdam,Ho Chi Minh City,Swift Cargo,Rail,543.2,696,11,2,209.33,false,Weather
SH32998,2024-03-25,Singapore,Rotterdam,BlueWave Lines,Sea,947.1,4965,9,10,528.54,true,
SH24208,2024-03-26,Los Angeles,Busan,Northstar Logistics,Road,233.3,1090,6,3,213.33,false,Port congestion
SH24469,2024-03-26,Ho Chi Minh City,Dubai,BlueWave Lines,Sea,2136.5,11520,19,20,2651.25,true,
SH25592,2024-03-26,Los Angeles,Rotterdam,Northstar Logistics,Sea,746.1,17271,31,29,1459.68,false,Port congestion
SH26654,2024-03-26,Singapore,Hamburg,Northstar Logistics,Sea,447.1,8867,15,16,508.04,true,
SH27519,2024-03-26,Rotterdam,Busan,Meridian Freight,Sea,902.1,12692,21,22,1259.41,true,
SH27798,2024-03-26,Los Angeles,Dubai,Atlas Air Cargo,Air,242.9,990,1,1,366.78,true,
SH29378,2024-03-26,Rotterdam,Dubai,Meridian Freight,Sea,945.8,1400,4,4,228.52,true,
SH30673,2024-03-26,Hamburg,Los Angeles,Northstar Logistics,Road,1377.8,2412,5,5,1151.81,true,
SH25501,2024-03-27,Los Angeles,Busan,Swift Cargo,Rail,2412.1,2264,4,4,1392.33,true,
SH29781,2024-03-27,Shanghai,Singapore,Northstar Logistics,Sea,3440.4,6953,17,13,2234.55,false,Equipment
SH30136,2024-03-27,Los Angeles,Rotterdam,Meridian Freight,Sea,2733.9,15634,28,26,4025.47,false,Weather
SH32178,2024-03-27,Singapore,Busan,Swift Cargo,Sea,1873.8,2885,5,6,661.47,true,
SH32692,2024-03-27,Hamburg,Rotterdam,Atlas Air Cargo,Air,391.1,16452,3,3,7878.13,true,
SH32877,2024-03-27,Hamburg,Rotterdam,Northstar Logistics,Road,1275.7,373,2,2,290.92,true,
SH24046,2024-03-28,Busan,Los Angeles,BlueWave Lines,Sea,5396.9,16395,27,27,8756.75,true,
SH24388,2024-03-28,Singapore,Hamburg,Northstar Logistics,Sea,4258.1,14670,25,25,5943.62,true,
SH24770,2024-03-28,Ho Chi Minh City,Rotterdam,Northstar Logistics,Rail,1154.4,1639,2,3,559.63,true,
SH25426,2024-03-28,Busan,Dubai,Swift Cargo,Sea,7887.3,4031,8,8,3540.57,true,
SH25735,2024-03-28,Singapore,Busan,Atlas Air Cargo,Air,191.6,17199,3,3,3211.23,true,
SH25796,2024-03-28,Rotterdam,Dubai,Meridian Freight,Road,492.0,647,2,2,215.58,true,
SH26334,2024-03-28,Shanghai,Dubai,Meridian Freight,Sea,4237.4,7081,12,13,2557.21,true,
SH27156,2024-03-28,Dubai,Shanghai,Atlas Air Cargo,Air,147.8,12750,2,2,2258.35,true,
SH27402,2024-03-28,Singapore,Los Angeles,BlueWave Lines,Sea,3865.5,14033,23,24,4343.03,true,
SH27451,2024-03-28,Busan,Shanghai,Northstar Logistics,Sea,1275.6,15719,26,26,1997.7,true,
SH29028,2024-03-28,Singapore,Shanghai,Meridian Freight,Sea,1167.8,6741,12,12,921.36,true,
SH29805,2024-03-28,Dubai,Busan,Northstar Logistics,Sea,415.5,16571,26,27,846.09,true,
SH30310,2024-03-28,Busan,Singapore,BlueWave Lines,Road,216.8,1768,4,4,262.53,true,
SH31383,2024-03-28,Los Angeles,Hamburg,BlueWave Lines,Rail,1655.6,1853,3,3,787.96,true,
SH31470,2024-03-28,Dubai,Rotterdam,Atlas Air Cargo,Air,254.3,6235,2,2,1708.7,true,
SH32193,2024-03-28,Rotterdam,Dubai,Swift Cargo,Sea,1074.9,4760,9,9,662.65,true,
SH32357,2024-03-28,Rotterdam,Ho Chi Minh City,Atlas Air Cargo,Air,159.0,12374,2,2,2094.29,true,
SH32532,2024-03-28,Hamburg,Ho Chi Minh City,BlueWave Lines,Sea,3036.5,13763,23,23,3832.14,true,
SH24366,2024-03-29,Singapore,Los Angeles,Atlas Air Cargo,Air,172.7,9762,1,2,1905.0,true,
SH24799,2024-03-29,Shanghai,Rotterdam,Swift Cargo,Sea,1264.5,2495,11,6,456.91,false,Weather
SH25155,2024-03-29,Busan,Ho Chi Minh City,Swift Cargo,Sea,3331.6,7835,13,14,2721.95,true,
SH25814,2024-03-29,Shanghai,Busan,BlueWave Lines,Sea,1143.1,5619,10,11,808.82,true,
SH25856,2024-03-29,Los Angeles,Rotterdam,Northstar Logistics,Road,2610.0,1699,3,4,1870.61,true,
SH26478,2024-03-29,Shanghai,Rotterdam,Meridian Freight,Sea,167.7,16296,27,27,341.51,true,
SH27131,2024-03-29,Ho Chi Minh City,Busan,BlueWave Lines,Sea,692.3,6740,11,12,481.31,true,
SH29946,2024-03-29,Shanghai,Los Angeles,Northstar Logistics,Road,1483.0,203,1,1,222.3,true,
SH30070,2024-03-29,Ho Chi Minh City,Hamburg,Northstar Logistics,Road,1176.2,415,1,2,293.51,true,
SH30190,2024-03-29,Ho Chi Minh City,Singapore,Swift Cargo,Sea,2324.5,2121,5,5,513.0,true,
SH30282,2024-03-29,Los Angeles,Busan,Atlas Air Cargo,Air,97.1,3826,1,1,483.48,true,
SH30643,2024-03-29,Busan,Shanghai,Atlas Air Cargo,Air,221.1,13103,1,2,3717.08,true,
SH31263,2024-03-29,Rotterdam,Shanghai,BlueWave Lines,Road,2960.4,2146,5,5,2650.43,true,
SH31744,2024-03-29,Dubai,Rotterdam,Atlas Air Cargo,Air,127.4,8839,2,2,1187.01,true,
SH31758,2024-03-29,Shanghai,Busan,Meridian Freight,Rail,812.6,1906,3,3,473.68,true,
SH24136,2024-03-30,Dubai,Los Angeles,BlueWave Lines,Sea,1585.2,12903,21,22,1942.93,true,
SH25207,2024-03-30,Ho Chi Minh City,Shanghai,BlueWave Lines,Rail,2554.6,2070,4,4,1207.12,true,
SH25257,2024-03-30,Ho Chi Minh City,Hamburg,Meridian Freight,Sea,4259.6,5090,9,10,1857.65,true,
SH26817,2024-03-30,Busan,Ho Chi Minh City,Atlas Air Cargo,Air,61.7,6896,2,2,580.93,true,
SH27006,2024-03-30,Singapore,Busan,Swift Cargo,Sea,1426.2,1681,5,5,312.08,true,
SH27806,2024-03-30,Dubai,Singapore,Meridian Freight,Road,1067.5,2184,5,5,1006.63,true,
SH27886,2024-03-30,Rotterdam,Singapore,BlueWave Lines,Road,516.0,366,1,2,199.25,true,
SH28504,2024-03-30,Shanghai,Dubai,Meridian Freight,Sea,1518.2,4210,8,8,609.15,true,
SH29367,2024-03-30,Dubai,Rotterdam,Atlas Air Cargo,Air,375.1,6901,2,2,3155.67,true,
SH32606,2024-03-30,Busan,Hamburg,BlueWave Lines,Sea,2015.9,4416,9,9,829.83,true,
SH24495,2024-03-31,Los Angeles,Rotterdam,Atlas Air Cargo,Air,416.5,830,1,1,465.69,true,
SH24507,2024-03-31,Los Angeles,Dubai,Meridian Freight,Sea,812.4,2371,6,6,281.78,true,
SH24622,2024-03-31,Ho Chi Minh City,Shanghai,Meridian Freight,Sea,7700.0,10959,18,19,8357.2,true,
SH24681,2024-03-31,Ho Chi Minh City,Rotterdam,BlueWave Lines,Road,993.5,290,1,1,236.71,true,
SH25476,2024-03-31,Dubai,Hamburg,Atlas Air Cargo,Air,197.2,6007,2,2,1331.85,true,
SH25830,2024-03-31,Busan,Dubai,Atlas Air Cargo,Air,254.9,1111,1,1,391.07,true,
SH26154,2024-03-31,Busan,Los Angeles,Meridian Freight,Road,1905.6,955,2,3,695.34,true,
SH27145,2024-03-31,Hamburg,Busan,Atlas Air Cargo,Air,534.4,2534,1,1,1896.59,true,
SH27823,2024-03-31,Hamburg,Ho Chi Minh City,Swift Cargo,Sea,1750.1,7813,14,14,1213.37,true,
SH29045,2024-03-31,Los Angeles,Dubai,Northstar Logistics,Sea,2551.8,14594,24,24,3668.43,true,
SH29227,2024-03-31,Busan,Los Angeles,BlueWave Lines,Road,1987.4,1575,4,4,1294.03,true,
SH30007,2024-03-31,Singapore,Ho Chi Minh City,Atlas Air Cargo,Air,79.8,15929,2,3,1794.66,true,
SH31498,2024-03-31,Singapore,Shanghai,BlueWave Lines,Road,8089.7,2441,5,5,7060.73,true,
SH32364,2024-03-31,Hamburg,Singapore,Swift Cargo,Sea,4959.9,1946,5,5,892.09,true,
SH32596,2024-03-31,Ho Chi Minh City,Rotterdam,Swift Cargo,Sea,1276.5,13798,23,23,1882.99,true,
SH24131,2024-04-01,Singapore,Ho Chi Minh City,Atlas Air Cargo,Air,2070.2,15600,2,3,37906.06,true,
SH24557,2024-04-01,Dubai,Busan,BlueWave Lines,Rail,2741.1,1719,2,3,1012.2,true,
SH24720,2024-04-01,Los Angeles,Hamburg,Swift Cargo,Road,640.9,1074,3,3,394.27,true,
SH24763,2024-04-01,Shanghai,Busan,Meridian Freight,Road,1574.4,1053,2,3,777.85,true,
SH26024,2024-04-01,Shanghai,Busan,Swift Cargo,Road,737.1,2286,5,5,794.07,true,
SH26542,2024-04-01,Singapore,Shanghai,Atlas Air Cargo,Air,397.3,4204,1,1,1961.65,true,
SH27161,2024-04-01,Rotterdam,Busan,Northstar Logistics,Sea,1788.5,12433,21,21,2506.46,true,
SH27212,2024-04-01,Busan,Hamburg,Atlas Air Cargo,Air,245.6,1997,1,1,766.95,true,
SH27705,2024-04-01,Los Angeles,Ho Chi Minh City,Meridian Freight,Sea,1191.8,4437,9,9,577.49,true,
SH27776,2024-04-01,Hamburg,Shanghai,Atlas Air Cargo,Air,132.1,10824,2,2,1852.9,true,
SH28324,2024-04-01,Busan,Shanghai,Swift Cargo,Sea,2545.8,11529,20,20,3075.03,true,
SH28991,2024-04-01,Los Angeles,Busan,Meridian Freight,Sea,678.3,5168,9,10,465.6,true,
SH30384,2024-04-01,Singapore,Hamburg,Atlas Air Cargo,Air,322.8,10907,2,2,3654.34,true,
SH30567,2024-04-01,Busan,Rotterdam,BlueWave Lines,Sea,1374.3,10892,19,19,1491.41,true,
SH30604,2024-04-01,Rotterdam,Shanghai,Northstar Logistics,Rail,926.1,1265,3,3,405.76,true,
SH31153,2024-04-01,Los Angeles,Busan,Swift Cargo,Road,2988.1,1480,2,3,1663.29,true,
SH26018,2024-04-02,Rotterdam,Dubai,Northstar Logistics,Sea,2809.5,1560,3,4,580.63,true,
SH26201,2024-04-02,Rotterdam,Hamburg,Meridian Freight,Sea,2411.7,16500,27,27,4012.37,true,
SH26624,2024-04-02,Rotterdam,Shanghai,Meridian Freight,Sea,2591.2,5093,11,10,1458.5,false,Port congestion
SH28005,2024-04-02,Rotterdam,Busan,Atlas Air Cargo,Air,268.0,12296,2,2,3484.27,true,
SH30115,2024-04-02,Los Angeles,Singapore,BlueWave Lines,Road,958.6,1414,2,3,610.83,true,
SH30540,2024-04-02,Hamburg,Ho Chi Minh City,Meridian Freight,Sea,1317.5,4887,10,10,721.34,true,
SH31750,2024-04-02,Ho Chi Minh City,Hamburg,Northstar Logistics,Road,892.8,390,2,2,259.62,true,
SH32781,2024-04-02,Busan,Hamburg,Meridian Freight,Sea,5219.3,9255,16,16,5200.99,true,Documentation
SH24587,2024-04-03,Los Angeles,Busan,BlueWave Lines,Sea,1643.0,14853,25,25,2416.72,true,
SH25274,2024-04-03,Busan,Dubai,Meridian Freight,Sea,1519.0,17411,29,29,2329.89,true,
SH25490,2024-04-03,Los Angeles,Shanghai,Northstar Logistics,Sea,4468.5,4327,9,9,1926.09,true,
SH26631,2024-04-03,Ho Chi Minh City,Singapore,Swift Cargo,Sea,2416.4,6888,12,13,1518.88,true,
SH26686,2024-04-03,Shanghai,Singapore,Northstar Logistics,Rail,802.1,371,3,1,192.33,false,Equipment
SH27040,2024-04-03,Dubai,Busan,Atlas Air Cargo,Air,262.8,11426,2,2,4064.56,true,
SH27523,2024-04-03,Los Angeles,Ho Chi Minh City,Meridian Freight,Road,918.4,2434,5,5,878.22,true,
SH27995,2024-04-03,Ho Chi Minh City,Rotterdam,Northstar Logistics,Sea,2443.2,11811,29,20,3093.06,false,Weather
SH29297,2024-04-03,Rotterdam,Ho Chi Minh City,Swift Cargo,Sea,1379.6,16339,27,27,2034.86,true,
SH30373,2024-04-03,Busan,Shanghai,Atlas Air Cargo,Air,85.1,1271,1,1,254.35,true,
SH32078,2024-04-03,Dubai,Rotterdam,Meridian Freight,Road,1090.9,1001,3,3,569.63,true,
SH32172,2024-04-03,Shanghai,Busan,Meridian Freight,Sea,485.4,10558,17,18,553.94,true,
SH24706,2024-04-04,Shanghai,Rotterdam,BlueWave Lines,Road,1103.6,2128,5,5,1075.17,true,
SH25306,2024-04-04,Shanghai,Busan,Swift Cargo,Sea,631.8,7544,14,14,515.11,true,Weather
SH25571,2024-04-04,Rotterdam,Singapore,Swift Cargo,Rail,986.5,846,8,2,330.55,false,Documentation
SH25831,2024-04-04,Rotterdam,Dubai,Meridian Freight,Sea,794.3,15615,26,26,1112.44,true,
SH26218,2024-04-04,Ho Chi Minh City,Dubai,Northstar Logistics,Sea,990.1,15394,25,26,1395.44,true,
SH26507,2024-04-04,Busan,Hamburg,BlueWave Lines,Rail,2474.2,1534,2,3,1001.58,true,
SH27315,2024-04-04,Rotterdam,Hamburg,BlueWave Lines,Road,3331.9,2303,5,5,3021.34,true,
SH28214,2024-04-04,Rotterdam,Ho Chi Minh City,BlueWave Lines,Sea,1674.8,4403,9,9,849.59,true,
SH30093,2024-04-04,Los Angeles,Singapore,Swift Cargo,Sea,481.6,11776,20,20,574.14,true,
SH27765,2024-04-05,Singapore,Los Angeles,Swift Cargo,Sea,1279.0,14962,25,25,1940.01,true,
SH28151,2024-04-05,Rotterdam,Hamburg,Northstar Logistics,Sea,634.3,1015,5,4,188.23,false,Customs
SH32221,2024-04-05,Ho Chi Minh City,Hamburg,Atlas Air Cargo,Air,389.0,11914,2,2,5134.12,true,
SH24549,2024-04-06,Ho Chi Minh City,Rotterdam,Swift Cargo,Sea,493.1,17766,28,29,824.32,true,
SH25546,2024-04-06,Rotterdam,Singapore,Atlas Air Cargo,Air,145.0,10494,1,2,1752.53,true,
SH25877,2024-04-06,Singapore,Ho Chi Minh City,Northstar Logistics,Sea,888.9,14892,24,25,1509.07,true,
SH25972,2024-04-06,Dubai,Hamburg,Swift Cargo,Road,3018.6,556,1,2,774.85,true,
SH26226,2024-04-06,Hamburg,Los Angeles,Atlas Air Cargo,Air,953.1,13573,2,3,16764.56,true,
SH29679,2024-04-06,Hamburg,Busan,Northstar Logistics,Sea,702.0,1521,3,4,210.92,true,
SH29706,2024-04-06,Singapore,Shanghai,Atlas Air Cargo,Air,496.3,17131,3,3,11097.66,true,
SH29847,2024-04-06,Singapore,Los Angeles,Swift Cargo,Sea,3570.1,8457,18,15,3033.62,false,Port congestion
SH30194,2024-04-06,Singapore,Ho Chi Minh City,Northstar Logistics,Sea,856.6,17780,33,29,1612.04,false,Weather
SH30411,2024-04-06,Ho Chi Minh City,Singapore,Atlas Air Cargo,Air,27.8,12466,2,2,469.4,true,
SH31154,2024-04-06,Los Angeles,Singapore,Swift Cargo,Rail,615.8,1029,2,2,246.29,true,
SH31292,2024-04-06,Busan,Singapore,Meridian Freight,Sea,486.1,17055,27,28,887.53,true,
SH32630,2024-04-06,Rotterdam,Hamburg,Northstar Logistics,Sea,1196.7,10900,19,19,1275.15,true,
SH32771,2024-04-06,Los Angeles,Rotterdam,Meridian Freight,Road,1164.8,2339,5,5,1068.25,true,
SH25181,2024-04-07,Dubai,Singapore,Meridian Freight,Sea,870.6,6421,11,12,624.93,true,
SH25794,2024-04-07,Dubai,Los Angeles,Swift Cargo,Rail,848.1,622,2,2,252.78,true,
SH25848,2024-04-07,Busan,Dubai,Northstar Logistics,Sea,1184.4,6608,12,12,908.85,true,Equipment
SH26216,2024-04-07,Hamburg,Singapore,Northstar Logistics,Road,2254.0,2320,5,5,2154.88,true,
SH27627,2024-04-07,Singapore,Hamburg,BlueWave Lines,Road,2153.6,742,1,2,636.43,true,
SH28340,2024-04-07,Ho Chi Minh City,Los Angeles,Meridian Freight,Rail,660.7,2383,3,4,469.61,true,
SH29160,2024-04-07,Los Angeles,Rotterdam,Atlas Air Cargo,Air,296.5,9223,2,2,3228.23,true,
SH30050,2024-04-07,Dubai,Hamburg,Swift Cargo,Sea,5085.7,7922,17,14,4215.38,false,Port congestion
SH25133,2024-04-08,Rotterdam,Busan,BlueWave Lines,Sea,1676.8,1050,4,4,309.88,true,
SH26562,2024-04-08,Shanghai,Ho Chi Minh City,Atlas Air Cargo,Air,159.7,17622,3,3,2940.97,true,
SH31176,2024-04-08,Busan,Ho Chi Minh City,Meridian Freight,Sea,3665.4,3702,8,8,1340.65,true,
SH32523,2024-04-08,Ho Chi Minh City,Singapore,Northstar Logistics,Sea,1803.3,16999,28,28,2528.02,true,
SH25156,2024-04-09,Shanghai,Busan,BlueWave Lines,Rail,2602.5,2490,3,4,1331.98,true,
SH27778,2024-04-09,Los Angeles,Busan,Meridian Freight,Sea,707.2,9846,23,17,775.87,false,Port congestion
SH27977,2024-04-09,Busan,Dubai,Northstar Logistics,Sea,545.3,14955,25,25,874.4,true,
SH29528,2024-04-09,Busan,Singapore,Swift Cargo,Sea,4568.1,11030,19,19,4963.89,true,
SH30426,2024-04-09,Los Angeles,Hamburg,Meridian Freight,Sea,1223.7,12279,20,21,1674.67,true,
SH31677,2024-04-09,Ho Chi Minh City,Los Angeles,Meridian Freight,Sea,1696.2,15657,25,26,2861.68,true,
SH31812,2024-04-09,Singapore,Hamburg,Meridian Freight,Sea,1145.1,6934,17,13,969.34,false,Port congestion
SH32091,2024-04-09,Busan,Los Angeles,Northstar Logistics,Road,865.2,2128,5,5,791.47,true,
SH32209,2024-04-09,Dubai,Rotterdam,Northstar Logistics,Sea,909.2,1480,4,4,243.4,true,
SH32428,2024-04-09,Ho Chi Minh City,Singapore,Atlas Air Cargo,Air,197.1,14642,3,3,3917.4,true,
SH32900,2024-04-09,Los Angeles,Dubai,Northstar Logistics,Sea,1296.6,7129,16,13,1035.04,false,Port congestion
SH24055,2024-04-10,Shanghai,Busan,BlueWave Lines,Sea,1413.3,3866,8,8,639.9,true,
SH25296,2024-04-10,Shanghai,Dubai,Swift Cargo,Rail,426.5,2133,3,4,342.69,true,
SH25811,2024-04-10,Los Angeles,Hamburg,Meridian Freight,Sea,1508.7,4455,9,9,662.94,true,
SH26992,2024-04-10,Busan,Los Angeles,BlueWave Lines,Sea,1772.7,6748,11,12,1304.68,true,
SH27572,2024-04-10,Los Angeles,Shanghai,Swift Cargo,Sea,1691.3,1650,5,5,403.58,true,
SH28567,2024-04-10,Shanghai,Ho Chi Minh City,Northstar Logistics,Sea,694.7,10865,20,19,748.17,false,Port congestion
SH28930,2024-04-10,Busan,Rotterdam,Atlas Air Cargo,Air,90.3,3028,3,1,427.54,false,Documentation
SH29137,2024-04-10,Ho Chi Minh City,Los Angeles,BlueWave Lines,Sea,832.5,12942,21,22,1205.45,true,
SH29523,2024-04-10,Busan,Dubai,BlueWave Lines,Road,673.8,1358,2,3,432.28,true,
SH29772,2024-04-10,Busan,Ho Chi Minh City,Swift Cargo,Road,736.4,796,2,2,302.04,true,
SH30364,2024-04-10,Hamburg,Busan,BlueWave Lines,Road,2521.0,683,2,2,820.66,true,
SH30935,2024-04-10,Rotterdam,Dubai,Meridian Freight,Sea,2821.6,9924,17,17,2606.16,true,
SH32166,2024-04-10,Hamburg,Ho Chi Minh City,Meridian Freight,Sea,1154.3,5129,10,10,695.91,true,
SH32351,2024-04-10,Los Angeles,Ho Chi Minh City,Atlas Air Cargo,Air,252.9,6215,1,2,1807.09,true,
SH32488,2024-04-10,Ho Chi Minh City,Los Angeles,Atlas Air Cargo,Air,308.0,809,1,1,427.55,true,
SH32602,2024-04-10,Rotterdam,Hamburg,Northstar Logistics,Sea,575.9,11885,20,20,786.11,true,
SH32749,2024-04-10,Los Angeles,Singapore,BlueWave Lines,Sea,2838.8,6742,11,12,2106.33,true,
SH25550,2024-04-11,Hamburg,Dubai,Meridian Freight,Rail,5975.8,193,1,1,339.55,true,
SH26857,2024-04-11,Los Angeles,Busan,Swift Cargo,Sea,1605.3,9145,16,16,1521.47,true,
SH27438,2024-04-11,Los Angeles,Busan,Swift Cargo,Rail,841.1,1253,3,3,328.16,true,
SH27809,2024-04-11,Busan,Ho Chi Minh City,BlueWave Lines,Rail,929.1,2278,4,4,527.1,true,
SH28043,2024-04-11,Busan,Shanghai,Northstar Logistics,Sea,924.2,6248,13,12,643.34,false,Port congestion
SH30602,2024-04-11,Dubai,Singapore,BlueWave Lines,Sea,509.4,13440,22,23,800.41,true,
SH31404,2024-04-11,Los Angeles,Shanghai,Swift Cargo,Rail,2210.7,645,2,2,461.02,true,
SH32125,2024-04-11,Rotterdam,Busan,Meridian Freight,Sea,1017.3,1090,4,4,232.72,true,
SH32298,2024-04-11,Singapore,Ho Chi Minh City,Atlas Air Cargo,Air,515.7,14830,2,3,9795.27,true,
SH32323,2024-04-11,Busan,Ho Chi Minh City,Northstar Logistics,Sea,890.4,10835,19,19,1145.19,true,
SH24272,2024-04-12,Los Angeles,Hamburg,Swift Cargo,Road,917.9,1699,4,4,626.72,true,
SH26013,2024-04-12,Ho Chi Minh City,Los Angeles,Swift Cargo,Sea,549.0,6707,12,12,511.81,true,
SH26164,2024-04-12,Dubai,Busan,BlueWave Lines,Sea,4582.3,3238,6,7,1618.79,true,
SH27651,2024-04-12,Hamburg,Busan,BlueWave Lines,Rail,4737.4,1604,3,3,1867.45,true,
SH28220,2024-04-12,Los Angeles,Busan,Northstar Logistics,Road,2147.1,761,2,2,701.41,true,
SH30515,2024-04-12,Los Angeles,Ho Chi Minh City,BlueWave Lines,Sea,1026.5,11947,20,20,1169.55,true,
SH31171,2024-04-12,Singapore,Shanghai,Meridian Freight,Sea,1192.5,7778,14,14,1006.64,true,
SH31429,2024-04-12,Rotterdam,Los Angeles,Swift Cargo,Sea,2442.4,16743,28,28,4149.75,true,
SH31604,2024-04-12,Busan,Rotterdam,BlueWave Lines,Sea,1050.9,3228,7,7,401.48,true,
SH32657,2024-04-12,Busan,Singapore,Atlas Air Cargo,Air,507.5,5361,2,2,3148.46,true,
SH32948,2024-04-12,Los Angeles,Shanghai,Northstar Logistics,Sea,5448.7,8021,13,14,4223.99,true,
SH24027,2024-04-13,Hamburg,Singapore,Meridian Freight,Road,520.5,295,1,1,167.13,true,
SH24485,2024-04-13,Dubai,Singapore,Northstar Logistics,Sea,809.3,5624,11,11,579.06,true,
SH25563,2024-04-13,Singapore,Busan,Northstar Logistics,Sea,847.0,16782,27,28,1582.5,true,
SH26423,2024-04-13,Hamburg,Dubai,Atlas Air Cargo,Air,285.7,16255,3,3,5667.73,true,
SH26783,2024-04-13,Shanghai,Dubai,Meridian Freight,Sea,1564.7,15672,26,26,2397.18,true,
SH27362,2024-04-13,Los Angeles,Rotterdam,Meridian Freight,Sea,668.1,11498,22,20,908.84,false,Equipment
SH27819,2024-04-13,Dubai,Los Angeles,Meridian Freight,Rail,1229.6,666,1,2,311.75,true,
SH29067,2024-04-13,Dubai,Los Angeles,Atlas Air Cargo,Air,694.9,12329,2,2,10180.96,true,
SH29195,2024-04-13,Shanghai,Ho Chi Minh City,Swift Cargo,Sea,3249.1,17663,33,29,6202.55,false,Equipment
SH29867,2024-04-13,Hamburg,Dubai,Northstar Logistics,Sea,13541.0,8355,15,15,9976.49,true,
SH32083,2024-04-13,Los Angeles,Singapore,Northstar Logistics,Sea,896.7,15349,26,26,1466.75,true,
SH32429,2024-04-13,Shanghai,Rotterdam,BlueWave Lines,Road,1087.2,1680,4,4,855.93,true,
SH32454,2024-04-13,Ho Chi Minh City,Singapore,BlueWave Lines,Road,309.2,1484,3,3,310.12,true,
SH24023,2024-04-14,Dubai,Hamburg,Atlas Air Cargo,Air,157.4,12456,2,2,2607.84,true,
SH24573,2024-04-14,Busan,Shanghai,Meridian Freight,Rail,3016.0,925,3,2,719.41,false,Weather
SH26015,2024-04-14,Hamburg,Los Angeles,Northstar Logistics,Road,3247.0,1655,3,4,2121.46,true,
SH27328,2024-04-14,Shanghai,Hamburg,BlueWave Lines,Road,2028.4,2255,5,5,1985.07,true,
SH28089,2024-04-14,Los Angeles,Ho Chi Minh City,Northstar Logistics,Sea,1643.2,4969,10,10,818.18,true,
SH30074,2024-04-14,Shanghai,Singapore,Swift Cargo,Rail,462.9,658,5,2,180.18,false,Equipment
SH32084,2024-04-14,Ho Chi Minh City,Shanghai,Meridian Freight,Sea,2041.9,6950,12,13,1268.72,true,
SH32723,2024-04-14,Shanghai,Los Angeles,Meridian Freight,Sea,1797.8,16501,28,27,2549.22,false,Weather
SH26558,2024-04-15,Ho Chi Minh City,Busan,Swift Cargo,Rail,1582.6,316,1,1,250.98,true,
SH26688,2024-04-15,Dubai,Ho Chi Minh City,Meridian Freight,Sea,772.3,16355,26,27,1302.7,true,
SH26823,2024-04-15,Shanghai,Singapore,Swift Cargo,Road,2541.9,1181,5,3,1160.08,false,Weather
SH28840,2024-04-15,Hamburg,Shanghai,BlueWave Lines,Road,203.2,2085,7,4,264.91,false,Documentation
SH28866,2024-04-15,Ho Chi Minh City,Dubai,Meridian Freight,Sea,8149.1,8891,16,16,7195.57,true,
SH25430,2024-04-16,Ho Chi Minh City,Rotterdam,Northstar Logistics,Road,877.2,1698,4,4,691.9,true,
SH25823,2024-04-16,Ho Chi Minh City,Rotterdam,BlueWave Lines,Sea,4352.4,13309,22,22,5945.06,true,
SH26323,2024-04-16,Busan,Dubai,Atlas Air Cargo,Air,102.3,6091,2,2,753.73,true,
SH26482,2024-04-16,Shanghai,Dubai,Atlas Air Cargo,Air,367.1,5467,2,2,2766.85,true,
SH27559,2024-04-16,Dubai,Rotterdam,Atlas Air Cargo,Air,263.6,1730,1,1,616.32,true,
SH27722,2024-04-16,Shanghai,Los Angeles,Northstar Logistics,Sea,959.9,12746,21,22,1181.32,true,
SH28024,2024-04-16,Rotterdam,Shanghai,Northstar Logistics,Road,296.2,2149,5,5,348.13,true,
SH28033,2024-04-16,Busan,Dubai,Swift Cargo,Sea,1451.8,1430,4,4,317.1,true,
SH28581,2024-04-16,Dubai,Busan,Swift Cargo,Road,347.2,884,1,2,229.71,true,
SH29074,2024-04-16,Busan,Ho Chi Minh City,Atlas Air Cargo,Air,126.7,980,1,1,281.62,true,
SH29932,2024-04-16,Shanghai,Ho Chi Minh City,Swift Cargo,Road,750.1,1390,3,3,552.34,true,
SH30489,2024-04-16,Ho Chi Minh City,Rotterdam,Northstar Logistics,Sea,3286.1,6529,15,12,2244.03,false,Port congestion
SH31953,2024-04-16,Singapore,Rotterdam,Swift Cargo,Sea,1814.7,4160,7,8,785.61,true,
SH32967,2024-04-16,Busan,Rotterdam,Atlas Air Cargo,Air,218.0,11861,1,2,2952.68,true,
SH24620,2024-04-17,Ho Chi Minh City,Shanghai,Swift Cargo,Road,1410.3,1353,3,3,880.45,true,
SH24858,2024-04-17,Singapore,Shanghai,Meridian Freight,Sea,3327.6,17236,29,29,6081.8,true,
SH25290,2024-04-17,Shanghai,Hamburg,Northstar Logistics,Sea,1247.9,5984,11,11,851.24,true,
SH25376,2024-04-17,Hamburg,Shanghai,Northstar Logistics,Rail,1309.4,925,2,2,427.9,true,
SH26490,2024-04-17,Rotterdam,Shanghai,BlueWave Lines,Road,1995.1,466,2,2,480.99,true,
SH27918,2024-04-17,Hamburg,Los Angeles,Atlas Air Cargo,Air,311.1,1849,1,1,800.04,true,
SH29277,2024-04-17,Los Angeles,Ho Chi Minh City,Meridian Freight,Sea,845.5,12066,21,21,1013.47,true,
SH32576,2024-04-17,Singapore,Hamburg,BlueWave Lines,Sea,650.2,8950,15,16,603.94,true,
SH32754,2024-04-17,Rotterdam,Shanghai,Meridian Freight,Sea,774.4,3411,7,7,354.22,true,
SH32816,2024-04-17,Rotterdam,Busan,Swift Cargo,Sea,1257.9,14722,24,25,1859.71,true,
SH26592,2024-04-18,Busan,Los Angeles,BlueWave Lines,Road,2899.1,1419,3,3,1776.36,true,
SH26729,2024-04-18,Los Angeles,Dubai,Meridian Freight,Road,2113.6,1997,5,4,1443.97,false,Customs
SH27235,2024-04-18,Ho Chi Minh City,Rotterdam,BlueWave Lines,Sea,10167.1,6247,11,12,5844.4,true,
SH28603,2024-04-18,Ho Chi Minh City,Los Angeles,Atlas Air Cargo,Air,1179.9,6560,2,2,10259.14,true,
SH28736,2024-04-18,Busan,Shanghai,Meridian Freight,Sea,1435.4,8766,14,15,1163.8,true,
SH28758,2024-04-18,Shanghai,Ho Chi Minh City,Northstar Logistics,Rail,583.5,809,1,2,218.81,true,
SH28972,2024-04-18,Los Angeles,Shanghai,Meridian Freight,Sea,1140.8,10612,19,18,1164.98,false,Port congestion
SH29005,2024-04-18,Busan,Ho Chi Minh City,Meridian Freight,Rail,658.3,1645,3,3,378.81,true,
SH29162,2024-04-18,Los Angeles,Rotterdam,BlueWave Lines,Sea,1389.5,16044,36,27,2165.3,false,Port congestion
SH30516,2024-04-18,Rotterdam,Los Angeles,Atlas Air Cargo,Air,164.2,11106,1,2,2386.42,true,
SH30613,2024-04-18,Dubai,Rotterdam,Atlas Air Cargo,Air,104.2,3952,1,1,568.17,true,
SH30783,2024-04-18,Busan,Shanghai,Swift Cargo,Sea,351.7,9863,17,17,417.57,true,
SH30856,2024-04-18,Hamburg,Los Angeles,Meridian Freight,Sea,3360.8,16003,27,27,5155.69,true,
SH31907,2024-04-18,Rotterdam,Shanghai,Meridian Freight,Sea,4637.6,8772,15,15,3592.82,true,
SH32342,2024-04-18,Hamburg,Dubai,Meridian Freight,Road,989.6,482,2,2,319.41,true,
SH24593,2024-04-19,Rotterdam,Singapore,BlueWave Lines,Sea,732.5,9828,16,17,756.66,true,
SH24754,2024-04-19,Ho Chi Minh City,Singapore,Meridian Freight,Sea,294.2,6692,11,12,281.91,true,
SH25468,2024-04-19,Rotterdam,Los Angeles,Northstar Logistics,Sea,992.8,8373,24,15,995.0,false,Weather
SH25899,2024-04-19,Los Angeles,Busan,BlueWave Lines,Sea,747.8,17421,29,29,1497.49,true,
SH26199,2024-04-19,Los Angeles,Shanghai,BlueWave Lines,Road,3772.6,1811,10,4,2624.91,false,Port congestion
SH26333,2024-04-19,Los Angeles,Rotterdam,BlueWave Lines,Sea,1946.3,4821,18,9,1111.67,false,Documentation
SH26501,2024-04-19,Shanghai,Ho Chi Minh City,Swift Cargo,Road,860.6,2262,5,5,902.1,true,
SH26805,2024-04-19,Rotterdam,Ho Chi Minh City,Atlas Air Cargo,Air,502.6,16584,3,3,10696.17,true,
SH27841,2024-04-19,Ho Chi Minh City,Singapore,Northstar Logistics,Sea,2735.3,15772,31,26,3439.1,false,Equipment
SH27872,2024-04-19,Busan,Ho Chi Minh City,Northstar Logistics,Rail,2806.1,1757,3,3,1235.46,true,
SH28268,2024-04-19,Hamburg,Singapore,Northstar Logistics,Sea,2687.9,15732,26,26,4660.03,true,
SH28540,2024-04-19,Singapore,Busan,Meridian Freight,Rail,1541.8,1094,2,2,491.06,true,
SH28889,2024-04-19,Singapore,Hamburg,BlueWave Lines,Sea,1540.2,15156,25,25,2075.16,true,
SH29366,2024-04-19,Busan,Ho Chi Minh City,Meridian Freight,Sea,1434.5,10593,18,18,1470.97,true,
SH30363,2024-04-19,Ho Chi Minh City,Busan,BlueWave Lines,Rail,2775.3,1948,2,3,1402.17,true,
SH31030,2024-04-19,Busan,Rotterdam,BlueWave Lines,Sea,699.8,4226,9,9,377.07,true,
SH31494,2024-04-19,Hamburg,Singapore,Swift Cargo,Sea,1987.6,16366,27,27,3223.69,true,
SH32058,2024-04-19,Los Angeles,Singapore,Northstar Logistics,Rail,1638.8,481,3,2,282.96,false,Customs
SH32310,2024-04-19,Busan,Hamburg,Atlas Air Cargo,Air,370.2,8535,1,2,3701.44,true,
SH32582,2024-04-19,Dubai,Los Angeles,BlueWave Lines,Sea,3150.8,15741,26,26,4473.09,true,
SH24114,2024-04-20,Dubai,Ho Chi Minh City,Atlas Air Cargo,Air,170.1,12060,2,2,2572.01,true,
SH25144,2024-04-20,Shanghai,Hamburg,Northstar Logistics,Road,1563.6,1321,2,3,925.0,true,
SH25287,2024-04-20,Ho Chi Minh City,Rotterdam,Swift Cargo,Sea,1069.0,8793,15,16,1127.9,true,
SH25691,2024-04-20,Dubai,Rotterdam,Atlas Air Cargo,Air,313.2,13157,2,2,5447.7,true,
SH26269,2024-04-20,Hamburg,Busan,Atlas Air Cargo,Air,842.6,1418,1,1,1505.07,true,
SH26415,2024-04-20,Los Angeles,Shanghai,BlueWave Lines,Sea,1787.4,10060,17,17,1938.43,true,
SH27470,2024-04-20,Singapore,Ho Chi Minh City,Meridian Freight,Road,2493.8,1521,3,4,1638.98,true,
SH28356,2024-04-20,Busan,Ho Chi Minh City,BlueWave Lines,Sea,1242.5,10743,19,19,1262.62,true,
SH28411,2024-04-20,Rotterdam,Shanghai,Meridian Freight,Sea,223.8,6409,12,12,257.58,true,
SH30493,2024-04-20,Los Angeles,Hamburg,Atlas Air Cargo,Air,307.7,10492,2,2,4183.93,true,
SH30874,2024-04-20,Ho Chi Minh City,Singapore,Swift Cargo,Sea,2815.6,1725,5,5,521.48,true,
SH30878,2024-04-20,Shanghai,Rotterdam,Northstar Logistics,Sea,1000.3,7313,12,13,897.64,true,
SH30928,2024-04-20,Busan,Singapore,BlueWave Lines,Sea,2041.7,2623,6,6,636.07,true,
SH24011,2024-04-21,Busan,Los Angeles,BlueWave Lines,Road,270.5,827,2,2,201.15,true,
SH24690,2024-04-21,Hamburg,Busan,BlueWave Lines,Sea,1818.7,2517,5,6,587.75,true,
SH24855,2024-04-21,Shanghai,Singapore,Atlas Air Cargo,Air,142.9,15169,3,3,2297.85,true,
SH26141,2024-04-21,Rotterdam,Los Angeles,Meridian Freight,Sea,1455.9,5786,12,11,1014.91,false,Port congestion
SH26208,2024-04-21,Dubai,Singapore,Swift Cargo,Sea,2648.7,16257,26,27,3936.36,true,
SH27202,2024-04-21,Singapore,Rotterdam,Meridian Freight,Road,934.6,1772,4,4,808.04,true,
SH28572,2024-04-21,Ho Chi Minh City,Shanghai,Northstar Logistics,Road,1134.2,1722,6,4,917.14,false,Port congestion
SH28628,2024-04-21,Ho Chi Minh City,Singapore,Swift Cargo,Rail,605.7,1382,3,3,324.36,true,
SH28644,2024-04-21,Ho Chi Minh City,Dubai,BlueWave Lines,Rail,1318.4,2088,4,4,716.62,true,
SH30668,2024-04-21,Los Angeles,Singapore,Atlas Air Cargo,Air,452.2,5276,2,2,2602.36,true,
SH32971,2024-04-21,Hamburg,Singapore,Atlas Air Cargo,Air,142.9,11260,2,2,1636.47,true,
SH25240,2024-04-22,Hamburg,Dubai,Atlas Air Cargo,Air,53.4,4522,2,2,417.35,true,
SH25409,2024-04-22,Hamburg,Shanghai,Northstar Logistics,Sea,496.1,3033,10,7,267.47,false,Port congestion
SH25840,2024-04-22,Hamburg,Ho Chi Minh City,Northstar Logistics,Sea,2449.6,6128,11,11,1636.73,true,
SH25872,2024-04-22,Rotterdam,Busan,Meridian Freight,Sea,1787.5,17158,28,28,3075.02,true,
SH26263,2024-04-22,Ho Chi Minh City,Shanghai,Northstar Logistics,Sea,799.9,4232,8,9,462.96,true,
SH26675,2024-04-22,Rotterdam,Singapore,Atlas Air Cargo,Air,297.8,11599,1,2,3951.33,true,
SH28168,2024-04-22,Dubai,Shanghai,Northstar Logistics,Sea,3408.3,13493,22,23,4375.0,true,
SH28271,2024-04-22,Busan,Singapore,Atlas Air Cargo,Air,845.6,7902,2,2,7993.66,true,
SH28404,2024-04-22,Hamburg,Shanghai,Northstar Logistics,Sea,1180.9,9040,16,16,978.1,true,
SH28508,2024-04-22,Ho Chi Minh City,Dubai,Atlas Air Cargo,Air,224.5,4992,8,2,1447.85,false,Weather
SH28822,2024-04-22,Dubai,Busan,BlueWave Lines,Sea,734.0,9314,16,16,664.95,true,
SH29065,2024-04-22,Hamburg,Los Angeles,Atlas Air Cargo,Air,1778.5,10290,2,2,20564.04,true,
SH29121,2024-04-22,Singapore,Ho Chi Minh City,Atlas Air Cargo,Air,1274.4,8406,1,2,10286.65,true,
SH30243,2024-04-22,Hamburg,Busan,Northstar Logistics,Sea,649.9,5877,10,11,461.84,true,
SH30761,2024-04-22,Busan,Hamburg,Northstar Logistics,Sea,1459.8,8706,16,15,1178.53,false,Equipment
SH32055,2024-04-22,Ho Chi Minh City,Rotterdam,Northstar Logistics,Sea,5990.8,7750,14,14,3871.82,true,
SH24420,2024-04-23,Busan,Singapore,Atlas Air Cargo,Air,772.0,3789,1,1,2896.41,true,
SH24857,2024-04-23,Singapore,Rotterdam,Northstar Logistics,Sea,672.7,14598,24,24,1127.86,true,
SH24863,2024-04-23,Hamburg,Ho Chi Minh City,Northstar Logistics,Rail,428.8,1860,3,3,318.15,true,
SH25004,2024-04-23,Los Angeles,Dubai,Swift Cargo,Sea,2694.5,10478,18,18,2737.48,true,
SH25215,2024-04-23,Hamburg,Los Angeles,Meridian Freight,Sea,1289.0,6979,12,13,966.27,true,
SH25745,2024-04-23,Dubai,Singapore,Meridian Freight,Sea,736.4,15895,26,26,1361.63,true,
SH26254,2024-04-23,Rotterdam,Singapore,BlueWave Lines,Rail,1098.5,1288,2,3,395.97,true,
SH26395,2024-04-23,Hamburg,Singapore,Atlas Air Cargo,Air,456.3,16039,3,3,8288.7,true,
SH26987,2024-04-23,Busan,Dubai,BlueWave Lines,Sea,1109.0,17293,29,29,2116.63,true,
SH29004,2024-04-23,Ho Chi Minh City,Singapore,Northstar Logistics,Sea,783.1,2506,6,6,305.44,true,
SH30053,2024-04-23,Ho Chi Minh City,Singapore,Swift Cargo,Road,627.1,461,1,2,229.23,true,
SH30425,2024-04-23,Singapore,Los Angeles,Northstar Logistics,Sea,3639.0,15136,26,25,5476.86,false,Weather
SH31217,2024-04-23,Hamburg,Rotterdam,Swift Cargo,Sea,4707.1,3008,7,7,1564.54,true,
SH24398,2024-04-24,Singapore,Hamburg,Atlas Air Cargo,Air,77.6,6981,2,2,647.23,true,
SH25591,2024-04-24,Dubai,Ho Chi Minh City,Meridian Freight,Sea,1767.8,14944,24,25,2847.64,true,
SH26239,2024-04-24,Dubai,Rotterdam,Atlas Air Cargo,Air,173.6,10223,1,2,1957.86,true,
SH26731,2024-04-24,Singapore,Dubai,BlueWave Lines,Sea,897.0,12881,22,22,1006.3,true,
SH27381,2024-04-24,Rotterdam,Ho Chi Minh City,Atlas Air Cargo,Air,237.3,11177,2,2,3521.52,true,
SH28016,2024-04-24,Rotterdam,Shanghai,BlueWave Lines,Road,2640.3,1872,3,4,1695.24,true,
SH28314,2024-04-24,Los Angeles,Busan,Atlas Air Cargo,Air,353.9,1464,1,1,731.92,true,
SH28891,2024-04-24,Dubai,Los Angeles,Swift Cargo,Sea,2365.7,10281,18,18,2366.67,true,
SH30796,2024-04-24,Dubai,Singapore,Meridian Freight,Sea,1100.0,9974,17,17,1285.59,true,
SH30968,2024-04-24,Rotterdam,Ho Chi Minh City,BlueWave Lines,Road,2063.0,2080,4,4,1571.15,true,
SH31757,2024-04-24,Singapore,Rotterdam,Northstar Logistics,Sea,877.2,16854,28,28,1414.68,true,
SH24865,2024-04-25,Busan,Rotterdam,BlueWave Lines,Sea,3013.8,14792,24,25,4126.24,true,
SH25802,2024-04-25,Singapore,Rotterdam,BlueWave Lines,Sea,876.1,16942,28,28,1612.74,true,
SH26007,2024-04-25,Rotterdam,Hamburg,Swift Cargo,Sea,2230.1,1767,5,5,451.93,true,
SH26385,2024-04-25,Singapore,Shanghai,Northstar Logistics,Sea,4467.1,10319,17,18,4570.34,true,
SH26867,2024-04-25,Los Angeles,Ho Chi Minh City,Atlas Air Cargo,Air,261.1,13518,3,3,4251.51,true,
SH27053,2024-04-25,Busan,Ho Chi Minh City,Swift Cargo,Rail,1175.5,1248,3,3,484.76,true,
SH30619,2024-04-25,Rotterdam,Hamburg,Atlas Air Cargo,Air,204.9,6334,2,2,1526.19,true,
SH32012,2024-04-25,Shanghai,Dubai,Meridian Freight,Sea,2656.5,16456,27,27,3997.83,true,
SH32160,2024-04-25,Shanghai,Ho Chi Minh City,Atlas Air Cargo,Air,112.8,13868,3,3,2176.84,true,
SH32183,2024-04-25,Busan,Rotterdam,BlueWave Lines,Rail,802.2,2402,4,4,559.65,true,
SH32216,2024-04-25,Busan,Rotterdam,Northstar Logistics,Road,1253.9,1154,3,3,610.93,true,
SH24526,2024-04-26,Ho Chi Minh City,Rotterdam,Swift Cargo,Sea,441.0,2048,5,5,204.47,true,
SH24808,2024-04-26,Rotterdam,Shanghai,Atlas Air Cargo,Air,34.8,11665,1,2,645.6,true,
SH25453,2024-04-26,Singapore,Hamburg,Meridian Freight,Sea,801.6,11918,20,20,1018.22,true,
SH25867,2024-04-26,Hamburg,Ho Chi Minh City,Meridian Freight,Sea,1697.7,13015,22,22,2163.32,true,
SH26661,2024-04-26,Dubai,Los Angeles,Atlas Air Cargo,Air,431.2,13419,1,2,6671.05,true,
SH28448,2024-04-26,Dubai,Shanghai,Atlas Air Cargo,Air,526.0,9197,2,2,5065.34,true,
SH28565,2024-04-26,Singapore,Rotterdam,BlueWave Lines,Rail,1415.1,2188,4,4,899.74,true,
SH29784,2024-04-26,Shanghai,Los Angeles,Atlas Air Cargo,Air,266.1,11536,2,2,3330.97,true,
SH30043,2024-04-26,Singapore,Ho Chi Minh City,Atlas Air Cargo,Air,133.1,1309,1,1,292.54,true,
SH31559,2024-04-26,Shanghai,Los Angeles,Swift Cargo,Road,8732.8,2052,4,4,7608.97,true,
SH24030,2024-04-27,Dubai,Busan,Swift Cargo,Road,688.0,2042,3,4,676.72,true,
SH24075,2024-04-27,Los Angeles,Busan,Swift Cargo,Sea,1805.8,14116,24,24,2865.72,true,
SH26247,2024-04-27,Dubai,Singapore,Northstar Logistics,Road,2523.9,1687,4,4,1586.28,true,
SH26390,2024-04-27,Hamburg,Rotterdam,Northstar Logistics,Sea,651.4,4353,17,9,384.57,false,Equipment
SH26514,2024-04-27,Hamburg,Singapore,Northstar Logistics,Sea,3448.4,17465,29,29,6154.22,true,
SH26864,2024-04-27,Rotterdam,Singapore,Atlas Air Cargo,Air,369.9,2221,1,1,1179.07,true,
SH27495,2024-04-27,Dubai,Hamburg,Meridian Freight,Sea,291.1,13763,22,23,442.25,true,
SH28129,2024-04-27,Singapore,Dubai,Atlas Air Cargo,Air,96.7,3311,1,1,529.87,true,
SH28551,2024-04-27,Dubai,Singapore,Northstar Logistics,Sea,4070.6,2594,7,6,1116.53,false,Equipment
SH28947,2024-04-27,Shanghai,Hamburg,Northstar Logistics,Rail,2062.2,830,1,2,468.76,true,
SH29105,2024-04-27,Rotterdam,Hamburg,Meridian Freight,Sea,3878.2,11460,20,20,4904.88,true,
SH31549,2024-04-27,Ho Chi Minh City,Shanghai,BlueWave Lines,Sea,1119.7,16289,27,27,1675.86,true,
SH31661,2024-04-27,Los Angeles,Rotterdam,Swift Cargo,Sea,367.9,915,3,3,147.22,true,
SH24482,2024-04-28,Rotterdam,Hamburg,Meridian Freight,Road,2613.7,2052,3,4,2109.18,true,
SH24641,2024-04-28,Dubai,Rotterdam,Northstar Logistics,Sea,372.2,1399,4,4,160.57,true,
SH25305,2024-04-28,Los Angeles,Rotterdam,Swift Cargo,Sea,1520.2,9953,17,17,1500.0,true,
SH27359,2024-04-28,Dubai,Busan,Atlas Air Cargo,Air,234.4,2787,1,1,736.1,true,
SH29864,2024-04-28,Shanghai,Los Angeles,Swift Cargo,Sea,1617.4,9020,16,16,1483.52,true,
SH30234,2024-04-28,Busan,Singapore,Swift Cargo,Road,1310.9,679,2,2,472.83,true,
SH31350,2024-04-28,Hamburg,Singapore,Northstar Logistics,Sea,1064.2,11603,19,20,1198.13,true,
SH31848,2024-04-28,Dubai,Busan,Northstar Logistics,Sea,1239.7,9943,17,17,1118.57,true,
SH32737,2024-04-28,Rotterdam,Dubai,Atlas Air Cargo,Air,859.6,17157,3,3,14973.12,true,
SH32772,2024-04-28,Los Angeles,Ho Chi Minh City,BlueWave Lines,Sea,743.0,15757,26,26,1322.7,true,
SH32936,2024-04-28,Dubai,Ho Chi Minh City,Atlas Air Cargo,Air,223.4,6933,2,2,1931.44,true,
SH24033,2024-04-29,Los Angeles,Busan,Atlas Air Cargo,Air,117.9,17078,2,3,2025.74,true,
SH26918,2024-04-29,Rotterdam,Hamburg,BlueWave Lines,Sea,180.0,5236,10,10,218.53,true,
SH27008,2024-04-29,Ho Chi Minh City,Los Angeles,Atlas Air Cargo,Air,718.4,13530,2,3,11982.45,true,
SH27356,2024-04-29,Singapore,Dubai,Swift Cargo,Sea,1574.6,13593,24,23,2161.48,false,Port congestion
SH27372,2024-04-29,Hamburg,Rotterdam,BlueWave Lines,Sea,1140.4,11070,19,19,1285.1,true,
SH28885,2024-04-29,Rotterdam,Busan,Northstar Logistics,Sea,2847.9,10343,17,18,2978.51,true,
SH29233,2024-04-29,Ho Chi Minh City,Los Angeles,Meridian Freight,Road,810.3,2011,4,4,804.25,true,
SH29983,2024-04-29,Rotterdam,Shanghai,Northstar Logistics,Road,826.9,199,1,1,180.9,true,
SH31244,2024-04-29,Rotterdam,Singapore,Swift Cargo,Rail,497.0,2436,5,4,415.21,false,Weather
SH31426,2024-04-29,Hamburg,Busan,Swift Cargo,Sea,8340.3,5052,10,10,4272.73,true,
SH31553,2024-04-29,Singapore,Dubai,BlueWave Lines,Sea,1181.6,3048,7,7,507.36,true,
SH31699,2024-04-29,Singapore,Los Angeles,Swift Cargo,Sea,616.4,2968,7,7,285.67,true,
SH31768,2024-04-29,Ho Chi Minh City,Rotterdam,BlueWave Lines,Sea,1395.4,13815,23,23,2100.95,true,
SH32271,2024-04-29,Dubai,Singapore,BlueWave Lines,Road,3534.5,1904,4,4,2341.76,true,
SH32591,2024-04-29,Shanghai,Hamburg,Swift Cargo,Sea,623.4,7188,12,13,513.66,true,
SH32895,2024-04-29,Shanghai,Hamburg,Atlas Air Cargo,Air,138.0,4687,1,2,826.5,true,
SH27304,2024-04-30,Dubai,Singapore,Atlas Air Cargo,Air,156.8,10466,3,2,2194.63,false,Weather
SH27488,2024-04-30,Dubai,Busan,BlueWave Lines,Rail,1361.3,531,1,2,256.29,true,
SH27530,2024-04-30,Hamburg,Ho Chi Minh City,BlueWave Lines,Sea,2497.4,6992,13,13,1629.56,true,
SH27668,2024-04-30,Ho Chi Minh City,Shanghai,BlueWave Lines,Road,1416.6,1292,2,3,852.91,true,
SH27947,2024-04-30,Dubai,Ho Chi Minh City,Meridian Freight,Sea,912.6,6646,12,12,740.56,true,
SH30242,2024-04-30,Los Angeles,Busan,Atlas Air Cargo,Air,124.5,5593,2,2,1016.93,true,
SH30360,2024-04-30,Los Angeles,Singapore,Meridian Freight,Sea,2217.7,2525,11,6,696.0,false,Equipment
SH30864,2024-04-30,Hamburg,Los Angeles,Swift Cargo,Sea,624.5,10052,17,17,760.62,true,
SH30995,2024-04-30,Hamburg,Rotterdam,Meridian Freight,Road,588.4,1982,4,4,518.9,true,
SH31162,2024-04-30,Ho Chi Minh City,Rotterdam,BlueWave Lines,Sea,246.7,3336,7,7,204.01,true,
SH31191,2024-04-30,Rotterdam,Singapore,Meridian Freight,Sea,7475.1,5549,11,11,3588.03,true,
SH32471,2024-04-30,Busan,Los Angeles,Swift Cargo,Sea,1374.6,5412,9,10,741.32,true,
SH24610,2024-05-01,Shanghai,Rotterdam,Northstar Logistics,Rail,349.4,764,2,2,187.1,true,
SH24651,2024-05-01,Los Angeles,Rotterdam,Swift Cargo,Road,1088.1,591,2,2,370.47,true,
SH24734,2024-05-01,Los Angeles,Hamburg,Swift Cargo,Rail,961.9,1383,3,3,424.52,true,
SH25186,2024-05-01,Los Angeles,Ho Chi Minh City,BlueWave Lines,Sea,1248.1,4766,8,9,705.89,true,
SH26057,2024-05-01,Ho Chi Minh City,Shanghai,Northstar Logistics,Sea,1227.7,9405,16,16,1249.4,true,
SH27237,2024-05-01,Singapore,Ho Chi Minh City,BlueWave Lines,Road,222.3,912,2,3,194.38,true,
SH27949,2024-05-01,Ho Chi Minh City,Dubai,Swift Cargo,Road,1042.4,1993,4,4,950.36,true,
SH31247,2024-05-01,Rotterdam,Dubai,Meridian Freight,Sea,908.9,6072,11,11,692.79,true,
SH31401,2024-05-01,Ho Chi Minh City,Singapore,Northstar Logistics,Sea,1450.5,11835,26,20,1934.33,false,Port congestion
SH32201,2024-05-01,Singapore,Busan,BlueWave Lines,Sea,1138.3,2629,6,6,382.17,true,
SH32352,2024-05-01,Hamburg,Busan,Atlas Air Cargo,Air,283.7,3779,1,1,1504.19,true,
SH32720,2024-05-01,Hamburg,Busan,Atlas Air Cargo,Air,271.5,13484,1,2,3744.33,true,
SH25242,2024-05-02,Rotterdam,Busan,Northstar Logistics,Sea,2019.4,2108,6,5,497.13,false,Customs
SH25359,2024-05-02,Hamburg,Rotterdam,Atlas Air Cargo,Air,276.1,15120,2,3,4546.14,true,
SH25399,2024-05-02,Busan,Hamburg,Swift Cargo,Sea,350.7,4768,8,9,260.19,true,
SH26117,2024-05-02,Dubai,Rotterdam,Meridian Freight,Road,1796.8,1645,3,4,1238.63,true,
SH26278,2024-05-02,Los Angeles,Ho Chi Minh City,Northstar Logistics,Rail,2684.5,1462,3,3,959.5,true,
SH26803,2024-05-02,Busan,Rotterdam,Atlas Air Cargo,Air,140.8,8866,2,2,1647.48,true,
SH26971,2024-05-02,Dubai,Ho Chi Minh City,Northstar Logistics,Sea,1796.4,10099,19,18,1622.04,false,Port congestion
SH27541,2024-05-02,Shanghai,Dubai,Meridian Freight,Sea,3738.6,6390,13,12,1948.76,false,Documentation
SH28244,2024-05-02,Hamburg,Dubai,Northstar Logistics,Sea,1514.0,16313,33,27,2067.97,false,Port congestion
SH29184,2024-05-02,Shanghai,Busan,BlueWave Lines,Road,307.1,2102,5,5,339.55,true,
SH29191,2024-05-02,Singapore,Shanghai,Meridian Freight,Sea,367.8,8305,18,15,436.17,false,Port congestion
SH29496,2024-05-02,Dubai,Hamburg,Meridian Freight,Sea,4896.2,7144,13,13,2862.07,true,
SH29511,2024-05-02,Los Angeles,Ho Chi Minh City,Meridian Freight,Sea,1069.5,2756,5,6,362.84,true,
SH30780,2024-05-02,Singapore,Dubai,Meridian Freight,Sea,3616.1,10765,19,19,3638.48,true,
SH31202,2024-05-02,Rotterdam,Dubai,Northstar Logistics,Sea,2026.8,3244,16,7,669.7,false,Documentation
SH31551,2024-05-02,Rotterdam,Singapore,BlueWave Lines,Sea,2573.4,14124,23,24,3553.03,true,
SH31673,2024-05-02,Busan,Singapore,BlueWave Lines,Sea,1502.7,14107,23,24,2097.8,true,
SH31859,2024-05-02,Rotterdam,Busan,Swift Cargo,Sea,686.6,11463,19,20,802.41,true,
SH24575,2024-05-03,Busan,Singapore,Atlas Air Cargo,Air,382.3,16957,3,3,6385.34,true,
SH25568,2024-05-03,Rotterdam,Ho Chi Minh City,Atlas Air Cargo,Air,118.3,4627,2,2,733.33,true,
SH25961,2024-05-03,Los Angeles,Rotterdam,Meridian Freight,Sea,1321.9,12942,22,22,1574.89,true,
SH26642,2024-05-03,Los Angeles,Singapore,Northstar Logistics,Sea,844.3,11867,20,20,1187.82,true,
SH27490,2024-05-03,Shanghai,Rotterdam,Swift Cargo,Sea,1741.5,15024,25,25,2407.69,true,
SH27968,2024-05-03,Dubai,Los Angeles,Swift Cargo,Sea,1639.0,13975,24,24,2131.86,true,
SH28281,2024-05-03,Rotterdam,Hamburg,Atlas Air Cargo,Air,224.5,15586,2,3,3425.9,true,
SH28521,2024-05-03,Los Angeles,Busan,Northstar Logistics,Sea,855.9,1262,6,4,233.26,false,Customs
SH28620,2024-05-03,Shanghai,Los Angeles,Swift Cargo,Sea,1007.0,16196,27,27,1610.19,true,
SH29459,2024-05-03,Rotterdam,Singapore,Meridian Freight,Sea,2735.7,11766,19,20,3517.38,true,
SH29939,2024-05-03,Shanghai,Ho Chi Minh City,Atlas Air Cargo,Air,1606.3,4374,2,1,9071.42,false,Port congestion
SH30795,2024-05-03,Ho Chi Minh City,Shanghai,Northstar Logistics,Sea,4513.6,7483,14,14,2799.93,true,
SH31157,2024-05-03,Los Angeles,Singapore,Northstar Logistics,Road,466.5,1087,3,3,330.79,true,
SH31253,2024-05-03,Busan,Shanghai,Northstar Logistics,Sea,1931.4,8476,18,15,1619.49,false,Customs
SH32501,2024-05-03,Busan,Los Angeles,Northstar Logistics,Sea,1825.5,17266,29,29,3134.01,true,
SH32897,2024-05-03,Los Angeles,Busan,Swift Cargo,Sea,1101.9,17315,29,29,1745.96,true,
SH24786,2024-05-04,Busan,Ho Chi Minh City,Northstar Logistics,Sea,2487.8,15544,25,26,3991.16,true,
SH25176,2024-05-04,Hamburg,Los Angeles,BlueWave Lines,Sea,1130.2,17016,28,28,1983.18,true,
SH25300,2024-05-04,Los Angeles,Singapore,Meridian Freight,Sea,2360.2,9960,17,17,2532.91,true,
SH25502,2024-05-04,Shanghai,Hamburg,Northstar Logistics,Sea,335.9,6477,12,12,320.26,true,
SH25905,2024-05-04,Singapore,Dubai,Meridian Freight,Sea,1157.3,855,2,3,207.11,true,
SH27190,2024-05-04,Hamburg,Dubai,Meridian Freight,Road,702.0,1132,2,3,367.33,true,
SH28491,2024-05-04,Shanghai,Dubai,Meridian Freight,Sea,830.6,5248,9,10,529.6,true,
SH31614,2024-05-04,Dubai,Ho Chi Minh City,Northstar Logistics,Rail,400.4,754,2,2,178.69,true,
SH24361,2024-05-05,Dubai,Ho Chi Minh City,Swift Cargo,Sea,2946.1,12227,21,21,3281.83,true,
SH25136,2024-05-05,Ho Chi Minh City,Los Angeles,Northstar Logistics,Rail,2073.8,1408,3,3,781.53,true,
SH25412,2024-05-05,Los Angeles,Busan,Swift Cargo,Sea,5517.9,8210,14,15,3785.11,true,
SH26299,2024-05-05,Rotterdam,Ho Chi Minh City,Atlas Air Cargo,Air,385.6,14362,3,3,5675.87,true,
SH26638,2024-05-05,Ho Chi Minh City,Rotterdam,Swift Cargo,Road,1121.2,526,1,2,344.45,true,
SH26725,2024-05-05,Los Angeles,Dubai,Northstar Logistics,Sea,2227.2,6377,12,12,1348.09,true,
SH26763,2024-05-05,Dubai,Ho Chi Minh City,Meridian Freight,Sea,443.0,16246,27,27,694.05,true,
SH27036,2024-05-05,Los Angeles,Shanghai,Swift Cargo,Sea,807.4,17018,28,28,1358.88,true,
SH27694,2024-05-05,Singapore,Dubai,Atlas Air Cargo,Air,85.9,16695,3,3,1726.16,true,
SH28316,2024-05-05,Singapore,Dubai,Northstar Logistics,Sea,1154.2,6816,13,12,945.46,false,Customs
SH28555,2024-05-05,Rotterdam,Los Angeles,BlueWave Lines,Sea,2713.4,14532,24,24,3949.47,true,
SH28649,2024-05-05,Hamburg,Dubai,Northstar Logistics,Sea,134.7,13914,23,23,294.28,true,
SH29423,2024-05-05,Rotterdam,Hamburg,Meridian Freight,Sea,174.9,7476,14,14,225.25,true,
SH29782,2024-05-05,Singapore,Hamburg,Swift Cargo,Sea,106.8,6607,12,12,183.69,true,
SH30005,2024-05-05,Busan,Ho Chi Minh City,Northstar Logistics,Rail,1328.7,536,1,2,291.06,true,
SH30349,2024-05-05,Dubai,Hamburg,Northstar Logistics,Road,900.5,399,2,2,243.99,true,
SH30640,2024-05-05,Hamburg,Busan,Swift Cargo,Sea,1975.1,10878,22,19,2227.74,false,Customs
SH30669,2024-05-05,Rotterdam,Los Angeles,Meridian Freight,Sea,323.8,2521,6,6,202.63,true,
SH30678,2024-05-05,Shanghai,Hamburg,Atlas Air Cargo,Air,137.1,12274,2,2,2159.04,true,
SH31457,2024-05-05,Rotterdam,Shanghai,Meridian Freight,Sea,1521.3,3819,7,8,646.99,true,
SH31726,2024-05-05,Singapore,Ho Chi Minh City,BlueWave Lines,Road,4497.8,174,1,1,388.45,true,
SH25566,2024-05-06,Shanghai,Hamburg,Northstar Logistics,Sea,2586.4,4526,15,9,1094.29,false,Customs
SH26692,2024-05-06,Los Angeles,Hamburg,Swift Cargo,Rail,1852.7,753,1,2,410.55,true,
SH27014,2024-05-06,Dubai,Hamburg,Atlas Air Cargo,Air,208.6,17597,3,3,4109.51,true,
SH27741,2024-05-06,Rotterdam,Los Angeles,BlueWave Lines,Sea,1180.4,13769,23,23,1803.16,true,
SH27768,2024-05-06,Shanghai,Hamburg,Meridian Freight,Sea,932.1,13189,22,22,1083.64,true,
SH27922,2024-05-06,Shanghai,Dubai,Atlas Air Cargo,Air,455.7,13653,2,3,8260.32,true,
SH30110,2024-05-06,Dubai,Singapore,Swift Cargo,Sea,2448.4,11607,20,20,2665.11,true,
SH30825,2024-05-06,Hamburg,Singapore,Meridian Freight,Rail,2065.2,871,2,2,557.28,true,
SH30832,2024-05-06,Rotterdam,Busan,Swift Cargo,Sea,421.4,5490,9,10,340.41,true,
SH31711,2024-05-06,Shanghai,Dubai,Northstar Logistics,Sea,465.3,4839,9,9,363.07,true,
SH32094,2024-05-06,Ho Chi Minh City,Busan,Meridian Freight,Sea,476.7,11119,19,19,577.31,true,
SH25582,2024-05-07,Singapore,Hamburg,Northstar Logistics,Sea,88.9,6493,11,12,164.21,true,
SH26332,2024-05-07,Rotterdam,Los Angeles,Northstar Logistics,Sea,520.5,16712,30,28,983.71,false,Port congestion
SH27279,2024-05-07,Ho Chi Minh City,Singapore,Meridian Freight,Road,519.9,362,2,2,176.27,true,
SH28816,2024-05-07,Dubai,Busan,Atlas Air Cargo,Air,1447.8,13778,3,3,25606.57,true,
SH30443,2024-05-07,Ho Chi Minh City,Singapore,BlueWave Lines,Road,8628.5,1778,3,4,5824.91,true,
SH30769,2024-05-07,Hamburg,Shanghai,BlueWave Lines,Sea,1401.8,8488,15,15,1061.8,true,
SH31286,2024-05-07,Rotterdam,Los Angeles,Meridian Freight,Sea,1562.5,10502,17,18,1489.86,true,
SH31702,2024-05-07,Singapore,Rotterdam,Meridian Freight,Sea,841.1,7564,14,14,788.0,true,
SH31880,2024-05-07,Shanghai,Singapore,Swift Cargo,Rail,3496.3,1927,2,3,1570.71,true,
SH32441,2024-05-07,Dubai,Ho Chi Minh City,Meridian Freight,Road,3147.4,2437,5,5,2804.18,true,
SH32660,2024-05-07,Hamburg,Singapore,Northstar Logistics,Sea,3481.5,10636,17,18,4081.71,true,
SH32689,2024-05-07,Dubai,Ho Chi Minh City,Swift Cargo,Sea,402.3,10495,17,18,517.79,true,
SH25718,2024-05-08,Hamburg,Los Angeles,Swift Cargo,Sea,623.9,5441,10,10,461.64,true,
SH27306,2024-05-08,Hamburg,Busan,Swift Cargo,Rail,821.9,1390,3,3,380.6,true,
SH28049,2024-05-08,Shanghai,Singapore,Swift Cargo,Sea,363.8,10128,18,18,435.2,true,
SH28094,2024-05-08,Singapore,Ho Chi Minh City,Meridian Freight,Sea,1766.4,4653,9,9,952.95,true,
SH28222,2024-05-08,Los Angeles,Singapore,Northstar Logistics,Sea,735.7,3734,8,8,379.63,true,
SH29155,2024-05-08,Singapore,Rotterdam,Meridian Freight,Rail,1819.0,1982,3,3,965.78,true,
SH30255,2024-05-08,Rotterdam,Ho Chi Minh City,Meridian Freight,Sea,221.0,5309,10,10,216.41,true,
SH31837,2024-05-08,Dubai,Busan,BlueWave Lines,Rail,328.6,1211,2,3,218.58,true,
SH32537,2024-05-08,Ho Chi Minh City,Busan,Northstar Logistics,Sea,3747.0,16451,26,27,6171.59,true,
SH32617,2024-05-08,Singapore,Ho Chi Minh City,Northstar Logistics,Sea,436.1,2335,6,6,199.43,true,
SH25029,2024-05-09,Ho Chi Minh City,Rotterdam,Atlas Air Cargo,Air,265.8,1011,10,1,437.46,false,Weather
SH25875,2024-05-09,Ho Chi Minh City,Los Angeles,BlueWave Lines,Road,1214.2,440,2,2,284.67,true,
SH26819,2024-05-09,Los Angeles,Rotterdam,Atlas Air Cargo,Air,191.7,15129,3,3,3597.37,true,
SH27023,2024-05-09,Ho Chi Minh City,Rotterdam,Northstar Logistics,Sea,1408.6,16854,27,28,2136.94,true,
SH27923,2024-05-09,Dubai,Singapore,Northstar Logistics,Sea,596.9,12843,22,22,798.78,true,
SH28038,2024-05-09,Ho Chi Minh City,Dubai,Meridian Freight,Road,1636.2,447,2,2,421.69,true,
SH28229,2024-05-09,Singapore,Busan,BlueWave Lines,Sea,2545.4,16277,27,27,3739.23,true,
SH28478,2024-05-09,Hamburg,Singapore,Atlas Air Cargo,Air,112.3,12257,2,2,1604.54,true,
SH29695,2024-05-09,Shanghai,Hamburg,Swift Cargo,Sea,1987.7,1323,4,4,393.37,true,
SH29970,2024-05-09,Singapore,Busan,BlueWave Lines,Sea,606.1,1436,4,4,210.72,true,
SH32081,2024-05-09,Dubai,Rotterdam,Swift Cargo,Sea,1691.3,15247,25,25,2649.15,true,
SH24143,2024-05-10,Shanghai,Busan,Atlas Air Cargo,Air,413.1,7027,1,2,2864.29,true,
SH24166,2024-05-10,Los Angeles,Dubai,Swift Cargo,Rail,1200.6,2405,4,4,812.26,true,
SH24411,2024-05-10,Singapore,Ho Chi Minh City,Meridian Freight,Sea,1180.4,9690,17,17,1002.37,true,
SH26552,2024-05-10,Los Angeles,Singapore,Swift Cargo,Rail,1611.5,1984,3,3,801.51,true,
SH27358,2024-05-10,Dubai,Ho Chi Minh City,Swift Cargo,Road,3203.8,1696,10,4,2069.84,false,Port congestion
SH27508,2024-05-10,Shanghai,Ho Chi Minh City,Northstar Logistics,Sea,2306.4,5790,11,11,1200.02,true,
SH28111,2024-05-10,Hamburg,Busan,Northstar Logistics,Sea,7614.7,10969,18,19,8866.57,true,
SH28904,2024-05-10,Shanghai,Hamburg,BlueWave Lines,Sea,1326.6,11120,28,19,1545.74,false,Customs
SH29135,2024-05-10,Hamburg,Busan,Swift Cargo,Road,2066.7,2115,5,5,1560.3,true,
SH30069,2024-05-10,Hamburg,Ho Chi Minh City,Swift Cargo,Sea,2175.3,4394,9,9,1087.55,true,
SH30195,2024-05-10,Dubai,Los Angeles,Northstar Logistics,Sea,1799.5,8378,15,15,1405.93,true,
SH30329,2024-05-10,Busan,Los Angeles,Atlas Air Cargo,Air,369.8,7029,2,2,3347.86,true,
SH31619,2024-05-10,Rotterdam,Ho Chi Minh City,BlueWave Lines,Sea,1379.0,14536,23,24,2267.44,true,
SH31834,2024-05-10,Singapore,Busan,Meridian Freight,Sea,3339.6,14896,25,25,4506.44,true,
SH24189,2024-05-11,Shanghai,Los Angeles,Meridian Freight,Sea,738.0,1336,4,4,219.16,true,
SH24885,2024-05-11,Dubai,Ho Chi Minh City,Swift Cargo,Sea,1991.6,3615,7,8,812.05,true,
SH25418,2024-05-11,Dubai,Shanghai,BlueWave Lines,Sea,1192.6,15084,25,25,1599.62,true,
SH25534,2024-05-11,Rotterdam,Los Angeles,Atlas Air Cargo,Air,312.2,4573,2,2,1783.59,true,
SH26746,2024-05-11,Ho Chi Minh City,Hamburg,BlueWave Lines,Rail,250.9,2077,4,4,223.0,true,
SH27787,2024-05-11,Shanghai,Busan,Northstar Logistics,Sea,1752.5,6557,12,12,1288.56,true,
SH27934,2024-05-11,Shanghai,Rotterdam,BlueWave Lines,Road,379.0,1222,3,3,280.68,true,
SH28600,2024-05-11,Hamburg,Shanghai,Atlas Air Cargo,Air,254.6,1168,1,1,493.11,true,
SH29379,2024-05-11,Rotterdam,Shanghai,Northstar Logistics,Rail,794.4,1484,2,3,417.18,true,
SH29600,2024-05-11,Los Angeles,Busan,Atlas Air Cargo,Air,226.6,14895,3,3,3314.94,true,
SH30462,2024-05-11,Dubai,Hamburg,Atlas Air Cargo,Air,90.5,15271,3,3,1707.58,true,
SH30599,2024-05-11,Busan,Hamburg,Swift Cargo,Sea,490.4,2250,5,5,234.77,true,
SH31536,2024-05-11,Dubai,Rotterdam,Meridian Freight,Sea,372.8,9837,17,17,497.95,true,
SH32563,2024-05-11,Singapore,Busan,Northstar Logistics,Sea,788.5,11276,28,19,911.99,false,Equipment
SH32609,2024-05-11,Los Angeles,Dubai,Atlas Air Cargo,Air,596.7,14445,3,3,10207.24,true,
SH24400,2024-05-12,Busan,Singapore,Northstar Logistics,Road,1716.9,1285,3,3,1013.57,true,
SH24669,2024-05-12,Busan,Rotterdam,Atlas Air Cargo,Air,334.6,8874,2,2,3292.74,true,
SH26578,2024-05-12,Ho Chi Minh City,Rotterdam,Swift Cargo,Road,1434.8,415,3,2,343.62,false,Customs
SH27751,2024-05-12,Ho Chi Minh City,Hamburg,Swift Cargo,Sea,351.6,9219,15,16,410.38,true,
SH28019,2024-05-12,Dubai,Ho Chi Minh City,Swift Cargo,Road,2960.6,2027,3,4,2320.79,true,
SH28128,2024-05-12,Rotterdam,Ho Chi Minh City,Atlas Air Cargo,Air,190.4,14591,2,3,2819.22,true,
SH29027,2024-05-12,Dubai,Shanghai,Meridian Freight,Road,234.7,2304,4,5,315.67,true,
SH29156,2024-05-12,Rotterdam,Hamburg,Northstar Logistics,Road,481.2,888,1,2,264.16,true,
SH29686,2024-05-12,Ho Chi Minh City,Singapore,Meridian Freight,Sea,641.4,11914,20,20,854.63,true,
SH30196,2024-05-12,Rotterdam,Busan,Swift Cargo,Sea,2628.7,13602,22,23,3644.49,true,
SH31540,2024-05-12,Ho Chi Minh City,Singapore,Swift Cargo,Sea,2652.7,5798,10,11,1348.23,true,
SH32004,2024-05-12,Dubai,Ho Chi Minh City,Atlas Air Cargo,Air,1120.0,1282,1,1,1965.99,true,
SH32230,2024-05-12,Busan,Dubai,Swift Cargo,Sea,490.4,2807,6,6,251.66,true,
SH24051,2024-05-13,Los Angeles,Shanghai,Atlas Air Cargo,Air,142.5,2845,1,1,505.35,true,
SH24927,2024-05-13,Busan,Los Angeles,Swift Cargo,Sea,2245.0,11068,19,19,2781.98,true,
SH25354,2024-05-13,Busan,Ho Chi Minh City,Swift Cargo,Sea,1688.0,16986,27,28,2552.36,true,
SH26701,2024-05-13,Los Angeles,Ho Chi Minh City,Northstar Logistics,Sea,1958.3,2316,12,6,587.04,false,Port congestion
SH27920,2024-05-13,Busan,Hamburg,Meridian Freight,Sea,5905.0,10682,18,18,6354.07,true,
SH29693,2024-05-13,Singapore,Busan,BlueWave Lines,Sea,581.8,17642,31,29,1142.83,false,Weather
SH30075,2024-05-13,Dubai,Busan,Meridian Freight,Rail,618.8,958,1,2,235.33,true,
SH30839,2024-05-13,Busan,Los Angeles,Meridian Freight,Sea,3536.9,9807,17,17,3095.74,true,
SH31689,2024-05-13,Dubai,Shanghai,Swift Cargo,Sea,1725.6,1108,4,4,302.47,true,
SH31833,2024-05-13,Los Angeles,Busan,Atlas Air Cargo,Air,306.2,17539,3,3,5370.46,true,
SH31944,2024-05-13,Hamburg,Ho Chi Minh City,Atlas Air Cargo,Air,585.9,10169,2,2,6206.19,true,
SH32120,2024-05-13,Busan,Hamburg,Swift Cargo,Sea,643.3,3654,8,8,357.47,true,
SH25654,2024-05-14,Singapore,Shanghai,Northstar Logistics,Sea,5678.1,9953,16,17,5360.2,true,
SH26039,2024-05-14,Shanghai,Los Angeles,Swift Cargo,Sea,310.9,7510,13,14,352.89,true,
SH26294,2024-05-14,Singapore,Shanghai,Swift Cargo,Sea,679.3,6777,12,12,529.93,true,
SH26696,2024-05-14,Ho Chi Minh City,Shanghai,BlueWave Lines,Sea,2524.1,1611,4,4,534.33,true,Weather
SH26795,2024-05-14,Shanghai,Hamburg,Atlas Air Cargo,Air,78.7,16446,2,3,1696.13,true,
SH27088,2024-05-14,Singapore,Shanghai,BlueWave Lines,Sea,1066.8,2438,6,6,377.92,true,
SH27812,2024-05-14,Rotterdam,Los Angeles,Northstar Logistics,Rail,797.5,1933,3,3,446.4,true,
SH28114,2024-05-14,Busan,Hamburg,BlueWave Lines,Sea,2452.5,14358,23,24,2954.35,true,
SH28291,2024-05-14,Rotterdam,Shanghai,BlueWave Lines,Rail,9441.8,2147,4,4,5363.75,true,
SH28632,2024-05-14,Busan,Singapore,Swift Cargo,Sea,416.0,3676,8,8,264.78,true,
SH30000,2024-05-14,Singapore,Shanghai,Meridian Freight,Sea,10778.4,8896,16,16,9729.44,true,
SH31790,2024-05-14,Hamburg,Ho Chi Minh City,Northstar Logistics,Sea,1264.6,5487,10,10,836.88,true,
SH32132,2024-05-14,Shanghai,Ho Chi Minh City,BlueWave Lines,Sea,1389.8,1294,7,4,272.64,false,Port congestion
SH32929,2024-05-14,Hamburg,Los Angeles,Atlas Air Cargo,Air,456.5,11952,2,2,5758.93,true,
SH24524,2024-05-15,Busan,Ho Chi Minh City,Meridian Freight,Rail,809.0,667,2,2,224.71,true,
SH24978,2024-05-15,Singapore,Dubai,Meridian Freight,Sea,4651.2,8955,16,16,4587.79,true,
SH26200,2024-05-15,Shanghai,Singapore,Swift Cargo,Sea,804.9,9534,17,17,780.9,true,
SH27152,2024-05-15,Busan,Shanghai,Atlas Air Cargo,Air,150.1,943,1,1,291.29,true,
SH27792,2024-05-15,Dubai,Los Angeles,Atlas Air Cargo,Air,731.6,3563,1,1,3493.21,true,
SH27959,2024-05-15,Dubai,Los Angeles,Swift Cargo,Road,1587.2,1600,3,4,1109.98,true,
SH28260,2024-05-15,Singapore,Los Angeles,Meridian Freight,Sea,1206.1,5779,11,11,663.58,true,
SH28607,2024-05-15,Ho Chi Minh City,Los Angeles,Atlas Air Cargo,Air,121.3,14764,2,3,2377.64,true,
SH28652,2024-05-15,Ho Chi Minh City,Rotterdam,Meridian Freight,Sea,862.9,17766,31,29,1714.3,false,Weather
SH28764,2024-05-15,Busan,Rotterdam,Atlas Air Cargo,Air,121.4,7853,1,2,1322.68,true,
SH29214,2024-05-15,Dubai,Los Angeles,Atlas Air Cargo,Air,308.9,13860,3,3,4373.32,true,
SH29467,2024-05-15,Shanghai,Dubai,Atlas Air Cargo,Air,88.4,13326,1,2,1491.66,true,
SH30454,2024-05-15,Los Angeles,Hamburg,BlueWave Lines,Sea,489.8,12685,22,22,709.63,true,
SH31281,2024-05-15,Hamburg,Dubai,Atlas Air Cargo,Air,671.3,10018,2,2,7759.52,true,
SH31519,2024-05-15,Rotterdam,Dubai,Swift Cargo,Sea,458.9,11560,20,20,665.24,true,
SH31705,2024-05-15,Hamburg,Dubai,Atlas Air Cargo,Air,195.4,920,1,1,304.46,true,
SH32006,2024-05-15,Busan,Hamburg,Northstar Logistics,Sea,2402.8,1593,4,4,501.31,true,
SH32223,2024-05-15,Rotterdam,Hamburg,Meridian Freight,Sea,684.4,6569,11,12,511.48,true,
SH32477,2024-05-15,Hamburg,Los Angeles,Northstar Logistics,Sea,649.9,17156,28,28,1220.28,true,
SH24813,2024-05-16,Los Angeles,Dubai,Swift Cargo,Sea,601.3,11209,19,19,659.48,true,
SH25908,2024-05-16,Shanghai,Busan,Atlas Air Cargo,Air,140.7,11427,2,2,1933.31,true,
SH27035,2024-05-16,Busan,Shanghai,Swift Cargo,Sea,2494.3,14858,25,25,3690.01,true,
SH27326,2024-05-16,Busan,Los Angeles,Swift Cargo,Sea,1536.7,16826,27,28,2901.79,true,
SH28909,2024-05-16,Hamburg,Dubai,Atlas Air Cargo,Air,325.3,16360,3,3,6837.9,true,
SH28984,2024-05-16,Hamburg,Rotterdam,BlueWave Lines,Sea,464.8,4432,8,9,282.67,true,
SH29405,2024-05-16,Dubai,Hamburg,BlueWave Lines,Sea,968.7,16912,28,28,1375.68,true,
SH29648,2024-05-16,Busan,Los Angeles,Meridian Freight,Road,2927.7,1458,3,3,1574.81,true,
SH30013,2024-05-16,Los Angeles,Busan,Meridian Freight,Sea,2090.3,12484,21,21,2481.97,true,
SH30763,2024-05-16,Los Angeles,Hamburg,Northstar Logistics,Sea,1119.5,17357,29,29,1977.71,true,
SH31979,2024-05-16,Los Angeles,Ho Chi Minh City,Swift Cargo,Sea,1141.4,16142,27,27,2010.68,true,
SH32232,2024-05-16,Singapore,Rotterdam,BlueWave Lines,Road,1067.8,941,3,3,511.44,true,
SH24130,2024-05-17,Rotterdam,Los Angeles,BlueWave Lines,Sea,881.6,2601,6,6,322.22,true,
SH25448,2024-05-17,Dubai,Los Angeles,Atlas Air Cargo,Air,228.1,14930,2,3,3815.73,true,
SH25990,2024-05-17,Singapore,Busan,Swift Cargo,Sea,791.8,14805,24,25,1290.51,true,
SH26870,2024-05-17,Busan,Rotterdam,Atlas Air Cargo,Air,75.2,6681,1,2,750.6,true,
SH27011,2024-05-17,Los Angeles,Dubai,Northstar Logistics,Sea,1983.9,13724,22,23,2678.54,true,
SH27830,2024-05-17,Dubai,Busan,Atlas Air Cargo,Air,312.5,12627,2,2,3964.96,true,
SH28276,2024-05-17,Busan,Ho Chi Minh City,Northstar Logistics,Sea,538.1,15216,27,25,967.28,false,Port congestion
SH28707,2024-05-17,Dubai,Busan,Northstar Logistics,Sea,646.6,2176,5,5,227.94,true,
SH28796,2024-05-17,Busan,Singapore,Meridian Freight,Sea,2937.3,4894,10,10,1344.28,true,
SH29579,2024-05-17,Singapore,Ho Chi Minh City,Swift Cargo,Rail,5571.2,1979,3,3,2809.78,true,
SH30164,2024-05-17,Busan,Hamburg,Northstar Logistics,Sea,652.0,11421,20,20,827.53,true,
SH30299,2024-05-17,Los Angeles,Shanghai,Swift Cargo,Sea,289.5,14965,25,25,556.11,true,
SH30700,2024-05-17,Rotterdam,Los Angeles,Swift Cargo,Sea,2656.1,15332,30,26,3572.56,false,Port congestion
SH30931,2024-05-17,Los Angeles,Singapore,Meridian Freight,Sea,583.2,2415,6,6,255.94,true,
SH31854,2024-05-17,Los Angeles,Singapore,BlueWave Lines,Sea,2510.3,16934,27,28,4656.62,true,
SH32694,2024-05-17,Busan,Rotterdam,Northstar Logistics,Sea,1461.3,13181,22,22,2058.72,true,
SH32792,2024-05-17,Ho Chi Minh City,Shanghai,Atlas Air Cargo,Air,39.6,13919,3,3,745.13,true,
SH24515,2024-05-18,Singapore,Ho Chi Minh City,Swift Cargo,Road,2998.1,1126,2,3,1276.07,true,
SH25046,2024-05-18,Los Angeles,Rotterdam,Swift Cargo,Sea,1207.3,13014,21,22,1342.68,true,
SH27680,2024-05-18,Singapore,Hamburg,Meridian Freight,Sea,2606.9,4960,10,10,1194.41,true,
SH27713,2024-05-18,Hamburg,Shanghai,Atlas Air Cargo,Air,350.5,6150,2,2,2901.77,true,
SH28588,2024-05-18,Shanghai,Singapore,BlueWave Lines,Sea,756.5,3468,7,7,400.11,true,
SH29952,2024-05-18,Rotterdam,Ho Chi Minh City,Northstar Logistics,Rail,2507.7,884,6,2,674.43,false,Weather
SH31558,2024-05-18,Shanghai,Rotterdam,Northstar Logistics,Sea,364.7,949,3,3,146.5,true,Port congestion
SH32378,2024-05-18,Shanghai,Singapore,BlueWave Lines,Sea,351.1,7099,13,13,369.39,true,
SH24963,2024-05-19,Shanghai,Ho Chi Minh City,Meridian Freight,Sea,5700.6,14428,24,24,7881.62,true,
SH25283,2024-05-19,Hamburg,Shanghai,Meridian Freight,Sea,1405.6,11543,19,20,1431.23,true,
SH26884,2024-05-19,Hamburg,Dubai,Swift Cargo,Rail,1068.7,606,1,2,290.65,true,
SH27383,2024-05-19,Hamburg,Rotterdam,Northstar Logistics,Sea,487.4,17991,29,30,890.58,true,
SH27652,2024-05-19,Shanghai,Dubai,Swift Cargo,Sea,944.4,14756,28,25,1480.7,false,Documentation
SH27974,2024-05-19,Busan,Hamburg,BlueWave Lines,Sea,208.7,5184,10,10,221.45,true,
SH28219,2024-05-19,Dubai,Los Angeles,Northstar Logistics,Sea,485.8,8810,15,16,557.3,true,
SH28605,2024-05-19,Los Angeles,Hamburg,BlueWave Lines,Sea,514.2,11901,20,20,594.18,true,
SH29264,2024-05-19,Rotterdam,Los Angeles,Northstar Logistics,Sea,977.8,5833,10,11,596.32,true,
SH29868,2024-05-19,Rotterdam,Dubai,Atlas Air Cargo,Air,607.5,16685,2,3,10264.68,true,
SH30146,2024-05-19,Rotterdam,Busan,Swift Cargo,Sea,891.8,7169,12,13,729.01,true,
SH30258,2024-05-19,Shanghai,Rotterdam,BlueWave Lines,Sea,4424.7,10132,18,18,4008.97,true,
SH31275,2024-05-19,Ho Chi Minh City,Busan,Atlas Air Cargo,Air,254.0,16574,3,3,4996.02,true,
SH31621,2024-05-19,Ho Chi Minh City,Shanghai,Atlas Air Cargo,Air,97.6,12058,2,2,1344.15,true,
SH32269,2024-05-19,Dubai,Rotterdam,Northstar Logistics,Road,345.4,2428,7,5,427.04,false,Weather
SH32282,2024-05-19,Singapore,Ho Chi Minh City,Northstar Logistics,Sea,772.2,10202,18,18,860.84,true,
SH32679,2024-05-19,Shanghai,Rotterdam,BlueWave Lines,Sea,465.8,8721,15,15,471.52,true,
SH24014,2024-05-20,Los Angeles,Hamburg,BlueWave Lines,Sea,1744.3,2666,7,6,515.44,false,Equipment
SH24173,2024-05-20,Los Angeles,Singapore,BlueWave Lines,Rail,1194.7,718,2,2,281.79,true,
SH24186,2024-05-20,Dubai,Busan,Meridian Freight,Sea,636.7,9297,22,16,735.88,false,Port congestion
SH24849,2024-05-20,Los Angeles,Singapore,Swift Cargo,Sea,4751.2,2268,5,5,1046.52,true,
SH24954,2024-05-20,Los Angeles,Shanghai,BlueWave Lines,Sea,942.3,17243,29,29,1406.19,true,
SH26210,2024-05-20,Busan,Rotterdam,Meridian Freight,Sea,1308.8,11894,19,20,1488.12,true,
SH26796,2024-05-20,Ho Chi Minh City,Rotterdam,Swift Cargo,Road,1608.5,959,3,3,749.38,true,
SH27297,2024-05-20,Rotterdam,Busan,Northstar Logistics,Rail,540.6,1039,3,2,250.31,false,Equipment
SH27645,2024-05-20,Shanghai,Singapore,Swift Cargo,Sea,4504.2,16769,27,28,7863.1,true,
SH27698,2024-05-20,Ho Chi Minh City,Singapore,BlueWave Lines,Sea,897.4,12714,21,22,1081.3,true,
SH27882,2024-05-20,Singapore,Ho Chi Minh City,Swift Cargo,Sea,1159.4,3100,7,7,459.69,true,
SH28557,2024-05-20,Los Angeles,Dubai,Meridian Freight,Sea,680.0,6463,11,12,562.91,true,
SH29188,2024-05-20,Busan,Singapore,Northstar Logistics,Road,1434.2,1577,4,4,881.63,true,
SH29814,2024-05-20,Rotterdam,Ho Chi Minh City,Atlas Air Cargo,Air,196.5,13463,2,2,3240.32,true,
SH29817,2024-05-20,Ho Chi Minh City,Singapore,Meridian Freight,Sea,478.2,2652,6,6,232.62,true,
SH30450,2024-05-20,Ho Chi Minh City,Busan,Meridian Freight,Sea,2476.0,2606,6,6,677.9,true,
SH31098,2024-05-20,Shanghai,Dubai,Meridian Freight,Sea,901.2,5219,10,10,495.08,true,
SH31270,2024-05-20,Hamburg,Los Angeles,Meridian Freight,Sea,3661.0,2641,6,6,1005.43,true,
SH31491,2024-05-20,Rotterdam,Shanghai,Northstar Logistics,Road,2790.1,1641,3,4,1970.97,true,
SH24222,2024-05-21,Shanghai,Busan,Atlas Air Cargo,Air,212.4,17879,3,3,4194.8,true,
SH25112,2024-05-21,Rotterdam,Dubai,Northstar Logistics,Sea,1141.0,9659,19,17,1273.29,false,Customs
SH25153,2024-05-21,Dubai,Hamburg,Swift Cargo,Road,3875.4,2074,3,4,2797.43,true,
SH25438,2024-05-21,Shanghai,Hamburg,Meridian Freight,Sea,2268.9,12173,21,21,3016.19,true,
SH26090,2024-05-21,Ho Chi Minh City,Dubai,Swift Cargo,Rail,2114.3,1785,3,3,1074.27,true,
SH26629,2024-05-21,Rotterdam,Los Angeles,Swift Cargo,Sea,645.8,15854,26,26,1013.07,true,
SH26982,2024-05-21,Rotterdam,Hamburg,Meridian Freight,Sea,2322.1,5553,11,11,1178.19,true,
SH28286,2024-05-21,Rotterdam,Los Angeles,BlueWave Lines,Sea,562.1,17192,28,28,1141.56,true,
SH28383,2024-05-21,Dubai,Ho Chi Minh City,Northstar Logistics,Sea,3336.6,16987,28,28,5347.36,true,
SH28749,2024-05-21,Los Angeles,Busan,Swift Cargo,Sea,2406.9,4013,8,8,1137.55,true,
SH29453,2024-05-21,Singapore,Ho Chi Minh City,Meridian Freight,Sea,1892.8,11098,19,19,2070.42,true,
SH30921,2024-05-21,Singapore,Busan,Swift Cargo,Sea,1814.4,10075,18,18,1698.18,true,
SH31882,2024-05-21,Rotterdam,Singapore,Swift Cargo,Sea,355.7,2784,6,6,204.8,true,
SH32023,2024-05-21,Rotterdam,Dubai,Swift Cargo,Road,954.4,1671,3,4,634.11,true,
SH32884,2024-05-21,Rotterdam,Singapore,BlueWave Lines,Sea,1671.1,13384,23,23,2449.2,true,
SH24215,2024-05-22,Ho Chi Minh City,Singapore,Swift Cargo,Sea,1948.0,2429,5,6,485.53,true,
SH24365,2024-05-22,Shanghai,Singapore,Atlas Air Cargo,Air,787.7,6330,4,2,5282.52,false,Equipment
SH26953,2024-05-22,Los Angeles,Busan,Meridian Freight,Sea,1152.0,7798,14,14,1077.69,true,
SH27084,2024-05-22,Shanghai,Busan,Northstar Logistics,Rail,3056.9,426,2,2,410.18,true,
SH27506,2024-05-22,Los Angeles,Ho Chi Minh City,Swift Cargo,Road,385.8,1215,2,3,270.93,true,
SH27608,2024-05-22,Ho Chi Minh City,Los Angeles,Swift Cargo,Sea,2938.5,2155,5,5,637.51,true,
SH27863,2024-05-22,Dubai,Busan,BlueWave Lines,Sea,419.7,2701,5,6,218.57,true,
SH30054,2024-05-22,Hamburg,Singapore,Swift Cargo,Sea,2746.3,11915,20,20,3223.42,true,
SH31243,2024-05-22,Shanghai,Singapore,Meridian Freight,Sea,1977.5,16174,26,27,3027.73,true,
SH31857,2024-05-22,Ho Chi Minh City,Hamburg,BlueWave Lines,Sea,3321.2,16687,27,28,6023.92,true,
SH32312,2024-05-22,Ho Chi Minh City,Los Angeles,BlueWave Lines,Road,248.2,1102,3,3,210.55,true,
SH32769,2024-05-22,Singapore,Los Angeles,Meridian Freight,Sea,766.7,7152,12,13,678.6,true,
SH32783,2024-05-22,Busan,Dubai,BlueWave Lines,Sea,900.7,4580,8,9,523.11,true,
SH25507,2024-05-23,Shanghai,Busan,Meridian Freight,Sea,1334.9,10700,17,18,1447.18,true,
SH26383,2024-05-23,Hamburg,Dubai,Northstar Logistics,Sea,531.1,8802,15,16,598.91,true,
SH26836,2024-05-23,Los Angeles,Rotterdam,Atlas Air Cargo,Air,370.4,14264,3,3,5445.93,true,
SH27097,2024-05-23,Los Angeles,Shanghai,Northstar Logistics,Rail,1921.0,1903,7,3,1044.97,false,Documentation
SH27175,2024-05-23,Dubai,Rotterdam,Swift Cargo,Sea,462.5,11611,20,20,531.54,true,
SH31583,2024-05-23,Ho Chi Minh City,Dubai,Atlas Air Cargo,Air,709.7,12186,1,2,8629.66,true,
SH31606,2024-05-23,Dubai,Los Angeles,Meridian Freight,Rail,1664.7,1788,2,3,794.33,true,
SH32430,2024-05-23,Busan,Los Angeles,Swift Cargo,Rail,1011.4,921,2,2,311.21,true,
SH32466,2024-05-23,Singapore,Los Angeles,Meridian Freight,Rail,2041.3,1409,3,3,823.59,true,
SH32893,2024-05-23,Rotterdam,Busan,Atlas Air Cargo,Air,391.6,8954,2,2,3423.79,true,
SH24128,2024-05-24,Dubai,Busan,Meridian Freight,Sea,2542.7,12962,21,22,3489.98,true,
SH25714,2024-05-24,Los Angeles,Shanghai,BlueWave Lines,Sea,772.3,2815,5,6,334.58,true,
SH26628,2024-05-24,Busan,Los Angeles,Northstar Logistics,Sea,1078.2,15928,26,27,1441.62,true,
SH26764,2024-05-24,Shanghai,Dubai,BlueWave Lines,Sea,1695.5,16503,27,27,3071.35,true,
SH26999,2024-05-24,Ho Chi Minh City,Rotterdam,Northstar Logistics,Sea,1166.2,11359,19,19,1483.75,true,
SH27803,2024-05-24,Singapore,Dubai,BlueWave Lines,Road,3855.0,479,2,2,845.76,true,Customs
SH27945,2024-05-24,Ho Chi Minh City,Shanghai,Northstar Logistics,Road,2171.9,1929,4,4,1859.85,true,
SH28145,2024-05-24,Dubai,Ho Chi Minh City,Atlas Air Cargo,Air,367.5,3273,1,1,1509.08,true,
SH28235,2024-05-24,Hamburg,Rotterdam,Meridian Freight,Rail,376.5,821,2,2,188.72,true,
SH28400,2024-05-24,Shanghai,Singapore,Northstar Logistics,Sea,1039.2,4785,8,9,623.28,true,
SH29316,2024-05-24,Hamburg,Los Angeles,Meridian Freight,Sea,953.9,2839,9,6,366.1,false,Equipment
SH30392,2024-05-24,Ho Chi Minh City,Busan,Meridian Freight,Sea,440.8,17913,30,30,947.95,true,
SH30932,2024-05-24,Shanghai,Ho Chi Minh City,BlueWave Lines,Road,859.0,820,2,2,357.83,true,
SH31805,2024-05-24,Hamburg,Rotterdam,BlueWave Lines,Sea,5686.6,17907,30,30,8048.28,true,
SH31866,2024-05-24,Singapore,Busan,Meridian Freight,Rail,1536.6,659,5,2,333.44,false,Customs
SH32203,2024-05-24,Ho Chi Minh City,Hamburg,BlueWave Lines,Road,1529.6,1288,3,3,919.04,true,
SH32574,2024-05-24,Shanghai,Rotterdam,Northstar Logistics,Sea,2471.6,12089,20,21,2915.78,true,
SH32735,2024-05-24,Hamburg,Los Angeles,Meridian Freight,Sea,1498.6,10054,19,17,1515.58,false,Port congestion
SH24140,2024-05-25,Los Angeles,Ho Chi Minh City,Swift Cargo,Sea,900.6,6829,12,13,670.23,true,
SH24321,2024-05-25,Hamburg,Shanghai,Meridian Freight,Road,1251.0,266,1,1,234.75,true,
SH25200,2024-05-25,Dubai,Singapore,Swift Cargo,Road,637.4,2492,5,5,747.61,true,
SH25948,2024-05-25,Singapore,Ho Chi Minh City,Meridian Freight,Sea,827.9,16653,28,28,1509.43,true,
SH26170,2024-05-25,Los Angeles,Hamburg,Meridian Freight,Sea,241.8,14554,24,24,424.31,true,
SH26313,2024-05-25,Rotterdam,Shanghai,BlueWave Lines,Sea,1115.0,8573,15,15,983.7,true,
SH26571,2024-05-25,Los Angeles,Rotterdam,Northstar Logistics,Sea,1093.1,5985,10,11,790.49,true,
SH26949,2024-05-25,Hamburg,Los Angeles,Swift Cargo,Rail,2481.0,568,2,2,434.64,true,
SH28120,2024-05-25,Hamburg,Los Angeles,Meridian Freight,Sea,1282.0,17692,28,29,2112.27,true,
SH28256,2024-05-25,Los Angeles,Hamburg,Atlas Air Cargo,Air,424.7,5977,1,2,3017.88,true,
SH28374,2024-05-25,Dubai,Ho Chi Minh City,Northstar Logistics,Sea,3824.5,11387,20,20,4051.04,true,
SH30816,2024-05-25,Los Angeles,Dubai,Meridian Freight,Sea,4485.7,3129,7,7,1352.65,true,
SH31116,2024-05-25,Hamburg,Singapore,Northstar Logistics,Sea,1463.8,2855,6,6,562.14,true,
SH31441,2024-05-25,Dubai,Singapore,Atlas Air Cargo,Air,146.2,12893,2,2,2072.13,true,
SH24902,2024-05-26,Busan,Shanghai,BlueWave Lines,Road,475.3,2273,4,5,546.35,true,
SH24950,2024-05-26,Shanghai,Busan,Meridian Freight,Sea,251.3,15897,25,26,548.15,true,
SH25649,2024-05-26,Los Angeles,Hamburg,Northstar Logistics,Sea,2333.0,7495,14,14,1959.64,true,
SH26044,2024-05-26,Hamburg,Dubai,Northstar Logistics,Sea,719.9,11348,19,19,875.61,true,
SH26086,2024-05-26,Singapore,Ho Chi Minh City,Atlas Air Cargo,Air,373.9,7718,2,2,3040.06,true,
SH26121,2024-05-26,Busan,Hamburg,Meridian Freight,Sea,1110.2,10131,17,18,1160.98,true,
SH27024,2024-05-26,Shanghai,Rotterdam,Meridian Freight,Sea,4653.4,6282,12,12,2641.41,true,
SH27899,2024-05-26,Ho Chi Minh City,Hamburg,Meridian Freight,Sea,941.7,13267,28,22,1458.34,false,Equipment
SH29048,2024-05-26,Singapore,Shanghai,Northstar Logistics,Road,1145.1,543,2,2,319.1,true,
SH31218,2024-05-26,Dubai,Rotterdam,Northstar Logistics,Rail,822.4,419,1,2,195.88,true,
SH31296,2024-05-26,Los Angeles,Hamburg,Meridian Freight,Sea,2920.4,12394,21,21,3263.1,true,
SH32215,2024-05-26,Singapore,Los Angeles,Atlas Air Cargo,Air,334.4,13932,3,3,5186.05,true,
SH24057,2024-05-27,Ho Chi Minh City,Shanghai,BlueWave Lines,Sea,1269.8,11260,19,19,1322.05,true,
SH24425,2024-05-27,Los Angeles,Singapore,Atlas Air Cargo,Air,269.3,3161,1,1,1198.92,true,
SH24890,2024-05-27,Ho Chi Minh City,Singapore,Northstar Logistics,Sea,1162.7,4995,10,10,623.89,true,
SH25475,2024-05-27,Los Angeles,Singapore,Meridian Freight,Sea,2779.1,13062,22,22,3990.92,true,
SH25918,2024-05-27,Singapore,Rotterdam,BlueWave Lines,Road,2596.4,1617,4,4,1781.64,true,
SH26440,2024-05-27,Dubai,Busan,Northstar Logistics,Sea,655.7,17384,29,29,1040.69,true,
SH26915,2024-05-27,Dubai,Los Angeles,Northstar Logistics,Sea,3967.5,3323,7,7,1332.65,true,
SH26936,2024-05-27,Dubai,Ho Chi Minh City,Atlas Air Cargo,Air,208.4,5421,2,2,1583.96,true,
SH27708,2024-05-27,Rotterdam,Dubai,BlueWave Lines,Road,552.3,1321,3,3,378.82,true,
SH28186,2024-05-27,Busan,Rotterdam,Swift Cargo,Rail,6005.6,789,1,2,1307.7,true,
SH28463,2024-05-27,Singapore,Hamburg,Meridian Freight,Road,10584.9,301,2,2,1273.45,true,
SH28987,2024-05-27,Hamburg,Ho Chi Minh City,Meridian Freight,Sea,1626.3,17795,28,29,2594.93,true,
SH29068,2024-05-27,Ho Chi Minh City,Hamburg,Northstar Logistics,Sea,2079.3,12549,20,21,2118.26,true,
SH29236,2024-05-27,Rotterdam,Hamburg,BlueWave Lines,Sea,669.3,10202,17,18,803.71,true,
SH29572,2024-05-27,Shanghai,Busan,Meridian Freight,Sea,999.1,12170,21,21,1209.84,true,
SH29656,2024-05-27,Singapore,Busan,BlueWave Lines,Road,2985.9,1506,3,4,1695.45,true,
SH30559,2024-05-27,Ho Chi Minh City,Dubai,Atlas Air Cargo,Air,1008.0,3308,1,1,3957.76,true,
SH31294,2024-05-27,Rotterdam,Shanghai,Swift Cargo,Sea,1816.9,6588,11,12,1234.85,true,
SH31528,2024-05-27,Ho Chi Minh City,Busan,Swift Cargo,Road,1380.3,1877,4,4,1021.73,true,
SH32292,2024-05-27,Busan,Dubai,Meridian Freight,Sea,1284.3,7623,14,14,1163.35,true,
SH25841,2024-05-28,Ho Chi Minh City,Rotterdam,BlueWave Lines,Road,1545.0,1998,4,4,1248.19,true,
SH26964,2024-05-28,Ho Chi Minh City,Rotterdam,Northstar Logistics,Sea,2056.7,5214,12,10,950.19,false,Customs
SH27143,2024-05-28,Rotterdam,Dubai,Northstar Logistics,Sea,636.7,4109,9,8,395.86,false,Customs
SH27384,2024-05-28,Hamburg,Busan,Swift Cargo,Sea,461.1,10110,18,18,519.44,true,
SH28595,2024-05-28,Hamburg,Singapore,BlueWave Lines,Road,1285.1,624,2,2,374.0,true,
SH29114,2024-05-28,Rotterdam,Ho Chi Minh City,Atlas Air Cargo,Air,278.1,7861,2,2,2978.57,true,
SH29166,2024-05-28,Los Angeles,Hamburg,Meridian Freight,Sea,1536.2,12453,21,21,1870.82,true,
SH30675,2024-05-28,Los Angeles,Singapore,Northstar Logistics,Rail,2737.0,516,2,2,407.83,true,
SH32144,2024-05-28,Dubai,Singapore,Northstar Logistics,Sea,2531.2,8973,16,16,1895.25,true,
SH32661,2024-05-28,Busan,Shanghai,BlueWave Lines,Sea,1358.0,11574,19,20,1706.73,true,
SH24210,2024-05-29,Los Angeles,Rotterdam,Northstar Logistics,Road,2745.8,1185,3,3,1288.18,true,
SH24713,2024-05-29,Los Angeles,Dubai,Swift Cargo,Road,694.3,177,1,1,162.6,true,
SH25853,2024-05-29,Los Angeles,Dubai,BlueWave Lines,Sea,4389.1,1848,4,5,860.52,true,
SH26167,2024-05-29,Busan,Los Angeles,Atlas Air Cargo,Air,228.4,9329,2,2,2263.29,true,
SH26736,2024-05-29,Shanghai,Ho Chi Minh City,BlueWave Lines,Road,332.5,2143,5,5,393.29,true,
SH27730,2024-05-29,Ho Chi Minh City,Los Angeles,Atlas Air Cargo,Air,99.6,7362,2,2,870.92,true,
SH28265,2024-05-29,Singapore,Dubai,BlueWave Lines,Sea,575.6,7719,14,14,589.61,true,
SH29050,2024-05-29,Ho Chi Minh City,Los Angeles,Swift Cargo,Sea,349.7,6571,11,12,304.55,true,
SH30073,2024-05-29,Los Angeles,Busan,Meridian Freight,Sea,1559.2,16792,27,28,2780.55,true,
SH30104,2024-05-29,Hamburg,Los Angeles,Meridian Freight,Sea,635.9,9281,24,16,678.04,false,Port congestion
SH32912,2024-05-29,Ho Chi Minh City,Hamburg,Swift Cargo,Road,1029.1,591,2,2,330.43,true,
SH24068,2024-05-30,Dubai,Los Angeles,Swift Cargo,Road,2199.5,172,1,1,269.55,true,
SH24800,2024-05-30,Singapore,Shanghai,Meridian Freight,Sea,1801.9,6886,13,13,1404.47,true,
SH25398,2024-05-30,Rotterdam,Ho Chi Minh City,Meridian Freight,Sea,5392.8,1116,5,4,687.3,false,Customs
SH26526,2024-05-30,Rotterdam,Los Angeles,Meridian Freight,Sea,2890.4,5855,10,11,1565.86,true,
SH26530,2024-05-30,Hamburg,Shanghai,Atlas Air Cargo,Air,1284.3,8770,2,2,10678.45,true,
SH26908,2024-05-30,Busan,Singapore,Northstar Logistics,Road,477.5,2303,4,5,497.67,true,
SH27169,2024-05-30,Shanghai,Busan,Atlas Air Cargo,Air,203.5,13293,2,2,2683.94,true,
SH27691,2024-05-30,Busan,Hamburg,Swift Cargo,Road,1329.9,2485,5,5,1498.88,true,
SH28419,2024-05-30,Busan,Singapore,Atlas Air Cargo,Air,253.2,10727,7,2,3120.87,false,Customs
SH28609,2024-05-30,Shanghai,Dubai,Swift Cargo,Sea,849.1,10265,17,18,1000.41,true,
SH29762,2024-05-30,Dubai,Shanghai,Meridian Freight,Road,8514.0,1706,4,4,5759.41,true,
SH32662,2024-05-30,Ho Chi Minh City,Dubai,Swift Cargo,Sea,2637.4,2531,6,6,696.97,true,
SH32984,2024-05-30,Ho Chi Minh City,Singapore,Meridian Freight,Road,748.7,796,1,2,347.5,true,
SH25071,2024-05-31,Dubai,Los Angeles,Northstar Logistics,Sea,948.0,10162,20,18,978.08,false,Port congestion
SH25075,2024-05-31,Los Angeles,Rotterdam,Swift Cargo,Road,4060.2,582,2,2,944.04,true,
SH25674,2024-05-31,Ho Chi Minh City,Los Angeles,Meridian Freight,Rail,1313.2,926,1,2,414.39,true,
SH25678,2024-05-31,Hamburg,Singapore,BlueWave Lines,Sea,708.6,4536,8,9,466.59,true,
SH25699,2024-05-31,Rotterdam,Busan,BlueWave Lines,Sea,2628.0,12837,22,22,3545.37,true,
SH25704,2024-05-31,Busan,Singapore,Swift Cargo,Road,2568.9,951,3,3,873.78,true,
SH25771,2024-05-31,Busan,Los Angeles,Northstar Logistics,Sea,662.5,8524,15,15,636.99,true,Weather
SH25938,2024-05-31,Los Angeles,Busan,Meridian Freight,Sea,2222.3,5763,11,11,1236.11,true,
SH26539,2024-05-31,Dubai,Los Angeles,Swift Cargo,Sea,1751.1,4927,9,10,1022.57,true,
SH26680,2024-05-31,Busan,Shanghai,Atlas Air Cargo,Air,106.1,16662,3,3,2203.21,true,
SH28280,2024-05-31,Singapore,Busan,Swift Cargo,Sea,1202.5,16320,27,27,2107.86,true,
SH28425,2024-05-31,Hamburg,Dubai,Northstar Logistics,Sea,306.1,1407,6,4,157.1,false,Port congestion
SH28579,2024-05-31,Singapore,Shanghai,BlueWave Lines,Rail,1896.7,2287,3,4,1184.33,true,
SH29703,2024-05-31,Rotterdam,Busan,Northstar Logistics,Road,925.5,383,1,2,240.54,true,
SH29807,2024-05-31,Hamburg,Dubai,BlueWave Lines,Sea,1287.9,16892,27,28,2416.82,true,
SH30068,2024-05-31,Hamburg,Ho Chi Minh City,Swift Cargo,Sea,547.3,4004,7,8,289.68,true,
SH30394,2024-05-31,Dubai,Hamburg,Atlas Air Cargo,Air,31.9,1792,1,1,191.73,true,
SH30992,2024-05-31,Dubai,Hamburg,BlueWave Lines,Sea,491.3,7100,13,13,472.44,true,
SH32463,2024-05-31,Los Angeles,Shanghai,Meridian Freight,Sea,1024.8,5838,11,11,578.38,true,
SH32484,2024-05-31,Shanghai,Singapore,Northstar Logistics,Sea,880.4,16655,28,28,1348.89,true,
SH32923,2024-05-31,Singapore,Rotterdam,Atlas Air Cargo,Air,206.8,5950,2,2,1585.15,true,
SH24016,2024-06-01,Dubai,Busan,Atlas Air Cargo,Air,219.6,3312,1,1,1057.9,true,
SH26411,2024-06-01,Los Angeles,Ho Chi Minh City,BlueWave Lines,Sea,2830.1,13903,23,23,4333.89,true,
SH26758,2024-06-01,Singapore,Los Angeles,Northstar Logistics,Rail,797.7,939,3,2,307.45,false,Port congestion
SH27232,2024-06-01,Los Angeles,Busan,Atlas Air Cargo,Air,156.2,4310,1,1,962.39,true,
SH28351,2024-06-01,Singapore,Dubai,Swift Cargo,Sea,3309.8,4163,7,8,1227.04,true,
SH28455,2024-06-01,Rotterdam,Busan,BlueWave Lines,Sea,1471.3,10001,17,17,1536.61,true,
SH28513,2024-06-01,Los Angeles,Shanghai,Atlas Air Cargo,Air,119.6,7398,1,2,988.18,true,
SH29880,2024-06-01,Dubai,Shanghai,Atlas Air Cargo,Air,130.8,12608,2,2,1953.26,true,
SH30263,2024-06-01,Rotterdam,Dubai,Meridian Freight,Sea,3344.6,2272,5,5,919.4,true,
SH30519,2024-06-01,Dubai,Rotterdam,Atlas Air Cargo,Air,77.8,16543,2,3,1788.56,true,
SH30566,2024-06-01,Shanghai,Rotterdam,Swift Cargo,Sea,1215.4,10542,18,18,1420.99,true,
SH31575,2024-06-01,Rotterdam,Los Angeles,BlueWave Lines,Sea,2220.9,7094,12,13,1356.04,true,
SH32279,2024-06-01,Dubai,Singapore,Northstar Logistics,Sea,1458.4,6130,15,11,1032.79,false,Weather
SH32424,2024-06-01,Ho Chi Minh City,Rotterdam,Northstar Logistics,Sea,1536.8,5349,10,10,939.44,true,
SH32686,2024-06-01,Singapore,Dubai,Atlas Air Cargo,Air,866.0,5117,2,2,4625.22,true,
SH24385,2024-06-02,Dubai,Hamburg,BlueWave Lines,Sea,366.6,15887,26,26,637.31,true,
SH25167,2024-06-02,Los Angeles,Rotterdam,Northstar Logistics,Sea,1047.1,17139,31,28,1712.74,false,Equipment
SH26234,2024-06-02,Shanghai,Hamburg,Meridian Freight,Rail,5293.9,1456,3,3,2027.15,true,
SH26302,2024-06-02,Rotterdam,Dubai,Meridian Freight,Road,1395.5,1668,3,4,826.39,true,
SH26382,2024-06-02,Singapore,Dubai,Meridian Freight,Sea,1317.0,11412,20,20,1570.54,true,
SH27975,2024-06-02,Busan,Hamburg,Swift Cargo,Sea,644.2,3488,7,7,310.39,true,
SH29102,2024-06-02,Singapore,Shanghai,Atlas Air Cargo,Air,369.6,12651,1,2,4595.78,true,
SH30888,2024-06-02,Hamburg,Dubai,Atlas Air Cargo,Air,424.6,14539,3,3,7304.99,true,
SH24188,2024-06-03,Los Angeles,Shanghai,Northstar Logistics,Sea,1684.5,15012,25,25,2103.99,true,
SH25387,2024-06-03,Ho Chi Minh City,Singapore,Atlas Air Cargo,Air,179.3,9160,2,2,1857.5,true,
SH25610,2024-06-03,Rotterdam,Singapore,Atlas Air Cargo,Air,165.6,2825,1,1,727.35,true,
SH26081,2024-06-03,Busan,Shanghai,Northstar Logistics,Rail,1381.6,853,2,2,410.35,true,
SH26296,2024-06-03,Dubai,Shanghai,Swift Cargo,Sea,2125.0,17174,28,28,3632.95,true,
SH27017,2024-06-03,Dubai,Hamburg,Meridian Freight,Sea,279.2,13975,24,24,512.89,true,
SH29255,2024-06-03,Rotterdam,Hamburg,Atlas Air Cargo,Air,1885.5,7358,2,2,17319.85,true,
SH30305,2024-06-03,Ho Chi Minh City,Dubai,BlueWave Lines,Rail,680.8,400,2,2,179.55,true,
SH30427,2024-06-03,Hamburg,Los Angeles,Swift Cargo,Sea,745.2,16877,28,28,1454.98,true,
SH30564,2024-06-03,Dubai,Shanghai,Atlas Air Cargo,Air,389.4,1474,1,1,746.94,true,
SH32790,2024-06-03,Busan,Ho Chi Minh City,BlueWave Lines,Sea,3120.1,9838,17,17,3313.07,true,
SH25342,2024-06-04,Rotterdam,Busan,Swift Cargo,Rail,837.0,492,2,2,198.04,true,
SH25613,2024-06-04,Singapore,Busan,BlueWave Lines,Sea,295.2,6644,12,12,315.24,true,
SH26419,2024-06-04,Los Angeles,Singapore,Atlas Air Cargo,Air,133.3,3389,1,1,564.76,true,
SH27894,2024-06-04,Singapore,Rotterdam,Northstar Logistics,Sea,942.4,9429,19,17,832.43,false,Weather
SH28421,2024-06-04,Rotterdam,Hamburg,BlueWave Lines,Road,649.9,1085,3,3,377.68,true,
SH29460,2024-06-04,Dubai,Los Angeles,Atlas Air Cargo,Air,1282.2,16776,2,3,24057.86,true,
SH29568,2024-06-04,Shanghai,Rotterdam,BlueWave Lines,Road,1114.9,2191,5,5,852.21,true,
SH29615,2024-06-04,Shanghai,Rotterdam,Atlas Air Cargo,Air,663.8,1079,1,1,979.81,true,
SH29778,2024-06-04,Dubai,Shanghai,Northstar Logistics,Sea,1473.8,5248,10,10,714.71,true,
SH29887,2024-06-04,Busan,Ho Chi Minh City,Swift Cargo,Road,2803.9,966,5,3,1051.39,false,Customs
SH29890,2024-06-04,Hamburg,Singapore,BlueWave Lines,Sea,1623.3,15324,26,26,2783.11,true,
SH30028,2024-06-04,Rotterdam,Ho Chi Minh City,Meridian Freight,Sea,2884.8,4703,9,9,1307.71,true,Weather
SH32109,2024-06-04,Hamburg,Shanghai,BlueWave Lines,Sea,1283.5,17276,29,29,2459.55,true,
SH32613,2024-06-04,Singapore,Dubai,Atlas Air Cargo,Air,78.3,14427,3,3,1433.46,true,
SH32678,2024-06-04,Singapore,Shanghai,BlueWave Lines,Road,402.6,1382,3,3,308.37,true,
SH32985,2024-06-04,Rotterdam,Singapore,Northstar Logistics,Sea,2466.6,14989,25,25,2977.53,true,
SH24776,2024-06-05,Dubai,Hamburg,Northstar Logistics,Road,1865.9,329,2,2,357.13,true,
SH25617,2024-06-05,Ho Chi Minh City,Hamburg,Meridian Freight,Sea,1718.8,2979,7,7,520.62,true,
SH26245,2024-06-05,Busan,Ho Chi Minh City,BlueWave Lines,Sea,620.0,3989,7,8,349.59,true,
SH28060,2024-06-05,Los Angeles,Rotterdam,Northstar Logistics,Road,2487.9,971,4,3,1106.08,false,Port congestion
SH28638,2024-06-05,Dubai,Singapore,BlueWave Lines,Sea,861.0,14509,24,24,1256.85,true,
SH29435,2024-06-05,Rotterdam,Busan,BlueWave Lines,Sea,3216.4,10004,17,17,2615.88,true,
SH29801,2024-06-05,Busan,Rotterdam,Swift Cargo,Sea,2266.0,10627,18,18,2198.19,true,
SH31040,2024-06-05,Rotterdam,Hamburg,Northstar Logistics,Road,2413.4,484,2,2,582.05,true,
SH31193,2024-06-05,Rotterdam,Singapore,Swift Cargo,Sea,497.0,16838,27,28,787.27,true,
SH31775,2024-06-05,Dubai,Los Angeles,Northstar Logistics,Rail,2834.6,225,1,1,248.67,true,
SH31820,2024-06-05,Singapore,Los Angeles,Swift Cargo,Road,784.5,1395,3,3,513.71,true,
SH24042,2024-06-06,Los Angeles,Rotterdam,Atlas Air Cargo,Air,366.2,17783,12,3,7544.41,false,Equipment
SH24898,2024-06-06,Los Angeles,Hamburg,Atlas Air Cargo,Air,407.3,11704,2,2,6313.29,true,
SH24922,2024-06-06,Dubai,Hamburg,BlueWave Lines,Sea,2165.5,13343,23,23,2689.99,true,
SH25032,2024-06-06,Los Angeles,Dubai,BlueWave Lines,Road,37201.0,2222,5,5,33119.19,true,
SH25379,2024-06-06,Los Angeles,Ho Chi Minh City,Atlas Air Cargo,Air,109.3,14057,2,3,1681.34,true,
SH26358,2024-06-06,Shanghai,Dubai,BlueWave Lines,Sea,9301.8,2261,5,5,2351.92,true,
SH27510,2024-06-06,Dubai,Busan,Meridian Freight,Sea,2654.6,9156,15,16,2063.86,true,
SH29909,2024-06-06,Los Angeles,Hamburg,BlueWave Lines,Road,1037.8,1292,5,3,523.09,false,Port congestion
SH31066,2024-06-06,Singapore,Shanghai,Atlas Air Cargo,Air,549.2,5549,1,2,3789.59,true,
SH31529,2024-06-06,Los Angeles,Busan,Meridian Freight,Sea,2044.9,6145,11,11,1302.34,true,
SH31634,2024-06-06,Ho Chi Minh City,Singapore,Atlas Air Cargo,Air,289.7,5490,2,2,1859.27,true,
SH31739,2024-06-06,Rotterdam,Hamburg,BlueWave Lines,Road,1079.2,1263,3,3,667.02,true,
SH31818,2024-06-06,Singapore,Dubai,Meridian Freight,Rail,1279.9,625,2,2,275.46,true,
SH31968,2024-06-06,Los Angeles,Shanghai,BlueWave Lines,Sea,933.6,2576,6,6,345.31,true,
SH32693,2024-06-06,Rotterdam,Busan,BlueWave Lines,Sea,1009.1,4247,9,9,525.17,true,
SH24532,2024-06-07,Singapore,Busan,Swift Cargo,Rail,10228.6,426,1,2,1070.02,true,
SH24676,2024-06-07,Rotterdam,Hamburg,Swift Cargo,Sea,2169.1,15557,26,26,3108.13,true,
SH24787,2024-06-07,Rotterdam,Hamburg,Meridian Freight,Sea,9440.8,7245,13,13,6087.45,true,Port congestion
SH26737,2024-06-07,Hamburg,Singapore,Northstar Logistics,Sea,7237.7,2772,9,6,2034.91,false,Port congestion
SH26938,2024-06-07,Hamburg,Singapore,Northstar Logistics,Sea,3614.7,5633,11,11,1681.43,true,
SH27109,2024-06-07,Hamburg,Ho Chi Minh City,Meridian Freight,Sea,591.3,1782,5,5,229.75,true,
SH28285,2024-06-07,Singapore,Dubai,Atlas Air Cargo,Air,155.0,11325,2,2,2409.15,true,
SH28550,2024-06-07,Ho Chi Minh City,Rotterdam,Meridian Freight,Sea,719.0,1860,5,5,225.61,true,
SH29232,2024-06-07,Rotterdam,Dubai,Meridian Freight,Sea,726.9,14925,24,25,1080.18,true,
SH29341,2024-06-07,Hamburg,Los Angeles,Meridian Freight,Sea,903.6,17449,29,29,1756.63,true,
SH29500,2024-06-07,Shanghai,Dubai,Meridian Freight,Sea,2832.2,9290,16,16,2741.18,true,
SH30601,2024-06-07,Busan,Los Angeles,Swift Cargo,Sea,944.8,13018,22,22,1304.02,true,
SH31552,2024-06-07,Dubai,Ho Chi Minh City,Atlas Air Cargo,Air,35.2,8666,2,2,488.35,true,
SH32027,2024-06-07,Busan,Rotterdam,Meridian Freight,Sea,302.3,14703,25,25,593.87,true,
SH32185,2024-06-07,Singapore,Busan,Northstar Logistics,Road,3964.9,295,7,1,551.99,false,Equipment
SH32386,2024-06-07,Dubai,Hamburg,BlueWave Lines,Road,302.4,391,2,2,156.18,true,
SH24496,2024-06-08,Los Angeles,Hamburg,BlueWave Lines,Rail,1572.8,971,1,2,486.55,true,
SH26653,2024-06-08,Shanghai,Busan,Atlas Air Cargo,Air,604.3,17627,3,3,10690.79,true,
SH27055,2024-06-08,Hamburg,Dubai,Atlas Air Cargo,Air,121.9,13976,3,3,1884.32,true,
SH27400,2024-06-08,Ho Chi Minh City,Shanghai,BlueWave Lines,Sea,221.4,4321,8,9,203.43,true,
SH28023,2024-06-08,Busan,Ho Chi Minh City,Meridian Freight,Sea,353.8,14869,25,25,605.09,true,
SH28081,2024-06-08,Hamburg,Busan,BlueWave Lines,Road,372.0,509,8,2,197.1,false,Weather
SH29003,2024-06-08,Shanghai,Hamburg,BlueWave Lines,Road,1988.9,691,2,2,556.95,true,
SH29167,2024-06-08,Ho Chi Minh City,Dubai,BlueWave Lines,Road,398.5,344,1,2,167.99,true,
SH29788,2024-06-08,Los Angeles,Singapore,Meridian Freight,Sea,1546.3,4656,9,9,808.66,true,
SH30262,2024-06-08,Ho Chi Minh City,Busan,Swift Cargo,Sea,1067.9,16125,27,27,1499.34,true,
SH31428,2024-06-08,Hamburg,Dubai,Atlas Air Cargo,Air,930.0,2931,1,1,2840.79,true,
SH31445,2024-06-08,Busan,Singapore,Atlas Air Cargo,Air,125.9,13720,3,3,2244.74,true,
SH31960,2024-06-08,Los Angeles,Busan,Meridian Freight,Sea,1097.0,2781,5,6,412.48,true,
SH31976,2024-06-08,Rotterdam,Shanghai,Atlas Air Cargo,Air,63.7,12151,1,2,1049.0,true,
SH32344,2024-06-08,Rotterdam,Los Angeles,Meridian Freight,Rail,2514.1,1389,3,3,808.9,true,
SH32381,2024-06-08,Rotterdam,Los Angeles,Meridian Freight,Sea,562.4,13094,21,22,869.06,true,
SH24478,2024-06-09,Busan,Singapore,Meridian Freight,Sea,258.5,6005,11,11,249.93,true,
SH24490,2024-06-09,Hamburg,Los Angeles,Swift Cargo,Sea,2926.1,13126,21,22,3968.46,true,
SH25583,2024-06-09,Rotterdam,Busan,Swift Cargo,Rail,221.2,2359,3,4,236.3,true,
SH25666,2024-06-09,Rotterdam,Hamburg,Northstar Logistics,Sea,769.7,16956,28,28,1370.59,true,
SH26366,2024-06-09,Hamburg,Singapore,Meridian Freight,Road,470.3,1397,3,3,348.37,true,
SH26721,2024-06-09,Singapore,Shanghai,Meridian Freight,Rail,1287.6,393,1,1,220.47,true,
SH27091,2024-06-09,Los Angeles,Rotterdam,Atlas Air Cargo,Air,430.2,10974,2,2,5486.82,true,
SH27388,2024-06-09,Busan,Ho Chi Minh City,Atlas Air Cargo,Air,576.2,8747,1,2,5466.72,true,
SH28849,2024-06-09,Shanghai,Dubai,Meridian Freight,Sea,538.3,894,3,3,159.26,true,
SH30265,2024-06-09,Dubai,Singapore,Meridian Freight,Rail,3205.9,745,2,2,616.92,true,
SH31172,2024-06-09,Dubai,Singapore,Northstar Logistics,Sea,933.1,3246,7,7,436.72,true,
SH24241,2024-06-10,Hamburg,Dubai,Northstar Logistics,Sea,757.2,10204,18,18,745.79,true,
SH24487,2024-06-10,Hamburg,Ho Chi Minh City,Swift Cargo,Sea,2374.7,3010,7,7,756.24,true,
SH25463,2024-06-10,Ho Chi Minh City,Shanghai,Meridian Freight,Sea,3605.9,3197,7,7,1138.29,true,
SH26205,2024-06-10,Busan,Hamburg,Swift Cargo,Sea,2573.6,5257,10,10,1299.68,true,
SH26327,2024-06-10,Hamburg,Busan,Meridian Freight,Sea,2364.1,14855,25,25,3512.46,true,
SH26577,2024-06-10,Los Angeles,Busan,Atlas Air Cargo,Air,203.6,2810,1,1,802.25,true,
SH28194,2024-06-10,Rotterdam,Shanghai,BlueWave Lines,Sea,1236.4,9245,16,16,1264.04,true,
SH29943,2024-06-10,Ho Chi Minh City,Shanghai,Swift Cargo,Sea,940.1,16950,34,28,1764.02,false,Port congestion
SH29990,2024-06-10,Hamburg,Rotterdam,Northstar Logistics,Sea,1084.3,6461,11,12,780.0,true,
SH30183,2024-06-10,Hamburg,Shanghai,Northstar Logistics,Sea,1770.5,11977,20,20,2000.36,true,
SH30846,2024-06-10,Dubai,Busan,Meridian Freight,Sea,1886.2,15602,25,26,2969.23,true,
SH30965,2024-06-10,Dubai,Los Angeles,Northstar Logistics,Sea,3613.2,15449,26,26,5601.46,true,
SH31802,2024-06-10,Busan,Hamburg,BlueWave Lines,Sea,1593.5,905,3,3,241.03,true,
SH24499,2024-06-11,Singapore,Shanghai,Swift Cargo,Sea,350.3,5448,9,10,284.59,true,
SH25955,2024-06-11,Hamburg,Ho Chi Minh City,Meridian Freight,Sea,1345.0,7070,13,13,933.08,true,
SH26149,2024-06-11,Singapore,Los Angeles,Atlas Air Cargo,Air,159.6,3465,1,1,776.03,true,
SH26405,2024-06-11,Hamburg,Los Angeles,Swift Cargo,Sea,1738.7,7012,13,13,1283.76,true,
SH27007,2024-06-11,Ho Chi Minh City,Busan,BlueWave Lines,Sea,1444.0,14528,24,24,2369.15,true,
SH27952,2024-06-11,Busan,Shanghai,Meridian Freight,Road,536.9,1546,4,4,445.52,true,
SH29469,2024-06-11,Dubai,Shanghai,Swift Cargo,Sea,7016.5,10376,17,18,7206.69,true,
SH29681,2024-06-11,Shanghai,Los Angeles,Northstar Logistics,Sea,435.6,15612,25,26,762.76,true,
SH30476,2024-06-11,Shanghai,Hamburg,Meridian Freight,Rail,1816.9,2257,8,4,1171.23,false,Port congestion
SH31127,2024-06-11,Shanghai,Busan,BlueWave Lines,Rail,1406.7,1945,6,3,785.45,false,Documentation
SH32556,2024-06-11,Singapore,Hamburg,Atlas Air Cargo,Air,246.9,8586,2,2,2236.36,true,
SH32577,2024-06-11,Rotterdam,Los Angeles,BlueWave Lines,Sea,4362.0,4271,9,9,1926.65,true,
SH24372,2024-06-12,Hamburg,Los Angeles,Atlas Air Cargo,Air,306.8,6688,2,2,2073.5,true,
SH24424,2024-06-12,Hamburg,Rotterdam,Atlas Air Cargo,Air,320.9,13467,1,2,5609.52,true,
SH24605,2024-06-12,Rotterdam,Shanghai,Northstar Logistics,Sea,826.5,15782,25,26,1389.22,true,
SH24962,2024-06-12,Shanghai,Dubai,Atlas Air Cargo,Air,109.0,11447,2,2,1308.08,true,
SH26188,2024-06-12,Singapore,Ho Chi Minh City,Swift Cargo,Rail,669.5,1799,3,3,416.01,true,
SH27002,2024-06-12,Shanghai,Busan,Meridian Freight,Sea,924.7,8763,14,15,874.59,true,
SH27282,2024-06-12,Dubai,Rotterdam,Atlas Air Cargo,Air,44.2,4207,1,1,346.59,true,
SH27426,2024-06-12,Busan,Shanghai,Northstar Logistics,Rail,930.9,2341,3,4,531.57,true,
SH28192,2024-06-12,Ho Chi Minh City,Hamburg,BlueWave Lines,Sea,1617.6,14600,24,24,2089.96,true,
SH29398,2024-06-12,Hamburg,Busan,BlueWave Lines,Road,1381.3,1036,2,3,714.99,true,
SH29737,2024-06-12,Shanghai,Hamburg,BlueWave Lines,Sea,869.7,11339,18,19,1133.46,true,
SH30892,2024-06-12,Los Angeles,Dubai,Atlas Air Cargo,Air,196.3,5350,1,2,1172.7,true,
SH31683,2024-06-12,Dubai,Shanghai,Swift Cargo,Sea,730.7,15871,25,26,1031.35,true,
SH32214,2024-06-12,Hamburg,Shanghai,Swift Cargo,Sea,2010.5,1639,5,5,404.18,true,
SH32348,2024-06-12,Los Angeles,Ho Chi Minh City,Meridian Freight,Rail,2160.0,1621,3,3,1032.76,true,
SH32669,2024-06-12,Hamburg,Busan,Swift Cargo,Sea,21001.1,13386,23,23,26148.91,true,
SH24015,2024-06-13,Los Angeles,Ho Chi Minh City,Atlas Air Cargo,Air,84.9,13150,2,2,1184.14,true,
SH24167,2024-06-13,Singapore,Dubai,Atlas Air Cargo,Air,281.5,2809,1,1,1158.05,true,
SH24211,2024-06-13,Ho Chi Minh City,Singapore,Atlas Air Cargo,Air,192.8,12764,1,2,2710.08,true,
SH24883,2024-06-13,Shanghai,Busan,Atlas Air Cargo,Air,28.6,4136,1,1,255.26,true,
SH24994,2024-06-13,Singapore,Busan,Meridian Freight,Rail,621.6,1781,3,3,408.08,true,
SH25393,2024-06-13,Shanghai,Busan,Northstar Logistics,Road,1365.7,1755,8,4,1112.1,false,Equipment
SH27094,2024-06-13,Ho Chi Minh City,Singapore,Meridian Freight,Sea,907.5,5965,11,11,701.42,true,
SH28207,2024-06-13,Singapore,Shanghai,Swift Cargo,Road,1926.4,464,2,2,454.43,true,
SH28378,2024-06-13,Singapore,Los Angeles,Meridian Freight,Road,313.6,1155,2,3,272.0,true,
SH29173,2024-06-13,Dubai,Los Angeles,Meridian Freight,Sea,679.7,3424,7,7,326.98,true,
SH29419,2024-06-13,Ho Chi Minh City,Rotterdam,Meridian Freight,Sea,945.7,15443,26,26,1547.26,true,
SH30009,2024-06-13,Singapore,Hamburg,Swift Cargo,Rail,1366.9,627,2,2,294.27,true,
SH30850,2024-06-13,Singapore,Los Angeles,Swift Cargo,Sea,1947.1,14927,25,25,3204.3,true,
SH24525,2024-06-14,Busan,Los Angeles,Swift Cargo,Sea,1728.0,9535,17,17,1437.52,true,
SH25585,2024-06-14,Dubai,Los Angeles,Atlas Air Cargo,Air,982.0,4425,1,1,5402.67,true,
SH25857,2024-06-14,Shanghai,Hamburg,Meridian Freight,Sea,1113.7,16573,26,27,1657.43,true,
SH25876,2024-06-14,Rotterdam,Hamburg,Swift Cargo,Sea,1736.7,10687,17,18,2030.66,true,
SH26406,2024-06-14,Singapore,Hamburg,Northstar Logistics,Sea,1244.5,9537,21,17,1218.29,false,Port congestion
SH26889,2024-06-14,Hamburg,Singapore,Atlas Air Cargo,Air,280.0,10552,2,2,3040.52,true,
SH26946,2024-06-14,Singapore,Hamburg,Northstar Logistics,Road,5724.7,815,1,2,1558.26,true,
SH27436,2024-06-14,Hamburg,Dubai,Atlas Air Cargo,Air,245.0,3514,1,1,1080.67,true,
SH27720,2024-06-14,Busan,Los Angeles,Meridian Freight,Sea,1155.1,17994,30,30,2158.15,true,
SH27932,2024-06-14,Busan,Ho Chi Minh City,Atlas Air Cargo,Air,408.9,14861,9,3,7843.38,false,Documentation
SH29443,2024-06-14,Busan,Dubai,Northstar Logistics,Sea,379.1,6929,13,13,390.64,true,
SH30124,2024-06-14,Hamburg,Ho Chi Minh City,Atlas Air Cargo,Air,425.1,4856,1,2,2763.17,true,
SH30698,2024-06-14,Los Angeles,Singapore,Meridian Freight,Road,2728.9,1309,2,3,1564.71,true,
SH31603,2024-06-14,Dubai,Busan,Northstar Logistics,Sea,460.5,10942,19,19,652.48,true,
SH24453,2024-06-15,Rotterdam,Dubai,Swift Cargo,Road,515.3,509,1,2,223.03,true,
SH24881,2024-06-15,Busan,Singapore,Atlas Air Cargo,Air,268.6,14829,3,3,5357.49,true,
SH26467,2024-06-15,Rotterdam,Shanghai,Swift Cargo,Sea,304.5,15319,26,26,590.57,true,
SH26855,2024-06-15,Ho Chi Minh City,Shanghai,Northstar Logistics,Sea,2783.1,5938,10,11,1620.69,true,
SH28313,2024-06-15,Dubai,Singapore,Swift Cargo,Sea,6259.3,13403,23,23,7225.1,true,
SH28730,2024-06-15,Shanghai,Singapore,BlueWave Lines,Sea,866.1,12206,20,21,1087.54,true,
SH29071,2024-06-15,Busan,Rotterdam,BlueWave Lines,Sea,1621.0,4230,8,9,783.8,true,
SH29270,2024-06-15,Rotterdam,Singapore,Atlas Air Cargo,Air,79.3,14163,3,3,1491.59,true,
SH29436,2024-06-15,Los Angeles,Busan,Meridian Freight,Sea,3396.7,6854,13,13,1915.48,true,
SH30273,2024-06-15,Singapore,Rotterdam,Swift Cargo,Sea,4110.3,17761,28,29,6370.26,true,
SH30505,2024-06-15,Los Angeles,Singapore,Meridian Freight,Sea,1121.4,17846,29,29,1763.63,true,
SH32148,2024-06-15,Los Angeles,Dubai,Meridian Freight,Sea,164.0,3092,9,7,169.89,false,Port congestion
SH32822,2024-06-15,Ho Chi Minh City,Los Angeles,BlueWave Lines,Rail,2173.5,786,2,2,566.21,true,Equipment
SH24648,2024-06-16,Ho Chi Minh City,Busan,BlueWave Lines,Sea,214.4,8804,16,16,321.39,true,
SH27133,2024-06-16,Ho Chi Minh City,Los Angeles,Northstar Logistics,Sea,3607.3,16246,27,27,5803.51,true,
SH28622,2024-06-16,Dubai,Busan,Atlas Air Cargo,Air,197.4,16887,2,3,4016.35,true,
SH30312,2024-06-16,Busan,Hamburg,Swift Cargo,Sea,928.1,5290,10,10,534.21,true,
SH30494,2024-06-16,Singapore,Hamburg,Northstar Logistics,Sea,919.9,7117,12,13,637.3,true,
SH32263,2024-06-16,Dubai,Hamburg,Atlas Air Cargo,Air,114.3,14824,3,3,1938.44,true,
SH32419,2024-06-16,Dubai,Ho Chi Minh City,Northstar Logistics,Sea,1378.2,15656,25,26,2306.87,true,
SH24451,2024-06-17,Rotterdam,Busan,Atlas Air Cargo,Air,195.4,14879,3,3,3198.58,true,
SH25236,2024-06-17,Hamburg,Rotterdam,Atlas Air Cargo,Air,441.9,14251,3,3,7458.58,true,
SH26074,2024-06-17,Singapore,Busan,Meridian Freight,Sea,300.8,13908,23,23,475.09,true,
SH26508,2024-06-17,Shanghai,Rotterdam,Atlas Air Cargo,Air,142.9,14905,3,3,2852.79,true,
SH27015,2024-06-17,Busan,Los Angeles,Atlas Air Cargo,Air,758.9,4779,1,2,3584.09,true,
SH27717,2024-06-17,Dubai,Busan,BlueWave Lines,Sea,585.0,9283,16,16,663.64,true,
SH27980,2024-06-17,Dubai,Singapore,Meridian Freight,Sea,1401.1,16271,26,27,2423.81,true,
SH28467,2024-06-17,Dubai,Shanghai,Atlas Air Cargo,Air,209.7,16864,2,3,4234.69,true,
SH28718,2024-06-17,Singapore,Ho Chi Minh City,Swift Cargo,Sea,1148.2,9569,17,17,1175.57,true,
SH29179,2024-06-17,Ho Chi Minh City,Busan,BlueWave Lines,Sea,1391.4,15234,25,25,2245.37,true,
SH32347,2024-06-17,Ho Chi Minh City,Shanghai,BlueWave Lines,Sea,2063.3,1006,3,4,302.06,true,
SH32517,2024-06-17,Singapore,Ho Chi Minh City,BlueWave Lines,Sea,2194.7,9924,17,17,2450.06,true,
SH32649,2024-06-17,Dubai,Rotterdam,BlueWave Lines,Sea,1377.9,1645,4,5,317.54,true,
SH24973,2024-06-18,Ho Chi Minh City,Singapore,Swift Cargo,Sea,464.0,9558,17,17,471.08,true,
SH25294,2024-06-18,Rotterdam,Los Angeles,BlueWave Lines,Sea,5558.5,6733,11,12,4070.86,true,
SH26374,2024-06-18,Shanghai,Singapore,BlueWave Lines,Rail,223.3,652,1,2,157.11,true,
SH28535,2024-06-18,Los Angeles,Shanghai,Atlas Air Cargo,Air,1114.2,8568,2,2,12041.17,true,
SH28946,2024-06-18,Rotterdam,Ho Chi Minh City,Swift Cargo,Road,3531.4,947,2,3,1522.53,true,
SH29059,2024-06-18,Shanghai,Rotterdam,Meridian Freight,Road,1483.8,506,1,2,420.23,true,
SH29586,2024-06-18,Singapore,Los Angeles,Atlas Air Cargo,Air,172.4,2948,1,1,643.58,true,
SH30836,2024-06-18,Los Angeles,Rotterdam,Meridian Freight,Sea,1120.2,16590,28,28,1724.39,true,
SH30997,2024-06-18,Dubai,Los Angeles,Swift Cargo,Sea,1874.2,7764,14,14,1285.31,true,
SH31660,2024-06-18,Singapore,Dubai,Swift Cargo,Road,314.4,2489,5,5,357.2,true,
SH31692,2024-06-18,Shanghai,Singapore,Swift Cargo,Sea,1077.5,8394,15,15,861.24,true,
SH31740,2024-06-18,Singapore,Ho Chi Minh City,Meridian Freight,Road,668.9,853,2,2,342.97,true,
SH31815,2024-06-18,Ho Chi Minh City,Hamburg,BlueWave Lines,Sea,610.7,11097,19,19,843.23,true,
SH24177,2024-06-19,Busan,Los Angeles,Meridian Freight,Sea,1493.6,7297,13,13,1098.52,true,
SH24287,2024-06-19,Los Angeles,Rotterdam,BlueWave Lines,Road,224.8,1094,2,3,199.1,true,
SH25960,2024-06-19,Ho Chi Minh City,Hamburg,Atlas Air Cargo,Air,221.3,13818,3,3,3854.8,true,
SH27700,2024-06-19,Singapore,Ho Chi Minh City,Atlas Air Cargo,Air,196.8,5466,2,2,1219.17,true,
SH27826,2024-06-19,Rotterdam,Shanghai,Northstar Logistics,Road,1483.4,708,2,2,535.45,true,
SH28643,2024-06-19,Rotterdam,Los Angeles,Northstar Logistics,Sea,4396.3,6380,12,12,2672.05,true,
SH29061,2024-06-19,Dubai,Los Angeles,Meridian Freight,Rail,1281.5,1898,3,3,744.49,true,
SH29107,2024-06-19,Rotterdam,Dubai,Meridian Freight,Rail,1908.3,1840,3,3,876.79,true,
SH31592,2024-06-19,Hamburg,Busan,Northstar Logistics,Sea,4864.3,17837,29,29,8125.38,true,
SH31752,2024-06-19,Shanghai,Rotterdam,BlueWave Lines,Road,1016.8,966,3,3,526.08,true,
SH32497,2024-06-19,Rotterdam,Hamburg,BlueWave Lines,Road,937.0,1685,3,4,609.33,true,
SH24229,2024-06-20,Hamburg,Dubai,BlueWave Lines,Sea,3306.8,5339,10,10,1585.25,true,
SH24656,2024-06-20,Busan,Los Angeles,Swift Cargo,Sea,1009.5,3983,10,8,501.69,false,Customs
SH25318,2024-06-20,Dubai,Ho Chi Minh City,BlueWave Lines,Rail,453.3,335,1,1,153.42,true,
SH25547,2024-06-20,Hamburg,Rotterdam,Meridian Freight,Road,830.7,437,2,2,239.5,true,
SH26051,2024-06-20,Ho Chi Minh City,Dubai,Meridian Freight,Road,368.4,444,1,2,169.79,true,
SH26166,2024-06-20,Busan,Los Angeles,Northstar Logistics,Sea,3345.5,6730,20,12,2237.8,false,Customs
SH26990,2024-06-20,Hamburg,Rotterdam,Northstar Logistics,Sea,2834.5,14277,24,24,3827.21,true,
SH28141,2024-06-20,Shanghai,Ho Chi Minh City,Meridian Freight,Sea,854.0,15664,26,26,1476.56,true,
SH29151,2024-06-20,Hamburg,Shanghai,BlueWave Lines,Sea,472.8,10558,18,18,510.64,true,
SH29208,2024-06-20,Singapore,Busan,BlueWave Lines,Rail,1161.6,2044,4,4,590.63,true,
SH29290,2024-06-20,Dubai,Los Angeles,Atlas Air Cargo,Air,184.3,12391,2,2,2719.37,true,Port congestion
SH30092,2024-06-20,Rotterdam,Singapore,Atlas Air Cargo,Air,295.0,9057,2,2,3158.53,true,
SH30229,2024-06-20,Los Angeles,Busan,Atlas Air Cargo,Air,143.1,16564,3,3,3219.65,true,
SH30704,2024-06-20,Hamburg,Busan,BlueWave Lines,Sea,1628.5,5401,10,10,898.33,true,
SH31611,2024-06-20,Dubai,Shanghai,BlueWave Lines,Sea,2391.4,8544,15,15,2168.62,true,
SH32079,2024-06-20,Singapore,Hamburg,Meridian Freight,Sea,852.2,7692,23,14,759.04,false,Port congestion
SH32717,2024-06-20,Busan,Los Angeles,BlueWave Lines,Road,507.3,2184,4,5,505.8,true,
SH32731,2024-06-20,Ho Chi Minh City,Shanghai,Meridian Freight,Sea,337.2,10949,18,19,434.95,true,
SH24353,2024-06-21,Hamburg,Shanghai,Northstar Logistics,Road,1798.0,583,1,2,516.51,true,
SH25284,2024-06-21,Los Angeles,Busan,Swift Cargo,Sea,4146.7,1833,5,5,932.96,true,
SH25732,2024-06-21,Rotterdam,Los Angeles,BlueWave Lines,Sea,903.1,12083,20,21,1240.79,true,
SH26798,2024-06-21,Rotterdam,Los Angeles,BlueWave Lines,Sea,2132.6,11165,19,19,2049.37,true,
SH27087,2024-06-21,Busan,Shanghai,Northstar Logistics,Sea,3319.9,17410,28,29,5705.66,true,
SH27962,2024-06-21,Rotterdam,Dubai,Meridian Freight,Sea,1790.9,10320,26,18,1878.96,false,Port congestion
SH28177,2024-06-21,Dubai,Los Angeles,Atlas Air Cargo,Air,186.4,15324,2,3,2883.24,true,
SH28293,2024-06-21,Hamburg,Dubai,Atlas Air Cargo,Air,329.4,15698,11,3,5006.33,false,Weather
SH28698,2024-06-21,Ho Chi Minh City,Rotterdam,Atlas Air Cargo,Air,266.2,11642,2,2,3993.66,true,
SH29064,2024-06-21,Ho Chi Minh City,Busan,Meridian Freight,Road,1088.8,1773,4,4,912.81,true,
SH29570,2024-06-21,Hamburg,Shanghai,Northstar Logistics,Sea,5277.7,13187,25,22,7291.13,false,Weather
SH30996,2024-06-21,Shanghai,Ho Chi Minh City,Meridian Freight,Sea,1028.9,13892,23,23,1259.41,true,
SH31763,2024-06-21,Dubai,Hamburg,Swift Cargo,Sea,1302.8,17865,29,29,2210.21,true,
SH31783,2024-06-21,Singapore,Hamburg,Atlas Air Cargo,Air,349.4,15441,3,3,6318.01,true,
SH25491,2024-06-22,Ho Chi Minh City,Singapore,BlueWave Lines,Sea,568.5,2321,6,6,238.85,true,
SH26329,2024-06-22,Ho Chi Minh City,Shanghai,Meridian Freight,Sea,1522.1,808,3,3,229.14,true,
SH26952,2024-06-22,Los Angeles,Dubai,Meridian Freight,Sea,1420.1,13964,23,23,1924.04,true,
SH27179,2024-06-22,Singapore,Los Angeles,Meridian Freight,Sea,3115.7,10473,17,18,3529.63,true,
SH27602,2024-06-22,Hamburg,Shanghai,Atlas Air Cargo,Air,934.6,14158,3,3,17146.21,true,
SH28690,2024-06-22,Dubai,Busan,Meridian Freight,Sea,3121.7,13769,23,23,4280.13,true,
SH28975,2024-06-22,Hamburg,Dubai,BlueWave Lines,Rail,3307.1,503,2,2,442.37,true,
SH30637,2024-06-22,Rotterdam,Busan,BlueWave Lines,Sea,360.1,5189,10,10,317.56,true,
SH31432,2024-06-22,Dubai,Shanghai,Atlas Air Cargo,Air,710.4,14190,3,3,12314.11,true,
SH25164,2024-06-23,Dubai,Los Angeles,Northstar Logistics,Road,1038.0,498,2,2,302.74,true,
SH25542,2024-06-23,Rotterdam,Los Angeles,Atlas Air Cargo,Air,288.0,1501,1,1,642.51,true,
SH26144,2024-06-23,Los Angeles,Busan,Swift Cargo,Road,1056.2,2156,6,5,998.62,false,Port congestion
SH26506,2024-06-23,Busan,Hamburg,Swift Cargo,Sea,1321.0,3270,7,7,579.86,true,
SH26921,2024-06-23,Singapore,Los Angeles,BlueWave Lines,Sea,1093.8,9723,17,17,964.89,true,
SH27791,2024-06-23,Hamburg,Los Angeles,Meridian Freight,Sea,3003.3,2881,5,6,886.09,true,
SH27877,2024-06-23,Hamburg,Singapore,Northstar Logistics,Road,1738.5,1743,4,4,1100.22,true,Port congestion
SH28130,2024-06-23,Dubai,Shanghai,Northstar Logistics,Sea,1458.2,7175,12,13,934.43,true,
SH28839,2024-06-23,Hamburg,Ho Chi Minh City,Meridian Freight,Road,1384.9,391,1,2,340.57,true,
SH28877,2024-06-23,Dubai,Singapore,Meridian Freight,Sea,3110.5,12736,28,22,3810.61,false,Weather
SH29246,2024-06-23,Los Angeles,Dubai,Swift Cargo,Sea,2245.8,15524,26,26,3432.53,true,
SH30086,2024-06-23,Rotterdam,Hamburg,Atlas Air Cargo,Air,427.2,12217,2,2,5334.67,true,
SH30880,2024-06-23,Hamburg,Singapore,Northstar Logistics,Rail,1327.6,1086,2,2,437.95,true,
SH32409,2024-06-23,Ho Chi Minh City,Shanghai,Atlas Air Cargo,Air,120.7,4041,1,1,626.04,true,
SH24284,2024-06-24,Ho Chi Minh City,Dubai,Northstar Logistics,Sea,1253.0,11265,19,19,1441.51,true,
SH24458,2024-06-24,Rotterdam,Ho Chi Minh City,Meridian Freight,Sea,830.1,4410,9,9,410.02,true,
SH26021,2024-06-24,Dubai,Shanghai,Northstar Logistics,Rail,1445.7,2096,3,4,909.95,true,
SH26601,2024-06-24,Singapore,Shanghai,BlueWave Lines,Rail,1222.8,2142,4,4,636.85,true,
SH26676,2024-06-24,Hamburg,Busan,Atlas Air Cargo,Air,123.9,17916,2,3,3014.83,true,
SH27100,2024-06-24,Shanghai,Rotterdam,Northstar Logistics,Road,1667.1,1589,3,4,1015.13,true,
SH27414,2024-06-24,Ho Chi Minh City,Los Angeles,BlueWave Lines,Sea,1466.2,5263,9,10,742.32,true,
SH28995,2024-06-24,Dubai,Ho Chi Minh City,Northstar Logistics,Sea,1553.8,7891,13,14,1142.14,true,
SH29895,2024-06-24,Hamburg,Singapore,Swift Cargo,Sea,576.5,14998,25,25,832.29,true,
SH30288,2024-06-24,Dubai,Singapore,Northstar Logistics,Sea,908.3,9116,16,16,864.89,true,
SH30684,2024-06-24,Busan,Rotterdam,Meridian Freight,Sea,2202.3,1989,14,5,581.67,false,Port congestion
SH31059,2024-06-24,Dubai,Busan,Northstar Logistics,Sea,874.8,10628,18,18,933.0,true,
SH32143,2024-06-24,Shanghai,Los Angeles,BlueWave Lines,Rail,342.3,1353,3,3,236.9,true,Weather
SH32907,2024-06-24,Dubai,Rotterdam,Atlas Air Cargo,Air,135.0,4494,1,1,884.19,true,
SH24180,2024-06-25,Singapore,Hamburg,BlueWave Lines,Sea,797.2,13731,23,23,1028.25,true,
SH24259,2024-06-25,Rotterdam,Hamburg,Atlas Air Cargo,Air,474.9,9832,1,2,6064.98,true,
SH24712,2024-06-25,Busan,Dubai,Swift Cargo,Sea,4684.3,10009,17,17,4468.84,true,
SH24730,2024-06-25,Los Angeles,Hamburg,Northstar Logistics,Sea,1550.9,15589,25,26,2678.95,true,
SH25676,2024-06-25,Singapore,Busan,Northstar Logistics,Sea,1867.2,8456,15,15,1471.91,true,
SH25982,2024-06-25,Ho Chi Minh City,Rotterdam,Northstar Logistics,Rail,2124.9,630,3,2,443.55,false,Weather
SH26486,2024-06-25,Ho Chi Minh City,Los Angeles,Swift Cargo,Road,2072.6,653,2,2,533.24,true,
SH26636,2024-06-25,Hamburg,Busan,BlueWave Lines,Sea,8656.7,7362,13,13,6992.3,true,
SH27277,2024-06-25,Los Angeles,Singapore,Swift Cargo,Sea,533.2,10236,17,18,681.84,true,
SH27887,2024-06-25,Los Angeles,Rotterdam,Meridian Freight,Sea,644.1,14756,25,25,1042.64,true,
SH28246,2024-06-25,Busan,Shanghai,Swift Cargo,Sea,837.6,13905,23,23,1062.76,true,
SH28254,2024-06-25,Busan,Dubai,Swift Cargo,Road,491.5,2225,4,5,482.94,true,
SH28261,2024-06-25,Singapore,Hamburg,Swift Cargo,Sea,2066.1,1800,4,5,486.92,true,
SH28580,2024-06-25,Hamburg,Rotterdam,Swift Cargo,Road,2157.0,2141,4,5,1655.77,true,
SH29791,2024-06-25,Shanghai,Rotterdam,Swift Cargo,Sea,1116.0,17496,29,29,1956.16,true,
SH31914,2024-06-25,Shanghai,Singapore,Swift Cargo,Road,3353.2,1563,4,4,2085.53,true,
SH32612,2024-06-25,Los Angeles,Rotterdam,Northstar Logistics,Sea,2559.0,6843,13,13,1770.78,true,
SH24219,2024-06-26,Dubai,Rotterdam,Northstar Logistics,Road,562.8,1947,4,4,503.27,true,
SH24331,2024-06-26,Ho Chi Minh City,Singapore,BlueWave Lines,Sea,1144.9,17435,29,29,2174.79,true,
SH25045,2024-06-26,Ho Chi Minh City,Rotterdam,Northstar Logistics,Sea,7867.2,15562,26,26,12204.91,true,
SH25227,2024-06-26,Hamburg,Dubai,BlueWave Lines,Sea,1476.2,5563,10,11,988.48,true,
SH26286,2024-06-26,Rotterdam,Shanghai,Meridian Freight,Sea,1055.0,14743,24,25,1543.38,true,
SH26401,2024-06-26,Shanghai,Rotterdam,Meridian Freight,Road,441.5,1169,3,3,320.62,true,
SH26830,2024-06-26,Busan,Los Angeles,Swift Cargo,Sea,1914.5,10640,18,18,1861.7,true,
SH27111,2024-06-26,Busan,Singapore,Swift Cargo,Rail,2520.5,2266,4,4,1322.46,true,
SH27561,2024-06-26,Busan,Rotterdam,Meridian Freight,Sea,1225.0,2720,6,6,380.16,true,
SH28965,2024-06-26,Dubai,Ho Chi Minh City,Swift Cargo,Sea,653.9,4032,7,8,331.35,true,
SH29256,2024-06-26,Dubai,Rotterdam,Northstar Logistics,Sea,1060.2,2938,7,7,376.64,true,
SH29394,2024-06-26,Singapore,Shanghai,BlueWave Lines,Road,3002.7,1324,3,3,1398.54,true,
SH29530,2024-06-26,Dubai,Hamburg,Atlas Air Cargo,Air,662.5,15029,3,3,10261.47,true,
SH31047,2024-06-26,Singapore,Hamburg,Atlas Air Cargo,Air,120.1,2811,1,1,563.85,true,
SH31103,2024-06-26,Ho Chi Minh City,Rotterdam,Atlas Air Cargo,Air,170.5,4954,2,2,957.27,true,
SH24443,2024-06-27,Hamburg,Los Angeles,Atlas Air Cargo,Air,144.0,5971,2,2,974.83,true,
SH25951,2024-06-27,Rotterdam,Shanghai,Meridian Freight,Sea,1657.8,9020,16,16,1280.75,true,
SH25959,2024-06-27,Shanghai,Busan,Swift Cargo,Sea,4801.3,11389,19,20,4991.52,true,
SH26710,2024-06-27,Busan,Singapore,Swift Cargo,Sea,1781.2,11604,19,20,2001.99,true,
SH26970,2024-06-27,Dubai,Ho Chi Minh City,Swift Cargo,Sea,633.8,2841,6,6,281.88,true,
SH28039,2024-06-27,Busan,Ho Chi Minh City,Meridian Freight,Sea,353.5,9017,16,16,452.85,true,
SH28262,2024-06-27,Rotterdam,Busan,Northstar Logistics,Sea,1408.7,4388,10,9,638.84,false,Weather
SH28465,2024-06-27,Singapore,Rotterdam,Swift Cargo,Rail,1160.1,922,1,2,330.41,true,
SH29267,2024-06-27,Hamburg,Dubai,BlueWave Lines,Sea,1117.0,14100,24,24,1775.15,true,
SH29505,2024-06-27,Ho Chi Minh City,Singapore,Swift Cargo,Sea,653.7,4430,8,9,406.9,true,
SH31633,2024-06-27,Busan,Hamburg,BlueWave Lines,Road,1708.2,2212,4,5,1531.52,true,
SH31997,2024-06-27,Dubai,Singapore,Swift Cargo,Road,3683.8,313,2,2,548.47,true,
SH32149,2024-06-27,Singapore,Shanghai,Swift Cargo,Sea,2089.1,12469,20,21,2351.4,true,
SH32721,2024-06-27,Dubai,Singapore,BlueWave Lines,Sea,2621.1,15006,24,25,3512.39,true,
SH32930,2024-06-27,Hamburg,Shanghai,Atlas Air Cargo,Air,73.6,7354,2,2,719.85,true,
SH24460,2024-06-28,Dubai,Busan,Swift Cargo,Sea,5748.9,16950,28,28,8487.69,true,
SH24850,2024-06-28,Los Angeles,Dubai,Meridian Freight,Rail,1166.8,1288,3,3,453.48,true,
SH25799,2024-06-28,Busan,Los Angeles,Swift Cargo,Sea,1040.0,3756,8,8,441.86,true,
SH26162,2024-06-28,Busan,Singapore,Northstar Logistics,Sea,4176.0,10412,18,18,4427.05,true,
SH26644,2024-06-28,Los Angeles,Shanghai,Meridian Freight,Sea,5356.2,7071,13,13,3443.81,true,
SH27716,2024-06-28,Ho Chi Minh City,Dubai,Meridian Freight,Sea,1305.0,16054,27,27,1726.82,true,
SH28380,2024-06-28,Dubai,Busan,Swift Cargo,Sea,4783.1,17267,29,29,6990.14,true,
SH28908,2024-06-28,Singapore,Dubai,Swift Cargo,Sea,1349.6,4925,9,10,773.51,true,
SH28939,2024-06-28,Ho Chi Minh City,Singapore,BlueWave Lines,Sea,2130.3,16897,28,28,3267.94,true,
SH29132,2024-06-28,Dubai,Shanghai,Northstar Logistics,Sea,1509.7,14167,24,24,2266.72,true,
SH30589,2024-06-28,Shanghai,Singapore,Swift Cargo,Sea,740.9,11448,20,20,788.69,true,
SH31366,2024-06-28,Los Angeles,Ho Chi Minh City,BlueWave Lines,Sea,436.5,15689,26,26,764.54,true,
SH32852,2024-06-28,Hamburg,Singapore,Swift Cargo,Sea,1491.7,1588,4,4,362.53,true,
SH24396,2024-06-29,Hamburg,Dubai,Meridian Freight,Road,1898.6,392,2,2,383.83,true,
SH25897,2024-06-29,Shanghai,Los Angeles,Atlas Air Cargo,Air,228.3,3106,1,1,830.22,true,
SH27494,2024-06-29,Shanghai,Ho Chi Minh City,Northstar Logistics,Sea,1977.9,16430,30,27,3452.31,false,Documentation
SH28320,2024-06-29,Rotterdam,Shanghai,Meridian Freight,Sea,4114.1,2477,6,6,931.14,true,
SH29199,2024-06-29,Rotterdam,Shanghai,Meridian Freight,Sea,440.7,9646,16,17,530.84,true,
SH29291,2024-06-29,Ho Chi Minh City,Shanghai,Meridian Freight,Sea,4758.2,1936,4,5,836.95,true,
SH29359,2024-06-29,Rotterdam,Busan,BlueWave Lines,Road,518.0,2014,3,4,449.94,true,
SH29563,2024-06-29,Busan,Los Angeles,Northstar Logistics,Road,1131.3,300,2,2,251.01,true,
SH29839,2024-06-29,Ho Chi Minh City,Singapore,Swift Cargo,Road,574.2,1892,4,4,543.94,true,
SH29884,2024-06-29,Dubai,Los Angeles,BlueWave Lines,Sea,1150.6,12808,22,22,1292.52,true,
SH29912,2024-06-29,Singapore,Dubai,Atlas Air Cargo,Air,507.5,5311,2,2,3086.99,true,
SH30432,2024-06-29,Shanghai,Ho Chi Minh City,BlueWave Lines,Sea,1239.9,13712,23,23,1938.46,true,
SH31126,2024-06-29,Dubai,Los Angeles,Swift Cargo,Rail,2472.0,1647,2,3,1180.19,true,
SH25188,2024-06-30,Hamburg,Ho Chi Minh City,Atlas Air Cargo,Air,1685.5,17100,2,3,30776.18,true,
SH25560,2024-06-30,Rotterdam,Hamburg,BlueWave Lines,Rail,1619.5,1884,3,3,760.27,true,
SH27840,2024-06-30,Singapore,Dubai,Northstar Logistics,Sea,4055.0,4740,13,9,2013.49,false,Equipment
SH29920,2024-06-30,Ho Chi Minh City,Rotterdam,Meridian Freight,Sea,1606.7,5227,10,10,851.07,true,
SH30091,2024-06-30,Ho Chi Minh City,Hamburg,Swift Cargo,Sea,1729.0,6521,12,12,1073.63,true,
SH30132,2024-06-30,Dubai,Shanghai,BlueWave Lines,Sea,2665.0,7091,13,13,1950.28,true,
SH31037,2024-06-30,Los Angeles,Rotterdam,Meridian Freight,Sea,1945.6,2943,6,7,736.45,true,
SH31096,2024-06-30,Ho Chi Minh City,Rotterdam,Meridian Freight,Sea,2387.1,4350,8,9,1010.59,true,
SH31269,2024-06-30,Hamburg,Ho Chi Minh City,Northstar Logistics,Sea,407.3,2791,6,6,210.82,true,
SH31306,2024-06-30,Shanghai,Hamburg,Atlas Air Cargo,Air,345.8,9375,2,2,4037.13,true,
SH31807,2024-06-30,Rotterdam,Dubai,BlueWave Lines,Sea,870.0,3145,7,7,354.81,true,
SH31978,2024-06-30,Busan,Singapore,Northstar Logistics,Sea,1484.4,8890,17,16,1472.76,false,Customs
SH32163,2024-06-30,Singapore,Hamburg,BlueWave Lines,Sea,253.8,10743,18,19,402.02,true,
SH32945,2024-06-30,Shanghai,Ho Chi Minh City,Northstar Logistics,Road,880.2,441,2,2,252.82,true,
SH24390,2024-07-01,Dubai,Rotterdam,Atlas Air Cargo,Air,421.4,10828,2,2,5670.11,true,
SH24827,2024-07-01,Hamburg,Dubai,Swift Cargo,Sea,1681.4,7220,13,13,1092.26,true,
SH25098,2024-07-01,Rotterdam,Los Angeles,Swift Cargo,Sea,1067.5,9790,17,17,1028.14,true,
SH25524,2024-07-01,Hamburg,Shanghai,Meridian Freight,Road,2240.0,2002,4,4,1924.99,true,
SH26922,2024-07-01,Singapore,Shanghai,Swift Cargo,Road,540.7,1468,12,3,405.46,false,Port congestion
SH28376,2024-07-01,Rotterdam,Los Angeles,Atlas Air Cargo,Air,351.7,7349,1,2,3115.83,true,
SH28390,2024-07-01,Dubai,Los Angeles,Northstar Logistics,Sea,1241.1,13080,22,22,1756.9,true,
SH28677,2024-07-01,Shanghai,Los Angeles,Atlas Air Cargo,Air,238.1,7242,2,2,1824.65,true,
SH29052,2024-07-01,Shanghai,Singapore,Northstar Logistics,Sea,912.9,16978,27,28,1598.43,true,
SH29122,2024-07-01,Dubai,Rotterdam,Swift Cargo,Sea,1306.7,14705,26,25,2112.18,false,Documentation
SH29649,2024-07-01,Ho Chi Minh City,Singapore,BlueWave Lines,Sea,589.9,9715,17,17,648.9,true,
SH30362,2024-07-01,Hamburg,Dubai,Northstar Logistics,Sea,723.9,7452,14,13,582.97,false,Documentation
SH31548,2024-07-01,Dubai,Shanghai,Northstar Logistics,Sea,1614.5,13959,23,23,2508.02,true,
SH31584,2024-07-01,Shanghai,Rotterdam,Meridian Freight,Sea,725.9,6761,12,12,535.27,true,
SH24067,2024-07-02,Shanghai,Ho Chi Minh City,Northstar Logistics,Sea,3830.3,16096,27,27,6586.5,true,
SH24769,2024-07-02,Rotterdam,Busan,BlueWave Lines,Rail,2770.3,550,2,2,439.51,true,
SH25291,2024-07-02,Rotterdam,Shanghai,Meridian Freight,Road,542.9,1851,4,4,537.89,true,
SH26494,2024-07-02,Busan,Ho Chi Minh City,Swift Cargo,Sea,165.2,5806,10,11,194.74,true,
SH27005,2024-07-02,Shanghai,Busan,BlueWave Lines,Road,1007.1,1178,3,3,540.89,true,
SH27775,2024-07-02,Rotterdam,Singapore,Swift Cargo,Sea,1614.8,11908,19,20,1838.46,true,
SH27895,2024-07-02,Ho Chi Minh City,Shanghai,Swift Cargo,Road,2928.7,1990,4,4,2124.21,true,
SH28996,2024-07-02,Busan,Singapore,BlueWave Lines,Sea,810.1,2213,4,5,258.68,true,
SH29017,2024-07-02,Shanghai,Los Angeles,BlueWave Lines,Sea,726.4,5311,10,10,482.68,true,
SH29797,2024-07-02,Los Angeles,Hamburg,Atlas Air Cargo,Air,147.0,13097,1,2,2174.6,true,
SH30141,2024-07-02,Busan,Dubai,Meridian Freight,Sea,580.4,14968,25,25,1022.03,true,
SH30667,2024-07-02,Singapore,Shanghai,Swift Cargo,Sea,4124.4,16057,26,27,6484.77,true,
SH30895,2024-07-02,Busan,Hamburg,Meridian Freight,Road,3881.9,1217,3,3,2099.65,true,
SH32247,2024-07-02,Shanghai,Singapore,BlueWave Lines,Sea,771.1,8163,14,15,794.67,true,
SH32807,2024-07-02,Ho Chi Minh City,Los Angeles,Atlas Air Cargo,Air,485.8,4846,2,2,3156.63,true,
SH24125,2024-07-03,Singapore,Dubai,Meridian Freight,Sea,4223.8,15482,26,26,5831.9,true,
SH25198,2024-07-03,Hamburg,Rotterdam,Swift Cargo,Sea,723.9,9030,16,16,744.45,true,
SH25313,2024-07-03,Hamburg,Singapore,BlueWave Lines,Sea,4780.8,2301,6,6,1159.58,true,
SH25627,2024-07-03,Dubai,Busan,Swift Cargo,Road,3475.1,1082,3,3,1439.27,true,
SH25692,2024-07-03,Los Angeles,Singapore,BlueWave Lines,Sea,2091.9,3925,8,8,954.73,true,
SH26132,2024-07-03,Ho Chi Minh City,Shanghai,Swift Cargo,Sea,2489.9,8310,14,15,2223.42,true,
SH26923,2024-07-03,Dubai,Ho Chi Minh City,Northstar Logistics,Road,1336.2,2366,5,5,1376.49,true,
SH28414,2024-07-03,Hamburg,Dubai,Northstar Logistics,Sea,11351.8,11749,22,20,10982.32,false,Customs
SH29777,2024-07-03,Los Angeles,Rotterdam,Swift Cargo,Road,594.7,1506,4,4,434.58,true,
SH29799,2024-07-03,Singapore,Busan,Meridian Freight,Road,1045.6,646,3,2,357.86,false,Weather
SH29842,2024-07-03,Hamburg,Shanghai,Atlas Air Cargo,Air,464.2,16660,3,3,9304.78,true,
SH30035,2024-07-03,Rotterdam,Dubai,Swift Cargo,Rail,3860.5,1629,3,3,1773.58,true,
SH31315,2024-07-03,Singapore,Busan,Atlas Air Cargo,Air,636.2,3670,1,1,2669.61,true,
SH32067,2024-07-03,Singapore,Dubai,Northstar Logistics,Sea,1064.8,16342,29,27,1457.86,false,Equipment
SH32407,2024-07-03,Hamburg,Singapore,Atlas Air Cargo,Air,208.0,13351,1,2,3316.49,true,
SH32614,2024-07-03,Dubai,Los Angeles,Meridian Freight,Sea,366.9,8878,15,16,420.97,true,
SH25210,2024-07-04,Shanghai,Singapore,Atlas Air Cargo,Air,30.4,17400,2,3,701.68,true,
SH25455,2024-07-04,Rotterdam,Hamburg,Meridian Freight,Sea,3734.0,9241,15,16,3833.92,true,
SH25913,2024-07-04,Hamburg,Los Angeles,BlueWave Lines,Sea,358.1,13239,22,22,556.62,true,
SH26524,2024-07-04,Hamburg,Singapore,Atlas Air Cargo,Air,252.5,4177,3,1,1457.16,false,Equipment
SH27640,2024-07-04,Busan,Dubai,Atlas Air Cargo,Air,200.9,17974,2,3,4119.86,true,
SH27786,2024-07-04,Los Angeles,Ho Chi Minh City,Swift Cargo,Sea,747.0,1419,4,4,223.18,true,
SH28360,2024-07-04,Busan,Hamburg,Atlas Air Cargo,Air,214.9,1198,6,1,408.62,false,Port congestion
SH28457,2024-07-04,Dubai,Los Angeles,BlueWave Lines,Sea,10645.3,3540,6,7,3538.68,true,
SH29622,2024-07-04,Shanghai,Rotterdam,Swift Cargo,Rail,816.7,483,2,2,218.86,true,
SH31261,2024-07-04,Los Angeles,Ho Chi Minh City,Meridian Freight,Sea,1621.9,16737,28,28,2418.18,true,
SH31680,2024-07-04,Hamburg,Los Angeles,Swift Cargo,Sea,1451.8,10721,18,18,1753.46,true,
SH32137,2024-07-04,Dubai,Rotterdam,Swift Cargo,Sea,2187.7,5180,10,10,1078.27,true,
SH24204,2024-07-05,Hamburg,Ho Chi Minh City,Atlas Air Cargo,Air,216.2,1741,1,1,507.45,true,
SH24913,2024-07-05,Hamburg,Singapore,Meridian Freight,Sea,928.6,7445,13,13,801.76,true,
SH25096,2024-07-05,Dubai,Los Angeles,Northstar Logistics,Sea,2787.3,2960,6,7,899.43,true,
SH25110,2024-07-05,Dubai,Busan,Northstar Logistics,Sea,1219.9,17604,29,29,2215.56,true,
SH26120,2024-07-05,Singapore,Rotterdam,Meridian Freight,Sea,3801.3,3728,8,8,1579.21,true,
SH26906,2024-07-05,Rotterdam,Los Angeles,Atlas Air Cargo,Air,424.9,8131,1,2,4529.59,true,
SH27935,2024-07-05,Singapore,Hamburg,Swift Cargo,Sea,851.8,4023,8,8,453.52,true,
SH29888,2024-07-05,Busan,Singapore,Meridian Freight,Sea,943.3,6158,11,11,569.59,true,
SH30327,2024-07-05,Los Angeles,Singapore,Northstar Logistics,Sea,989.8,11552,20,20,1201.51,true,
SH30608,2024-07-05,Busan,Shanghai,Swift Cargo,Sea,347.7,12893,21,22,487.95,true,
SH30887,2024-07-05,Rotterdam,Singapore,Northstar Logistics,Sea,3040.1,4142,8,8,1302.16,true,
SH31449,2024-07-05,Shanghai,Hamburg,Atlas Air Cargo,Air,157.2,3109,1,1,753.93,true,
SH31481,2024-07-05,Los Angeles,Busan,BlueWave Lines,Road,1404.4,785,2,2,562.14,true,
SH31921,2024-07-05,Rotterdam,Hamburg,Northstar Logistics,Road,1561.5,2167,4,5,1320.38,true,
SH32111,2024-07-05,Dubai,Rotterdam,BlueWave Lines,Sea,265.8,16738,37,28,526.45,false,Documentation
SH32380,2024-07-05,Los Angeles,Ho Chi Minh City,Atlas Air Cargo,Air,300.4,17313,3,3,6334.03,true,
SH32683,2024-07-05,Singapore,Shanghai,Meridian Freight,Rail,603.0,642,2,2,192.84,true,
SH32832,2024-07-05,Busan,Singapore,Northstar Logistics,Sea,180.3,14798,25,25,395.22,true,
SH24461,2024-07-06,Hamburg,Busan,Northstar Logistics,Sea,3300.7,6965,13,13,2438.21,true,
SH27403,2024-07-06,Dubai,Hamburg,Swift Cargo,Road,570.8,1395,3,3,389.07,true,
SH28090,2024-07-06,Singapore,Ho Chi Minh City,Swift Cargo,Road,509.4,239,1,1,159.39,true,
SH28529,2024-07-06,Hamburg,Shanghai,Northstar Logistics,Road,5154.8,1996,4,4,3685.68,true,
SH29268,2024-07-06,Shanghai,Busan,Meridian Freight,Sea,2984.3,16784,28,28,4458.56,true,
SH29343,2024-07-06,Singapore,Ho Chi Minh City,Northstar Logistics,Sea,1361.7,3055,6,7,460.41,true,
SH29384,2024-07-06,Busan,Los Angeles,Swift Cargo,Sea,2139.9,12990,22,22,3093.74,true,
SH29479,2024-07-06,Ho Chi Minh City,Hamburg,Atlas Air Cargo,Air,169.9,17770,3,3,3211.66,true,
SH29959,2024-07-06,Rotterdam,Ho Chi Minh City,Atlas Air Cargo,Air,434.5,4813,1,2,2372.54,true,
SH30529,2024-07-06,Ho Chi Minh City,Singapore,Northstar Logistics,Sea,566.5,9509,17,17,652.02,true,
SH31469,2024-07-06,Singapore,Hamburg,Meridian Freight,Road,766.4,2164,5,5,745.28,true,
SH32189,2024-07-06,Los Angeles,Busan,Atlas Air Cargo,Air,560.0,2067,5,1,1502.32,false,Weather
SH32303,2024-07-06,Singapore,Busan,Meridian Freight,Sea,1312.3,9191,15,16,1383.16,true,
SH24467,2024-07-07,Singapore,Rotterdam,Meridian Freight,Road,1116.3,2285,5,5,978.75,true,
SH24899,2024-07-07,Rotterdam,Los Angeles,Meridian Freight,Sea,1574.4,4210,8,8,824.7,true,
SH25028,2024-07-07,Ho Chi Minh City,Rotterdam,Meridian Freight,Sea,1094.7,4905,9,10,687.91,true,
SH25945,2024-07-07,Dubai,Rotterdam,Atlas Air Cargo,Air,178.9,16491,3,3,3813.64,true,
SH27081,2024-07-07,Shanghai,Singapore,Northstar Logistics,Sea,1223.9,4467,9,9,543.33,true,
SH29025,2024-07-07,Ho Chi Minh City,Rotterdam,Northstar Logistics,Rail,743.5,1319,5,3,365.31,false,Customs
SH29541,2024-07-07,Singapore,Busan,Atlas Air Cargo,Air,64.9,800,1,1,172.23,true,
SH29843,2024-07-07,Hamburg,Rotterdam,Atlas Air Cargo,Air,145.2,17584,3,3,2970.1,true,
SH30186,2024-07-07,Shanghai,Rotterdam,Atlas Air Cargo,Air,143.2,3433,1,1,689.18,true,
SH30208,2024-07-07,Ho Chi Minh City,Los Angeles,BlueWave Lines,Road,726.1,1872,3,4,642.12,true,
SH30902,2024-07-07,Shanghai,Los Angeles,Swift Cargo,Sea,5816.6,9315,15,16,5124.99,true,
SH31338,2024-07-07,Rotterdam,Shanghai,Meridian Freight,Sea,1559.8,838,2,3,259.86,true,
SH31477,2024-07-07,Singapore,Busan,Swift Cargo,Road,807.3,205,2,1,182.84,false,Weather
SH31725,2024-07-07,Shanghai,Ho Chi Minh City,Northstar Logistics,Sea,1162.1,13864,29,23,1690.86,false,Documentation
SH24185,2024-07-08,Ho Chi Minh City,Rotterdam,Northstar Logistics,Sea,723.0,3815,16,8,391.19,false,Weather
SH24364,2024-07-08,Rotterdam,Ho Chi Minh City,Atlas Air Cargo,Air,370.3,3045,1,1,1450.19,true,
SH24667,2024-07-08,Hamburg,Busan,Swift Cargo,Road,244.1,572,2,2,174.03,true,
SH25394,2024-07-08,Rotterdam,Shanghai,Atlas Air Cargo,Air,184.2,2745,1,1,596.21,true,
SH25752,2024-07-08,Hamburg,Dubai,Swift Cargo,Road,319.7,845,2,2,213.2,true,
SH26195,2024-07-08,Ho Chi Minh City,Los Angeles,Atlas Air Cargo,Air,193.0,11894,5,2,2674.58,false,Weather
SH27061,2024-07-08,Shanghai,Ho Chi Minh City,BlueWave Lines,Sea,3712.4,14610,24,24,4321.46,true,
SH27216,2024-07-08,Rotterdam,Dubai,Meridian Freight,Sea,1061.7,12760,21,22,1306.95,true,
SH28051,2024-07-08,Shanghai,Ho Chi Minh City,Northstar Logistics,Sea,6426.8,12071,20,21,8272.79,true,
SH28142,2024-07-08,Rotterdam,Hamburg,Atlas Air Cargo,Air,646.8,3636,1,1,2919.49,true,
SH28424,2024-07-08,Ho Chi Minh City,Dubai,BlueWave Lines,Sea,4602.6,15819,26,26,6591.53,true,
SH28715,2024-07-08,Singapore,Hamburg,Meridian Freight,Sea,1160.5,16911,28,28,2028.32,true,
SH29012,2024-07-08,Shanghai,Singapore,Meridian Freight,Road,971.5,964,3,3,480.67,true,
SH29482,2024-07-08,Busan,Shanghai,BlueWave Lines,Sea,2259.7,11764,20,20,2763.83,true,
SH29916,2024-07-08,Shanghai,Busan,BlueWave Lines,Rail,1605.5,180,1,1,194.84,true,
SH30555,2024-07-08,Hamburg,Dubai,Atlas Air Cargo,Air,310.4,16441,3,3,5439.26,true,
SH30710,2024-07-08,Rotterdam,Ho Chi Minh City,Atlas Air Cargo,Air,501.6,6858,2,2,3549.09,true,
SH30908,2024-07-08,Rotterdam,Ho Chi Minh City,Meridian Freight,Road,791.5,1643,4,4,665.59,true,
SH30962,2024-07-08,Busan,Los Angeles,Northstar Logistics,Sea,2890.0,5814,13,11,1736.24,false,Equipment
SH31007,2024-07-08,Hamburg,Busan,BlueWave Lines,Sea,2271.1,11296,19,19,2464.92,true,
SH31512,2024-07-08,Rotterdam,Singapore,Meridian Freight,Road,1059.3,786,2,2,391.49,true,
SH31939,2024-07-08,Dubai,Busan,Meridian Freight,Road,803.1,1961,4,4,621.09,true,
SH24930,2024-07-09,Busan,Hamburg,Atlas Air Cargo,Air,371.6,8368,4,2,3484.94,false,Customs
SH25320,2024-07-09,Busan,Hamburg,Swift Cargo,Sea,394.3,15181,25,25,753.4,true,
SH29372,2024-07-09,Ho Chi Minh City,Singapore,Swift Cargo,Road,260.5,503,2,2,171.27,true,
SH30051,2024-07-09,Shanghai,Ho Chi Minh City,Northstar Logistics,Sea,2596.7,2844,6,6,893.55,true,
SH30646,2024-07-09,Busan,Hamburg,BlueWave Lines,Sea,6089.7,10426,18,18,5014.48,true,
SH30647,2024-07-09,Shanghai,Singapore,Swift Cargo,Sea,1909.0,9712,17,17,1636.45,true,
SH30837,2024-07-09,Shanghai,Los Angeles,Northstar Logistics,Sea,623.8,5379,10,10,407.75,true,
SH32256,2024-07-09,Hamburg,Shanghai,Meridian Freight,Sea,720.3,6832,13,13,520.56,true,
SH32926,2024-07-09,Shanghai,Busan,BlueWave Lines,Sea,785.8,17546,29,29,1413.93,true,
SH24309,2024-07-10,Busan,Shanghai,Atlas Air Cargo,Air,127.7,17518,6,3,2925.02,false,Weather
SH26012,2024-07-10,Hamburg,Los Angeles,Northstar Logistics,Rail,1700.7,1024,3,2,447.89,false,Weather
SH26350,2024-07-10,Shanghai,Busan,Meridian Freight,Road,636.6,765,1,2,306.2,true,
SH28275,2024-07-10,Dubai,Singapore,Meridian Freight,Sea,1314.4,5544,11,11,805.63,true,
SH28575,2024-07-10,Dubai,Singapore,Meridian Freight,Sea,3120.8,5359,9,10,1685.99,true,
SH28676,2024-07-10,Rotterdam,Dubai,BlueWave Lines,Sea,1100.6,6787,12,12,801.12,true,
SH28812,2024-07-10,Hamburg,Ho Chi Minh City,Atlas Air Cargo,Air,399.8,15801,12,3,6263.95,false,Customs
SH30442,2024-07-10,Dubai,Busan,BlueWave Lines,Road,1333.5,841,2,2,474.92,true,
SH30612,2024-07-10,Hamburg,Busan,BlueWave Lines,Road,3610.0,1927,5,4,2829.68,false,Documentation
SH31089,2024-07-10,Ho Chi Minh City,Shanghai,Swift Cargo,Sea,4378.5,2504,14,6,1282.32,false,Weather
SH31817,2024-07-10,Los Angeles,Shanghai,Atlas Air Cargo,Air,172.6,11927,2,2,2558.64,true,
SH32051,2024-07-10,Shanghai,Dubai,Atlas Air Cargo,Air,79.6,15759,3,3,1679.41,true,
SH32130,2024-07-10,Dubai,Ho Chi Minh City,BlueWave Lines,Sea,2333.3,13286,23,22,2960.13,false,Port congestion
SH25197,2024-07-11,Busan,Hamburg,Swift Cargo,Sea,1190.9,13656,23,23,1707.41,true,
SH25974,2024-07-11,Los Angeles,Shanghai,Meridian Freight,Rail,2086.7,2433,4,4,1101.32,true,
SH26820,2024-07-11,Busan,Ho Chi Minh City,Meridian Freight,Sea,2200.8,4485,8,9,884.18,true,
SH26957,2024-07-11,Ho Chi Minh City,Shanghai,Northstar Logistics,Sea,1713.9,901,2,3,242.65,true,
SH28087,2024-07-11,Rotterdam,Shanghai,Meridian Freight,Road,872.0,1392,2,3,546.24,true,
SH28169,2024-07-11,Hamburg,Shanghai,Swift Cargo,Sea,3517.3,17318,29,29,5916.73,true,
SH28646,2024-07-11,Busan,Singapore,Atlas Air Cargo,Air,112.5,16530,3,3,1952.66,true,
SH28670,2024-07-11,Dubai,Shanghai,Northstar Logistics,Sea,600.9,10738,19,19,692.53,true,
SH29764,2024-07-11,Rotterdam,Singapore,BlueWave Lines,Sea,5710.0,1559,4,4,999.54,true,
SH29904,2024-07-11,Dubai,Shanghai,Swift Cargo,Road,1350.7,1342,3,3,832.61,true,
SH30405,2024-07-11,Shanghai,Rotterdam,Meridian Freight,Road,777.1,1997,9,4,752.22,false,Equipment
SH24552,2024-07-12,Dubai,Rotterdam,Swift Cargo,Sea,1742.7,805,9,3,260.87,false,Port congestion
SH27263,2024-07-12,Los Angeles,Rotterdam,Swift Cargo,Sea,2801.8,3543,9,7,1075.66,false,Customs
SH28392,2024-07-12,Singapore,Dubai,BlueWave Lines,Sea,858.9,11731,19,20,1027.19,true,
SH28617,2024-07-12,Rotterdam,Dubai,Swift Cargo,Road,1352.4,1336,2,3,719.91,true,
SH28648,2024-07-12,Los Angeles,Singapore,Northstar Logistics,Rail,577.0,1678,3,3,347.51,true,
SH29370,2024-07-12,Singapore,Dubai,Northstar Logistics,Sea,1071.4,12508,20,21,1195.18,true,
SH30139,2024-07-12,Los Angeles,Ho Chi Minh City,BlueWave Lines,Road,951.2,1332,2,3,565.92,true,
SH30927,2024-07-12,Ho Chi Minh City,Singapore,Northstar Logistics,Rail,349.4,1995,8,3,273.63,false,Customs
SH31890,2024-07-12,Busan,Los Angeles,Northstar Logistics,Road,798.6,1268,3,3,422.05,true,
SH31966,2024-07-12,Singapore,Busan,Northstar Logistics,Sea,3823.7,8587,15,15,3175.45,true,
SH32710,2024-07-12,Singapore,Hamburg,BlueWave Lines,Sea,269.5,11869,19,20,438.83,true,
SH24156,2024-07-13,Ho Chi Minh City,Rotterdam,Atlas Air Cargo,Air,427.4,10699,2,2,4445.05,true,
SH24262,2024-07-13,Rotterdam,Dubai,BlueWave Lines,Sea,1819.7,3693,8,8,663.66,true,
SH24685,2024-07-13,Singapore,Shanghai,Meridian Freight,Sea,634.3,15449,25,26,1126.36,true,
SH25909,2024-07-13,Los Angeles,Hamburg,Meridian Freight,Sea,1114.0,17205,28,28,1740.62,true,
SH26637,2024-07-13,Ho Chi Minh City,Hamburg,BlueWave Lines,Sea,5988.3,7499,14,14,4291.74,true,
SH26840,2024-07-13,Ho Chi Minh City,Dubai,Northstar Logistics,Sea,709.9,4182,8,8,369.3,true,
SH27004,2024-07-13,Los Angeles,Busan,Northstar Logistics,Sea,3083.9,16711,28,28,4529.02,true,
SH27221,2024-07-13,Rotterdam,Shanghai,Meridian Freight,Sea,1323.9,8579,15,15,1026.6,true,
SH27349,2024-07-13,Rotterdam,Los Angeles,Meridian Freight,Sea,8898.5,1898,4,5,1669.32,true,
SH27793,2024-07-13,Shanghai,Dubai,Swift Cargo,Sea,1623.1,17600,29,29,3024.09,true,
SH27984,2024-07-13,Los Angeles,Singapore,BlueWave Lines,Sea,1877.9,14583,23,24,2834.73,true,
SH28146,2024-07-13,Shanghai,Hamburg,Swift Cargo,Sea,1515.5,17522,28,29,2709.21,true,
SH28453,2024-07-13,Shanghai,Los Angeles,BlueWave Lines,Sea,3131.9,11604,20,20,3045.52,true,
SH28669,2024-07-13,Hamburg,Singapore,BlueWave Lines,Sea,4530.2,14287,24,24,6642.65,true,
SH28913,2024-07-13,Shanghai,Los Angeles,BlueWave Lines,Sea,2512.0,9118,16,16,2313.54,true,
SH29927,2024-07-13,Shanghai,Rotterdam,Meridian Freight,Sea,1155.0,8486,15,15,983.41,true,
SH30039,2024-07-13,Ho Chi Minh City,Dubai,BlueWave Lines,Sea,3114.3,14946,24,25,4228.78,true,
SH30107,2024-07-13,Shanghai,Singapore,Atlas Air Cargo,Air,178.2,1491,1,1,420.29,true,
SH30617,2024-07-13,Rotterdam,Dubai,BlueWave Lines,Sea,1122.4,2383,6,6,370.12,true,
SH31962,2024-07-13,Los Angeles,Ho Chi Minh City,BlueWave Lines,Sea,476.0,10167,18,18,619.35,true,
SH31983,2024-07-13,Singapore,Ho Chi Minh City,Northstar Logistics,Sea,4289.8,12515,21,21,5870.53,true,
SH24407,2024-07-14,Singapore,Los Angeles,Meridian Freight,Sea,1120.0,9772,17,17,1147.9,true,
SH24797,2024-07-14,Ho Chi Minh City,Busan,Meridian Freight,Sea,761.6,10894,19,19,869.36,true,
SH25160,2024-07-14,Hamburg,Busan,Meridian Freight,Sea,371.3,3796,10,8,237.32,false,Weather
SH25503,2024-07-14,Shanghai,Hamburg,Northstar Logistics,Sea,3926.0,16390,27,27,6567.32,true,
SH26130,2024-07-14,Dubai,Rotterdam,BlueWave Lines,Sea,1829.4,3868,8,8,866.15,true,
SH26249,2024-07-14,Rotterdam,Ho Chi Minh City,Meridian Freight,Sea,1786.9,17290,29,29,3395.52,true,
SH27204,2024-07-14,Hamburg,Singapore,Meridian Freight,Road,4108.1,761,1,2,1084.74,true,
SH27265,2024-07-14,Hamburg,Los Angeles,Atlas Air Cargo,Air,104.6,17762,3,3,2325.82,true,
SH28152,2024-07-14,Hamburg,Los Angeles,Meridian Freight,Road,503.0,1274,2,3,317.77,true,
SH28604,2024-07-14,Busan,Ho Chi Minh City,BlueWave Lines,Sea,1669.3,3208,7,7,538.73,true,
SH29451,2024-07-14,Los Angeles,Hamburg,Northstar Logistics,Sea,1161.2,7218,12,13,910.43,true,
SH29676,2024-07-14,Dubai,Rotterdam,Northstar Logistics,Road,2120.7,2078,10,4,1440.48,false,Customs
SH30134,2024-07-14,Singapore,Ho Chi Minh City,BlueWave Lines,Sea,1127.1,13339,22,23,1514.51,true,
SH30845,2024-07-14,Ho Chi Minh City,Hamburg,Meridian Freight,Sea,125.3,16282,27,27,284.98,true,
SH31987,2024-07-14,Los Angeles,Singapore,Swift Cargo,Sea,805.1,4649,8,9,445.48,true,
SH24897,2024-07-15,Shanghai,Los Angeles,Swift Cargo,Sea,1085.4,17217,28,28,1922.39,true,
SH27568,2024-07-15,Los Angeles,Shanghai,Northstar Logistics,Rail,1463.5,299,1,1,204.48,true,
SH28067,2024-07-15,Ho Chi Minh City,Rotterdam,Northstar Logistics,Sea,2318.1,3957,13,8,843.29,false,Customs
SH28288,2024-07-15,Singapore,Dubai,BlueWave Lines,Sea,1600.9,15053,25,25,2165.83,true,
SH28429,2024-07-15,Dubai,Hamburg,BlueWave Lines,Sea,194.4,8004,14,14,262.46,true,
SH28762,2024-07-15,Ho Chi Minh City,Busan,Swift Cargo,Sea,1394.4,5364,10,10,779.05,true,
SH29260,2024-07-15,Singapore,Hamburg,Swift Cargo,Sea,2146.4,1048,4,4,330.48,true,
SH29872,2024-07-15,Busan,Hamburg,Swift Cargo,Road,1746.2,687,1,2,481.44,true,
SH29994,2024-07-15,Rotterdam,Hamburg,BlueWave Lines,Sea,570.7,14066,24,24,814.84,true,
SH30058,2024-07-15,Shanghai,Los Angeles,Atlas Air Cargo,Air,278.5,17611,3,3,6538.66,true,
SH30954,2024-07-15,Busan,Dubai,Northstar Logistics,Rail,584.2,773,2,2,218.82,true,
SH31083,2024-07-15,Ho Chi Minh City,Busan,BlueWave Lines,Rail,1285.2,2451,4,4,857.69,true,
SH25083,2024-07-16,Busan,Dubai,Swift Cargo,Sea,4223.8,9431,17,17,4341.74,true,
SH26528,2024-07-16,Hamburg,Ho Chi Minh City,BlueWave Lines,Sea,922.9,2325,6,6,302.46,true,
SH27408,2024-07-16,Singapore,Busan,Atlas Air Cargo,Air,390.2,16470,3,3,6162.94,true,
SH28505,2024-07-16,Ho Chi Minh City,Singapore,Swift Cargo,Sea,3364.1,4909,10,10,1832.79,true,
SH28542,2024-07-16,Dubai,Ho Chi Minh City,Atlas Air Cargo,Air,96.9,1657,1,1,298.58,true,
SH29247,2024-07-16,Singapore,Shanghai,Swift Cargo,Sea,641.2,11988,20,20,725.81,true,
SH29265,2024-07-16,Dubai,Hamburg,Atlas Air Cargo,Air,120.4,7099,2,2,1233.46,true,
SH30561,2024-07-16,Dubai,Hamburg,Northstar Logistics,Sea,1037.8,12313,22,21,1243.41,false,Port congestion
SH30942,2024-07-16,Rotterdam,Ho Chi Minh City,Atlas Air Cargo,Air,267.8,2806,1,1,1097.37,true,
SH32136,2024-07-16,Rotterdam,Singapore,Meridian Freight,Sea,2077.5,5498,18,10,1215.57,false,Port congestion
SH32434,2024-07-16,Busan,Ho Chi Minh City,Meridian Freight,Road,1176.1,1237,2,3,562.38,true,
SH32456,2024-07-16,Shanghai,Ho Chi Minh City,BlueWave Lines,Sea,679.1,12225,20,21,762.06,true,
SH32858,2024-07-16,Hamburg,Busan,Swift Cargo,Sea,367.2,17477,29,29,630.49,true,
SH24028,2024-07-17,Los Angeles,Rotterdam,Meridian Freight,Sea,3957.3,1833,6,5,723.58,false,Customs
SH24145,2024-07-17,Rotterdam,Dubai,BlueWave Lines,Sea,809.3,2747,5,6,344.34,true,
SH24267,2024-07-17,Dubai,Singapore,BlueWave Lines,Rail,437.4,210,1,1,143.66,true,
SH25486,2024-07-17,Los Angeles,Dubai,Swift Cargo,Sea,933.8,1478,4,4,265.24,true,
SH27756,2024-07-17,Dubai,Singapore,Atlas Air Cargo,Air,171.5,8203,2,2,1473.52,true,
SH27931,2024-07-17,Los Angeles,Hamburg,Northstar Logistics,Sea,2303.2,17174,31,28,4370.0,false,Documentation
SH28113,2024-07-17,Ho Chi Minh City,Hamburg,Meridian Freight,Sea,1171.5,3734,7,8,572.69,true,
SH28807,2024-07-17,Busan,Hamburg,Swift Cargo,Road,2910.7,1674,3,4,1810.53,true,
SH30017,2024-07-17,Hamburg,Ho Chi Minh City,Atlas Air Cargo,Air,124.4,5311,8,2,970.85,false,Customs
SH30149,2024-07-17,Hamburg,Dubai,Atlas Air Cargo,Air,497.4,15058,2,3,9519.46,true,
SH31018,2024-07-17,Busan,Ho Chi Minh City,BlueWave Lines,Sea,473.1,10781,19,19,614.02,true,
SH31356,2024-07-17,Singapore,Hamburg,Meridian Freight,Road,963.0,1597,4,4,637.28,true,
SH31628,2024-07-17,Rotterdam,Ho Chi Minh City,Swift Cargo,Sea,1433.7,3980,8,8,602.73,true,
SH32085,2024-07-17,Busan,Dubai,Atlas Air Cargo,Air,401.8,3430,1,1,1882.86,true,
SH24617,2024-07-18,Rotterdam,Hamburg,Northstar Logistics,Road,2950.1,799,1,2,843.4,true,
SH25567,2024-07-18,Shanghai,Rotterdam,BlueWave Lines,Rail,1309.9,2273,4,4,890.56,true,
SH26139,2024-07-18,Shanghai,Rotterdam,Northstar Logistics,Road,1938.3,1743,5,4,1172.16,false,Port congestion
SH27764,2024-07-18,Singapore,Busan,BlueWave Lines,Sea,535.7,17507,28,29,996.62,true,
SH30486,2024-07-18,Ho Chi Minh City,Los Angeles,Swift Cargo,Sea,1219.2,5291,10,10,790.99,true,
SH31396,2024-07-18,Rotterdam,Hamburg,BlueWave Lines,Sea,1332.2,14771,25,25,2190.16,true,
SH31411,2024-07-18,Dubai,Busan,Meridian Freight,Sea,549.2,3174,6,7,256.55,true,
SH32446,2024-07-18,Los Angeles,Hamburg,Swift Cargo,Sea,1511.7,7657,14,14,1139.05,true,
SH32925,2024-07-18,Rotterdam,Busan,Northstar Logistics,Sea,421.0,9525,16,17,476.73,true,
SH24503,2024-07-19,Shanghai,Hamburg,Meridian Freight,Sea,702.9,16774,28,28,1376.02,true,
SH26183,2024-07-19,Hamburg,Shanghai,BlueWave Lines,Sea,276.6,3745,8,8,204.16,true,
SH26860,2024-07-19,Los Angeles,Busan,BlueWave Lines,Sea,1609.3,8403,15,15,1530.82,true,
SH29282,2024-07-19,Ho Chi Minh City,Singapore,BlueWave Lines,Sea,663.2,13633,23,23,890.18,true,
SH29475,2024-07-19,Singapore,Busan,Meridian Freight,Road,1437.0,388,5,2,296.19,false,Weather
SH30510,2024-07-19,Singapore,Ho Chi Minh City,BlueWave Lines,Sea,713.5,10127,18,18,701.43,true,
SH31707,2024-07-19,Los Angeles,Hamburg,Northstar Logistics,Sea,670.3,2571,6,6,260.05,true,
SH31846,2024-07-19,Los Angeles,Singapore,Northstar Logistics,Sea,1275.6,3667,8,8,494.45,true,
SH32198,2024-07-19,Rotterdam,Singapore,Atlas Air Cargo,Air,473.2,7053,2,2,3245.31,true,
SH32938,2024-07-19,Dubai,Hamburg,Meridian Freight,Sea,1823.5,10953,19,19,1956.47,true,
SH24248,2024-07-20,Ho Chi Minh City,Los Angeles,Atlas Air Cargo,Air,198.7,2258,1,1,665.58,true,
SH24992,2024-07-20,Los Angeles,Ho Chi Minh City,Atlas Air Cargo,Air,289.3,13163,1,2,3902.49,true,
SH25845,2024-07-20,Dubai,Busan,Northstar Logistics,Sea,1962.7,6690,12,12,1132.14,true,
SH27360,2024-07-20,Ho Chi Minh City,Los Angeles,Atlas Air Cargo,Air,124.2,11982,2,2,1962.58,true,
SH27637,2024-07-20,Busan,Singapore,BlueWave Lines,Sea,8781.9,997,4,4,801.06,true,
SH28479,2024-07-20,Singapore,Rotterdam,BlueWave Lines,Sea,1591.9,5553,11,11,967.41,true,
SH29115,2024-07-20,Singapore,Busan,Atlas Air Cargo,Air,175.2,10158,1,2,1994.58,true,
SH29486,2024-07-20,Busan,Rotterdam,Swift Cargo,Rail,347.4,661,2,2,174.25,true,
SH30380,2024-07-20,Los Angeles,Shanghai,Meridian Freight,Road,1325.8,1550,4,4,774.84,true,
SH31001,2024-07-20,Dubai,Ho Chi Minh City,Swift Cargo,Sea,444.0,14549,25,24,764.57,false,Port congestion
SH31581,2024-07-20,Hamburg,Busan,BlueWave Lines,Sea,1035.4,8735,15,15,843.68,true,
SH31678,2024-07-20,Dubai,Los Angeles,Atlas Air Cargo,Air,157.8,16868,3,3,3033.96,true,
SH32961,2024-07-20,Shanghai,Ho Chi Minh City,Northstar Logistics,Road,4343.8,386,2,2,761.78,true,
SH26657,2024-07-21,Ho Chi Minh City,Shanghai,Atlas Air Cargo,Air,249.7,13260,2,2,3707.83,true,
SH26724,2024-07-21,Busan,Rotterdam,Swift Cargo,Sea,537.2,7681,14,14,463.36,true,
SH27158,2024-07-21,Singapore,Shanghai,Swift Cargo,Sea,895.9,11061,19,19,1005.03,true,
SH28074,2024-07-21,Shanghai,Busan,Northstar Logistics,Sea,373.3,5744,11,11,312.34,true,
SH29534,2024-07-21,Los Angeles,Singapore,Atlas Air Cargo,Air,686.7,17507,2,3,15207.04,true,
SH30388,2024-07-21,Busan,Hamburg,BlueWave Lines,Rail,433.8,1921,2,3,316.69,true,
SH30473,2024-07-21,Ho Chi Minh City,Busan,Meridian Freight,Road,5371.7,692,1,2,1322.06,true,
SH30594,2024-07-21,Shanghai,Busan,Northstar Logistics,Rail,5847.5,1812,2,3,2856.43,true,
SH30756,2024-07-21,Shanghai,Rotterdam,Swift Cargo,Sea,4219.7,10985,18,19,3906.48,true,
SH30980,2024-07-21,Rotterdam,Los Angeles,Swift Cargo,Sea,1285.8,14545,24,24,1779.95,true,
SH32124,2024-07-21,Hamburg,Singapore,Swift Cargo,Sea,3483.4,9086,17,16,2591.12,false,Equipment
SH32559,2024-07-21,Ho Chi Minh City,Los Angeles,Atlas Air Cargo,Air,287.8,17531,3,3,5670.65,true,
SH24234,2024-07-22,Los Angeles,Dubai,BlueWave Lines,Sea,538.0,13619,22,23,699.29,true,
SH24749,2024-07-22,Hamburg,Ho Chi Minh City,Atlas Air Cargo,Air,823.7,14171,3,3,13417.06,true,
SH25255,2024-07-22,Ho Chi Minh City,Hamburg,Swift Cargo,Sea,7387.7,11688,22,20,7198.33,false,Customs
SH26670,2024-07-22,Los Angeles,Ho Chi Minh City,Swift Cargo,Sea,5100.6,3346,7,7,1770.89,true,
SH26743,2024-07-22,Dubai,Rotterdam,Atlas Air Cargo,Air,196.9,17951,3,3,4552.74,true,
SH27584,2024-07-22,Hamburg,Singapore,Swift Cargo,Sea,1147.1,17215,28,28,1738.58,true,
SH27784,2024-07-22,Rotterdam,Singapore,BlueWave Lines,Sea,1195.1,3111,6,7,447.8,true,
SH28484,2024-07-22,Singapore,Rotterdam,Meridian Freight,Road,2145.6,162,1,1,234.19,true,
SH28862,2024-07-22,Shanghai,Ho Chi Minh City,Atlas Air Cargo,Air,259.7,3307,1,1,1234.91,true,
SH30977,2024-07-22,Hamburg,Singapore,Atlas Air Cargo,Air,178.3,10924,2,2,2191.35,true,
SH31415,2024-07-22,Dubai,Hamburg,BlueWave Lines,Sea,6374.5,4248,9,9,2402.03,true,
SH32038,2024-07-22,Hamburg,Shanghai,BlueWave Lines,Sea,758.8,4686,9,9,467.08,true,
SH32197,2024-07-22,Ho Chi Minh City,Hamburg,Meridian Freight,Sea,1164.7,16524,27,27,2125.44,true,
SH32566,2024-07-22,Dubai,Busan,Northstar Logistics,Rail,2663.0,1518,3,3,966.49,true,
SH24381,2024-07-23,Shanghai,Singapore,Swift Cargo,Sea,3138.5,12466,21,21,4215.55,true,Customs
SH24976,2024-07-23,Dubai,Rotterdam,Meridian Freight,Sea,978.8,14959,25,25,1389.4,true,
SH25332,2024-07-23,Busan,Hamburg,Northstar Logistics,Sea,4845.0,6933,13,13,2700.72,true,
SH25878,2024-07-23,Ho Chi Minh City,Singapore,Meridian Freight,Sea,439.9,13438,23,23,609.01,true,
SH27223,2024-07-23,Los Angeles,Ho Chi Minh City,Atlas Air Cargo,Air,573.1,3227,1,1,2469.75,true,
SH29744,2024-07-23,Singapore,Ho Chi Minh City,Swift Cargo,Sea,2214.4,10427,18,18,2143.71,true,
SH29759,2024-07-23,Busan,Dubai,Atlas Air Cargo,Air,685.6,2015,1,1,1545.77,true,
SH30716,2024-07-23,Ho Chi Minh City,Dubai,Northstar Logistics,Sea,2713.1,3313,9,7,958.43,false,Customs
SH31277,2024-07-23,Rotterdam,Shanghai,Swift Cargo,Sea,966.9,17487,38,29,1907.49,false,Weather
SH31863,2024-07-23,Dubai,Ho Chi Minh City,Atlas Air Cargo,Air,189.7,9831,2,2,1899.37,true,
SH32567,2024-07-23,Shanghai,Busan,Swift Cargo,Rail,1569.2,1276,2,3,630.06,true,
SH24347,2024-07-24,Dubai,Los Angeles,Atlas Air Cargo,Air,187.9,17262,3,3,3232.43,true,
SH24709,2024-07-24,Los Angeles,Rotterdam,Atlas Air Cargo,Air,806.6,3026,1,1,3324.44,true,
SH25067,2024-07-24,Singapore,Busan,Northstar Logistics,Sea,1384.1,3045,7,7,521.75,true,
SH25753,2024-07-24,Los Angeles,Singapore,BlueWave Lines,Sea,774.8,5583,10,11,478.96,true,
SH26942,2024-07-24,Busan,Shanghai,BlueWave Lines,Sea,1059.2,6777,12,12,712.8,true,
SH26966,2024-07-24,Busan,Singapore,BlueWave Lines,Sea,1430.0,3443,7,7,600.18,true,
SH27244,2024-07-24,Hamburg,Rotterdam,Swift Cargo,Sea,5062.9,11343,18,19,4918.11,true,
SH27712,2024-07-24,Singapore,Rotterdam,Northstar Logistics,Sea,1466.3,5836,11,11,871.33,true,
SH28239,2024-07-24,Hamburg,Singapore,BlueWave Lines,Rail,1235.5,632,1,2,275.62,true,
SH28327,2024-07-24,Dubai,Busan,BlueWave Lines,Rail,1230.8,1356,2,3,544.96,true,
SH28784,2024-07-24,Dubai,Los Angeles,Northstar Logistics,Sea,697.1,1412,8,4,199.02,false,Equipment
SH29334,2024-07-24,Los Angeles,Busan,BlueWave Lines,Sea,535.5,11317,19,19,658.47,true,
SH30148,2024-07-24,Rotterdam,Dubai,Meridian Freight,Rail,1232.0,170,1,1,165.6,true,
SH32219,2024-07-24,Dubai,Shanghai,Northstar Logistics,Sea,1175.8,15189,25,25,1524.2,true,
SH32278,2024-07-24,Dubai,Los Angeles,Meridian Freight,Sea,334.7,12365,20,21,538.43,true,
SH32729,2024-07-24,Hamburg,Ho Chi Minh City,Swift Cargo,Sea,516.3,1794,4,5,216.58,true,
SH24957,2024-07-25,Ho Chi Minh City,Los Angeles,Meridian Freight,Sea,1605.0,15008,25,25,2028.67,true,
SH25246,2024-07-25,Singapore,Rotterdam,BlueWave Lines,Road,892.5,1480,3,3,520.93,true,
SH26941,2024-07-25,Los Angeles,Singapore,Northstar Logistics,Sea,2711.6,8405,15,15,2578.42,true,
SH27646,2024-07-25,Ho Chi Minh City,Singapore,BlueWave Lines,Rail,2054.0,174,1,1,211.76,true,
SH29086,2024-07-25,Los Angeles,Hamburg,Atlas Air Cargo,Air,72.2,10215,2,2,885.88,true,
SH29968,2024-07-25,Rotterdam,Ho Chi Minh City,Northstar Logistics,Sea,1418.1,4609,9,9,813.36,true,
SH32001,2024-07-25,Dubai,Hamburg,BlueWave Lines,Sea,2590.7,16459,27,27,4388.65,true,
SH32869,2024-07-25,Hamburg,Ho Chi Minh City,Meridian Freight,Sea,2887.8,16640,30,28,4171.12,false,Weather
SH24436,2024-07-26,Hamburg,Ho Chi Minh City,Meridian Freight,Sea,2103.0,6736,11,12,1265.26,true,
SH25072,2024-07-26,Busan,Rotterdam,Swift Cargo,Sea,1110.0,1468,4,4,249.51,true,
SH26300,2024-07-26,Ho Chi Minh City,Rotterdam,Atlas Air Cargo,Air,71.4,16588,3,3,1484.5,true,
SH26549,2024-07-26,Singapore,Rotterdam,Meridian Freight,Sea,714.7,7657,13,14,636.66,true,
SH26799,2024-07-26,Shanghai,Ho Chi Minh City,Meridian Freight,Road,478.5,2107,4,5,531.74,true,
SH27684,2024-07-26,Ho Chi Minh City,Busan,Northstar Logistics,Road,2054.4,545,2,2,481.94,true,
SH28976,2024-07-26,Shanghai,Ho Chi Minh City,Northstar Logistics,Road,4227.9,2399,4,5,3273.05,true,
SH29089,2024-07-26,Ho Chi Minh City,Singapore,BlueWave Lines,Sea,3177.1,3284,6,7,979.76,true,
SH30271,2024-07-26,Dubai,Hamburg,Northstar Logistics,Road,199.4,1077,2,3,205.06,true,
SH30502,2024-07-26,Dubai,Ho Chi Minh City,Northstar Logistics,Sea,1509.4,15194,24,25,2492.01,true,
SH30883,2024-07-26,Los Angeles,Rotterdam,Atlas Air Cargo,Air,444.6,11801,2,2,5877.72,true,
SH31416,2024-07-26,Busan,Singapore,BlueWave Lines,Sea,1838.6,14006,24,24,2634.91,true,
SH31586,2024-07-26,Rotterdam,Singapore,Swift Cargo,Rail,517.3,2161,3,4,333.88,true,
SH31985,2024-07-26,Rotterdam,Hamburg,Northstar Logistics,Rail,3972.8,2194,4,4,2252.12,true,
SH24632,2024-07-27,Busan,Hamburg,BlueWave Lines,Road,1960.8,1733,4,4,1473.05,true,
SH25037,2024-07-27,Shanghai,Singapore,Atlas Air Cargo,Air,298.5,3055,1,1,1216.89,true,
SH25684,2024-07-27,Busan,Shanghai,Atlas Air Cargo,Air,423.5,17053,3,3,7847.73,true,
SH27066,2024-07-27,Los Angeles,Shanghai,BlueWave Lines,Sea,2868.0,4613,9,9,1402.4,true,
SH28488,2024-07-27,Los Angeles,Ho Chi Minh City,Meridian Freight,Sea,539.8,15350,26,26,894.05,true,
SH28712,2024-07-27,Ho Chi Minh City,Hamburg,BlueWave Lines,Sea,2669.6,13624,23,23,3966.77,true,
SH28915,2024-07-27,Shanghai,Busan,Meridian Freight,Sea,1895.1,12104,20,21,2283.53,true,
SH29224,2024-07-27,Dubai,Shanghai,Atlas Air Cargo,Air,217.1,2823,1,1,751.26,true,
SH31314,2024-07-27,Ho Chi Minh City,Rotterdam,Meridian Freight,Sea,458.6,999,4,4,160.97,true,
SH31451,2024-07-27,Ho Chi Minh City,Busan,BlueWave Lines,Road,961.3,628,1,2,343.8,true,
SH31795,2024-07-27,Dubai,Hamburg,Atlas Air Cargo,Air,89.1,14329,3,3,1721.39,true,
SH31885,2024-07-27,Busan,Singapore,Meridian Freight,Sea,1184.0,7796,14,14,968.16,true,
SH32804,2024-07-27,Shanghai,Busan,Atlas Air Cargo,Air,1299.9,8996,1,2,14546.79,true,
SH24002,2024-07-28,Busan,Singapore,BlueWave Lines,Sea,1778.7,7357,13,13,1412.66,true,
SH24741,2024-07-28,Dubai,Hamburg,Atlas Air Cargo,Air,112.9,14972,3,3,1729.87,true,
SH28156,2024-07-28,Shanghai,Busan,Northstar Logistics,Sea,528.7,9053,15,16,536.08,true,
SH28396,2024-07-28,Busan,Rotterdam,Northstar Logistics,Sea,739.6,1994,11,5,267.47,false,Port congestion
SH28800,2024-07-28,Ho Chi Minh City,Los Angeles,Northstar Logistics,Sea,1963.6,7353,12,13,1437.27,true,
SH28873,2024-07-28,Busan,Dubai,Meridian Freight,Sea,3138.3,9497,16,17,3103.63,true,
SH28892,2024-07-28,Hamburg,Rotterdam,BlueWave Lines,Sea,951.8,6112,11,11,616.2,true,
SH29019,2024-07-28,Busan,Los Angeles,Northstar Logistics,Rail,1238.7,553,6,2,290.85,false,Weather
SH31656,2024-07-28,Busan,Singapore,Swift Cargo,Sea,564.1,7918,14,14,537.41,true,
SH32623,2024-07-28,Singapore,Los Angeles,Atlas Air Cargo,Air,178.4,1305,1,1,397.01,true,
SH24607,2024-07-29,Rotterdam,Hamburg,BlueWave Lines,Sea,2810.7,12388,21,21,3119.72,true,
SH24614,2024-07-29,Shanghai,Busan,Meridian Freight,Sea,1341.1,4215,7,8,695.15,true,
SH24914,2024-07-29,Los Angeles,Rotterdam,Meridian Freight,Sea,527.3,2061,5,5,220.15,true,
SH25396,2024-07-29,Los Angeles,Hamburg,Atlas Air Cargo,Air,62.8,16301,3,3,1138.21,true,
SH26017,2024-07-29,Singapore,Ho Chi Minh City,Meridian Freight,Sea,740.3,10000,17,17,801.83,true,
SH26122,2024-07-29,Rotterdam,Hamburg,Northstar Logistics,Road,631.9,206,1,1,167.48,true,
SH26532,2024-07-29,Ho Chi Minh City,Hamburg,Meridian Freight,Road,909.1,322,2,2,230.65,true,
SH28921,2024-07-29,Shanghai,Rotterdam,BlueWave Lines,Sea,5513.8,15684,32,26,8491.45,false,Documentation
SH29040,2024-07-29,Shanghai,Dubai,BlueWave Lines,Road,1535.2,1164,2,3,751.01,true,
SH29182,2024-07-29,Busan,Singapore,BlueWave Lines,Sea,986.4,1685,7,5,278.05,false,Port congestion
SH29899,2024-07-29,Dubai,Ho Chi Minh City,Northstar Logistics,Road,3101.3,1806,4,4,2342.62,true,
SH30201,2024-07-29,Ho Chi Minh City,Dubai,Atlas Air Cargo,Air,658.8,5793,2,2,4534.84,true,
SH30734,2024-07-29,Busan,Shanghai,Atlas Air Cargo,Air,288.6,1911,1,1,648.46,true,
SH31648,2024-07-29,Hamburg,Rotterdam,Meridian Freight,Sea,1737.8,5098,10,10,869.08,true,
SH24134,2024-07-30,Busan,Hamburg,Meridian Freight,Rail,1876.2,1957,2,3,1032.2,true,
SH24250,2024-07-30,Hamburg,Busan,Atlas Air Cargo,Air,178.8,9467,1,2,1793.83,true,
SH24928,2024-07-30,Hamburg,Rotterdam,Swift Cargo,Sea,2228.2,10648,18,18,2644.99,true,
SH25434,2024-07-30,Ho Chi Minh City,Rotterdam,BlueWave Lines,Sea,1813.1,17041,27,28,2586.84,true,
SH25673,2024-07-30,Los Angeles,Dubai,Northstar Logistics,Sea,1809.7,17691,32,29,3062.96,false,Customs
SH26180,2024-07-30,Busan,Shanghai,Atlas Air Cargo,Air,591.0,7097,2,2,4576.45,true,
SH29314,2024-07-30,Hamburg,Rotterdam,BlueWave Lines,Road,548.9,578,2,2,224.84,true,
SH29905,2024-07-30,Hamburg,Busan,Atlas Air Cargo,Air,134.9,5023,2,2,770.07,true,
SH30478,2024-07-30,Los Angeles,Ho Chi Minh City,Atlas Air Cargo,Air,1043.6,6283,2,2,7052.83,true,
SH30740,2024-07-30,Rotterdam,Shanghai,Atlas Air Cargo,Air,51.6,13500,2,2,979.45,true,
SH31291,2024-07-30,Dubai,Busan,Northstar Logistics,Sea,376.7,12714,23,22,612.15,false,Customs
SH31524,2024-07-30,Shanghai,Los Angeles,Northstar Logistics,Road,2400.9,254,1,1,317.89,true,
SH31615,2024-07-30,Singapore,Hamburg,BlueWave Lines,Sea,1142.7,4186,8,8,571.61,true,
SH24406,2024-07-31,Rotterdam,Ho Chi Minh City,Atlas Air Cargo,Air,169.5,15188,8,3,2939.15,false,Documentation
SH25521,2024-07-31,Rotterdam,Hamburg,Atlas Air Cargo,Air,141.5,8272,2,2,1361.32,true,
SH25808,2024-07-31,Shanghai,Los Angeles,BlueWave Lines,Sea,2179.3,14664,24,25,3510.28,true,
SH26048,2024-07-31,Ho Chi Minh City,Rotterdam,Swift Cargo,Sea,832.8,1996,4,5,275.15,true,
SH26372,2024-07-31,Rotterdam,Dubai,Swift Cargo,Sea,1609.8,4454,8,9,786.7,true,
SH26714,2024-07-31,Ho Chi Minh City,Los Angeles,Swift Cargo,Sea,5391.5,1530,4,4,981.54,true,
SH29588,2024-07-31,Hamburg,Rotterdam,BlueWave Lines,Road,1504.9,1654,4,4,939.22,true,
SH29840,2024-07-31,Ho Chi Minh City,Los Angeles,Meridian Freight,Rail,3191.1,156,1,1,239.51,true,
SH32236,2024-07-31,Los Angeles,Ho Chi Minh City,Northstar Logistics,Road,660.3,1322,3,3,398.19,true,
SH32402,2024-07-31,Singapore,Shanghai,Atlas Air Cargo,Air,322.8,13605,3,3,5874.21,true,
SH32494,2024-07-31,Los Angeles,Hamburg,Atlas Air Cargo,Air,99.7,6762,1,2,930.19,true,
SH32887,2024-07-31,Los Angeles,Rotterdam,Atlas Air Cargo,Air,233.7,13349,2,2,3413.16,true,
SH24070,2024-08-01,Singapore,Hamburg,Atlas Air Cargo,Air,228.9,14826,3,3,3532.19,true,
SH24097,2024-08-01,Hamburg,Singapore,BlueWave Lines,Sea,2117.7,14260,24,24,3175.11,true,
SH24505,2024-08-01,Hamburg,Busan,Swift Cargo,Road,1746.6,917,3,3,677.09,true,
SH25797,2024-08-01,Busan,Singapore,Atlas Air Cargo,Air,92.8,15537,2,3,1583.33,true,
SH25822,2024-08-01,Ho Chi Minh City,Hamburg,Atlas Air Cargo,Air,276.9,8161,2,2,2497.24,true,Port congestion
SH26677,2024-08-01,Dubai,Hamburg,Northstar Logistics,Sea,1824.4,5007,11,10,1074.55,false,Customs
SH27354,2024-08-01,Rotterdam,Shanghai,BlueWave Lines,Sea,1276.4,16168,27,27,1938.03,true,
SH28217,2024-08-01,Busan,Los Angeles,BlueWave Lines,Sea,1158.9,2842,6,6,440.5,true,
SH29620,2024-08-01,Rotterdam,Hamburg,Meridian Freight,Road,551.1,565,1,2,215.82,true,
SH30524,2024-08-01,Ho Chi Minh City,Shanghai,Northstar Logistics,Road,951.3,1075,2,3,540.74,true,
SH30708,2024-08-01,Los Angeles,Ho Chi Minh City,Northstar Logistics,Sea,9977.8,9883,16,17,9806.68,true,
SH30797,2024-08-01,Ho Chi Minh City,Singapore,Northstar Logistics,Sea,787.7,15595,26,26,1377.9,true,
SH31160,2024-08-01,Hamburg,Busan,Meridian Freight,Rail,2011.6,1790,2,3,807.63,true,
SH31934,2024-08-01,Busan,Shanghai,BlueWave Lines,Sea,897.6,15252,25,25,1318.13,true,
SH32322,2024-08-01,Hamburg,Los Angeles,Atlas Air Cargo,Air,228.4,1511,1,1,529.85,true,
SH24562,2024-08-02,Singapore,Rotterdam,BlueWave Lines,Sea,5925.4,1779,5,5,1139.47,true,
SH25178,2024-08-02,Dubai,Hamburg,Atlas Air Cargo,Air,132.2,12372,2,2,2147.21,true,
SH26766,2024-08-02,Ho Chi Minh City,Dubai,Swift Cargo,Sea,878.0,3353,6,7,365.27,true,
SH25852,2024-08-03,Los Angeles,Ho Chi Minh City,BlueWave Lines,Sea,568.1,6633,11,12,485.33,true,
SH26040,2024-08-03,Singapore,Rotterdam,Atlas Air Cargo,Air,411.2,4941,2,2,2029.29,true,
SH26671,2024-08-03,Ho Chi Minh City,Dubai,Meridian Freight,Sea,383.1,11869,20,20,541.91,true,
SH27266,2024-08-03,Singapore,Dubai,Atlas Air Cargo,Air,150.2,13419,2,2,2259.88,true,
SH27799,2024-08-03,Singapore,Los Angeles,Northstar Logistics,Road,1953.0,2194,5,5,1510.57,true,
SH28341,2024-08-03,Los Angeles,Ho Chi Minh City,Meridian Freight,Sea,797.5,7870,23,14,631.56,false,Customs
SH29464,2024-08-03,Busan,Rotterdam,Meridian Freight,Sea,3302.3,15228,26,25,4520.5,false,Port congestion
SH29477,2024-08-03,Busan,Ho Chi Minh City,Northstar Logistics,Sea,3878.4,12867,22,22,4777.42,true,
SH30020,2024-08-03,Dubai,Shanghai,Meridian Freight,Sea,368.5,1305,4,4,164.04,true,
SH30159,2024-08-03,Los Angeles,Ho Chi Minh City,Northstar Logistics,Road,700.6,1842,7,4,620.55,false,Port congestion
SH30414,2024-08-03,Shanghai,Dubai,Swift Cargo,Sea,2705.2,13224,21,22,3682.98,true,
SH31135,2024-08-03,Los Angeles,Hamburg,BlueWave Lines,Sea,5203.4,17355,29,29,7749.84,true,
SH31871,2024-08-03,Busan,Hamburg,Atlas Air Cargo,Air,356.9,11752,1,2,4587.09,true,
SH24921,2024-08-04,Busan,Ho Chi Minh City,BlueWave Lines,Road,940.0,1917,4,4,833.38,true,
SH25082,2024-08-04,Dubai,Ho Chi Minh City,Northstar Logistics,Sea,1724.5,1694,5,5,431.9,true,
SH25472,2024-08-04,Los Angeles,Shanghai,Northstar Logistics,Sea,2287.7,8703,15,15,1750.57,true,
SH25780,2024-08-04,Rotterdam,Hamburg,Atlas Air Cargo,Air,231.5,17454,3,3,5213.3,true,
SH26792,2024-08-04,Busan,Rotterdam,Northstar Logistics,Sea,1282.7,7795,16,14,886.79,false,Weather
SH27056,2024-08-04,Ho Chi Minh City,Shanghai,Meridian Freight,Sea,1534.7,13660,23,23,2324.53,true,
SH29299,2024-08-04,Shanghai,Busan,Swift Cargo,Sea,1558.0,11848,20,20,1995.23,true,
SH29497,2024-08-04,Dubai,Singapore,BlueWave Lines,Sea,1205.2,2782,6,6,478.38,true,
SH29557,2024-08-04,Busan,Dubai,BlueWave Lines,Sea,1673.2,11031,18,19,1550.9,true,
SH30852,2024-08-04,Shanghai,Busan,Atlas Air Cargo,Air,196.2,7200,2,2,1784.36,true,
SH32110,2024-08-04,Singapore,Busan,Meridian Freight,Sea,1871.3,2227,4,5,481.6,true,
SH24003,2024-08-05,Los Angeles,Hamburg,BlueWave Lines,Sea,578.6,15913,26,26,926.28,true,
SH24471,2024-08-05,Dubai,Los Angeles,Northstar Logistics,Road,898.4,795,6,2,336.17,false,Weather
SH25611,2024-08-05,Dubai,Singapore,Northstar Logistics,Sea,793.3,6916,18,13,661.19,false,Equipment
SH25763,2024-08-05,Shanghai,Dubai,Swift Cargo,Road,1547.3,1884,4,4,1302.1,true,
SH25779,2024-08-05,Rotterdam,Dubai,BlueWave Lines,Road,766.4,1823,3,4,537.55,true,
SH26610,2024-08-05,Rotterdam,Dubai,Meridian Freight,Sea,2770.4,13801,23,23,4112.48,true,
SH26645,2024-08-05,Hamburg,Busan,Swift Cargo,Sea,1035.7,11513,20,20,1191.67,true,
SH28868,2024-08-05,Singapore,Busan,Swift Cargo,Rail,2136.6,1914,3,3,980.95,true,
SH29628,2024-08-05,Hamburg,Busan,Swift Cargo,Sea,2031.1,8062,14,14,1597.88,true,
SH30403,2024-08-05,Hamburg,Los Angeles,Atlas Air Cargo,Air,167.0,9561,2,2,1907.24,true,
SH24933,2024-08-06,Shanghai,Dubai,Atlas Air Cargo,Air,256.8,8574,1,2,2568.1,true,
SH25509,2024-08-06,Hamburg,Dubai,Swift Cargo,Sea,716.5,2959,6,7,283.73,true,
SH26752,2024-08-06,Busan,Dubai,Swift Cargo,Sea,1075.7,17847,29,29,1653.18,true,
SH26882,2024-08-06,Hamburg,Singapore,Northstar Logistics,Road,2715.8,2415,13,5,2826.06,false,Port congestion
SH27671,2024-08-06,Rotterdam,Busan,Swift Cargo,Sea,1538.9,6252,12,12,886.48,true,
SH28350,2024-08-06,Singapore,Hamburg,Swift Cargo,Rail,1579.8,1190,2,2,563.86,true,
SH28654,2024-08-06,Singapore,Los Angeles,BlueWave Lines,Rail,1483.6,1771,3,3,746.17,true,
SH29903,2024-08-06,Ho Chi Minh City,Rotterdam,BlueWave Lines,Sea,14550.2,15644,35,26,23386.66,false,Weather
SH31981,2024-08-06,Dubai,Hamburg,Atlas Air Cargo,Air,46.3,6556,2,2,491.03,true,
SH32073,2024-08-06,Busan,Ho Chi Minh City,Atlas Air Cargo,Air,695.7,16647,3,3,14359.81,true,
SH32987,2024-08-06,Rotterdam,Hamburg,Atlas Air Cargo,Air,485.0,2687,1,1,1513.36,true,
SH25575,2024-08-07,Dubai,Los Angeles,BlueWave Lines,Rail,10136.7,2244,4,4,5744.64,true,
SH25584,2024-08-07,Singapore,Hamburg,Atlas Air Cargo,Air,144.4,4900,2,2,942.22,true,
SH25898,2024-08-07,Rotterdam,Busan,Meridian Freight,Sea,466.0,5978,10,11,341.62,true,
SH26579,2024-08-07,Los Angeles,Rotterdam,Atlas Air Cargo,Air,181.6,1895,1,1,486.2,true,
SH27352,2024-08-07,Singapore,Rotterdam,Swift Cargo,Sea,1179.5,1459,4,4,260.34,true,
SH27361,2024-08-07,Busan,Dubai,Meridian Freight,Road,2193.9,1558,13,4,1316.34,false,Documentation
SH29119,2024-08-07,Shanghai,Busan,Meridian Freight,Sea,1680.1,8133,18,15,1573.67,false,Customs
SH29306,2024-08-07,Shanghai,Rotterdam,Meridian Freight,Sea,450.3,16290,27,27,905.6,true,
SH30041,2024-08-07,Singapore,Busan,Atlas Air Cargo,Air,385.5,15566,3,3,5794.3,true,
SH32674,2024-08-07,Los Angeles,Ho Chi Minh City,Atlas Air Cargo,Air,470.6,2466,1,1,1344.24,true,
SH32990,2024-08-07,Los Angeles,Rotterdam,Northstar Logistics,Sea,2375.4,10829,18,19,2586.11,true,
SH24417,2024-08-08,Dubai,Hamburg,Swift Cargo,Road,3734.0,1943,3,4,2941.9,true,
SH24449,2024-08-08,Rotterdam,Los Angeles,Northstar Logistics,Road,1764.8,1897,4,4,1162.89,true,
SH24756,2024-08-08,Shanghai,Hamburg,Atlas Air Cargo,Air,241.2,4331,1,1,1397.14,true,
SH27067,2024-08-08,Shanghai,Dubai,BlueWave Lines,Sea,8572.1,2220,5,5,1835.73,true,
SH27421,2024-08-08,Dubai,Busan,Northstar Logistics,Sea,2057.9,6865,12,13,1276.63,true,
SH27598,2024-08-08,Los Angeles,Busan,BlueWave Lines,Road,1881.2,1493,3,3,1262.47,true,
SH27921,2024-08-08,Ho Chi Minh City,Singapore,Northstar Logistics,Sea,1387.5,14691,25,25,1840.8,true,
SH30151,2024-08-08,Hamburg,Busan,Atlas Air Cargo,Air,689.9,14890,3,3,13516.02,true,
SH30239,2024-08-08,Singapore,Los Angeles,Northstar Logistics,Rail,947.9,1229,3,3,349.24,true,
SH30821,2024-08-08,Shanghai,Hamburg,BlueWave Lines,Road,5617.5,1790,3,4,4253.92,true,
SH31718,2024-08-08,Singapore,Rotterdam,Northstar Logistics,Sea,852.5,4771,9,9,543.22,true,
SH31723,2024-08-08,Singapore,Rotterdam,Meridian Freight,Road,4711.1,2221,5,5,4400.99,true,
SH32000,2024-08-08,Dubai,Singapore,Swift Cargo,Sea,656.5,4772,9,9,416.93,true,
SH24335,2024-08-09,Ho Chi Minh City,Singapore,Meridian Freight,Sea,1156.9,9604,17,17,1025.91,true,
SH24429,2024-08-09,Los Angeles,Dubai,Swift Cargo,Road,1042.9,799,1,2,408.54,true,
SH24792,2024-08-09,Ho Chi Minh City,Los Angeles,Swift Cargo,Sea,1620.2,13010,22,22,2006.73,true,
SH25487,2024-08-09,Busan,Hamburg,BlueWave Lines,Sea,1524.1,6489,11,12,1123.07,true,
SH25578,2024-08-09,Hamburg,Ho Chi Minh City,Northstar Logistics,Sea,1152.4,4894,10,10,624.5,true,
SH26043,2024-08-09,Shanghai,Singapore,BlueWave Lines,Sea,1607.8,998,4,4,255.88,true,
SH26997,2024-08-09,Shanghai,Dubai,Atlas Air Cargo,Air,25.8,2167,1,1,191.42,true,
SH27743,2024-08-09,Busan,Dubai,Northstar Logistics,Sea,998.4,4752,11,9,584.19,false,Equipment
SH30178,2024-08-09,Shanghai,Rotterdam,Swift Cargo,Sea,2919.3,3081,6,7,1036.69,true,
SH30512,2024-08-09,Shanghai,Hamburg,Meridian Freight,Sea,1404.6,14836,26,25,2264.69,false,Port congestion
SH30705,2024-08-09,Hamburg,Ho Chi Minh City,Northstar Logistics,Rail,925.4,1169,2,2,374.5,true,
SH30930,2024-08-09,Shanghai,Dubai,Meridian Freight,Sea,1623.0,15411,26,26,2142.62,true,
SH31035,2024-08-09,Dubai,Singapore,Northstar Logistics,Sea,6833.6,10917,21,19,7488.43,false,Customs
SH31300,2024-08-09,Rotterdam,Shanghai,BlueWave Lines,Sea,1035.6,3485,7,7,467.62,true,
SH31958,2024-08-09,Busan,Rotterdam,Swift Cargo,Sea,1676.5,9044,16,16,1579.74,true,
SH32634,2024-08-09,Hamburg,Ho Chi Minh City,Northstar Logistics,Rail,1027.2,430,2,2,235.13,true,
SH25143,2024-08-10,Busan,Dubai,Meridian Freight,Sea,864.7,919,3,3,197.05,true,
SH25213,2024-08-10,Hamburg,Singapore,Atlas Air Cargo,Air,251.6,14472,3,3,4571.16,true,
SH25792,2024-08-10,Ho Chi Minh City,Rotterdam,Atlas Air Cargo,Air,70.0,17127,3,3,1406.11,true,
SH26031,2024-08-10,Rotterdam,Dubai,Atlas Air Cargo,Air,299.8,13850,3,3,5556.3,true,
SH26430,2024-08-10,Los Angeles,Singapore,Atlas Air Cargo,Air,155.2,1387,1,1,378.36,true,
SH26944,2024-08-10,Dubai,Los Angeles,Northstar Logistics,Road,2491.7,1092,6,3,1235.52,false,Weather
SH27839,2024-08-10,Singapore,Ho Chi Minh City,Atlas Air Cargo,Air,169.1,10538,1,2,2260.27,true,
SH29858,2024-08-10,Busan,Singapore,Northstar Logistics,Sea,2668.5,5043,12,10,1521.53,false,Weather
SH31422,2024-08-10,Hamburg,Singapore,Swift Cargo,Road,3654.8,922,3,3,1168.0,true,
SH31784,2024-08-10,Ho Chi Minh City,Shanghai,Swift Cargo,Sea,2226.1,10589,19,18,2467.23,false,Port congestion
SH24345,2024-08-11,Ho Chi Minh City,Hamburg,Atlas Air Cargo,Air,645.9,16177,3,3,13629.54,true,
SH25416,2024-08-11,Rotterdam,Hamburg,Northstar Logistics,Road,2447.2,1090,2,3,1118.04,true,
SH27689,2024-08-11,Hamburg,Los Angeles,BlueWave Lines,Road,1323.0,1924,4,4,899.21,true,
SH29302,2024-08-11,Rotterdam,Hamburg,Atlas Air Cargo,Air,107.3,13671,3,3,1911.29,true,
SH29748,2024-08-11,Busan,Ho Chi Minh City,BlueWave Lines,Sea,9520.3,10486,18,18,10616.19,true,
SH29876,2024-08-11,Singapore,Hamburg,Meridian Freight,Road,3144.5,304,1,2,463.36,true,
SH30762,2024-08-11,Busan,Dubai,Swift Cargo,Rail,1705.5,741,1,2,403.87,true,
SH32102,2024-08-11,Dubai,Busan,Northstar Logistics,Sea,1793.3,8838,16,16,1509.98,true,
SH32151,2024-08-11,Los Angeles,Rotterdam,Swift Cargo,Sea,2525.8,7965,14,14,1937.53,true,
SH32165,2024-08-11,Busan,Ho Chi Minh City,Swift Cargo,Road,551.9,656,1,2,271.27,true,
SH32421,2024-08-11,Busan,Los Angeles,Swift Cargo,Road,222.2,1677,3,4,234.45,true,
SH32578,2024-08-11,Ho Chi Minh City,Dubai,Atlas Air Cargo,Air,64.4,8886,2,2,719.1,true,
SH32963,2024-08-11,Ho Chi Minh City,Hamburg,Northstar Logistics,Sea,479.8,9295,16,16,544.69,true,
SH25190,2024-08-12,Ho Chi Minh City,Singapore,Meridian Freight,Sea,1867.9,15473,26,26,2907.31,true,
SH25485,2024-08-12,Rotterdam,Shanghai,Swift Cargo,Rail,637.8,1620,2,3,339.11,true,
SH25588,2024-08-12,Los Angeles,Ho Chi Minh City,Northstar Logistics,Sea,6175.9,6942,12,13,4243.83,true,
SH27163,2024-08-12,Hamburg,Los Angeles,Northstar Logistics,Sea,11557.9,9628,17,17,10208.18,true,
SH27275,2024-08-12,Hamburg,Dubai,Meridian Freight,Rail,298.3,2134,3,4,247.44,true,
SH27570,2024-08-12,Dubai,Ho Chi Minh City,BlueWave Lines,Road,12068.2,1443,3,3,7227.87,true,
SH27702,2024-08-12,Dubai,Singapore,Swift Cargo,Sea,504.7,9254,15,16,600.35,true,
SH28032,2024-08-12,Rotterdam,Shanghai,Atlas Air Cargo,Air,128.2,4107,2,1,752.46,false,Weather
SH28470,2024-08-12,Singapore,Rotterdam,Swift Cargo,Sea,511.7,9986,17,17,587.02,true,
SH29655,2024-08-12,Shanghai,Ho Chi Minh City,Swift Cargo,Sea,1272.4,8490,14,15,989.68,true,
SH30629,2024-08-12,Los Angeles,Ho Chi Minh City,BlueWave Lines,Sea,1812.6,17813,29,29,3270.58,true,
SH31117,2024-08-12,Shanghai,Hamburg,Swift Cargo,Sea,972.8,4963,10,10,611.59,true,
SH31132,2024-08-12,Hamburg,Busan,Atlas Air Cargo,Air,152.8,8302,2,2,1737.56,true,
SH31851,2024-08-12,Shanghai,Singapore,Northstar Logistics,Sea,490.3,7267,13,13,458.24,true,
SH32060,2024-08-12,Busan,Shanghai,BlueWave Lines,Sea,678.9,5779,11,11,490.24,true,
SH32356,2024-08-12,Shanghai,Los Angeles,BlueWave Lines,Sea,1049.1,11553,20,20,1299.49,true,
SH24359,2024-08-13,Ho Chi Minh City,Busan,Northstar Logistics,Sea,1388.4,11542,19,20,1753.93,true,
SH24465,2024-08-13,Ho Chi Minh City,Los Angeles,BlueWave Lines,Sea,1612.1,3254,11,7,574.18,false,Equipment
SH25062,2024-08-13,Rotterdam,Los Angeles,Northstar Logistics,Road,889.4,276,1,1,209.63,true,
SH25122,2024-08-13,Los Angeles,Dubai,BlueWave Lines,Sea,7253.8,15661,25,26,10944.73,true,
SH25339,2024-08-13,Los Angeles,Dubai,Northstar Logistics,Sea,1446.1,17716,29,29,2764.46,true,Customs
SH26259,2024-08-13,Busan,Los Angeles,Northstar Logistics,Sea,422.1,17781,29,29,882.8,true,
SH26307,2024-08-13,Shanghai,Busan,BlueWave Lines,Sea,3554.4,7046,13,13,2249.0,true,
SH27294,2024-08-13,Dubai,Shanghai,Swift Cargo,Road,1119.3,1771,4,4,902.31,true,
SH30387,2024-08-13,Rotterdam,Singapore,Swift Cargo,Sea,2688.6,14345,24,24,3430.53,true,
SH30477,2024-08-13,Rotterdam,Dubai,Atlas Air Cargo,Air,58.8,4055,1,1,396.99,true,
SH30565,2024-08-13,Ho Chi Minh City,Hamburg,Meridian Freight,Sea,924.1,3791,8,8,446.02,true,
SH30884,2024-08-13,Los Angeles,Ho Chi Minh City,Atlas Air Cargo,Air,219.7,17866,2,3,4326.35,true,
SH31468,2024-08-13,Hamburg,Los Angeles,Meridian Freight,Sea,808.6,1177,4,4,201.9,true,
SH31515,2024-08-13,Ho Chi Minh City,Singapore,BlueWave Lines,Sea,1750.6,8844,16,16,1645.2,true,
SH31629,2024-08-13,Busan,Ho Chi Minh City,BlueWave Lines,Sea,649.5,13066,22,22,1002.47,true,
SH31864,2024-08-13,Ho Chi Minh City,Busan,Swift Cargo,Road,443.2,1852,4,4,431.86,true,
SH24369,2024-08-14,Singapore,Shanghai,Meridian Freight,Road,1130.4,427,2,2,312.35,true,
SH25843,2024-08-14,Hamburg,Rotterdam,Meridian Freight,Sea,3723.7,3466,6,7,1165.09,true,
SH26788,2024-08-14,Busan,Ho Chi Minh City,Atlas Air Cargo,Air,263.6,13374,1,2,4423.3,true,
SH26815,2024-08-14,Shanghai,Hamburg,Northstar Logistics,Sea,1016.4,10030,16,17,1153.1,true,
SH28076,2024-08-14,Dubai,Singapore,BlueWave Lines,Sea,2714.1,11285,19,19,3019.72,true,
SH28294,2024-08-14,Ho Chi Minh City,Busan,Northstar Logistics,Road,1165.6,317,3,2,253.93,false,Port congestion
SH28413,2024-08-14,Los Angeles,Rotterdam,Northstar Logistics,Sea,577.9,9683,17,17,552.45,true,
SH28932,2024-08-14,Los Angeles,Singapore,Atlas Air Cargo,Air,298.9,8783,1,2,3438.53,true,
SH29865,2024-08-14,Hamburg,Ho Chi Minh City,Swift Cargo,Rail,1726.7,2237,4,4,1082.98,true,
SH30915,2024-08-14,Hamburg,Shanghai,Atlas Air Cargo,Air,221.9,17092,3,3,4451.68,true,
SH31412,2024-08-14,Busan,Dubai,Atlas Air Cargo,Air,495.1,3623,1,1,1800.69,true,
SH31806,2024-08-14,Shanghai,Hamburg,BlueWave Lines,Sea,2969.8,12920,21,22,3796.87,true,
SH24192,2024-08-15,Rotterdam,Hamburg,Swift Cargo,Sea,1162.8,16879,28,28,1771.93,true,
SH25042,2024-08-15,Singapore,Rotterdam,Atlas Air Cargo,Air,200.5,11850,1,2,2976.94,true,
SH25927,2024-08-15,Dubai,Singapore,Atlas Air Cargo,Air,199.4,13275,2,2,2748.82,true,
SH27469,2024-08-15,Dubai,Singapore,Meridian Freight,Sea,1079.0,16155,27,27,1765.06,true,
SH27879,2024-08-15,Singapore,Busan,Meridian Freight,Rail,1132.8,1357,4,3,432.56,false,Port congestion
SH29283,2024-08-15,Ho Chi Minh City,Rotterdam,Atlas Air Cargo,Air,574.5,11001,2,2,6849.06,true,
SH29349,2024-08-15,Dubai,Shanghai,Northstar Logistics,Sea,847.7,16836,28,28,1635.56,true,
SH29352,2024-08-15,Dubai,Los Angeles,BlueWave Lines,Sea,159.7,6861,12,13,222.73,true,
SH25217,2024-08-16,Rotterdam,Ho Chi Minh City,Atlas Air Cargo,Air,287.8,10924,2,2,3223.27,true,
SH28574,2024-08-16,Los Angeles,Busan,BlueWave Lines,Sea,779.6,5435,10,10,490.06,true,
SH28910,2024-08-16,Rotterdam,Singapore,Meridian Freight,Sea,1230.4,8427,14,15,972.38,true,
SH30644,2024-08-16,Dubai,Singapore,Swift Cargo,Road,403.2,1995,4,4,378.09,true,
SH30755,2024-08-16,Hamburg,Ho Chi Minh City,Meridian Freight,Sea,2154.1,2571,5,6,571.81,true,
SH31169,2024-08-16,Shanghai,Los Angeles,Swift Cargo,Sea,1779.2,5400,9,10,1129.94,true,
SH32089,2024-08-16,Ho Chi Minh City,Dubai,Northstar Logistics,Sea,2109.1,13533,23,23,2309.26,true,
SH24104,2024-08-17,Dubai,Hamburg,Swift Cargo,Sea,1016.3,2326,14,6,318.08,false,Equipment
SH24344,2024-08-17,Dubai,Busan,Meridian Freight,Sea,1867.7,5519,10,10,929.7,true,
SH24779,2024-08-17,Rotterdam,Dubai,Northstar Logistics,Road,1534.8,2152,11,5,1183.18,false,Weather
SH24782,2024-08-17,Hamburg,Busan,Swift Cargo,Sea,2526.7,14666,25,25,3102.12,true,
SH24791,2024-08-17,Rotterdam,Busan,Northstar Logistics,Sea,687.8,5148,10,10,423.17,true,
SH25090,2024-08-17,Singapore,Dubai,Northstar Logistics,Sea,1617.9,13599,22,23,2047.95,true,
SH26354,2024-08-17,Los Angeles,Dubai,Atlas Air Cargo,Air,349.7,11535,2,2,4762.84,true,
SH26447,2024-08-17,Singapore,Hamburg,Northstar Logistics,Sea,789.0,8853,16,16,871.59,true,
SH27703,2024-08-17,Los Angeles,Hamburg,Northstar Logistics,Sea,2182.2,2380,6,6,628.9,true,
SH28804,2024-08-17,Los Angeles,Busan,Northstar Logistics,Sea,500.6,1463,4,4,178.39,true,
SH29018,2024-08-17,Los Angeles,Busan,Swift Cargo,Rail,2296.7,1656,2,3,1114.51,true,
SH29574,2024-08-17,Ho Chi Minh City,Singapore,Meridian Freight,Sea,783.7,13940,22,23,1203.46,true,
SH31139,2024-08-17,Rotterdam,Los Angeles,Meridian Freight,Sea,3980.4,16588,28,28,5758.91,true,
SH24280,2024-08-18,Singapore,Busan,Swift Cargo,Sea,3421.7,4940,10,10,1468.61,true,
SH25331,2024-08-18,Busan,Ho Chi Minh City,Northstar Logistics,Sea,2419.8,16143,28,27,3427.14,false,Port congestion
SH26175,2024-08-18,Los Angeles,Rotterdam,Northstar Logistics,Sea,1257.8,4591,9,9,735.35,true,
SH26203,2024-08-18,Shanghai,Dubai,Atlas Air Cargo,Air,101.3,3932,1,1,611.98,true,
SH26837,2024-08-18,Singapore,Rotterdam,Northstar Logistics,Road,396.8,1116,3,3,291.65,true,
SH26845,2024-08-18,Busan,Los Angeles,Northstar Logistics,Road,914.0,1858,3,4,735.34,true,
SH27919,2024-08-18,Rotterdam,Los Angeles,BlueWave Lines,Sea,2343.6,10704,18,18,2777.97,true,
SH27976,2024-08-18,Ho Chi Minh City,Shanghai,Swift Cargo,Sea,1279.8,13087,21,22,1623.28,true,
SH28105,2024-08-18,Busan,Shanghai,Meridian Freight,Sea,754.5,12423,22,21,1046.49,false,Port congestion
SH29677,2024-08-18,Shanghai,Dubai,Northstar Logistics,Sea,1722.2,6065,11,11,1091.88,true,
SH31012,2024-08-18,Dubai,Busan,BlueWave Lines,Road,2346.2,1608,13,4,1550.09,false,Port congestion
SH31197,2024-08-18,Ho Chi Minh City,Singapore,Atlas Air Cargo,Air,56.0,16615,3,3,1208.16,true,
SH31393,2024-08-18,Dubai,Los Angeles,Northstar Logistics,Road,1963.3,2080,4,4,1767.42,true,
SH31990,2024-08-18,Busan,Dubai,Northstar Logistics,Sea,1291.7,1403,4,4,289.61,true,
SH32093,2024-08-18,Dubai,Ho Chi Minh City,Swift Cargo,Sea,918.8,16981,28,28,1435.27,true,
SH32104,2024-08-18,Shanghai,Dubai,BlueWave Lines,Sea,365.4,13619,23,23,647.18,true,
SH32741,2024-08-18,Dubai,Ho Chi Minh City,BlueWave Lines,Sea,1023.7,11751,20,20,1361.85,true,
SH32777,2024-08-18,Busan,Shanghai,Swift Cargo,Rail,979.6,982,2,2,305.94,true,
SH24441,2024-08-19,Singapore,Dubai,Atlas Air Cargo,Air,351.9,9262,1,2,4145.27,true,
SH24456,2024-08-19,Shanghai,Hamburg,Meridian Freight,Rail,2469.2,917,2,2,683.51,true,
SH24539,2024-08-19,Busan,Ho Chi Minh City,Meridian Freight,Sea,1131.5,7050,13,13,750.36,true,
SH25237,2024-08-19,Los Angeles,Dubai,Atlas Air Cargo,Air,91.4,10105,2,2,1201.06,true,
SH25340,2024-08-19,Singapore,Los Angeles,Atlas Air Cargo,Air,296.0,11940,2,2,4757.35,true,
SH25443,2024-08-19,Los Angeles,Busan,Swift Cargo,Sea,432.7,13284,22,22,656.74,true,
SH26109,2024-08-19,Ho Chi Minh City,Dubai,Meridian Freight,Sea,598.4,13032,26,22,957.62,false,Weather
SH26317,2024-08-19,Dubai,Los Angeles,Meridian Freight,Sea,347.3,12692,22,22,522.89,true,
SH28705,2024-08-19,Hamburg,Shanghai,BlueWave Lines,Road,3729.8,1464,3,3,2228.53,true,
SH28785,2024-08-19,Los Angeles,Dubai,Swift Cargo,Sea,907.7,17376,29,29,1777.94,true,
SH30019,2024-08-19,Hamburg,Ho Chi Minh City,Northstar Logistics,Sea,734.0,2907,10,6,323.45,false,Port congestion
SH30269,2024-08-19,Shanghai,Rotterdam,BlueWave Lines,Sea,595.1,15016,25,25,911.95,true,
SH30335,2024-08-19,Busan,Shanghai,BlueWave Lines,Sea,3098.4,17580,30,29,5581.78,false,Port congestion
SH31788,2024-08-19,Ho Chi Minh City,Shanghai,BlueWave Lines,Sea,459.2,11144,19,19,557.84,true,
SH32005,2024-08-19,Hamburg,Shanghai,Swift Cargo,Sea,1061.1,1885,5,5,328.83,true,
SH32600,2024-08-19,Busan,Ho Chi Minh City,Swift Cargo,Sea,1263.1,1227,4,4,284.31,true,
SH24612,2024-08-20,Los Angeles,Hamburg,Swift Cargo,Sea,1118.4,6257,21,12,852.24,false,Equipment
SH24757,2024-08-20,Los Angeles,Shanghai,Meridian Freight,Rail,1602.3,1638,3,3,792.5,true,
SH25543,2024-08-20,Singapore,Ho Chi Minh City,Meridian Freight,Rail,793.5,641,2,2,224.35,true,
SH28420,2024-08-20,Busan,Shanghai,Meridian Freight,Sea,3759.7,1668,5,5,706.09,true,
SH31599,2024-08-20,Busan,Los Angeles,Atlas Air Cargo,Air,454.9,12285,2,2,5750.26,true,
SH25798,2024-08-21,Singapore,Shanghai,Swift Cargo,Sea,1585.7,4209,11,8,719.17,false,Equipment
SH26083,2024-08-21,Los Angeles,Singapore,Atlas Air Cargo,Air,817.0,5040,2,2,5102.42,true,
SH27159,2024-08-21,Hamburg,Singapore,BlueWave Lines,Sea,1937.2,12468,21,21,2471.58,true,
SH27846,2024-08-21,Singapore,Busan,Atlas Air Cargo,Air,310.2,7020,2,2,2848.53,true,
SH29485,2024-08-21,Hamburg,Rotterdam,Northstar Logistics,Sea,253.0,6781,11,12,274.02,true,
SH30437,2024-08-21,Dubai,Busan,Atlas Air Cargo,Air,653.9,3696,1,1,2607.08,true,
SH30948,2024-08-21,Singapore,Shanghai,Atlas Air Cargo,Air,365.6,5387,1,2,2195.56,true,
SH31075,2024-08-21,Ho Chi Minh City,Singapore,BlueWave Lines,Sea,3356.0,7863,14,14,2548.94,true,
SH31439,2024-08-21,Rotterdam,Ho Chi Minh City,Swift Cargo,Sea,690.3,10702,18,18,916.81,true,
SH31605,2024-08-21,Shanghai,Los Angeles,BlueWave Lines,Sea,5499.1,13007,22,22,7523.41,true,
SH32394,2024-08-21,Los Angeles,Rotterdam,Meridian Freight,Road,1442.4,1328,2,3,708.7,true,
SH24990,2024-08-22,Los Angeles,Busan,Atlas Air Cargo,Air,70.8,12726,1,2,1307.54,true,
SH26338,2024-08-22,Ho Chi Minh City,Shanghai,Meridian Freight,Road,3090.7,1457,2,3,1799.93,true,
SH26564,2024-08-22,Los Angeles,Rotterdam,Northstar Logistics,Sea,1684.0,17973,33,30,2660.59,false,Port congestion
SH27144,2024-08-22,Shanghai,Busan,Northstar Logistics,Sea,2255.2,8289,15,15,1738.23,true,
SH27229,2024-08-22,Ho Chi Minh City,Singapore,BlueWave Lines,Rail,1625.1,261,1,1,224.91,true,
SH30224,2024-08-22,Shanghai,Singapore,Atlas Air Cargo,Air,1326.9,6010,2,2,8448.36,true,
SH31908,2024-08-22,Hamburg,Los Angeles,BlueWave Lines,Sea,1986.1,1659,11,5,470.31,false,Customs
SH24602,2024-08-23,Singapore,Dubai,Swift Cargo,Sea,427.3,11132,19,19,552.66,true,
SH26424,2024-08-23,Singapore,Busan,BlueWave Lines,Sea,606.4,2807,6,6,293.33,true,
SH26939,2024-08-23,Shanghai,Hamburg,BlueWave Lines,Sea,782.3,10022,16,17,842.46,true,
SH28433,2024-08-23,Rotterdam,Los Angeles,Northstar Logistics,Sea,321.3,11858,20,20,494.75,true,
SH28949,2024-08-23,Dubai,Rotterdam,Atlas Air Cargo,Air,44.1,12207,2,2,724.18,true,
SH29432,2024-08-23,Rotterdam,Hamburg,Atlas Air Cargo,Air,136.8,13762,3,3,2355.65,true,
SH29639,2024-08-23,Singapore,Rotterdam,Atlas Air Cargo,Air,360.8,11817,2,2,4804.49,true,
SH30302,2024-08-23,Shanghai,Los Angeles,Swift Cargo,Sea,580.6,10384,18,18,622.15,true,
SH31118,2024-08-23,Los Angeles,Busan,BlueWave Lines,Sea,1695.2,14899,25,25,2753.34,true,
SH31772,2024-08-23,Singapore,Busan,BlueWave Lines,Sea,1567.0,6341,14,12,1104.43,false,Equipment
SH32134,2024-08-23,Rotterdam,Ho Chi Minh City,BlueWave Lines,Sea,332.2,12689,22,22,465.54,true,
SH32255,2024-08-23,Singapore,Busan,Meridian Freight,Rail,1920.3,2276,4,4,958.25,true,
SH32557,2024-08-23,Singapore,Shanghai,Atlas Air Cargo,Air,221.1,11110,2,2,3189.88,true,
SH32599,2024-08-23,Shanghai,Los Angeles,Swift Cargo,Rail,535.5,1714,2,3,330.56,true,
SH24150,2024-08-24,Shanghai,Los Angeles,BlueWave Lines,Sea,3099.5,13744,23,23,4080.77,true,
SH25523,2024-08-24,Dubai,Hamburg,Northstar Logistics,Sea,5110.9,12421,21,21,6308.59,true,
SH25554,2024-08-24,Los Angeles,Shanghai,Northstar Logistics,Sea,1348.6,17656,28,29,2551.97,true,
SH28641,2024-08-24,Rotterdam,Ho Chi Minh City,Atlas Air Cargo,Air,156.2,13040,2,2,2532.35,true,
SH29133,2024-08-24,Hamburg,Rotterdam,Swift Cargo,Road,1868.5,1278,3,3,1072.53,true,
SH30047,2024-08-24,Shanghai,Singapore,Swift Cargo,Rail,607.1,187,1,1,147.46,true,
SH32902,2024-08-24,Los Angeles,Busan,Swift Cargo,Road,1946.7,1620,4,4,1271.91,true,
SH24829,2024-08-25,Busan,Rotterdam,BlueWave Lines,Sea,2010.0,6371,12,12,1365.27,true,
SH25731,2024-08-25,Rotterdam,Busan,Northstar Logistics,Road,633.9,604,4,2,249.6,false,Documentation
SH26037,2024-08-25,Shanghai,Hamburg,BlueWave Lines,Sea,2836.6,10610,17,18,3189.84,true,
SH26126,2024-08-25,Dubai,Singapore,Atlas Air Cargo,Air,86.5,10277,2,2,1267.59,true,
SH26849,2024-08-25,Rotterdam,Los Angeles,Northstar Logistics,Sea,1985.2,7488,14,14,1305.05,true,
SH27096,2024-08-25,Dubai,Shanghai,BlueWave Lines,Sea,490.9,7502,13,14,492.65,true,
SH27318,2024-08-25,Hamburg,Shanghai,BlueWave Lines,Sea,2876.4,6069,11,11,1975.62,true,
SH27766,2024-08-25,Los Angeles,Shanghai,Atlas Air Cargo,Air,488.8,12437,1,2,7636.0,true,
SH29492,2024-08-25,Ho Chi Minh City,Los Angeles,Meridian Freight,Sea,515.8,12559,21,21,726.39,true,
SH29504,2024-08-25,Shanghai,Los Angeles,Swift Cargo,Sea,674.1,6787,12,12,485.96,true,
SH29618,2024-08-25,Singapore,Los Angeles,Swift Cargo,Sea,301.1,7667,14,14,306.86,true,
SH30249,2024-08-25,Dubai,Singapore,Northstar Logistics,Sea,1090.2,962,2,3,229.07,true,
SH31565,2024-08-25,Singapore,Dubai,Meridian Freight,Sea,566.2,16987,28,28,911.35,true,
SH32412,2024-08-25,Hamburg,Singapore,Meridian Freight,Sea,648.0,12228,21,21,839.41,true,
SH32815,2024-08-25,Hamburg,Rotterdam,Atlas Air Cargo,Air,330.1,4986,2,2,1973.93,true,
SH24009,2024-08-26,Hamburg,Rotterdam,Atlas Air Cargo,Air,239.9,14474,2,3,4197.84,true,
SH25338,2024-08-26,Shanghai,Dubai,Atlas Air Cargo,Air,171.2,7691,1,2,1827.39,true,
SH25616,2024-08-26,Dubai,Los Angeles,Northstar Logistics,Sea,1423.1,13870,22,23,2200.49,true,
SH26108,2024-08-26,Rotterdam,Ho Chi Minh City,Swift Cargo,Rail,934.3,395,1,1,193.85,true,
SH27177,2024-08-26,Shanghai,Rotterdam,Atlas Air Cargo,Air,83.4,2900,7,1,433.02,false,Weather
SH27635,2024-08-26,Singapore,Shanghai,BlueWave Lines,Sea,1218.3,4257,8,9,664.15,true,
SH27801,2024-08-26,Rotterdam,Shanghai,Swift Cargo,Sea,3070.8,10707,18,18,3405.07,true,
SH28204,2024-08-26,Rotterdam,Singapore,BlueWave Lines,Rail,718.2,1454,3,3,365.61,true,
SH28531,2024-08-26,Rotterdam,Busan,BlueWave Lines,Road,2764.6,1509,3,4,1524.2,true,
SH29044,2024-08-26,Shanghai,Busan,BlueWave Lines,Sea,2828.2,10478,18,18,2647.21,true,
SH30834,2024-08-26,Dubai,Hamburg,Meridian Freight,Road,644.3,1966,3,4,560.54,true,
SH31014,2024-08-26,Busan,Singapore,BlueWave Lines,Sea,530.0,12911,22,22,810.98,true,
SH31585,2024-08-26,Shanghai,Los Angeles,Meridian Freight,Sea,879.2,4066,8,8,496.68,true,
SH31594,2024-08-26,Hamburg,Los Angeles,Northstar Logistics,Sea,2053.8,3999,8,8,881.72,true,
SH31665,2024-08-26,Singapore,Busan,Meridian Freight,Sea,1368.6,5762,11,11,728.73,true,Equipment
SH31822,2024-08-26,Dubai,Ho Chi Minh City,Meridian Freight,Road,1854.2,1166,3,3,875.29,true,
SH32467,2024-08-26,Ho Chi Minh City,Los Angeles,Atlas Air Cargo,Air,735.1,11500,1,2,11015.91,true,
SH25139,2024-08-27,Dubai,Busan,Atlas Air Cargo,Air,411.3,16125,2,3,6808.64,true,
SH26728,2024-08-27,Hamburg,Busan,Meridian Freight,Road,854.0,752,2,2,333.7,true,
SH27240,2024-08-27,Singapore,Hamburg,Swift Cargo,Sea,1084.5,17879,30,30,1747.26,true,
SH28001,2024-08-27,Rotterdam,Busan,Swift Cargo,Sea,124.3,10115,18,18,228.95,true,
SH28310,2024-08-27,Singapore,Busan,Atlas Air Cargo,Air,742.4,12260,2,2,11334.55,true,
SH29038,2024-08-27,Ho Chi Minh City,Shanghai,Swift Cargo,Sea,498.5,2573,6,6,236.69,true,
SH29201,2024-08-27,Shanghai,Ho Chi Minh City,BlueWave Lines,Rail,679.8,2373,3,4,451.27,true,
SH29304,2024-08-27,Rotterdam,Los Angeles,Swift Cargo,Sea,668.8,9720,16,17,750.19,true,
SH29601,2024-08-27,Singapore,Ho Chi Minh City,BlueWave Lines,Sea,1482.2,15168,25,25,2276.68,true,
SH30024,2024-08-27,Ho Chi Minh City,Busan,Swift Cargo,Road,4334.0,1329,5,3,2139.25,false,Customs
SH30866,2024-08-27,Busan,Los Angeles,Swift Cargo,Sea,5865.0,978,3,4,696.19,true,
SH30875,2024-08-27,Ho Chi Minh City,Dubai,Meridian Freight,Rail,342.4,660,2,2,166.77,true,
SH31313,2024-08-27,Los Angeles,Busan,Swift Cargo,Sea,348.1,6590,12,12,327.0,true,
SH31569,2024-08-27,Busan,Ho Chi Minh City,Meridian Freight,Sea,1877.7,3317,6,7,792.36,true,
SH24184,2024-08-28,Los Angeles,Ho Chi Minh City,Atlas Air Cargo,Air,355.2,13619,3,3,5949.79,true,
SH24497,2024-08-28,Shanghai,Ho Chi Minh City,Atlas Air Cargo,Air,476.1,2989,1,1,1771.69,true,
SH26932,2024-08-28,Shanghai,Hamburg,Atlas Air Cargo,Air,339.1,3213,1,1,1341.18,true,
SH27107,2024-08-28,Dubai,Los Angeles,BlueWave Lines,Road,902.6,1819,4,4,648.06,true,
SH27394,2024-08-28,Dubai,Hamburg,Northstar Logistics,Sea,786.7,16437,29,27,1497.36,false,Port congestion
SH27409,2024-08-28,Shanghai,Rotterdam,BlueWave Lines,Road,1111.8,436,2,2,317.37,true,
SH28298,2024-08-28,Los Angeles,Busan,Atlas Air Cargo,Air,218.0,10070,1,2,2324.8,true,
SH28344,2024-08-28,Singapore,Rotterdam,BlueWave Lines,Sea,451.3,958,3,3,161.85,true,
SH29342,2024-08-28,Ho Chi Minh City,Singapore,BlueWave Lines,Sea,2239.2,14721,25,25,3418.79,true,
SH29382,2024-08-28,Ho Chi Minh City,Los Angeles,BlueWave Lines,Sea,948.7,8819,16,16,990.22,true,
SH31479,2024-08-28,Busan,Shanghai,Northstar Logistics,Sea,307.5,9193,16,16,413.6,true,
SH32403,2024-08-28,Rotterdam,Dubai,Atlas Air Cargo,Air,179.1,16306,2,3,3255.95,true,
SH24073,2024-08-29,Ho Chi Minh City,Rotterdam,BlueWave Lines,Sea,2533.0,2791,6,6,760.43,true,
SH24191,2024-08-29,Dubai,Busan,Atlas Air Cargo,Air,195.3,16344,3,3,3462.79,true,
SH25119,2024-08-29,Singapore,Dubai,Northstar Logistics,Sea,724.7,5283,10,10,524.29,true,
SH25943,2024-08-29,Singapore,Shanghai,Meridian Freight,Sea,1309.7,4425,8,9,707.97,true,
SH25989,2024-08-29,Ho Chi Minh City,Hamburg,Meridian Freight,Sea,3079.4,8365,15,15,2597.96,true,
SH26757,2024-08-29,Los Angeles,Shanghai,Meridian Freight,Sea,3857.2,10253,18,18,3932.22,true,
SH27018,2024-08-29,Hamburg,Rotterdam,Atlas Air Cargo,Air,664.1,2626,1,1,1934.69,true,
SH27325,2024-08-29,Hamburg,Los Angeles,BlueWave Lines,Sea,1017.2,12656,20,21,1408.98,true,
SH29614,2024-08-29,Singapore,Rotterdam,BlueWave Lines,Road,2735.4,1045,3,3,1144.56,true,
SH29617,2024-08-29,Ho Chi Minh City,Dubai,Meridian Freight,Sea,762.3,14439,24,24,1027.03,true,
SH29725,2024-08-29,Los Angeles,Hamburg,Swift Cargo,Road,1388.8,2316,5,5,1394.0,true,
SH30697,2024-08-29,Los Angeles,Shanghai,Atlas Air Cargo,Air,430.4,10559,2,2,5228.74,true,
SH30849,2024-08-29,Los Angeles,Hamburg,Atlas Air Cargo,Air,101.2,14620,3,3,1669.53,true,
SH31224,2024-08-29,Ho Chi Minh City,Hamburg,Atlas Air Cargo,Air,333.6,16318,3,3,6881.26,true,
SH31254,2024-08-29,Rotterdam,Dubai,Meridian Freight,Rail,868.4,1969,2,3,455.02,true,
SH31637,2024-08-29,Hamburg,Ho Chi Minh City,Meridian Freight,Sea,1294.5,11399,20,20,1355.13,true,
SH31650,2024-08-29,Dubai,Busan,Swift Cargo,Sea,8277.0,15645,32,26,13998.95,false,Port congestion
SH31877,2024-08-29,Los Angeles,Busan,Swift Cargo,Sea,1510.2,879,5,3,248.53,false,Port congestion
SH28289,2024-08-30,Rotterdam,Ho Chi Minh City,Atlas Air Cargo,Air,876.3,13183,1,2,11170.33,true,
SH28748,2024-08-30,Dubai,Shanghai,Swift Cargo,Rail,1512.7,1701,6,3,761.34,false,Weather
SH30691,2024-08-30,Rotterdam,Los Angeles,Swift Cargo,Sea,1241.9,16081,27,27,2174.96,true,
SH30758,2024-08-30,Los Angeles,Rotterdam,BlueWave Lines,Sea,901.5,11696,19,20,988.43,true,
SH31382,2024-08-30,Hamburg,Rotterdam,Northstar Logistics,Road,648.7,576,2,2,252.88,true,
SH31531,2024-08-30,Rotterdam,Singapore,Swift Cargo,Sea,539.8,7797,14,14,481.09,true,
SH32043,2024-08-30,Singapore,Rotterdam,Swift Cargo,Sea,1196.4,13046,28,22,1455.38,false,Weather
SH32390,2024-08-30,Ho Chi Minh City,Los Angeles,Swift Cargo,Rail,1321.0,2420,4,4,782.9,true,
SH24834,2024-08-31,Ho Chi Minh City,Dubai,Swift Cargo,Sea,2752.2,2638,6,6,899.24,true,
SH27714,2024-08-31,Hamburg,Singapore,BlueWave Lines,Rail,913.8,2322,3,4,622.73,true,
SH27800,2024-08-31,Singapore,Dubai,BlueWave Lines,Sea,4283.1,14623,24,24,5193.68,true,
SH28329,2024-08-31,Ho Chi Minh City,Busan,Northstar Logistics,Sea,2623.8,11391,20,20,2931.72,true,
SH28692,2024-08-31,Ho Chi Minh City,Singapore,Atlas Air Cargo,Air,995.8,5712,2,2,6211.93,true,
SH30244,2024-08-31,Ho Chi Minh City,Los Angeles,Meridian Freight,Sea,13680.2,16411,26,27,18368.11,true,
SH30278,2024-08-31,Ho Chi Minh City,Dubai,Atlas Air Cargo,Air,230.6,5983,2,2,1454.9,true,
SH30458,2024-08-31,Dubai,Shanghai,Swift Cargo,Sea,328.4,6480,11,12,343.53,true,
SH30729,2024-08-31,Ho Chi Minh City,Singapore,Swift Cargo,Sea,1464.9,17652,29,29,2812.83,true,
SH31215,2024-08-31,Ho Chi Minh City,Dubai,BlueWave Lines,Sea,1365.5,10822,19,19,1642.42,true,
SH31496,2024-08-31,Los Angeles,Ho Chi Minh City,Meridian Freight,Sea,742.3,9966,16,17,694.69,true,
SH32157,2024-08-31,Dubai,Singapore,Meridian Freight,Rail,1262.9,1282,3,3,427.28,true,
SH32276,2024-08-31,Hamburg,Los Angeles,Northstar Logistics,Sea,3406.0,9314,16,16,2654.96,true,
SH25599,2024-09-01,Singapore,Busan,Atlas Air Cargo,Air,127.0,1689,1,1,332.37,true,
SH28020,2024-09-01,Busan,Rotterdam,Atlas Air Cargo,Air,206.0,17669,3,3,4857.98,true,
SH29802,2024-09-01,Ho Chi Minh City,Busan,Northstar Logistics,Sea,804.4,8249,14,15,642.56,true,
SH30172,2024-09-01,Busan,Rotterdam,Atlas Air Cargo,Air,816.7,6629,1,2,5631.25,true,
SH30973,2024-09-01,Hamburg,Singapore,BlueWave Lines,Road,1461.0,1042,3,3,692.1,true,
SH31034,2024-09-01,Ho Chi Minh City,Busan,Meridian Freight,Road,1994.2,391,2,2,371.26,true,
SH31145,2024-09-01,Rotterdam,Singapore,Meridian Freight,Sea,760.2,12957,22,22,977.26,true,
SH32286,2024-09-01,Ho Chi Minh City,Busan,Swift Cargo,Sea,1355.0,16292,28,27,2225.62,false,Port congestion
SH32703,2024-09-01,Los Angeles,Singapore,Swift Cargo,Sea,1378.3,8137,15,15,1051.87,true,
SH25043,2024-09-02,Busan,Dubai,Meridian Freight,Sea,376.2,11117,19,19,462.48,true,
SH25281,2024-09-02,Singapore,Hamburg,BlueWave Lines,Sea,848.3,6719,12,12,661.99,true,
SH27013,2024-09-02,Shanghai,Busan,Atlas Air Cargo,Air,179.9,8352,2,2,1716.36,true,
SH27917,2024-09-02,Rotterdam,Singapore,Atlas Air Cargo,Air,99.5,9434,1,2,1086.53,true,
SH28187,2024-09-02,Ho Chi Minh City,Dubai,Swift Cargo,Sea,1109.0,4025,7,8,519.28,true,
SH28560,2024-09-02,Ho Chi Minh City,Los Angeles,Swift Cargo,Sea,4474.7,7316,12,13,3428.19,true,
SH28561,2024-09-02,Singapore,Ho Chi Minh City,Meridian Freight,Road,2274.6,930,3,3,988.62,true,
SH32859,2024-09-02,Hamburg,Los Angeles,BlueWave Lines,Rail,2004.2,2482,4,4,1166.29,true,
SH32870,2024-09-02,Ho Chi Minh City,Rotterdam,Atlas Air Cargo,Air,186.9,7517,2,2,1859.86,true,
SH24269,2024-09-03,Hamburg,Los Angeles,Atlas Air Cargo,Air,115.2,12191,1,2,1441.21,true,
SH25201,2024-09-03,Ho Chi Minh City,Rotterdam,Swift Cargo,Sea,532.3,3683,8,8,311.54,true,
SH25812,2024-09-03,Rotterdam,Busan,BlueWave Lines,Road,162.3,373,2,2,139.18,true,
SH27074,2024-09-03,Busan,Rotterdam,Northstar Logistics,Sea,293.1,16649,28,28,552.31,true,
SH27579,2024-09-03,Rotterdam,Hamburg,Atlas Air Cargo,Air,144.3,8106,1,2,1661.29,true,
SH28338,2024-09-03,Rotterdam,Ho Chi Minh City,Meridian Freight,Sea,1315.5,16278,28,27,1779.71,false,Port congestion
SH28696,2024-09-03,Shanghai,Dubai,Meridian Freight,Sea,2932.4,14967,25,25,4379.24,true,
SH29078,2024-09-03,Shanghai,Hamburg,Northstar Logistics,Sea,441.7,2877,6,6,245.69,true,
SH32003,2024-09-03,Hamburg,Busan,Northstar Logistics,Rail,661.4,1248,3,3,302.44,true,
SH24873,2024-09-04,Singapore,Shanghai,Swift Cargo,Sea,1061.8,12349,21,21,1272.67,true,
SH25388,2024-09-04,Ho Chi Minh City,Los Angeles,BlueWave Lines,Road,1910.4,836,2,2,789.05,true,
SH25480,2024-09-04,Los Angeles,Dubai,Northstar Logistics,Road,995.1,2186,13,5,940.56,false,Port congestion
SH25881,2024-09-04,Busan,Shanghai,Swift Cargo,Sea,8954.4,5669,10,11,4074.36,true,
SH26927,2024-09-04,Los Angeles,Rotterdam,Northstar Logistics,Sea,989.4,1668,4,5,261.41,true,
SH27127,2024-09-04,Shanghai,Dubai,BlueWave Lines,Sea,529.0,7860,13,14,534.89,true,
SH27672,2024-09-04,Shanghai,Dubai,Atlas Air Cargo,Air,241.2,9496,1,2,2648.61,true,
SH28922,2024-09-04,Hamburg,Los Angeles,Atlas Air Cargo,Air,93.0,2610,1,1,349.38,true,
SH29375,2024-09-04,Dubai,Hamburg,Northstar Logistics,Road,2207.2,2153,4,5,1751.49,true,
SH29735,2024-09-04,Shanghai,Singapore,BlueWave Lines,Sea,5101.2,10294,17,18,4360.19,true,
SH29765,2024-09-04,Singapore,Dubai,Northstar Logistics,Sea,351.0,4312,9,9,274.67,true,
SH29819,2024-09-04,Dubai,Busan,Northstar Logistics,Sea,1475.8,17973,29,30,2183.26,true,
SH31262,2024-09-04,Dubai,Hamburg,Atlas Air Cargo,Air,115.1,3035,1,1,526.84,true,
SH31434,2024-09-04,Shanghai,Hamburg,Swift Cargo,Road,1055.2,505,2,2,308.95,true,
SH31969,2024-09-04,Rotterdam,Shanghai,Atlas Air Cargo,Air,609.6,1943,1,1,1356.16,true,
SH32050,2024-09-04,Los Angeles,Ho Chi Minh City,BlueWave Lines,Sea,294.6,2857,6,6,202.12,true,
SH32715,2024-09-04,Busan,Shanghai,Atlas Air Cargo,Air,157.3,9095,1,2,1464.75,true,
SH32946,2024-09-04,Busan,Hamburg,Atlas Air Cargo,Air,658.9,4221,1,1,3550.86,true,
SH24761,2024-09-05,Ho Chi Minh City,Busan,Atlas Air Cargo,Air,136.0,12978,2,2,2240.71,true,
SH24796,2024-09-05,Dubai,Hamburg,Northstar Logistics,Rail,2097.0,1733,3,3,831.05,true,
SH25054,2024-09-05,Shanghai,Rotterdam,Atlas Air Cargo,Air,39.6,6256,3,2,433.82,false,Equipment
SH25628,2024-09-05,Shanghai,Ho Chi Minh City,BlueWave Lines,Sea,389.7,13933,22,23,588.83,true,
SH27139,2024-09-05,Rotterdam,Singapore,Northstar Logistics,Sea,1918.0,10819,18,19,2189.9,true,
SH27422,2024-09-05,Hamburg,Busan,BlueWave Lines,Sea,606.1,6861,13,13,452.77,true,
SH28059,2024-09-05,Busan,Dubai,BlueWave Lines,Sea,1081.0,4635,9,9,599.22,true,
SH29524,2024-09-05,Hamburg,Rotterdam,BlueWave Lines,Road,1768.3,887,2,2,712.21,true,
SH29935,2024-09-05,Los Angeles,Ho Chi Minh City,Swift Cargo,Sea,588.0,3450,6,7,297.92,true,
SH30682,2024-09-05,Rotterdam,Dubai,Atlas Air Cargo,Air,345.7,4033,1,1,1774.58,true,
SH31901,2024-09-05,Rotterdam,Dubai,Meridian Freight,Sea,569.3,11050,18,19,769.81,true,
SH24120,2024-09-06,Ho Chi Minh City,Singapore,Northstar Logistics,Sea,884.7,7875,15,14,808.99,false,Weather
SH24153,2024-09-06,Singapore,Busan,Atlas Air Cargo,Air,63.4,12039,1,2,940.33,true,
SH24176,2024-09-06,Rotterdam,Singapore,BlueWave Lines,Sea,6993.4,6859,12,13,4664.41,true,
SH24972,2024-09-06,Busan,Los Angeles,Swift Cargo,Sea,1422.9,11967,20,20,1688.98,true,
SH25267,2024-09-06,Busan,Singapore,BlueWave Lines,Rail,1982.5,1570,3,3,939.49,true,
SH26839,2024-09-06,Ho Chi Minh City,Dubai,Meridian Freight,Sea,1174.4,10002,17,17,1284.33,true,
SH28480,2024-09-06,Rotterdam,Hamburg,BlueWave Lines,Road,1108.1,283,1,1,234.97,true,
SH28738,2024-09-06,Hamburg,Busan,Atlas Air Cargo,Air,242.3,13155,2,2,3978.18,true,
SH30167,2024-09-06,Singapore,Shanghai,Swift Cargo,Sea,1204.0,1414,6,4,280.4,false,Customs
SH31522,2024-09-06,Singapore,Hamburg,Swift Cargo,Sea,2794.8,17906,30,30,4391.99,true,
SH31560,2024-09-06,Dubai,Shanghai,Northstar Logistics,Sea,1377.1,1813,5,5,334.55,true,Weather
SH32068,2024-09-06,Hamburg,Shanghai,Northstar Logistics,Sea,2015.5,12816,21,22,2146.71,true,
SH32162,2024-09-06,Hamburg,Shanghai,Swift Cargo,Sea,1602.8,2198,5,5,450.86,true,
SH26238,2024-09-07,Shanghai,Rotterdam,Swift Cargo,Rail,2872.5,877,5,2,608.76,false,Documentation
SH27370,2024-09-07,Rotterdam,Ho Chi Minh City,Atlas Air Cargo,Air,149.5,6621,2,2,1113.4,true,
SH27428,2024-09-07,Singapore,Shanghai,Atlas Air Cargo,Air,121.7,1203,1,1,273.73,true,
SH27468,2024-09-07,Ho Chi Minh City,Shanghai,Atlas Air Cargo,Air,414.7,17774,3,3,7497.46,true,
SH27829,2024-09-07,Rotterdam,Los Angeles,Northstar Logistics,Sea,864.6,3855,7,8,417.01,true,
SH28306,2024-09-07,Dubai,Singapore,Swift Cargo,Sea,1454.8,2108,5,5,408.15,true,
SH28399,2024-09-07,Singapore,Dubai,Swift Cargo,Sea,1786.7,1564,4,4,344.66,true,
SH28962,2024-09-07,Rotterdam,Dubai,Atlas Air Cargo,Air,704.2,5629,1,2,3996.4,true,
SH29257,2024-09-07,Ho Chi Minh City,Busan,Atlas Air Cargo,Air,443.7,6366,2,2,3239.29,true,
SH29949,2024-09-07,Busan,Hamburg,BlueWave Lines,Sea,1595.8,2719,6,6,573.42,true,
SH31476,2024-09-07,Hamburg,Singapore,Swift Cargo,Sea,1399.7,3619,7,8,538.04,true,
SH32015,2024-09-07,Rotterdam,Shanghai,Meridian Freight,Road,1436.0,260,4,1,265.08,false,Customs
SH32207,2024-09-07,Ho Chi Minh City,Los Angeles,Meridian Freight,Sea,494.6,16826,27,28,1003.46,true,
SH26056,2024-09-08,Dubai,Hamburg,Atlas Air Cargo,Air,1059.2,8866,2,2,10236.99,true,
SH29333,2024-09-08,Dubai,Ho Chi Minh City,BlueWave Lines,Sea,6056.7,7996,13,14,4701.43,true,
SH32063,2024-09-08,Hamburg,Dubai,Swift Cargo,Sea,1862.8,2822,5,6,590.05,true,
SH24630,2024-09-09,Hamburg,Singapore,Swift Cargo,Rail,2015.1,2136,3,4,1192.6,true,
SH24841,2024-09-09,Rotterdam,Busan,Northstar Logistics,Sea,849.5,17291,35,29,1472.59,false,Customs
SH24874,2024-09-09,Hamburg,Rotterdam,Swift Cargo,Rail,5587.7,293,1,1,508.75,true,
SH26909,2024-09-09,Ho Chi Minh City,Busan,Atlas Air Cargo,Air,213.6,16463,2,3,4422.94,true,
SH27083,2024-09-09,Singapore,Dubai,BlueWave Lines,Sea,1540.9,10173,20,18,1503.62,false,Documentation
SH27707,2024-09-09,Busan,Shanghai,Northstar Logistics,Sea,428.9,999,6,4,161.92,false,Customs
SH28797,2024-09-09,Busan,Dubai,Meridian Freight,Road,2125.2,1071,3,3,925.22,true,
SH29301,2024-09-09,Dubai,Los Angeles,Meridian Freight,Road,2975.9,1707,4,4,2088.78,true,
SH29537,2024-09-09,Ho Chi Minh City,Busan,Meridian Freight,Sea,1220.4,1323,4,4,251.45,true,
SH30509,2024-09-09,Singapore,Busan,Northstar Logistics,Sea,333.6,15278,25,26,601.39,true,
SH31472,2024-09-09,Singapore,Ho Chi Minh City,BlueWave Lines,Road,425.7,812,2,2,259.58,true,
SH32046,2024-09-09,Singapore,Rotterdam,Atlas Air Cargo,Air,1856.1,3565,1,1,8649.1,true,
SH32284,2024-09-09,Dubai,Los Angeles,Northstar Logistics,Sea,1221.5,11194,18,19,1459.03,true,
SH24213,2024-09-10,Dubai,Busan,Northstar Logistics,Sea,652.3,16441,32,27,1150.33,false,Customs
SH26209,2024-09-10,Rotterdam,Hamburg,Swift Cargo,Sea,850.5,5381,9,10,555.97,true,
SH27533,2024-09-10,Dubai,Ho Chi Minh City,Atlas Air Cargo,Air,336.8,12261,1,2,4773.54,true,
SH27544,2024-09-10,Singapore,Hamburg,Atlas Air Cargo,Air,463.0,13837,3,3,7110.88,true,
SH28623,2024-09-10,Dubai,Hamburg,Swift Cargo,Sea,783.7,1322,3,4,223.95,true,
SH29231,2024-09-10,Singapore,Rotterdam,BlueWave Lines,Road,736.9,1848,4,4,641.66,true,
SH29457,2024-09-10,Dubai,Los Angeles,BlueWave Lines,Sea,729.3,13832,23,23,954.33,true,
SH29891,2024-09-10,Ho Chi Minh City,Rotterdam,Northstar Logistics,Sea,10659.1,11575,20,20,10264.78,true,
SH30245,2024-09-10,Dubai,Ho Chi Minh City,BlueWave Lines,Road,3299.9,793,1,2,1089.2,true,
SH30741,2024-09-10,Singapore,Ho Chi Minh City,BlueWave Lines,Sea,171.4,12846,22,22,288.73,true,
SH31114,2024-09-10,Shanghai,Los Angeles,BlueWave Lines,Sea,811.2,14301,24,24,1290.85,true,
SH31363,2024-09-10,Dubai,Singapore,Northstar Logistics,Sea,875.7,17762,29,29,1602.02,true,
SH31849,2024-09-10,Shanghai,Hamburg,Meridian Freight,Sea,1342.6,7181,12,13,1109.3,true,
SH32283,2024-09-10,Hamburg,Busan,BlueWave Lines,Road,319.2,1573,4,4,284.12,true,
SH25977,2024-09-11,Singapore,Shanghai,Northstar Logistics,Road,1847.2,634,1,2,579.37,true,
SH25997,2024-09-11,Ho Chi Minh City,Los Angeles,Northstar Logistics,Sea,422.1,9584,17,17,505.95,true,
SH26649,2024-09-11,Rotterdam,Busan,Swift Cargo,Rail,2057.4,764,8,2,420.17,false,Weather
SH27138,2024-09-11,Busan,Dubai,Atlas Air Cargo,Air,363.9,7972,2,2,3138.3,true,
SH27661,2024-09-11,Rotterdam,Los Angeles,Atlas Air Cargo,Air,663.2,11518,2,2,8358.75,true,
SH29575,2024-09-11,Hamburg,Los Angeles,BlueWave Lines,Sea,613.3,2363,6,6,256.63,true,
SH29813,2024-09-11,Hamburg,Dubai,BlueWave Lines,Sea,1113.3,6082,10,11,667.99,true,
SH31131,2024-09-11,Shanghai,Hamburg,Swift Cargo,Road,2117.8,389,2,2,389.53,true,
SH31654,2024-09-11,Busan,Ho Chi Minh City,Swift Cargo,Sea,1678.2,17906,29,30,2768.68,true,
SH24110,2024-09-12,Ho Chi Minh City,Shanghai,BlueWave Lines,Sea,588.4,9201,16,16,617.06,true,
SH24227,2024-09-12,Ho Chi Minh City,Los Angeles,Northstar Logistics,Road,6696.0,1615,4,4,3665.15,true,
SH24527,2024-09-12,Shanghai,Ho Chi Minh City,Northstar Logistics,Sea,1180.7,5026,10,10,681.49,true,
SH24654,2024-09-12,Busan,Singapore,Meridian Freight,Sea,616.2,16947,27,28,1010.32,true,
SH24939,2024-09-12,Rotterdam,Singapore,Swift Cargo,Road,1600.3,1821,3,4,1311.64,true,
SH25467,2024-09-12,Shanghai,Los Angeles,Swift Cargo,Rail,639.7,605,2,2,206.0,true,
SH25882,2024-09-12,Singapore,Ho Chi Minh City,Northstar Logistics,Sea,455.2,7882,14,14,442.23,true,
SH26225,2024-09-12,Dubai,Ho Chi Minh City,Northstar Logistics,Sea,1469.7,17687,29,29,2289.63,true,
SH26515,2024-09-12,Rotterdam,Los Angeles,Swift Cargo,Sea,1061.3,2181,5,5,333.48,true,
SH27303,2024-09-12,Singapore,Dubai,Northstar Logistics,Sea,311.8,5237,10,10,245.96,true,
SH27481,2024-09-12,Busan,Los Angeles,Meridian Freight,Sea,916.6,15436,30,26,1603.72,false,Port congestion
SH27613,2024-09-12,Dubai,Ho Chi Minh City,Swift Cargo,Sea,586.1,10812,19,19,746.96,true,
SH28602,2024-09-12,Hamburg,Busan,Meridian Freight,Road,368.2,1774,4,4,348.52,true,
SH31144,2024-09-12,Hamburg,Los Angeles,Meridian Freight,Rail,2800.0,194,1,1,226.54,true,
SH32745,2024-09-12,Los Angeles,Shanghai,Meridian Freight,Sea,1809.9,16027,30,27,3142.79,false,Port congestion
SH24408,2024-09-13,Shanghai,Hamburg,Swift Cargo,Sea,553.2,3644,8,8,309.24,true,
SH24663,2024-09-13,Hamburg,Busan,Atlas Air Cargo,Air,59.1,6476,1,2,582.02,true,
SH25298,2024-09-13,Busan,Dubai,Meridian Freight,Rail,978.4,224,1,1,163.63,true,
SH26000,2024-09-13,Busan,Rotterdam,Swift Cargo,Road,909.6,478,1,2,300.01,true,
SH26337,2024-09-13,Shanghai,Busan,Atlas Air Cargo,Air,108.8,9338,2,2,1439.81,true,
SH27573,2024-09-13,Busan,Hamburg,Northstar Logistics,Road,1682.9,2111,9,5,1190.22,false,Weather
SH28308,2024-09-13,Ho Chi Minh City,Hamburg,Meridian Freight,Sea,1487.7,3646,8,8,666.71,true,
SH28416,2024-09-13,Singapore,Rotterdam,BlueWave Lines,Rail,1435.6,1375,3,3,624.76,true,
SH28514,2024-09-13,Hamburg,Los Angeles,Swift Cargo,Sea,1266.6,14688,25,25,1640.36,true,
SH32331,2024-09-13,Rotterdam,Los Angeles,Northstar Logistics,Sea,219.1,15065,25,25,430.16,true,
SH32593,2024-09-13,Busan,Dubai,BlueWave Lines,Sea,1763.7,12813,22,22,1897.29,true,
SH24102,2024-09-14,Shanghai,Rotterdam,Northstar Logistics,Sea,1665.6,13643,23,23,2135.73,true,
SH24377,2024-09-14,Rotterdam,Singapore,BlueWave Lines,Sea,296.4,16169,27,27,535.84,true,
SH25786,2024-09-14,Ho Chi Minh City,Hamburg,Atlas Air Cargo,Air,213.0,13151,2,2,3814.16,true,
SH28473,2024-09-14,Busan,Rotterdam,Northstar Logistics,Sea,1280.0,4342,9,9,632.46,true,
SH31241,2024-09-14,Singapore,Busan,Atlas Air Cargo,Air,193.5,7169,1,2,1892.43,true,
SH31597,2024-09-14,Hamburg,Busan,Meridian Freight,Road,1540.4,889,1,2,599.39,true,
SH32036,2024-09-14,Hamburg,Singapore,Meridian Freight,Road,1073.7,2072,4,4,1049.99,true,
SH32569,2024-09-14,Hamburg,Ho Chi Minh City,Swift Cargo,Rail,6204.2,441,1,2,656.24,true,
SH32595,2024-09-14,Busan,Los Angeles,BlueWave Lines,Sea,883.3,10720,21,18,1055.4,false,Equipment
SH24000,2024-09-15,Los Angeles,Singapore,Meridian Freight,Sea,1679.7,4570,8,9,909.24,true,
SH24563,2024-09-15,Los Angeles,Dubai,BlueWave Lines,Rail,6852.5,2143,10,4,3737.67,false,Weather
SH28969,2024-09-15,Busan,Hamburg,Northstar Logistics,Road,1739.5,1002,3,3,667.87,true,
SH29680,2024-09-15,Singapore,Ho Chi Minh City,Northstar Logistics,Sea,3254.3,10964,19,19,3450.92,true,
SH29922,2024-09-15,Shanghai,Los Angeles,Meridian Freight,Sea,809.8,16813,28,28,1309.36,true,
SH30084,2024-09-15,Singapore,Hamburg,Northstar Logistics,Sea,1694.1,1026,6,4,296.0,false,Port congestion
SH30181,2024-09-15,Dubai,Rotterdam,Swift Cargo,Sea,2407.9,13302,22,22,3295.84,true,
SH30823,2024-09-15,Los Angeles,Dubai,Swift Cargo,Sea,1332.6,15757,35,26,1953.92,false,Port congestion
SH30896,2024-09-15,Busan,Hamburg,Swift Cargo,Rail,1301.2,567,1,2,285.25,true,
SH31109,2024-09-15,Singapore,Dubai,Northstar Logistics,Road,589.4,2369,7,5,644.65,false,Weather
SH31865,2024-09-15,Busan,Los Angeles,Swift Cargo,Sea,1406.1,993,4,4,231.24,true,
SH32294,2024-09-15,Shanghai,Ho Chi Minh City,BlueWave Lines,Sea,15160.5,4504,9,9,6062.03,true,
SH32485,2024-09-15,Busan,Rotterdam,Swift Cargo,Sea,561.2,9724,17,17,704.87,true,
SH32498,2024-09-15,Ho Chi Minh City,Rotterdam,Swift Cargo,Sea,1444.2,15269,25,25,2058.77,true,
SH24092,2024-09-16,Shanghai,Busan,Atlas Air Cargo,Air,158.6,4745,2,2,1101.1,true,
SH24218,2024-09-16,Hamburg,Singapore,Swift Cargo,Sea,2523.9,5780,11,11,1296.67,true,
SH24785,2024-09-16,Singapore,Shanghai,Northstar Logistics,Sea,1172.2,5583,10,11,757.67,true,
SH25775,2024-09-16,Singapore,Ho Chi Minh City,Swift Cargo,Sea,847.3,8994,15,16,755.43,true,
SH25836,2024-09-16,Rotterdam,Busan,Meridian Freight,Sea,3242.1,7088,13,13,2221.37,true,
SH27771,2024-09-16,Busan,Dubai,Northstar Logistics,Sea,448.7,17512,29,29,914.86,true,
SH28079,2024-09-16,Hamburg,Busan,Northstar Logistics,Sea,534.6,16544,26,27,935.7,true,
SH28844,2024-09-16,Hamburg,Los Angeles,Atlas Air Cargo,Air,495.9,13019,2,2,6910.09,true,
SH28988,2024-09-16,Shanghai,Los Angeles,Atlas Air Cargo,Air,88.0,8820,2,2,1078.78,true,
SH31343,2024-09-16,Hamburg,Busan,Atlas Air Cargo,Air,417.4,2994,1,1,1518.5,true,
SH32082,2024-09-16,Los Angeles,Rotterdam,Swift Cargo,Sea,765.3,5210,10,10,482.46,true,
SH32976,2024-09-16,Los Angeles,Hamburg,Meridian Freight,Sea,527.3,11086,25,19,692.19,false,Weather
SH25069,2024-09-17,Los Angeles,Busan,Atlas Air Cargo,Air,1482.7,16902,3,3,32149.67,true,
SH26779,2024-09-17,Busan,Singapore,Northstar Logistics,Rail,3797.9,2474,10,4,2439.74,false,Port congestion
SH27368,2024-09-17,Shanghai,Singapore,Northstar Logistics,Road,852.4,256,1,1,197.63,true,
SH27432,2024-09-17,Hamburg,Singapore,Atlas Air Cargo,Air,186.9,3129,1,1,686.2,true,
SH27667,2024-09-17,Shanghai,Rotterdam,Atlas Air Cargo,Air,771.3,9833,2,2,10029.18,true,
SH28940,2024-09-17,Los Angeles,Busan,Atlas Air Cargo,Air,246.1,17100,2,3,4496.89,true,
SH29437,2024-09-17,Los Angeles,Ho Chi Minh City,Northstar Logistics,Sea,1704.8,2905,10,6,647.83,false,Port congestion
SH30611,2024-09-17,Dubai,Ho Chi Minh City,Northstar Logistics,Sea,1339.8,12606,22,21,1431.14,false,Customs
SH30830,2024-09-17,Rotterdam,Shanghai,Atlas Air Cargo,Air,75.1,15488,3,3,1474.61,true,
SH32572,2024-09-17,Dubai,Shanghai,Meridian Freight,Sea,2184.3,14702,25,25,2875.88,true,
SH32872,2024-09-17,Dubai,Ho Chi Minh City,Northstar Logistics,Road,1587.6,1434,3,3,923.97,true,
SH25697,2024-09-18,Rotterdam,Hamburg,BlueWave Lines,Sea,452.7,9771,16,17,535.4,true,
SH25819,2024-09-18,Shanghai,Ho Chi Minh City,BlueWave Lines,Sea,3309.4,2289,6,6,898.46,true,
SH26157,2024-09-18,Shanghai,Ho Chi Minh City,Meridian Freight,Rail,737.8,841,1,2,245.3,true,
SH26576,2024-09-18,Los Angeles,Dubai,Meridian Freight,Sea,1342.5,17880,30,30,2706.24,true,
SH26678,2024-09-18,Hamburg,Singapore,Meridian Freight,Sea,911.3,14290,24,24,1429.3,true,
SH26976,2024-09-18,Busan,Singapore,BlueWave Lines,Sea,2410.4,17060,28,28,3272.36,true,
SH27060,2024-09-18,Rotterdam,Hamburg,Northstar Logistics,Sea,1378.4,13264,21,22,1785.41,true,
SH27814,2024-09-18,Hamburg,Dubai,Meridian Freight,Sea,1323.7,4005,7,8,679.39,true,
SH28618,2024-09-18,Rotterdam,Dubai,Atlas Air Cargo,Air,332.5,17927,3,3,5763.92,true,
SH29360,2024-09-18,Rotterdam,Busan,Swift Cargo,Sea,272.5,3087,6,7,200.41,true,
SH30065,2024-09-18,Dubai,Los Angeles,BlueWave Lines,Sea,448.1,6670,12,12,416.2,true,
SH30944,2024-09-18,Hamburg,Busan,Swift Cargo,Sea,868.7,15454,26,26,1288.25,true,
SH31464,2024-09-18,Los Angeles,Singapore,BlueWave Lines,Sea,1581.2,17862,29,29,3039.33,true,
SH31627,2024-09-18,Shanghai,Hamburg,BlueWave Lines,Road,5886.5,2030,13,4,4338.7,false,Customs
SH32664,2024-09-18,Singapore,Busan,Atlas Air Cargo,Air,538.6,8678,2,2,6248.27,true,
SH24056,2024-09-19,Rotterdam,Busan,Swift Cargo,Sea,2588.5,4576,9,9,1268.46,true,
SH26500,2024-09-19,Dubai,Hamburg,Northstar Logistics,Sea,1666.7,8478,14,15,1544.7,true,
SH26928,2024-09-19,Busan,Shanghai,Meridian Freight,Sea,971.4,11372,18,19,974.31,true,
SH28955,2024-09-19,Singapore,Busan,Meridian Freight,Sea,3911.7,10518,18,18,3569.07,true,
SH29007,2024-09-19,Los Angeles,Singapore,Northstar Logistics,Sea,3075.3,12689,22,22,3249.62,true,
SH29023,2024-09-19,Hamburg,Busan,Northstar Logistics,Road,2514.7,2193,4,5,1983.25,true,
SH31781,2024-09-19,Shanghai,Dubai,Atlas Air Cargo,Air,188.2,16330,3,3,3179.46,true,
SH32953,2024-09-19,Rotterdam,Dubai,Atlas Air Cargo,Air,124.6,910,4,1,229.4,false,Customs
SH32991,2024-09-19,Shanghai,Busan,BlueWave Lines,Sea,3059.7,14098,24,24,3880.7,true,
SH24133,2024-09-20,Rotterdam,Dubai,BlueWave Lines,Rail,2606.8,641,5,2,503.89,false,Equipment
SH24271,2024-09-20,Singapore,Shanghai,Swift Cargo,Sea,604.9,17268,29,29,1229.22,true,
SH24584,2024-09-20,Rotterdam,Busan,Swift Cargo,Road,2145.8,987,6,3,759.2,false,Customs
SH24971,2024-09-20,Los Angeles,Hamburg,BlueWave Lines,Rail,4892.4,1288,3,3,1635.1,true,
SH25880,2024-09-20,Shanghai,Hamburg,Swift Cargo,Sea,226.5,5617,10,11,235.83,true,
SH26555,2024-09-20,Dubai,Hamburg,Meridian Freight,Sea,1488.4,9396,16,16,1623.64,true,
SH27324,2024-09-20,Rotterdam,Dubai,BlueWave Lines,Sea,889.4,17730,29,29,1397.9,true,
SH27632,2024-09-20,Hamburg,Shanghai,Northstar Logistics,Rail,687.9,945,1,2,255.1,true,
SH28215,2024-09-20,Shanghai,Hamburg,Meridian Freight,Road,1429.8,1353,3,3,732.04,true,
SH28243,2024-09-20,Rotterdam,Shanghai,Northstar Logistics,Sea,1080.7,16881,29,28,1519.68,false,Port congestion
SH32261,2024-09-20,Los Angeles,Hamburg,Swift Cargo,Sea,962.5,15373,26,26,1375.02,true,
SH25457,2024-09-21,Singapore,Dubai,Northstar Logistics,Sea,2448.8,4932,9,10,1284.16,true,
SH25987,2024-09-21,Busan,Shanghai,Swift Cargo,Rail,611.0,1304,2,3,321.29,true,
SH26556,2024-09-21,Los Angeles,Shanghai,Meridian Freight,Sea,2703.6,3090,7,7,890.28,true,
SH26866,2024-09-21,Busan,Ho Chi Minh City,Meridian Freight,Sea,942.0,15023,25,25,1598.76,true,
SH28283,2024-09-21,Ho Chi Minh City,Shanghai,Atlas Air Cargo,Air,83.3,9694,2,2,921.24,true,
SH29042,2024-09-21,Shanghai,Dubai,Northstar Logistics,Sea,255.3,13535,23,23,473.18,true,
SH29420,2024-09-21,Los Angeles,Dubai,Atlas Air Cargo,Air,303.9,5396,2,2,1949.2,true,
SH30083,2024-09-21,Los Angeles,Rotterdam,Swift Cargo,Sea,677.9,7121,13,13,607.24,true,
SH30303,2024-09-21,Busan,Ho Chi Minh City,BlueWave Lines,Rail,563.5,1845,2,3,352.65,true,
SH30808,2024-09-21,Shanghai,Los Angeles,Atlas Air Cargo,Air,71.9,3876,1,1,434.41,true,
SH30972,2024-09-21,Los Angeles,Shanghai,BlueWave Lines,Sea,3536.6,2344,9,6,943.91,false,Equipment
SH31133,2024-09-21,Hamburg,Dubai,Meridian Freight,Sea,926.0,8828,16,16,955.4,true,
SH32101,2024-09-21,Dubai,Hamburg,Northstar Logistics,Road,2567.2,2447,4,5,2561.05,true,
SH32302,2024-09-21,Shanghai,Busan,Atlas Air Cargo,Air,164.8,8186,2,2,1503.68,true,
SH24202,2024-09-22,Ho Chi Minh City,Los Angeles,BlueWave Lines,Road,6016.2,1397,3,3,3353.11,true,
SH24966,2024-09-22,Singapore,Dubai,Atlas Air Cargo,Air,184.0,17520,3,3,3391.1,true,
SH25405,2024-09-22,Singapore,Los Angeles,Meridian Freight,Rail,2273.6,1242,2,3,853.43,true,
SH28083,2024-09-22,Rotterdam,Hamburg,Atlas Air Cargo,Air,47.0,1670,1,1,221.97,true,
SH28218,2024-09-22,Singapore,Busan,Swift Cargo,Rail,1587.4,1312,12,3,669.57,false,Weather
SH29075,2024-09-22,Los Angeles,Hamburg,BlueWave Lines,Sea,1129.4,2797,5,6,396.96,true,
SH29083,2024-09-22,Hamburg,Ho Chi Minh City,Northstar Logistics,Sea,568.8,17371,29,29,1078.0,true,
SH29536,2024-09-22,Shanghai,Hamburg,Swift Cargo,Sea,1624.5,8024,14,14,1262.03,true,
SH29860,2024-09-22,Shanghai,Rotterdam,Atlas Air Cargo,Air,708.6,10236,2,2,9463.91,true,
SH30736,2024-09-22,Busan,Los Angeles,BlueWave Lines,Rail,1088.7,2207,3,4,635.04,true,
SH30955,2024-09-22,Shanghai,Rotterdam,Northstar Logistics,Sea,1695.4,16115,29,27,2296.46,false,Documentation
SH31693,2024-09-22,Los Angeles,Rotterdam,BlueWave Lines,Sea,513.6,15961,27,27,801.41,true,
SH31943,2024-09-22,Busan,Dubai,BlueWave Lines,Road,796.1,913,3,3,398.68,true,
SH32881,2024-09-22,Los Angeles,Ho Chi Minh City,Swift Cargo,Road,3599.6,2324,5,5,3304.54,true,
SH24455,2024-09-23,Dubai,Singapore,Swift Cargo,Sea,1139.9,13596,22,23,1355.91,true,
SH25581,2024-09-23,Singapore,Dubai,BlueWave Lines,Rail,1679.1,2401,4,4,881.76,true,
SH25724,2024-09-23,Singapore,Shanghai,Meridian Freight,Sea,359.8,17325,29,29,698.41,true,Weather
SH25874,2024-09-23,Shanghai,Busan,Atlas Air Cargo,Air,368.4,10565,1,2,4248.34,true,
SH25883,2024-09-23,Singapore,Hamburg,Northstar Logistics,Sea,450.5,14524,24,24,657.49,true,
SH25988,2024-09-23,Dubai,Rotterdam,Atlas Air Cargo,Air,277.4,12462,2,2,4116.85,true,
SH26695,2024-09-23,Ho Chi Minh City,Rotterdam,Swift Cargo,Sea,3202.1,2316,6,6,762.47,true,
SH27822,2024-09-23,Rotterdam,Busan,Swift Cargo,Rail,1590.0,1421,3,3,573.67,true,
SH28022,2024-09-23,Hamburg,Busan,Swift Cargo,Sea,1016.6,6158,13,11,729.0,false,Documentation
SH28068,2024-09-23,Rotterdam,Singapore,Swift Cargo,Sea,2857.7,4139,10,8,1134.0,false,Port congestion
SH28724,2024-09-23,Singapore,Shanghai,Swift Cargo,Sea,2802.4,17245,28,29,5338.41,true,
SH28869,2024-09-23,Busan,Hamburg,BlueWave Lines,Sea,821.7,13819,22,23,1343.52,true,
SH29632,2024-09-23,Los Angeles,Shanghai,BlueWave Lines,Rail,886.2,825,2,2,272.94,true,
SH31448,2024-09-23,Shanghai,Dubai,Meridian Freight,Sea,1034.8,4208,11,8,457.34,false,Weather
SH24270,2024-09-24,Singapore,Shanghai,Northstar Logistics,Road,1414.9,1241,2,3,762.22,true,
SH24423,2024-09-24,Shanghai,Dubai,Swift Cargo,Sea,3330.7,8213,14,15,2835.16,true,
SH24546,2024-09-24,Shanghai,Dubai,Atlas Air Cargo,Air,520.0,2576,3,1,1813.55,false,Customs
SH25644,2024-09-24,Shanghai,Busan,BlueWave Lines,Sea,400.9,15579,25,26,739.95,true,
SH25695,2024-09-24,Shanghai,Rotterdam,BlueWave Lines,Sea,1033.6,7014,14,13,864.9,false,Customs
SH25900,2024-09-24,Rotterdam,Shanghai,Northstar Logistics,Road,4192.5,665,2,2,1118.04,true,
SH26123,2024-09-24,Los Angeles,Dubai,BlueWave Lines,Sea,1550.3,13072,21,22,1898.98,true,
SH26284,2024-09-24,Singapore,Shanghai,Northstar Logistics,Sea,1093.4,9408,17,16,924.45,false,Port congestion
SH26582,2024-09-24,Shanghai,Singapore,Swift Cargo,Rail,3239.1,1452,2,3,1267.43,true,
SH26705,2024-09-24,Hamburg,Rotterdam,Meridian Freight,Rail,836.2,2092,4,4,450.87,true,
SH26747,2024-09-24,Busan,Hamburg,BlueWave Lines,Rail,2093.4,420,1,2,324.61,true,
SH26998,2024-09-24,Dubai,Rotterdam,Northstar Logistics,Road,550.8,450,2,2,197.52,true,
SH27258,2024-09-24,Hamburg,Rotterdam,Swift Cargo,Sea,2448.7,16531,26,27,4418.54,true,
SH27595,2024-09-24,Dubai,Hamburg,Northstar Logistics,Sea,2193.5,3302,7,7,883.04,true,
SH27818,2024-09-24,Rotterdam,Ho Chi Minh City,Northstar Logistics,Road,1375.4,669,4,2,473.3,false,Customs
SH27858,2024-09-24,Ho Chi Minh City,Busan,Atlas Air Cargo,Air,641.4,12519,2,2,10047.73,true,
SH27865,2024-09-24,Busan,Ho Chi Minh City,BlueWave Lines,Sea,3426.3,7788,14,14,2566.28,true,
SH27936,2024-09-24,Hamburg,Singapore,Northstar Logistics,Sea,573.7,15205,25,25,829.49,true,
SH28430,2024-09-24,Shanghai,Hamburg,Meridian Freight,Sea,2975.5,4458,8,9,1276.09,true,
SH28789,2024-09-24,Hamburg,Busan,BlueWave Lines,Road,2961.1,1239,3,3,1426.83,true,
SH29036,2024-09-24,Dubai,Los Angeles,Atlas Air Cargo,Air,117.7,12346,2,2,1833.72,true,
SH29197,2024-09-24,Dubai,Hamburg,Swift Cargo,Sea,5588.4,10648,17,18,5188.45,true,
SH30281,2024-09-24,Dubai,Singapore,Atlas Air Cargo,Air,308.9,14529,3,3,4832.86,true,
SH30630,2024-09-24,Singapore,Busan,Northstar Logistics,Sea,2044.9,17891,32,30,3522.3,false,Port congestion
SH31019,2024-09-24,Rotterdam,Singapore,Northstar Logistics,Sea,1743.7,17757,29,29,3219.95,true,
SH25218,2024-09-25,Rotterdam,Shanghai,BlueWave Lines,Road,3075.5,1318,3,3,1329.47,true,
SH27539,2024-09-25,Busan,Hamburg,Meridian Freight,Sea,946.1,16458,27,27,1339.64,true,
SH27706,2024-09-25,Los Angeles,Dubai,Atlas Air Cargo,Air,282.5,1655,1,1,578.34,true,
SH28213,2024-09-25,Shanghai,Hamburg,Meridian Freight,Road,5259.0,438,2,2,948.0,true,
SH29319,2024-09-25,Busan,Los Angeles,Swift Cargo,Sea,714.7,5488,10,10,499.38,true,
SH29465,2024-09-25,Shanghai,Hamburg,Meridian Freight,Sea,1080.8,6324,12,12,849.93,true,
SH29556,2024-09-25,Hamburg,Singapore,Northstar Logistics,Sea,814.7,1586,4,4,240.35,true,
SH29940,2024-09-25,Busan,Singapore,Atlas Air Cargo,Air,443.3,14332,2,3,8107.7,true,
SH31668,2024-09-25,Hamburg,Ho Chi Minh City,BlueWave Lines,Sea,4171.4,16059,27,27,6570.36,true,
SH32827,2024-09-25,Singapore,Shanghai,Northstar Logistics,Rail,4025.9,2287,4,4,1866.53,true,
SH24430,2024-09-26,Ho Chi Minh City,Rotterdam,Meridian Freight,Sea,1275.3,8736,15,15,977.25,true,
SH26105,2024-09-26,Rotterdam,Los Angeles,Meridian Freight,Sea,1609.0,1276,7,4,298.12,false,Port congestion
SH27180,2024-09-26,Dubai,Ho Chi Minh City,BlueWave Lines,Sea,1192.2,8475,15,15,1041.46,true,
SH27210,2024-09-26,Los Angeles,Rotterdam,Northstar Logistics,Road,639.7,1582,6,4,519.41,false,Customs
SH27334,2024-09-26,Hamburg,Dubai,Atlas Air Cargo,Air,65.1,17227,2,3,1275.97,true,
SH27701,2024-09-26,Dubai,Rotterdam,BlueWave Lines,Sea,8616.1,15171,25,25,13219.69,true,
SH28085,2024-09-26,Rotterdam,Singapore,Northstar Logistics,Sea,330.4,10536,17,18,410.6,true,
SH28407,2024-09-26,Los Angeles,Hamburg,Northstar Logistics,Sea,1733.4,3307,8,7,643.54,false,Equipment
SH28734,2024-09-26,Los Angeles,Ho Chi Minh City,Swift Cargo,Sea,881.5,4983,10,10,554.87,true,
SH30216,2024-09-26,Busan,Ho Chi Minh City,Swift Cargo,Sea,517.4,17823,28,29,1060.93,true,
SH30417,2024-09-26,Rotterdam,Ho Chi Minh City,Northstar Logistics,Sea,452.4,9831,17,17,465.38,true,Weather
SH31088,2024-09-26,Shanghai,Singapore,Atlas Air Cargo,Air,227.0,12386,2,2,3553.44,true,
SH24382,2024-09-27,Los Angeles,Busan,Meridian Freight,Sea,681.0,15709,26,26,998.15,true,
SH24383,2024-09-27,Hamburg,Shanghai,Swift Cargo,Sea,1113.3,6534,11,12,859.35,true,
SH24788,2024-09-27,Hamburg,Singapore,Northstar Logistics,Sea,608.2,1850,5,5,238.88,true,
SH24843,2024-09-27,Hamburg,Busan,Swift Cargo,Sea,3885.4,4788,9,9,2118.09,true,
SH25419,2024-09-27,Shanghai,Los Angeles,Northstar Logistics,Sea,1093.3,5924,11,11,664.57,true,
SH25433,2024-09-27,Ho Chi Minh City,Hamburg,Atlas Air Cargo,Air,144.4,13898,3,3,2509.65,true,
SH25976,2024-09-27,Ho Chi Minh City,Hamburg,Northstar Logistics,Road,3258.7,419,2,2,673.5,true,
SH26476,2024-09-27,Busan,Hamburg,BlueWave Lines,Sea,1042.0,15417,26,26,1386.82,true,
SH26851,2024-09-27,Busan,Los Angeles,Northstar Logistics,Sea,1699.5,12845,22,22,2424.71,true,
SH27551,2024-09-27,Los Angeles,Ho Chi Minh City,Northstar Logistics,Sea,545.8,14604,24,24,745.12,true,
SH27619,2024-09-27,Shanghai,Ho Chi Minh City,BlueWave Lines,Sea,8006.5,9510,17,17,6672.19,true,
SH28860,2024-09-27,Shanghai,Los Angeles,Northstar Logistics,Sea,1142.7,3121,6,7,429.92,true,
SH30789,2024-09-27,Busan,Shanghai,Swift Cargo,Sea,1694.7,9087,15,16,1346.24,true,
SH30946,2024-09-27,Busan,Ho Chi Minh City,Atlas Air Cargo,Air,590.7,6167,2,2,3555.6,true,
SH31392,2024-09-27,Busan,Rotterdam,Meridian Freight,Sea,2187.2,4928,10,10,1138.13,true,
SH31884,2024-09-27,Singapore,Rotterdam,Swift Cargo,Sea,215.6,1798,5,5,153.54,true,
SH32208,2024-09-27,Hamburg,Singapore,Meridian Freight,Sea,1048.4,7266,12,13,714.67,true,
SH32751,2024-09-27,Los Angeles,Dubai,Atlas Air Cargo,Air,475.0,897,1,1,601.15,true,
SH25162,2024-09-28,Shanghai,Busan,BlueWave Lines,Sea,953.7,14616,24,24,1376.19,true,
SH25308,2024-09-28,Busan,Shanghai,Northstar Logistics,Sea,236.1,17240,29,29,445.45,true,
SH26228,2024-09-28,Los Angeles,Shanghai,BlueWave Lines,Rail,861.4,1097,2,2,352.57,true,
SH26288,2024-09-28,Los Angeles,Hamburg,Swift Cargo,Sea,1612.9,11141,19,19,1930.62,true,
SH26291,2024-09-28,Ho Chi Minh City,Los Angeles,Northstar Logistics,Sea,653.2,15861,27,26,1184.87,false,Port congestion
SH26376,2024-09-28,Hamburg,Rotterdam,Northstar Logistics,Sea,236.4,10981,19,19,364.56,true,
SH27739,2024-09-28,Los Angeles,Shanghai,Meridian Freight,Road,1453.1,2132,5,5,1404.79,true,
SH27759,2024-09-28,Hamburg,Dubai,Meridian Freight,Sea,794.8,2337,6,6,284.4,true,
SH27854,2024-09-28,Shanghai,Singapore,Atlas Air Cargo,Air,339.4,12917,2,2,4664.63,true,
SH27993,2024-09-28,Rotterdam,Dubai,Northstar Logistics,Rail,1377.8,1813,4,3,768.62,false,Weather
SH28778,2024-09-28,Dubai,Shanghai,Meridian Freight,Sea,1967.5,15807,26,26,3261.01,true,
SH32618,2024-09-28,Busan,Los Angeles,BlueWave Lines,Sea,2510.8,16763,27,28,3835.82,true,
SH24502,2024-09-29,Busan,Hamburg,Meridian Freight,Rail,1374.7,2225,3,4,824.12,true,
SH24530,2024-09-29,Shanghai,Hamburg,Meridian Freight,Rail,398.7,921,1,2,198.03,true,
SH25063,2024-09-29,Singapore,Busan,Meridian Freight,Sea,551.8,8149,15,15,480.83,true,
SH26568,2024-09-29,Shanghai,Ho Chi Minh City,Meridian Freight,Sea,1530.4,3749,7,8,727.05,true,
SH26749,2024-09-29,Ho Chi Minh City,Busan,Meridian Freight,Road,1969.1,2034,3,4,1374.7,true,
SH26842,2024-09-29,Los Angeles,Busan,Meridian Freight,Sea,1438.4,6389,12,12,1060.36,true,
SH26859,2024-09-29,Los Angeles,Busan,BlueWave Lines,Sea,3642.3,7360,12,13,2482.95,true,
SH27187,2024-09-29,Hamburg,Shanghai,Swift Cargo,Road,1089.4,700,1,2,432.31,true,
SH27810,2024-09-29,Los Angeles,Ho Chi Minh City,Atlas Air Cargo,Air,280.9,15183,3,3,4944.83,true,
SH29047,2024-09-29,Busan,Shanghai,Swift Cargo,Sea,7524.0,7704,14,14,5464.82,true,
SH29683,2024-09-29,Busan,Shanghai,BlueWave Lines,Sea,1395.2,7512,14,14,1155.45,true,
SH31701,2024-09-29,Busan,Shanghai,Meridian Freight,Sea,3959.9,14473,24,24,6135.38,true,
SH31754,2024-09-29,Hamburg,Ho Chi Minh City,BlueWave Lines,Sea,1157.5,6822,12,12,774.57,true,
SH32325,2024-09-29,Rotterdam,Singapore,Meridian Freight,Road,2648.6,1259,2,3,1330.4,true,
SH32479,2024-09-29,Busan,Shanghai,Swift Cargo,Sea,612.0,5165,10,10,364.36,true,
SH25127,2024-09-30,Shanghai,Busan,Atlas Air Cargo,Air,761.5,10424,1,2,8058.65,true,
SH25682,2024-09-30,Dubai,Ho Chi Minh City,Swift Cargo,Road,2425.1,776,2,2,877.25,true,
SH25829,2024-09-30,Los Angeles,Ho Chi Minh City,Northstar Logistics,Sea,489.6,15877,26,26,762.85,true,
SH26640,2024-09-30,Busan,Los Angeles,BlueWave Lines,Road,983.8,1607,3,4,778.11,true,
SH27298,2024-09-30,Singapore,Hamburg,Meridian Freight,Sea,504.7,14500,24,24,791.43,true,
SH27835,2024-09-30,Shanghai,Ho Chi Minh City,Atlas Air Cargo,Air,379.9,3726,1,1,1891.51,true,
SH28438,2024-09-30,Dubai,Los Angeles,BlueWave Lines,Sea,194.4,14063,23,24,399.3,true,
SH29461,2024-09-30,Shanghai,Ho Chi Minh City,Meridian Freight,Sea,1365.2,7500,14,14,1129.5,true,
SH30042,2024-09-30,Los Angeles,Ho Chi Minh City,Atlas Air Cargo,Air,338.2,1304,1,1,594.01,true,
SH30848,2024-09-30,Rotterdam,Ho Chi Minh City,Meridian Freight,Sea,2436.5,2342,6,6,694.73,true,
SH31054,2024-09-30,Los Angeles,Rotterdam,Northstar Logistics,Sea,1606.1,11481,19,20,1610.22,true,
SH32443,2024-09-30,Los Angeles,Dubai,Swift Cargo,Sea,1126.7,15097,24,25,1717.97,true,
SH32547,2024-09-30,Rotterdam,Singapore,Meridian Freight,Road,1008.0,356,2,2,260.93,true,
SH24118,2024-10-01,Busan,Dubai,BlueWave Lines,Sea,5261.6,16823,27,28,7875.86,true,
SH25087,2024-10-01,Ho Chi Minh City,Hamburg,Northstar Logistics,Rail,1275.9,1041,1,2,460.83,true,
SH26474,2024-10-01,Ho Chi Minh City,Los Angeles,Meridian Freight,Sea,931.2,12296,21,21,1271.71,true,
SH26481,2024-10-01,Busan,Los Angeles,Swift Cargo,Sea,1072.9,4584,8,9,530.83,true,
SH26888,2024-10-01,Dubai,Shanghai,Atlas Air Cargo,Air,139.7,10817,2,2,2027.86,true,
SH26894,2024-10-01,Hamburg,Rotterdam,Northstar Logistics,Sea,1606.0,11283,18,19,1958.98,true,
SH27486,2024-10-01,Dubai,Los Angeles,Atlas Air Cargo,Air,161.9,8416,2,2,1882.86,true,
SH27600,2024-10-01,Shanghai,Ho Chi Minh City,Meridian Freight,Road,1200.1,515,2,2,314.24,true,
SH28189,2024-10-01,Singapore,Hamburg,Atlas Air Cargo,Air,130.5,14392,3,3,2216.63,true,
SH30102,2024-10-01,Busan,Hamburg,BlueWave Lines,Sea,688.2,1508,3,4,229.85,true,
SH30240,2024-10-01,Ho Chi Minh City,Hamburg,Northstar Logistics,Sea,1505.5,3621,8,8,588.76,true,
SH31644,2024-10-01,Singapore,Ho Chi Minh City,Northstar Logistics,Sea,906.1,7042,13,13,635.41,true,
SH32299,2024-10-01,Rotterdam,Singapore,Northstar Logistics,Sea,919.1,3842,7,8,475.83,true,
SH24036,2024-10-02,Rotterdam,Ho Chi Minh City,Northstar Logistics,Rail,902.0,2286,3,4,545.83,true,
SH24322,2024-10-02,Busan,Ho Chi Minh City,Meridian Freight,Road,3682.1,1764,3,4,2672.62,true,
SH25035,2024-10-02,Busan,Ho Chi Minh City,Northstar Logistics,Sea,1866.0,13461,23,23,2169.82,true,
SH25260,2024-10-02,Singapore,Ho Chi Minh City,BlueWave Lines,Sea,2060.7,7167,13,13,1366.9,true,
SH26935,2024-10-02,Rotterdam,Singapore,Northstar Logistics,Rail,524.3,346,1,1,157.24,true,
SH26984,2024-10-02,Los Angeles,Busan,Meridian Freight,Sea,2081.5,7715,13,14,1747.05,true,
SH27832,2024-10-02,Shanghai,Rotterdam,Atlas Air Cargo,Air,237.4,14254,3,3,3519.2,true,
SH29249,2024-10-02,Ho Chi Minh City,Singapore,BlueWave Lines,Sea,244.9,16377,27,27,481.05,true,
SH29308,2024-10-02,Dubai,Busan,BlueWave Lines,Road,223.4,2246,5,5,286.18,true,
SH29636,2024-10-02,Los Angeles,Shanghai,BlueWave Lines,Road,1370.8,1449,3,3,942.45,true,
SH30309,2024-10-02,Los Angeles,Hamburg,Atlas Air Cargo,Air,265.5,2315,1,1,769.9,true,
SH32338,2024-10-02,Shanghai,Ho Chi Minh City,Swift Cargo,Sea,682.0,11757,20,20,878.97,true,
SH32724,2024-10-02,Dubai,Los Angeles,Atlas Air Cargo,Air,269.9,15589,3,3,5589.55,true,Port congestion
SH24624,2024-10-03,Hamburg,Rotterdam,BlueWave Lines,Sea,335.0,9017,16,16,430.02,true,
SH25324,2024-10-03,Shanghai,Singapore,Swift Cargo,Sea,24793.2,13629,23,23,30104.32,true,
SH25686,2024-10-03,Shanghai,Rotterdam,Northstar Logistics,Sea,1156.0,3798,8,8,493.68,true,
SH25999,2024-10-03,Ho Chi Minh City,Hamburg,Meridian Freight,Sea,4700.9,12164,23,21,4698.69,false,Customs
SH26756,2024-10-03,Dubai,Shanghai,Northstar Logistics,Road,3088.0,979,2,3,1229.13,true,
SH26809,2024-10-03,Rotterdam,Ho Chi Minh City,BlueWave Lines,Sea,1129.2,10489,18,18,1317.68,true,
SH27770,2024-10-03,Hamburg,Ho Chi Minh City,Northstar Logistics,Sea,489.3,15786,26,26,850.76,true,
SH28619,2024-10-03,Ho Chi Minh City,Hamburg,BlueWave Lines,Sea,2130.9,3114,7,7,692.12,true,
SH28974,2024-10-03,Rotterdam,Shanghai,BlueWave Lines,Rail,2869.9,2117,4,4,1614.56,true,
SH29481,2024-10-03,Los Angeles,Hamburg,BlueWave Lines,Sea,814.2,13089,22,22,1171.94,true,
SH30923,2024-10-03,Rotterdam,Hamburg,Atlas Air Cargo,Air,366.5,15382,2,3,7533.68,true,
SH30959,2024-10-03,Los Angeles,Shanghai,Atlas Air Cargo,Air,416.6,1969,1,1,1060.68,true,
SH31009,2024-10-03,Hamburg,Busan,BlueWave Lines,Sea,1675.5,3984,8,8,763.63,true,
SH31050,2024-10-03,Hamburg,Dubai,Meridian Freight,Sea,1030.3,3361,7,7,446.58,true,
SH31186,2024-10-03,Ho Chi Minh City,Singapore,BlueWave Lines,Sea,2474.2,7691,16,14,2107.47,false,Customs
SH31935,2024-10-03,Dubai,Los Angeles,Atlas Air Cargo,Air,206.2,8032,1,2,1731.45,true,
SH24670,2024-10-04,Los Angeles,Dubai,Northstar Logistics,Sea,2801.1,5790,15,11,1797.65,false,Weather
SH26276,2024-10-04,Ho Chi Minh City,Los Angeles,Atlas Air Cargo,Air,255.8,7450,2,2,1931.51,true,
SH26812,2024-10-04,Dubai,Ho Chi Minh City,BlueWave Lines,Sea,7480.4,9148,16,16,5469.8,true,
SH27215,2024-10-04,Hamburg,Shanghai,Northstar Logistics,Sea,459.2,15484,28,26,749.93,false,Documentation
SH28124,2024-10-04,Hamburg,Shanghai,Atlas Air Cargo,Air,75.5,9690,2,2,1029.75,true,
SH28309,2024-10-04,Dubai,Busan,BlueWave Lines,Sea,1069.4,10642,17,18,1000.58,true,
SH29213,2024-10-04,Rotterdam,Busan,Meridian Freight,Sea,1413.8,7239,19,13,924.18,false,Documentation
SH29317,2024-10-04,Busan,Hamburg,Atlas Air Cargo,Air,417.3,12156,1,2,6528.38,true,
SH29545,2024-10-04,Rotterdam,Ho Chi Minh City,Atlas Air Cargo,Air,151.9,8800,2,2,1370.54,true,
SH30003,2024-10-04,Busan,Singapore,BlueWave Lines,Rail,357.0,1386,3,3,241.16,true,
SH30223,2024-10-04,Los Angeles,Shanghai,Atlas Air Cargo,Air,142.6,5265,2,2,949.89,true,
SH30960,2024-10-04,Ho Chi Minh City,Busan,Swift Cargo,Road,2165.7,1435,3,3,1138.37,true,
SH32304,2024-10-04,Hamburg,Los Angeles,Northstar Logistics,Sea,2534.6,9952,17,17,2406.42,true,
SH32918,2024-10-04,Rotterdam,Busan,Northstar Logistics,Rail,6025.1,1623,3,3,2127.98,true,
SH24534,2024-10-05,Los Angeles,Dubai,Meridian Freight,Sea,2207.7,12674,21,21,2370.09,true,
SH25095,2024-10-05,Shanghai,Singapore,Swift Cargo,Sea,1343.5,7212,13,13,1111.28,true,
SH25152,2024-10-05,Rotterdam,Hamburg,BlueWave Lines,Sea,775.3,9790,17,17,894.74,true,
SH25275,2024-10-05,Dubai,Shanghai,BlueWave Lines,Sea,2301.5,4098,8,8,990.44,true,
SH25949,2024-10-05,Rotterdam,Hamburg,Northstar Logistics,Road,841.1,1718,3,4,623.06,true,
SH27816,2024-10-05,Los Angeles,Rotterdam,Meridian Freight,Sea,568.5,10607,18,18,621.93,true,
SH28053,2024-10-05,Los Angeles,Hamburg,Meridian Freight,Sea,2850.8,3384,8,7,1020.09,false,Customs
SH28133,2024-10-05,Ho Chi Minh City,Hamburg,Northstar Logistics,Rail,1438.6,184,2,1,182.3,false,Weather
SH28318,2024-10-05,Hamburg,Rotterdam,BlueWave Lines,Road,2652.0,736,1,2,738.05,true,
SH28379,2024-10-05,Shanghai,Busan,Atlas Air Cargo,Air,196.4,8849,1,2,2242.54,true,
SH28917,2024-10-05,Los Angeles,Shanghai,Northstar Logistics,Road,7663.7,2481,5,5,6874.5,true,
SH31493,2024-10-05,Dubai,Ho Chi Minh City,Meridian Freight,Sea,1539.3,12558,21,21,2096.84,true,
SH31875,2024-10-05,Busan,Ho Chi Minh City,Northstar Logistics,Sea,4194.1,2744,5,6,1162.76,true,
SH25516,2024-10-06,Hamburg,Los Angeles,Swift Cargo,Rail,1853.1,1522,2,3,710.66,true,
SH26272,2024-10-06,Hamburg,Los Angeles,Meridian Freight,Sea,2048.4,12042,21,21,2007.13,true,
SH26282,2024-10-06,Shanghai,Ho Chi Minh City,BlueWave Lines,Sea,2429.9,6781,11,12,1528.83,true,
SH26863,2024-10-06,Dubai,Hamburg,BlueWave Lines,Sea,4323.5,17758,38,29,7854.54,false,Documentation
SH26995,2024-10-06,Hamburg,Los Angeles,Northstar Logistics,Sea,1914.6,10646,17,18,2124.28,true,
SH28319,2024-10-06,Dubai,Rotterdam,Meridian Freight,Rail,1197.4,1468,2,3,498.6,true,
SH28710,2024-10-06,Rotterdam,Busan,Meridian Freight,Sea,898.4,8200,15,15,826.15,true,
SH30174,2024-10-06,Hamburg,Dubai,Atlas Air Cargo,Air,1335.5,13141,2,2,18784.82,true,
SH31255,2024-10-06,Dubai,Hamburg,Northstar Logistics,Road,811.7,365,2,2,217.47,true,
SH32259,2024-10-06,Dubai,Ho Chi Minh City,Atlas Air Cargo,Air,185.7,7382,1,2,1877.19,true,
SH32543,2024-10-06,Rotterdam,Singapore,BlueWave Lines,Sea,183.8,3574,7,7,187.86,true,
SH32684,2024-10-06,Shanghai,Rotterdam,Meridian Freight,Sea,289.6,2701,6,6,184.64,true,
SH24403,2024-10-07,Shanghai,Dubai,BlueWave Lines,Sea,336.5,10474,18,18,459.62,true,
SH25280,2024-10-07,Busan,Shanghai,BlueWave Lines,Sea,1428.9,3583,7,8,591.05,true,
SH26088,2024-10-07,Singapore,Ho Chi Minh City,Meridian Freight,Road,556.4,1027,3,3,324.22,true,
SH26791,2024-10-07,Singapore,Rotterdam,BlueWave Lines,Sea,301.9,1451,4,4,165.71,true,
SH26988,2024-10-07,Ho Chi Minh City,Dubai,Atlas Air Cargo,Air,604.1,1319,1,1,973.81,true,
SH27659,2024-10-07,Busan,Shanghai,Northstar Logistics,Rail,809.2,1641,3,3,396.59,true,
SH29153,2024-10-07,Busan,Hamburg,Northstar Logistics,Sea,2502.6,7822,13,14,1651.01,true,
SH29332,2024-10-07,Busan,Dubai,Atlas Air Cargo,Air,344.0,13246,1,2,6003.5,true,
SH30233,2024-10-07,Singapore,Dubai,Swift Cargo,Sea,8159.7,8961,15,16,7995.94,true,
SH31236,2024-10-07,Hamburg,Ho Chi Minh City,BlueWave Lines,Sea,648.3,5552,11,11,460.92,true,
SH31288,2024-10-07,Hamburg,Rotterdam,Swift Cargo,Sea,1017.5,11007,19,19,1318.48,true,
SH32321,2024-10-07,Rotterdam,Singapore,Meridian Freight,Sea,2153.9,4766,9,9,1189.31,true,
SH32398,2024-10-07,Ho Chi Minh City,Singapore,Swift Cargo,Sea,1493.9,10425,18,18,1484.25,true,
SH32476,2024-10-07,Dubai,Shanghai,Northstar Logistics,Sea,1764.0,15692,26,26,3062.12,true,
SH25116,2024-10-08,Dubai,Hamburg,Meridian Freight,Sea,2159.5,6334,12,12,1347.42,true,
SH25818,2024-10-08,Ho Chi Minh City,Busan,Northstar Logistics,Sea,821.0,9244,15,16,759.31,true,
SH26365,2024-10-08,Dubai,Rotterdam,BlueWave Lines,Rail,664.6,1566,3,3,338.55,true,
SH26735,2024-10-08,Rotterdam,Busan,Northstar Logistics,Sea,1565.2,2762,6,6,569.37,true,Weather
SH29076,2024-10-08,Shanghai,Los Angeles,Northstar Logistics,Sea,2011.8,3674,8,8,907.8,true,
SH29187,2024-10-08,Singapore,Ho Chi Minh City,Swift Cargo,Road,816.4,1147,3,3,489.95,true,
SH29445,2024-10-08,Busan,Los Angeles,BlueWave Lines,Sea,2754.1,12405,20,21,3385.27,true,
SH31242,2024-10-08,Rotterdam,Ho Chi Minh City,BlueWave Lines,Rail,2355.5,1964,2,3,1066.27,true,
SH32280,2024-10-08,Dubai,Shanghai,Swift Cargo,Rail,1127.8,1028,1,2,395.07,true,
SH25245,2024-10-09,Hamburg,Shanghai,Atlas Air Cargo,Air,271.1,1842,1,1,753.42,true,
SH25249,2024-10-09,Hamburg,Shanghai,BlueWave Lines,Road,1109.4,674,2,2,430.36,true,
SH25410,2024-10-09,Shanghai,Busan,Meridian Freight,Road,719.8,2041,3,4,631.49,true,
SH25496,2024-10-09,Singapore,Rotterdam,Swift Cargo,Road,2721.1,523,3,2,653.84,false,Port congestion
SH26750,2024-10-09,Dubai,Busan,Northstar Logistics,Rail,1122.9,1375,7,3,415.46,false,Port congestion
SH27961,2024-10-09,Singapore,Ho Chi Minh City,Meridian Freight,Rail,505.1,1243,2,3,265.84,true,
SH29553,2024-10-09,Los Angeles,Dubai,Meridian Freight,Sea,1810.5,5781,11,11,1112.79,true,
SH29675,2024-10-09,Rotterdam,Dubai,Swift Cargo,Rail,1328.4,254,1,1,187.92,true,
SH31964,2024-10-09,Singapore,Shanghai,Northstar Logistics,Sea,5822.5,3619,8,8,2075.46,true,
SH32487,2024-10-09,Dubai,Hamburg,Swift Cargo,Rail,737.9,2120,4,4,443.19,true,
SH32663,2024-10-09,Singapore,Ho Chi Minh City,Atlas Air Cargo,Air,148.9,9831,2,2,1600.98,true,
SH24324,2024-10-10,Los Angeles,Singapore,Northstar Logistics,Sea,609.7,9572,17,17,722.43,true,
SH24833,2024-10-10,Los Angeles,Ho Chi Minh City,Atlas Air Cargo,Air,142.5,4427,1,1,939.71,true,
SH25058,2024-10-10,Busan,Dubai,Atlas Air Cargo,Air,116.4,14526,3,3,1750.86,true,
SH25182,2024-10-10,Busan,Ho Chi Minh City,Swift Cargo,Sea,997.9,15219,24,25,1396.65,true,
SH26790,2024-10-10,Ho Chi Minh City,Dubai,Meridian Freight,Sea,785.0,14485,23,24,1340.42,true,
SH26905,2024-10-10,Los Angeles,Ho Chi Minh City,Northstar Logistics,Rail,436.5,583,2,2,177.69,true,
SH27982,2024-10-10,Shanghai,Singapore,Meridian Freight,Sea,571.8,4088,8,8,330.85,true,
SH28725,2024-10-10,Dubai,Ho Chi Minh City,Northstar Logistics,Sea,459.7,5391,10,10,343.49,true,
SH29237,2024-10-10,Shanghai,Busan,Swift Cargo,Road,1426.9,2365,5,5,1365.77,true,
SH29329,2024-10-10,Rotterdam,Ho Chi Minh City,Northstar Logistics,Sea,1363.2,13995,24,24,1851.25,true,
SH29363,2024-10-10,Dubai,Los Angeles,Northstar Logistics,Sea,1544.2,14842,25,25,2140.12,true,
SH29399,2024-10-10,Singapore,Busan,Atlas Air Cargo,Air,73.8,11616,2,2,986.65,true,
SH29498,2024-10-10,Rotterdam,Ho Chi Minh City,BlueWave Lines,Sea,8830.9,2981,6,7,2831.78,true,
SH31046,2024-10-10,Shanghai,Rotterdam,Meridian Freight,Sea,3498.0,10432,17,18,3977.67,true,
SH31870,2024-10-10,Dubai,Shanghai,Swift Cargo,Sea,2350.8,9944,17,17,1943.57,true,
SH31881,2024-10-10,Rotterdam,Dubai,BlueWave Lines,Sea,4277.5,4140,7,8,1889.48,true,
SH32534,2024-10-10,Hamburg,Busan,Meridian Freight,Sea,789.1,11859,23,20,997.46,false,Customs
SH32716,2024-10-10,Singapore,Hamburg,Northstar Logistics,Sea,966.1,9707,16,17,1104.36,true,
SH24483,2024-10-11,Singapore,Dubai,BlueWave Lines,Sea,1167.2,12913,22,22,1359.35,true,
SH26436,2024-10-11,Shanghai,Busan,Swift Cargo,Rail,1605.7,314,1,1,239.52,true,
SH26550,2024-10-11,Shanghai,Ho Chi Minh City,Atlas Air Cargo,Air,100.4,4398,1,1,579.28,true,
SH26585,2024-10-11,Los Angeles,Rotterdam,Atlas Air Cargo,Air,280.7,8676,2,2,3091.32,true,
SH26930,2024-10-11,Dubai,Ho Chi Minh City,Atlas Air Cargo,Air,894.4,15606,3,3,16801.44,true,
SH28719,2024-10-11,Hamburg,Rotterdam,BlueWave Lines,Sea,1497.8,12316,21,21,2037.98,true,
SH28871,2024-10-11,Rotterdam,Singapore,Atlas Air Cargo,Air,219.1,9595,2,2,2625.81,true,
SH29095,2024-10-11,Hamburg,Shanghai,BlueWave Lines,Sea,1745.9,2254,5,5,475.39,true,
SH30231,2024-10-11,Hamburg,Los Angeles,BlueWave Lines,Road,1619.0,1731,3,4,1056.4,true,
SH30590,2024-10-11,Ho Chi Minh City,Singapore,Northstar Logistics,Sea,1183.8,17644,28,29,2291.88,true,
SH31319,2024-10-11,Rotterdam,Shanghai,BlueWave Lines,Sea,470.4,16495,27,27,820.77,true,
SH32486,2024-10-11,Ho Chi Minh City,Dubai,Atlas Air Cargo,Air,48.1,12192,1,2,740.03,true,
SH32653,2024-10-11,Dubai,Los Angeles,BlueWave Lines,Rail,2787.5,1462,2,3,890.57,true,
SH26099,2024-10-12,Dubai,Los Angeles,Atlas Air Cargo,Air,340.6,15302,2,3,5614.46,true,
SH28422,2024-10-12,Los Angeles,Singapore,Meridian Freight,Sea,5724.1,17231,30,29,8223.39,false,Port congestion
SH28592,2024-10-12,Singapore,Los Angeles,Meridian Freight,Sea,2237.3,9258,16,16,2287.54,true,
SH30842,2024-10-12,Hamburg,Shanghai,Atlas Air Cargo,Air,632.6,13841,3,3,8412.83,true,
SH31057,2024-10-12,Los Angeles,Busan,Meridian Freight,Sea,16869.8,16435,26,27,26417.79,true,
SH31421,2024-10-12,Dubai,Hamburg,Meridian Freight,Sea,639.3,16854,28,28,1021.14,true,
SH31826,2024-10-12,Rotterdam,Hamburg,Atlas Air Cargo,Air,136.5,17904,2,3,3117.54,true,
SH32455,2024-10-12,Ho Chi Minh City,Busan,Atlas Air Cargo,Air,90.6,14589,3,3,1574.54,true,
SH32473,2024-10-12,Singapore,Ho Chi Minh City,Atlas Air Cargo,Air,206.5,13464,2,2,3368.35,true,
SH32742,2024-10-12,Rotterdam,Dubai,BlueWave Lines,Sea,3779.3,2547,6,6,1075.76,true,
SH32927,2024-10-12,Los Angeles,Singapore,Northstar Logistics,Sea,793.7,12398,21,21,1064.37,true,
SH24132,2024-10-13,Dubai,Busan,Meridian Freight,Sea,2095.1,7480,14,14,1482.6,true,
SH25493,2024-10-13,Hamburg,Dubai,Northstar Logistics,Road,886.9,1230,3,3,461.67,true,
SH28597,2024-10-13,Hamburg,Los Angeles,Northstar Logistics,Sea,2673.7,4120,8,8,1132.19,true,
SH30103,2024-10-13,Hamburg,Rotterdam,Northstar Logistics,Rail,1128.5,964,2,2,323.8,true,
SH30937,2024-10-13,Rotterdam,Los Angeles,BlueWave Lines,Sea,645.4,13968,22,23,1075.36,true,
SH31274,2024-10-13,Singapore,Busan,BlueWave Lines,Sea,2168.1,17556,29,29,3375.53,true,
SH31391,2024-10-13,Dubai,Rotterdam,Swift Cargo,Sea,3647.7,7021,13,13,2209.68,true,
SH31456,2024-10-13,Rotterdam,Singapore,Meridian Freight,Sea,1987.3,10110,18,18,2012.47,true,
SH32239,2024-10-13,Hamburg,Ho Chi Minh City,Swift Cargo,Sea,5382.6,14511,23,24,8001.52,true,
SH32626,2024-10-13,Busan,Dubai,Atlas Air Cargo,Air,355.0,16611,2,3,7738.34,true,
SH24875,2024-10-14,Busan,Hamburg,Atlas Air Cargo,Air,284.9,16965,2,3,5091.52,true,
SH25193,2024-10-14,Hamburg,Busan,BlueWave Lines,Sea,222.5,5014,10,10,230.75,true,
SH25380,2024-10-14,Ho Chi Minh City,Los Angeles,Meridian Freight,Sea,1419.9,15386,25,26,2377.26,true,
SH29066,2024-10-14,Shanghai,Los Angeles,Northstar Logistics,Sea,329.9,9622,19,17,437.69,false,Weather
SH30971,2024-10-14,Hamburg,Singapore,Northstar Logistics,Sea,404.6,4779,9,9,268.09,true,
SH32801,2024-10-14,Ho Chi Minh City,Singapore,BlueWave Lines,Sea,979.8,14068,23,24,1240.6,true,
SH24091,2024-10-15,Los Angeles,Singapore,BlueWave Lines,Sea,238.5,4730,9,9,237.45,true,
SH24348,2024-10-15,Hamburg,Dubai,Atlas Air Cargo,Air,217.6,10503,2,2,2795.25,true,
SH24352,2024-10-15,Shanghai,Dubai,Meridian Freight,Sea,1335.2,15705,25,26,1932.39,true,
SH25302,2024-10-15,Rotterdam,Shanghai,Northstar Logistics,Sea,1862.6,11933,19,20,2462.36,true,
SH25505,2024-10-15,Rotterdam,Los Angeles,BlueWave Lines,Sea,901.4,9023,16,16,790.39,true,
SH25805,2024-10-15,Los Angeles,Busan,Swift Cargo,Road,3571.2,960,3,3,1431.4,true,
SH25984,2024-10-15,Busan,Hamburg,Atlas Air Cargo,Air,168.0,15165,3,3,3201.15,true,Port congestion
SH26087,2024-10-15,Hamburg,Dubai,Swift Cargo,Rail,1310.9,2095,4,4,703.45,true,
SH26666,2024-10-15,Singapore,Rotterdam,Northstar Logistics,Rail,338.4,1691,2,3,255.8,true,
SH28852,2024-10-15,Busan,Dubai,Swift Cargo,Sea,583.0,10942,19,19,773.57,true,
SH30162,2024-10-15,Dubai,Ho Chi Minh City,Swift Cargo,Sea,1345.8,9695,16,17,1291.76,true,
SH31359,2024-10-15,Ho Chi Minh City,Singapore,Swift Cargo,Road,489.9,2044,4,4,430.26,true,
SH31545,2024-10-15,Singapore,Ho Chi Minh City,Swift Cargo,Road,2977.0,1028,3,3,1072.66,true,
SH32047,2024-10-15,Shanghai,Ho Chi Minh City,Atlas Air Cargo,Air,481.9,17597,3,3,9811.36,true,
SH32504,2024-10-15,Hamburg,Los Angeles,Meridian Freight,Sea,1776.6,17292,33,29,2881.13,false,Port congestion
SH24520,2024-10-16,Busan,Shanghai,BlueWave Lines,Rail,1202.8,1993,3,3,594.07,true,
SH25258,2024-10-16,Busan,Los Angeles,BlueWave Lines,Sea,1169.0,3037,7,7,433.21,true,
SH26026,2024-10-16,Los Angeles,Singapore,Atlas Air Cargo,Air,349.3,10329,1,2,4120.08,true,
SH28697,2024-10-16,Singapore,Ho Chi Minh City,Atlas Air Cargo,Air,836.2,12997,2,2,12233.43,true,
SH28743,2024-10-16,Shanghai,Dubai,Atlas Air Cargo,Air,163.0,2334,1,1,488.22,true,
SH29685,2024-10-16,Los Angeles,Busan,Swift Cargo,Sea,1674.5,14160,24,24,1952.3,true,
SH29878,2024-10-16,Dubai,Hamburg,Atlas Air Cargo,Air,182.7,11831,1,2,2645.05,true,
SH30222,2024-10-16,Ho Chi Minh City,Los Angeles,BlueWave Lines,Sea,1244.7,6009,10,11,799.63,true,
SH30420,2024-10-16,Hamburg,Singapore,Northstar Logistics,Sea,1375.1,15778,26,26,2030.57,true,
SH31453,2024-10-16,Los Angeles,Rotterdam,Northstar Logistics,Rail,4601.4,1133,1,2,1314.85,true,
SH32688,2024-10-16,Shanghai,Singapore,BlueWave Lines,Sea,460.5,10594,18,18,571.42,true,
SH32803,2024-10-16,Hamburg,Shanghai,Swift Cargo,Sea,322.2,5807,20,11,320.7,false,Documentation
SH32924,2024-10-16,Singapore,Ho Chi Minh City,Northstar Logistics,Road,1819.7,2356,4,5,1887.82,true,
SH24726,2024-10-17,Shanghai,Los Angeles,BlueWave Lines,Road,1067.8,221,1,1,192.8,true,
SH24996,2024-10-17,Shanghai,Rotterdam,Meridian Freight,Sea,4137.4,3219,7,7,1243.9,true,
SH25056,2024-10-17,Los Angeles,Singapore,Swift Cargo,Sea,1884.8,8177,14,15,1609.99,true,
SH25643,2024-10-17,Ho Chi Minh City,Los Angeles,Meridian Freight,Sea,2013.0,9314,16,16,1737.95,true,
SH25969,2024-10-17,Dubai,Shanghai,Northstar Logistics,Sea,491.7,5712,11,11,339.85,true,
SH26084,2024-10-17,Dubai,Singapore,Meridian Freight,Sea,600.2,3513,6,7,335.31,true,
SH26553,2024-10-17,Ho Chi Minh City,Los Angeles,BlueWave Lines,Sea,301.3,13868,23,23,474.15,true,
SH26617,2024-10-17,Ho Chi Minh City,Rotterdam,Meridian Freight,Sea,553.0,8717,15,15,507.2,true,
SH27794,2024-10-17,Ho Chi Minh City,Los Angeles,Meridian Freight,Sea,1214.8,3328,6,7,465.58,true,
SH28373,2024-10-17,Ho Chi Minh City,Shanghai,Meridian Freight,Sea,1311.4,4238,9,9,646.9,true,
SH28838,2024-10-17,Los Angeles,Ho Chi Minh City,Atlas Air Cargo,Air,230.9,13139,2,2,3508.87,true,
SH29388,2024-10-17,Shanghai,Los Angeles,Northstar Logistics,Rail,865.1,1018,8,2,291.42,false,Port congestion
SH30385,2024-10-17,Rotterdam,Busan,Northstar Logistics,Sea,1012.2,8536,15,15,796.48,true,
SH30757,2024-10-17,Singapore,Dubai,Atlas Air Cargo,Air,204.5,4752,2,2,1207.54,true,
SH31835,2024-10-17,Hamburg,Los Angeles,Swift Cargo,Sea,325.8,6226,12,12,326.71,true,
SH32667,2024-10-17,Hamburg,Ho Chi Minh City,Northstar Logistics,Sea,562.2,5528,14,11,435.74,false,Port congestion
SH32955,2024-10-17,Rotterdam,Los Angeles,BlueWave Lines,Sea,433.2,5007,10,10,303.58,true,
SH25711,2024-10-18,Rotterdam,Los Angeles,Atlas Air Cargo,Air,64.5,9163,2,2,740.87,true,
SH26975,2024-10-18,Hamburg,Shanghai,Northstar Logistics,Sea,909.2,5237,10,10,587.58,true,
SH27472,2024-10-18,Busan,Rotterdam,BlueWave Lines,Sea,761.1,1288,4,4,196.1,true,
SH31879,2024-10-18,Rotterdam,Shanghai,Swift Cargo,Road,1701.8,1522,4,4,905.27,true,
SH32910,2024-10-18,Rotterdam,Dubai,Atlas Air Cargo,Air,395.7,14737,3,3,5799.25,true,
SH32959,2024-10-18,Shanghai,Busan,Swift Cargo,Sea,392.8,9661,17,17,450.3,true,
SH26527,2024-10-19,Hamburg,Shanghai,Swift Cargo,Rail,1366.7,1156,1,2,485.42,true,
SH26583,2024-10-19,Shanghai,Singapore,Northstar Logistics,Road,3477.7,2285,7,5,3394.52,false,Port congestion
SH27535,2024-10-19,Ho Chi Minh City,Singapore,Atlas Air Cargo,Air,66.5,3573,1,1,406.19,true,
SH27960,2024-10-19,Shanghai,Dubai,Atlas Air Cargo,Air,532.0,17790,3,3,12144.61,true,
SH29099,2024-10-19,Los Angeles,Busan,Swift Cargo,Road,3626.9,1669,4,4,2530.77,true,
SH29452,2024-10-19,Los Angeles,Busan,Atlas Air Cargo,Air,138.9,16818,3,3,3117.39,true,
SH29672,2024-10-19,Dubai,Ho Chi Minh City,Meridian Freight,Sea,3054.0,16876,27,28,5524.59,true,
SH29730,2024-10-19,Dubai,Los Angeles,Northstar Logistics,Sea,981.7,7616,13,14,846.94,true,
SH30539,2024-10-19,Shanghai,Dubai,Swift Cargo,Sea,441.2,6178,12,12,360.36,true,
SH31333,2024-10-19,Singapore,Rotterdam,Swift Cargo,Road,1378.2,356,2,2,291.25,true,
SH31532,2024-10-19,Singapore,Dubai,Northstar Logistics,Road,2296.7,2356,5,5,1750.51,true,
SH32526,2024-10-19,Singapore,Dubai,Swift Cargo,Road,861.1,652,6,2,293.26,false,Equipment
SH24174,2024-10-20,Rotterdam,Los Angeles,BlueWave Lines,Rail,648.5,858,2,2,261.69,true,
SH24343,2024-10-20,Singapore,Hamburg,Meridian Freight,Road,1240.7,2500,5,5,1295.77,true,
SH26174,2024-10-20,Dubai,Shanghai,BlueWave Lines,Sea,490.1,2227,5,5,210.47,true,
SH26537,2024-10-20,Busan,Hamburg,Meridian Freight,Sea,1835.1,9909,17,17,1893.5,true,
SH27283,2024-10-20,Ho Chi Minh City,Shanghai,Meridian Freight,Road,2126.3,481,1,2,476.5,true,
SH27331,2024-10-20,Hamburg,Rotterdam,Swift Cargo,Rail,1863.9,440,2,2,328.08,true,
SH27744,2024-10-20,Rotterdam,Los Angeles,Swift Cargo,Sea,609.3,6903,12,13,488.66,true,
SH28362,2024-10-20,Rotterdam,Singapore,Swift Cargo,Sea,1720.3,5356,9,10,937.64,true,
SH29276,2024-10-20,Hamburg,Dubai,Meridian Freight,Rail,1377.5,1916,3,3,748.97,true,
SH31971,2024-10-20,Hamburg,Los Angeles,Meridian Freight,Sea,2221.0,12924,21,22,2813.83,true,
SH32432,2024-10-20,Ho Chi Minh City,Rotterdam,Northstar Logistics,Sea,4188.6,4156,17,8,1910.79,false,Weather
SH24299,2024-10-21,Rotterdam,Los Angeles,Atlas Air Cargo,Air,226.5,2994,1,1,893.01,true,
SH24325,2024-10-21,Singapore,Dubai,Swift Cargo,Rail,643.0,488,1,2,198.34,true,
SH25577,2024-10-21,Rotterdam,Shanghai,BlueWave Lines,Sea,765.2,13004,21,22,995.51,true,
SH25966,2024-10-21,Singapore,Dubai,Swift Cargo,Sea,854.3,8515,15,15,835.56,true,
SH26502,2024-10-21,Los Angeles,Shanghai,Meridian Freight,Sea,647.0,7674,14,14,517.27,true,
SH26702,2024-10-21,Dubai,Rotterdam,Swift Cargo,Sea,2001.6,2730,6,6,693.74,true,
SH27958,2024-10-21,Rotterdam,Ho Chi Minh City,Atlas Air Cargo,Air,151.2,10120,1,2,2136.65,true,
SH29385,2024-10-21,Hamburg,Shanghai,Atlas Air Cargo,Air,126.4,9844,1,2,1705.29,true,
SH29828,2024-10-21,Busan,Singapore,Swift Cargo,Sea,1795.9,6143,10,11,1128.5,true,
SH30776,2024-10-21,Dubai,Busan,Atlas Air Cargo,Air,85.1,9410,1,2,997.12,true,
SH31107,2024-10-21,Hamburg,Los Angeles,BlueWave Lines,Sea,948.6,14242,24,24,1573.76,true,
SH31210,2024-10-21,Dubai,Los Angeles,Atlas Air Cargo,Air,253.3,10927,1,2,2782.65,true,
SH31999,2024-10-21,Hamburg,Dubai,Atlas Air Cargo,Air,190.7,3386,1,1,877.52,true,
SH32372,2024-10-21,Singapore,Hamburg,Meridian Freight,Sea,3615.0,14367,24,24,5259.8,true,
SH32957,2024-10-21,Busan,Hamburg,BlueWave Lines,Sea,1715.3,15067,25,25,2888.63,true,
SH24245,2024-10-22,Rotterdam,Shanghai,Swift Cargo,Sea,1588.5,16734,27,28,2646.21,true,
SH24569,2024-10-22,Shanghai,Hamburg,Northstar Logistics,Sea,450.2,16842,28,28,753.81,true,
SH24817,2024-10-22,Shanghai,Busan,BlueWave Lines,Sea,1563.6,7981,13,14,1364.75,true,
SH25050,2024-10-22,Dubai,Busan,Swift Cargo,Sea,1807.8,2463,6,6,596.44,true,
SH26410,2024-10-22,Singapore,Rotterdam,Meridian Freight,Sea,3639.9,8804,15,16,2842.06,true,
SH27150,2024-10-22,Ho Chi Minh City,Shanghai,Atlas Air Cargo,Air,90.2,3413,1,1,439.53,true,
SH27719,2024-10-22,Hamburg,Shanghai,BlueWave Lines,Sea,450.3,16691,28,28,748.07,true,
SH28210,2024-10-22,Hamburg,Rotterdam,Swift Cargo,Sea,1062.7,11767,20,20,1173.13,true,
SH28640,2024-10-22,Hamburg,Busan,Northstar Logistics,Sea,1820.3,9050,16,16,1797.5,true,
SH28902,2024-10-22,Shanghai,Singapore,Swift Cargo,Road,1785.4,153,1,1,225.54,true,
SH29503,2024-10-22,Hamburg,Los Angeles,Atlas Air Cargo,Air,214.3,11005,1,2,2652.12,true,
SH30038,2024-10-22,Los Angeles,Shanghai,Meridian Freight,Sea,1068.7,16167,27,27,1741.73,true,
SH30369,2024-10-22,Dubai,Shanghai,Atlas Air Cargo,Air,374.6,4727,2,2,1776.76,true,
SH30692,2024-10-22,Dubai,Singapore,Northstar Logistics,Sea,987.4,9521,16,17,1054.41,true,
SH30794,2024-10-22,Shanghai,Busan,Swift Cargo,Sea,1062.2,12491,20,21,1532.37,true,
SH31406,2024-10-22,Hamburg,Dubai,Atlas Air Cargo,Air,188.9,3396,1,1,725.87,true,
SH32427,2024-10-22,Hamburg,Singapore,BlueWave Lines,Sea,2864.1,8576,15,15,2171.72,true,
SH24801,2024-10-23,Hamburg,Busan,Northstar Logistics,Rail,1504.0,1387,3,3,542.66,true,
SH25131,2024-10-23,Rotterdam,Los Angeles,Northstar Logistics,Sea,1522.2,8850,18,16,1493.28,false,Customs
SH25417,2024-10-23,Los Angeles,Hamburg,Swift Cargo,Sea,1781.1,15262,25,25,2754.55,true,
SH25427,2024-10-23,Shanghai,Singapore,BlueWave Lines,Sea,4226.0,6583,11,12,2324.72,true,
SH25825,2024-10-23,Singapore,Busan,Meridian Freight,Sea,1827.5,7255,12,13,1190.04,true,
SH25975,2024-10-23,Busan,Singapore,Meridian Freight,Sea,1290.8,2227,5,5,429.73,true,
SH26292,2024-10-23,Shanghai,Ho Chi Minh City,Atlas Air Cargo,Air,201.6,1232,1,1,399.35,true,
SH26625,2024-10-23,Hamburg,Shanghai,Meridian Freight,Sea,1246.5,3896,8,8,583.59,true,
SH26673,2024-10-23,Rotterdam,Dubai,Swift Cargo,Sea,919.3,14304,23,24,1514.31,true,
SH26832,2024-10-23,Busan,Hamburg,BlueWave Lines,Sea,993.9,11086,19,19,1289.46,true,
SH27251,2024-10-23,Los Angeles,Singapore,BlueWave Lines,Sea,1389.9,12854,22,22,1632.91,true,
SH27340,2024-10-23,Hamburg,Los Angeles,Swift Cargo,Road,254.1,488,2,2,167.43,true,
SH27461,2024-10-23,Busan,Rotterdam,Atlas Air Cargo,Air,260.3,13340,10,2,3622.31,false,Customs
SH28717,2024-10-23,Singapore,Busan,Meridian Freight,Sea,799.4,17931,30,30,1635.84,true,
SH28740,2024-10-23,Singapore,Shanghai,BlueWave Lines,Sea,6928.4,8724,15,15,5521.94,true,
SH29337,2024-10-23,Rotterdam,Dubai,Northstar Logistics,Rail,2961.9,529,2,2,527.73,true,
SH29908,2024-10-23,Busan,Singapore,Atlas Air Cargo,Air,136.8,17769,2,3,2557.72,true,
SH30266,2024-10-23,Rotterdam,Singapore,BlueWave Lines,Rail,1961.5,2487,4,4,1041.28,true,
SH30382,2024-10-23,Shanghai,Busan,Meridian Freight,Sea,1011.9,12203,21,21,1365.96,true,
SH32204,2024-10-23,Shanghai,Singapore,Atlas Air Cargo,Air,70.4,6258,2,2,661.58,true,
SH24516,2024-10-24,Singapore,Shanghai,Swift Cargo,Sea,752.5,3247,7,7,310.73,true,
SH26085,2024-10-24,Busan,Shanghai,Atlas Air Cargo,Air,278.4,11952,2,2,3681.03,true,
SH26607,2024-10-24,Singapore,Busan,Atlas Air Cargo,Air,318.8,11378,2,2,4797.43,true,
SH28943,2024-10-24,Ho Chi Minh City,Hamburg,BlueWave Lines,Sea,611.5,5678,10,11,428.17,true,
SH29128,2024-10-24,Rotterdam,Shanghai,Swift Cargo,Sea,1638.0,2976,6,7,513.31,true,
SH29938,2024-10-24,Ho Chi Minh City,Shanghai,Atlas Air Cargo,Air,74.0,4437,1,1,549.03,true,
SH30023,2024-10-24,Shanghai,Busan,BlueWave Lines,Sea,455.7,10528,18,18,500.0,true,
SH30294,2024-10-24,Dubai,Busan,Atlas Air Cargo,Air,210.3,10858,2,2,2431.76,true,
SH30687,2024-10-24,Los Angeles,Rotterdam,Swift Cargo,Sea,722.0,10823,19,19,959.04,true,
SH31433,2024-10-24,Ho Chi Minh City,Hamburg,Swift Cargo,Sea,464.5,10812,19,19,626.85,true,
SH31482,2024-10-24,Rotterdam,Shanghai,Northstar Logistics,Sea,712.6,7831,14,14,556.27,true,
SH31767,2024-10-24,Singapore,Los Angeles,Northstar Logistics,Sea,340.6,2753,8,6,215.9,false,Equipment
SH32643,2024-10-24,Dubai,Los Angeles,BlueWave Lines,Rail,3430.6,188,1,1,264.33,true,
SH32753,2024-10-24,Singapore,Hamburg,BlueWave Lines,Sea,6355.7,14147,24,24,7200.67,true,
SH24315,2024-10-25,Shanghai,Rotterdam,Northstar Logistics,Sea,480.6,3138,7,7,240.24,true,
SH24937,2024-10-25,Busan,Rotterdam,Swift Cargo,Sea,2782.0,6033,10,11,1627.57,true,
SH25962,2024-10-25,Hamburg,Ho Chi Minh City,Meridian Freight,Sea,2963.6,3586,8,8,1153.78,true,
SH26431,2024-10-25,Rotterdam,Busan,BlueWave Lines,Sea,1905.7,2371,5,6,571.77,true,
SH27526,2024-10-25,Singapore,Dubai,Meridian Freight,Sea,2456.0,17952,30,30,4438.19,true,
SH28077,2024-10-25,Singapore,Hamburg,Atlas Air Cargo,Air,180.8,7746,2,2,1919.91,true,
SH28091,2024-10-25,Busan,Rotterdam,Swift Cargo,Sea,946.2,16509,27,27,1399.76,true,
SH28352,2024-10-25,Dubai,Hamburg,Meridian Freight,Sea,1112.0,15415,26,26,1489.77,true,
SH28686,2024-10-25,Shanghai,Singapore,Swift Cargo,Sea,654.9,1527,3,4,198.13,true,
SH29613,2024-10-25,Hamburg,Dubai,BlueWave Lines,Road,495.9,2205,5,5,469.98,true,
SH29991,2024-10-25,Dubai,Shanghai,BlueWave Lines,Sea,363.3,5627,10,11,303.93,true,
SH30749,2024-10-25,Shanghai,Ho Chi Minh City,Northstar Logistics,Road,730.4,1710,4,4,554.85,true,
SH30800,2024-10-25,Singapore,Rotterdam,BlueWave Lines,Sea,293.8,15029,24,25,523.08,true,
SH31591,2024-10-25,Shanghai,Dubai,Atlas Air Cargo,Air,301.8,15144,3,3,4680.98,true,
SH31749,2024-10-25,Busan,Shanghai,Meridian Freight,Sea,8479.1,11621,22,20,8297.38,false,Port congestion
SH24310,2024-10-26,Busan,Hamburg,Northstar Logistics,Sea,1901.0,11501,19,20,1892.81,true,
SH25755,2024-10-26,Ho Chi Minh City,Shanghai,BlueWave Lines,Sea,1101.7,2639,5,6,365.83,true,
SH27375,2024-10-26,Dubai,Rotterdam,Meridian Freight,Sea,4970.9,6933,12,13,3137.13,true,
SH27669,2024-10-26,Rotterdam,Los Angeles,Atlas Air Cargo,Air,209.0,16228,3,3,4210.75,true,
SH27817,2024-10-26,Rotterdam,Singapore,Northstar Logistics,Rail,822.3,2215,3,4,473.76,true,
SH28388,2024-10-26,Dubai,Ho Chi Minh City,Atlas Air Cargo,Air,272.9,4597,2,2,1743.83,true,
SH28701,2024-10-26,Busan,Los Angeles,BlueWave Lines,Rail,766.4,1249,3,3,348.96,true,
SH28963,2024-10-26,Los Angeles,Dubai,Meridian Freight,Sea,3299.1,9454,16,17,2599.03,true,
SH30556,2024-10-26,Shanghai,Dubai,Swift Cargo,Road,738.8,940,6,3,337.04,false,Port congestion
SH30993,2024-10-26,Ho Chi Minh City,Singapore,Atlas Air Cargo,Air,99.7,11798,2,2,1310.58,true,
SH31250,2024-10-26,Hamburg,Dubai,BlueWave Lines,Sea,1587.0,6195,12,12,917.62,true,Equipment
SH32171,2024-10-26,Hamburg,Shanghai,Northstar Logistics,Sea,634.2,13843,25,23,980.38,false,Weather
SH24940,2024-10-27,Rotterdam,Ho Chi Minh City,Swift Cargo,Sea,2036.0,11935,23,20,2516.66,false,Equipment
SH28703,2024-10-27,Shanghai,Dubai,Meridian Freight,Road,2043.3,1385,3,3,1074.25,true,
SH28893,2024-10-27,Ho Chi Minh City,Dubai,Northstar Logistics,Sea,884.0,5739,11,11,667.52,true,
SH28994,2024-10-27,Singapore,Rotterdam,Northstar Logistics,Sea,2951.8,12592,20,21,3644.94,true,
SH29315,2024-10-27,Busan,Ho Chi Minh City,Atlas Air Cargo,Air,367.5,4416,1,1,2206.83,true,
SH29324,2024-10-27,Los Angeles,Busan,Swift Cargo,Rail,2035.2,480,2,2,354.03,true,
SH29350,2024-10-27,Shanghai,Ho Chi Minh City,Northstar Logistics,Sea,1327.0,13580,23,23,1767.46,true,
SH29893,2024-10-27,Busan,Ho Chi Minh City,Atlas Air Cargo,Air,162.2,3865,1,1,723.35,true,
SH30097,2024-10-27,Rotterdam,Hamburg,Atlas Air Cargo,Air,406.1,15659,3,3,6985.89,true,
SH30270,2024-10-27,Shanghai,Busan,Northstar Logistics,Sea,1773.1,3376,7,7,578.91,true,
SH30352,2024-10-27,Busan,Rotterdam,Meridian Freight,Rail,327.5,2041,3,4,268.79,true,
SH31077,2024-10-27,Dubai,Singapore,Atlas Air Cargo,Air,264.4,5274,2,2,1559.31,true,
SH24094,2024-10-28,Ho Chi Minh City,Busan,Meridian Freight,Sea,1817.8,4028,8,8,785.62,true,
SH25172,2024-10-28,Busan,Rotterdam,Swift Cargo,Sea,1026.7,7340,13,13,920.71,true,
SH26335,2024-10-28,Los Angeles,Shanghai,Swift Cargo,Sea,813.7,13761,23,23,1304.49,true,
SH27020,2024-10-28,Rotterdam,Ho Chi Minh City,Atlas Air Cargo,Air,293.4,7008,2,2,2196.86,true,
SH28175,2024-10-28,Shanghai,Dubai,Swift Cargo,Sea,4951.5,5363,10,10,2608.77,true,
SH28647,2024-10-28,Ho Chi Minh City,Busan,Northstar Logistics,Rail,3231.5,2157,3,4,1821.91,true,
SH29389,2024-10-28,Los Angeles,Shanghai,Swift Cargo,Sea,864.6,10431,18,18,977.23,true,
SH29471,2024-10-28,Singapore,Shanghai,Meridian Freight,Sea,802.9,7735,14,14,712.27,true,Customs
SH31940,2024-10-28,Singapore,Hamburg,Atlas Air Cargo,Air,323.2,3737,1,1,1342.48,true,
SH32191,2024-10-28,Los Angeles,Singapore,Atlas Air Cargo,Air,231.0,11983,1,2,3623.1,true,
SH32194,2024-10-28,Busan,Dubai,Meridian Freight,Sea,2450.1,13520,23,23,3103.86,true,
SH32786,2024-10-28,Shanghai,Busan,Meridian Freight,Sea,640.6,7965,14,14,520.52,true,
SH32898,2024-10-28,Shanghai,Los Angeles,Atlas Air Cargo,Air,182.5,3289,1,1,878.64,true,
SH24010,2024-10-29,Rotterdam,Shanghai,Swift Cargo,Road,1534.0,224,1,1,226.01,true,
SH24302,2024-10-29,Dubai,Los Angeles,Swift Cargo,Sea,647.2,12685,21,22,896.57,true,
SH24401,2024-10-29,Ho Chi Minh City,Hamburg,Meridian Freight,Sea,2174.1,9718,18,17,2140.56,false,Port congestion
SH24572,2024-10-29,Dubai,Busan,Northstar Logistics,Sea,1415.5,2199,4,5,426.97,true,
SH24705,2024-10-29,Ho Chi Minh City,Busan,BlueWave Lines,Sea,107.7,12994,21,22,266.03,true,
SH25500,2024-10-29,Ho Chi Minh City,Rotterdam,BlueWave Lines,Sea,502.3,4646,17,9,315.91,false,Customs
SH25931,2024-10-29,Busan,Ho Chi Minh City,BlueWave Lines,Sea,1184.1,10535,20,18,1220.23,false,Port congestion
SH26273,2024-10-29,Busan,Dubai,Northstar Logistics,Rail,1722.5,1428,2,3,751.58,true,
SH26648,2024-10-29,Rotterdam,Ho Chi Minh City,Northstar Logistics,Sea,667.6,15706,26,26,1130.63,true,
SH28755,2024-10-29,Los Angeles,Rotterdam,Swift Cargo,Rail,767.8,1464,3,3,394.01,true,
SH29964,2024-10-29,Los Angeles,Shanghai,Northstar Logistics,Road,713.5,1310,3,3,432.9,true,
SH30337,2024-10-29,Rotterdam,Dubai,Meridian Freight,Sea,1598.2,15091,25,25,2288.43,true,
SH30361,2024-10-29,Rotterdam,Busan,Northstar Logistics,Road,403.1,170,1,1,141.89,true,
SH30547,2024-10-29,Hamburg,Busan,Swift Cargo,Sea,796.1,7586,15,14,649.73,false,Weather
SH31259,2024-10-29,Ho Chi Minh City,Hamburg,Swift Cargo,Sea,1845.0,16757,27,28,3025.31,true,
SH25221,2024-10-30,Hamburg,Ho Chi Minh City,BlueWave Lines,Sea,2069.6,1385,4,4,408.82,true,
SH26679,2024-10-30,Singapore,Rotterdam,Swift Cargo,Sea,1399.3,17388,28,29,2106.62,true,
SH27875,2024-10-30,Busan,Los Angeles,Swift Cargo,Sea,385.6,3756,8,8,251.84,true,
SH28333,2024-10-30,Shanghai,Busan,BlueWave Lines,Rail,868.7,1305,3,3,391.6,true,
SH30663,2024-10-30,Los Angeles,Dubai,Meridian Freight,Sea,2655.1,17419,29,29,3686.41,true,
SH30770,2024-10-30,Dubai,Singapore,BlueWave Lines,Road,2655.0,2099,4,4,1883.92,true,
SH31607,2024-10-30,Los Angeles,Busan,Swift Cargo,Sea,472.3,3073,7,7,238.01,true,
SH32175,2024-10-30,Busan,Shanghai,Meridian Freight,Sea,4376.6,7686,14,14,2968.8,true,
SH32980,2024-10-30,Los Angeles,Busan,Northstar Logistics,Road,1326.5,1908,3,4,1162.56,true,
SH24773,2024-10-31,Ho Chi Minh City,Singapore,BlueWave Lines,Rail,2820.3,1892,3,3,1434.51,true,
SH24981,2024-10-31,Busan,Dubai,BlueWave Lines,Sea,4464.1,1480,4,4,694.75,true,
SH26389,2024-10-31,Shanghai,Ho Chi Minh City,Meridian Freight,Sea,809.0,14259,24,24,1169.62,true,
SH28065,2024-10-31,Hamburg,Ho Chi Minh City,BlueWave Lines,Sea,757.2,12427,21,21,1085.17,true,
SH28461,2024-10-31,Shanghai,Singapore,Meridian Freight,Road,1955.1,1225,2,3,1042.05,true,
SH28500,2024-10-31,Busan,Rotterdam,Swift Cargo,Rail,574.5,743,1,2,220.99,true,
SH31342,2024-10-31,Shanghai,Rotterdam,BlueWave Lines,Sea,1417.5,17342,29,29,2589.0,true,
SH32054,2024-10-31,Shanghai,Rotterdam,Northstar Logistics,Rail,608.2,480,2,2,181.26,true,
SH25099,2024-11-01,Busan,Los Angeles,Meridian Freight,Sea,1232.5,12523,21,21,1494.29,true,
SH26011,2024-11-01,Shanghai,Busan,BlueWave Lines,Sea,1439.1,2236,4,5,407.14,true,
SH26150,2024-11-01,Hamburg,Shanghai,Meridian Freight,Sea,556.2,6980,13,13,424.75,true,
SH27622,2024-11-01,Busan,Singapore,Northstar Logistics,Road,3343.2,2213,6,5,2519.0,false,Customs
SH27890,2024-11-01,Singapore,Los Angeles,Swift Cargo,Sea,900.1,16908,28,28,1703.16,true,
SH28339,2024-11-01,Los Angeles,Ho Chi Minh City,Swift Cargo,Sea,1960.1,4882,10,10,1064.24,true,
SH28685,2024-11-01,Shanghai,Hamburg,BlueWave Lines,Sea,815.8,15281,26,26,1223.27,true,
SH29144,2024-11-01,Busan,Shanghai,Northstar Logistics,Sea,130.8,17771,29,29,341.16,true,
SH29508,2024-11-01,Singapore,Rotterdam,BlueWave Lines,Rail,771.8,1040,2,2,300.76,true,
SH29915,2024-11-01,Los Angeles,Dubai,Northstar Logistics,Road,340.8,1456,5,3,297.85,false,Equipment
SH31395,2024-11-01,Busan,Shanghai,Meridian Freight,Sea,1743.4,8413,14,15,1265.38,true,
SH32037,2024-11-01,Shanghai,Dubai,Northstar Logistics,Sea,961.8,4779,8,9,517.49,true,
SH32088,2024-11-01,Singapore,Los Angeles,Swift Cargo,Sea,824.0,8217,15,15,741.23,true,
SH32257,2024-11-01,Dubai,Los Angeles,Meridian Freight,Sea,152.5,16250,27,27,373.34,true,
SH32509,2024-11-01,Ho Chi Minh City,Busan,Atlas Air Cargo,Air,288.8,17673,3,3,6379.61,true,
SH32755,2024-11-01,Singapore,Ho Chi Minh City,Atlas Air Cargo,Air,430.3,3040,1,1,1608.68,true,
SH27207,2024-11-02,Shanghai,Ho Chi Minh City,Northstar Logistics,Sea,917.4,1215,6,4,212.08,false,Weather
SH27385,2024-11-02,Rotterdam,Los Angeles,Meridian Freight,Sea,1110.1,5629,10,11,720.59,true,
SH28663,2024-11-02,Ho Chi Minh City,Singapore,Meridian Freight,Sea,1760.9,4814,9,9,794.59,true,
SH29031,2024-11-02,Rotterdam,Dubai,BlueWave Lines,Sea,1175.1,15014,24,25,1557.41,true,
SH30781,2024-11-02,Ho Chi Minh City,Hamburg,BlueWave Lines,Sea,1465.2,15647,26,26,1952.33,true,Documentation
SH31351,2024-11-02,Shanghai,Dubai,Swift Cargo,Sea,2216.5,9604,17,17,2412.9,true,
SH31994,2024-11-02,Los Angeles,Dubai,Northstar Logistics,Sea,1258.7,15288,25,26,2028.32,true,
SH32021,2024-11-02,Ho Chi Minh City,Singapore,BlueWave Lines,Road,1450.7,1936,4,4,997.97,true,
SH32726,2024-11-02,Ho Chi Minh City,Dubai,BlueWave Lines,Sea,1316.0,2072,4,5,352.4,true,
SH32743,2024-11-02,Hamburg,Shanghai,Northstar Logistics,Road,1268.8,1323,3,3,824.68,true,
SH24586,2024-11-03,Shanghai,Singapore,Swift Cargo,Sea,584.2,12065,21,21,801.59,true,
SH24821,2024-11-03,Hamburg,Busan,Northstar Logistics,Sea,1357.6,15080,25,25,2322.78,true,
SH25782,2024-11-03,Rotterdam,Dubai,Atlas Air Cargo,Air,1702.4,2760,1,1,4802.9,true,
SH25886,2024-11-03,Ho Chi Minh City,Shanghai,Meridian Freight,Sea,2203.3,11089,19,19,2132.99,true,
SH28241,2024-11-03,Ho Chi Minh City,Hamburg,Northstar Logistics,Sea,672.8,2065,5,5,257.36,true,
SH29353,2024-11-03,Shanghai,Rotterdam,BlueWave Lines,Sea,871.0,14090,24,24,1079.71,true,
SH31697,2024-11-03,Shanghai,Busan,Atlas Air Cargo,Air,133.5,16274,3,3,2945.73,true,
SH32733,2024-11-03,Busan,Los Angeles,Northstar Logistics,Sea,684.1,12524,20,21,975.75,true,
SH25440,2024-11-04,Los Angeles,Dubai,Northstar Logistics,Sea,2248.5,8035,14,14,1595.62,true,
SH25514,2024-11-04,Busan,Ho Chi Minh City,Northstar Logistics,Sea,543.4,10195,18,18,591.83,true,
SH26438,2024-11-04,Ho Chi Minh City,Shanghai,BlueWave Lines,Sea,4105.1,9446,17,17,3128.41,true,
SH26856,2024-11-04,Busan,Singapore,Swift Cargo,Sea,872.8,11798,20,20,1191.17,true,
SH27582,2024-11-04,Busan,Los Angeles,Meridian Freight,Sea,1579.0,3470,7,7,651.44,true,
SH27695,2024-11-04,Ho Chi Minh City,Shanghai,BlueWave Lines,Sea,2870.7,7431,13,13,2276.49,true,
SH28202,2024-11-04,Singapore,Los Angeles,BlueWave Lines,Sea,1508.5,15107,25,25,2271.44,true,
SH28809,2024-11-04,Busan,Ho Chi Minh City,Northstar Logistics,Sea,1078.4,15503,26,26,1720.41,true,
SH28863,2024-11-04,Hamburg,Busan,Northstar Logistics,Road,2878.2,1915,5,4,2190.28,false,Documentation
SH29098,2024-11-04,Rotterdam,Busan,BlueWave Lines,Rail,562.6,2333,5,4,371.68,false,Port congestion
SH30076,2024-11-04,Ho Chi Minh City,Los Angeles,Swift Cargo,Sea,1950.6,10561,18,18,1943.17,true,
SH30187,2024-11-04,Hamburg,Rotterdam,Meridian Freight,Sea,769.2,7744,13,14,614.92,true,
SH32650,2024-11-04,Singapore,Hamburg,Swift Cargo,Sea,1140.3,5697,10,11,750.24,true,
SH24230,2024-11-05,Busan,Rotterdam,Meridian Freight,Road,2187.6,203,1,1,268.08,true,
SH24303,2024-11-05,Dubai,Hamburg,Meridian Freight,Sea,765.9,10135,18,18,956.7,true,
SH24468,2024-11-05,Los Angeles,Rotterdam,BlueWave Lines,Sea,2037.6,16437,27,27,3133.86,true,
SH24618,2024-11-05,Busan,Los Angeles,Atlas Air Cargo,Air,89.7,3526,1,1,429.94,true,
SH26118,2024-11-05,Shanghai,Los Angeles,Northstar Logistics,Sea,1099.2,11060,19,19,1101.53,true,
SH28112,2024-11-05,Rotterdam,Singapore,Northstar Logistics,Sea,2536.7,8059,14,14,2150.27,true,
SH30531,2024-11-05,Busan,Ho Chi Minh City,Swift Cargo,Sea,276.2,4519,8,9,241.16,true,
SH24887,2024-11-06,Shanghai,Rotterdam,Meridian Freight,Sea,718.5,13794,23,23,969.87,true,
SH28011,2024-11-06,Shanghai,Singapore,Swift Cargo,Sea,1412.5,15431,26,26,1884.9,true,
SH28014,2024-11-06,Singapore,Rotterdam,Northstar Logistics,Sea,657.5,903,3,3,166.01,true,
SH28639,2024-11-06,Busan,Los Angeles,Northstar Logistics,Sea,2290.7,8832,16,16,1874.93,true,
SH28979,2024-11-06,Ho Chi Minh City,Shanghai,Atlas Air Cargo,Air,399.4,902,1,1,570.46,true,
SH30344,2024-11-06,Hamburg,Dubai,Northstar Logistics,Sea,976.5,14918,25,25,1462.18,true,
SH30487,2024-11-06,Shanghai,Hamburg,Meridian Freight,Sea,2144.7,12882,21,22,2762.0,true,
SH31079,2024-11-06,Hamburg,Ho Chi Minh City,BlueWave Lines,Sea,1721.3,16965,27,28,2920.96,true,
SH31513,2024-11-06,Shanghai,Dubai,Swift Cargo,Sea,655.2,7073,13,13,500.45,true,Customs
SH32316,2024-11-06,Rotterdam,Singapore,Atlas Air Cargo,Air,97.4,12593,2,2,1516.81,true,
SH32739,2024-11-06,Los Angeles,Rotterdam,BlueWave Lines,Road,498.9,1686,3,4,464.95,true,
SH24288,2024-11-07,Shanghai,Los Angeles,Northstar Logistics,Rail,863.8,635,2,2,256.98,true,
SH26620,2024-11-07,Busan,Hamburg,BlueWave Lines,Sea,1293.7,11673,19,20,1631.79,true,
SH26925,2024-11-07,Ho Chi Minh City,Hamburg,Swift Cargo,Sea,5728.7,6317,11,12,3082.11,true,
SH27153,2024-11-07,Ho Chi Minh City,Rotterdam,Atlas Air Cargo,Air,65.1,14981,3,3,1139.25,true,
SH27715,2024-11-07,Rotterdam,Dubai,Meridian Freight,Road,1898.8,319,1,2,323.58,true,
SH28061,2024-11-07,Ho Chi Minh City,Hamburg,BlueWave Lines,Sea,456.6,2402,6,6,232.99,true,
SH28629,2024-11-07,Shanghai,Ho Chi Minh City,Northstar Logistics,Sea,841.7,939,2,3,180.54,true,
SH28716,2024-11-07,Rotterdam,Hamburg,Meridian Freight,Sea,1807.8,14642,25,25,2740.81,true,
SH28836,2024-11-07,Rotterdam,Los Angeles,Meridian Freight,Sea,1019.6,5889,10,11,706.59,true,
SH29721,2024-11-07,Shanghai,Ho Chi Minh City,Northstar Logistics,Sea,1450.2,12403,21,21,1659.87,true,
SH29820,2024-11-07,Los Angeles,Shanghai,Northstar Logistics,Sea,643.9,8872,16,16,659.31,true,
SH29995,2024-11-07,Singapore,Busan,Atlas Air Cargo,Air,861.5,1640,1,1,1531.7,true,
SH31655,2024-11-07,Busan,Los Angeles,BlueWave Lines,Sea,1567.5,12555,20,21,1764.24,true,
SH31993,2024-11-07,Hamburg,Shanghai,Swift Cargo,Sea,694.9,12461,21,21,1036.22,true,
SH32116,2024-11-07,Dubai,Singapore,Northstar Logistics,Sea,936.1,5445,9,10,604.67,true,
SH32713,2024-11-07,Dubai,Singapore,Meridian Freight,Sea,3017.2,11000,19,19,3444.86,true,
SH25292,2024-11-08,Dubai,Los Angeles,Atlas Air Cargo,Air,230.6,7660,2,2,2054.68,true,
SH26589,2024-11-08,Shanghai,Ho Chi Minh City,Atlas Air Cargo,Air,433.3,11597,1,2,6137.38,true,
SH26719,2024-11-08,Dubai,Busan,Atlas Air Cargo,Air,178.9,16485,3,3,3854.15,true,
SH30334,2024-11-08,Singapore,Shanghai,Meridian Freight,Sea,771.7,6696,14,12,613.74,false,Customs
SH32246,2024-11-08,Shanghai,Busan,BlueWave Lines,Sea,1361.2,17666,29,29,1977.7,true,
SH24947,2024-11-09,Shanghai,Dubai,Swift Cargo,Sea,1114.3,3345,6,7,519.35,true,
SH26381,2024-11-09,Rotterdam,Ho Chi Minh City,Meridian Freight,Sea,2090.9,1003,4,4,294.85,true,
SH28811,2024-11-09,Rotterdam,Hamburg,Meridian Freight,Rail,2355.8,328,3,1,318.33,false,Port congestion
SH31204,2024-11-09,Hamburg,Busan,BlueWave Lines,Sea,4365.4,14347,23,24,5548.61,true,
SH24320,2024-11-10,Dubai,Rotterdam,Meridian Freight,Sea,1535.1,10906,18,19,1747.27,true,
SH26716,2024-11-10,Hamburg,Busan,BlueWave Lines,Sea,1343.8,5530,11,11,843.34,true,
SH27071,2024-11-10,Busan,Ho Chi Minh City,Atlas Air Cargo,Air,368.4,14016,2,3,5287.27,true,
SH27274,2024-11-10,Ho Chi Minh City,Busan,Atlas Air Cargo,Air,251.7,15302,3,3,4994.22,true,
SH28897,2024-11-10,Rotterdam,Dubai,Meridian Freight,Sea,5731.6,15891,26,26,7279.54,true,
SH30008,2024-11-10,Busan,Dubai,Meridian Freight,Sea,1499.8,9906,17,17,1571.66,true,
SH30133,2024-11-10,Rotterdam,Los Angeles,BlueWave Lines,Sea,3206.9,3014,7,7,1135.69,true,
SH31503,2024-11-10,Singapore,Los Angeles,Atlas Air Cargo,Air,209.0,14396,2,3,3696.52,true,
SH32268,2024-11-10,Ho Chi Minh City,Shanghai,BlueWave Lines,Sea,797.8,17567,29,29,1610.81,true,
SH32916,2024-11-10,Busan,Singapore,Northstar Logistics,Rail,3275.2,221,2,1,278.33,false,Port congestion
SH24304,2024-11-11,Shanghai,Rotterdam,Northstar Logistics,Sea,976.7,12396,21,21,1268.57,true,
SH24536,2024-11-11,Busan,Hamburg,Meridian Freight,Sea,2810.8,1092,4,4,443.19,true,
SH24582,2024-11-11,Los Angeles,Hamburg,Meridian Freight,Road,1348.5,1450,2,3,812.94,true,
SH24650,2024-11-11,Ho Chi Minh City,Busan,Swift Cargo,Sea,395.4,5971,10,11,331.38,true,
SH25511,2024-11-11,Los Angeles,Busan,Northstar Logistics,Sea,346.1,7509,14,14,359.97,true,
SH27165,2024-11-11,Ho Chi Minh City,Shanghai,Atlas Air Cargo,Air,404.6,6818,2,2,3442.18,true,
SH27978,2024-11-11,Shanghai,Ho Chi Minh City,Swift Cargo,Sea,1351.0,16113,26,27,1970.2,true,
SH28263,2024-11-11,Shanghai,Dubai,Meridian Freight,Sea,2902.8,13074,23,22,3051.38,false,Port congestion
SH29773,2024-11-11,Hamburg,Singapore,Swift Cargo,Sea,2345.5,3793,7,8,865.1,true,
SH30165,2024-11-11,Los Angeles,Ho Chi Minh City,BlueWave Lines,Sea,1246.4,15928,26,27,1901.54,true,
SH30410,2024-11-11,Singapore,Shanghai,Northstar Logistics,Sea,1380.6,3970,8,8,702.67,true,
SH30964,2024-11-11,Singapore,Hamburg,Meridian Freight,Sea,1880.4,3434,6,7,809.32,true,
SH32266,2024-11-11,Rotterdam,Shanghai,BlueWave Lines,Sea,2493.5,925,3,3,318.94,true,
SH32525,2024-11-11,Hamburg,Ho Chi Minh City,Swift Cargo,Sea,1002.3,12381,29,21,1208.36,false,Port congestion
SH32718,2024-11-11,Dubai,Busan,BlueWave Lines,Rail,1152.7,1511,2,3,539.05,true,
SH24380,2024-11-12,Los Angeles,Busan,BlueWave Lines,Road,968.4,444,2,2,266.14,true,
SH25085,2024-11-12,Dubai,Ho Chi Minh City,BlueWave Lines,Road,3994.8,1223,12,3,2070.21,false,Port congestion
SH25088,2024-11-12,Singapore,Shanghai,Northstar Logistics,Sea,659.7,957,3,3,186.14,true,
SH27288,2024-11-12,Rotterdam,Busan,BlueWave Lines,Sea,812.9,11729,20,20,1113.42,true,
SH28549,2024-11-12,Rotterdam,Ho Chi Minh City,Atlas Air Cargo,Air,244.4,17131,3,3,4539.66,true,
SH29434,2024-11-12,Singapore,Los Angeles,Northstar Logistics,Rail,962.2,864,2,2,282.21,true,
SH29546,2024-11-12,Hamburg,Ho Chi Minh City,Meridian Freight,Rail,1053.6,1347,5,3,395.14,false,Port congestion
SH29785,2024-11-12,Los Angeles,Busan,Swift Cargo,Sea,1567.4,6284,21,12,1172.7,false,Port congestion
SH29898,2024-11-12,Ho Chi Minh City,Busan,Atlas Air Cargo,Air,572.5,4808,2,2,3681.45,true,
SH31663,2024-11-12,Singapore,Los Angeles,Atlas Air Cargo,Air,62.8,4035,1,1,361.72,true,
SH31898,2024-11-12,Busan,Rotterdam,BlueWave Lines,Road,6949.0,2251,4,5,5302.97,true,
SH31975,2024-11-12,Busan,Shanghai,Swift Cargo,Road,2830.5,345,2,2,499.2,true,
SH32117,2024-11-12,Los Angeles,Dubai,Meridian Freight,Rail,2012.7,1448,3,3,690.59,true,
SH24159,2024-11-13,Singapore,Shanghai,BlueWave Lines,Sea,7610.6,3319,7,7,2276.34,true,
SH25137,2024-11-13,Dubai,Shanghai,Atlas Air Cargo,Air,274.6,3126,1,1,1006.78,true,
SH26112,2024-11-13,Los Angeles,Ho Chi Minh City,Meridian Freight,Sea,1091.0,11113,19,19,1364.79,true,
SH26361,2024-11-13,Rotterdam,Singapore,BlueWave Lines,Sea,1246.5,8842,16,16,987.04,true,
SH26392,2024-11-13,Dubai,Ho Chi Minh City,Northstar Logistics,Sea,2248.7,12818,22,22,3195.53,true,
SH26871,2024-11-13,Ho Chi Minh City,Dubai,Meridian Freight,Sea,1712.5,7485,14,14,1157.0,true,
SH28460,2024-11-13,Hamburg,Dubai,Atlas Air Cargo,Air,422.6,3768,1,1,1751.65,true,
SH28919,2024-11-13,Dubai,Hamburg,Atlas Air Cargo,Air,660.7,6085,2,2,5102.95,true,
SH29250,2024-11-13,Hamburg,Shanghai,Northstar Logistics,Sea,406.7,2504,6,6,215.47,true,
SH29455,2024-11-13,Ho Chi Minh City,Hamburg,Meridian Freight,Sea,905.5,14981,25,25,1409.14,true,
SH29519,2024-11-13,Dubai,Los Angeles,Northstar Logistics,Sea,300.0,3031,11,7,195.08,false,Equipment
SH29645,2024-11-13,Ho Chi Minh City,Busan,BlueWave Lines,Sea,3389.7,17928,30,30,6357.25,true,
SH30252,2024-11-13,Los Angeles,Dubai,Northstar Logistics,Sea,911.4,7833,14,14,690.34,true,
SH30719,2024-11-13,Los Angeles,Shanghai,Meridian Freight,Sea,6347.9,5771,11,11,3607.56,true,
SH30759,2024-11-13,Hamburg,Busan,Northstar Logistics,Sea,1971.7,10693,17,18,2243.3,true,
SH31951,2024-11-13,Ho Chi Minh City,Rotterdam,BlueWave Lines,Sea,4955.3,13549,23,23,6170.59,true,
SH32077,2024-11-13,Dubai,Rotterdam,Swift Cargo,Sea,6743.6,12519,21,21,7228.71,true,
SH32174,2024-11-13,Ho Chi Minh City,Singapore,Swift Cargo,Sea,984.7,5017,10,10,572.28,true,
SH24682,2024-11-14,Shanghai,Singapore,Meridian Freight,Sea,4285.5,4540,9,9,1942.46,true,
SH25408,2024-11-14,Singapore,Hamburg,BlueWave Lines,Sea,333.9,1961,5,5,188.44,true,
SH25746,2024-11-14,Ho Chi Minh City,Busan,Meridian Freight,Rail,1118.7,1353,3,3,450.43,true,
SH28830,2024-11-14,Dubai,Busan,Meridian Freight,Rail,2415.1,742,6,2,544.06,false,Weather
SH31920,2024-11-14,Los Angeles,Rotterdam,Northstar Logistics,Sea,1288.6,5251,10,10,665.78,true,
SH32252,2024-11-14,Hamburg,Dubai,BlueWave Lines,Sea,3425.1,11297,19,19,3643.12,true,
SH32646,2024-11-14,Los Angeles,Shanghai,Atlas Air Cargo,Air,285.9,15328,3,3,5891.49,true,
SH25562,2024-11-15,Los Angeles,Rotterdam,Atlas Air Cargo,Air,323.6,5412,2,2,1819.18,true,
SH26045,2024-11-15,Shanghai,Rotterdam,Northstar Logistics,Sea,900.5,5725,13,11,550.01,false,Weather
SH26572,2024-11-15,Hamburg,Rotterdam,Northstar Logistics,Sea,2449.0,12821,26,22,3077.62,false,Weather
SH26658,2024-11-15,Singapore,Ho Chi Minh City,Meridian Freight,Sea,2649.2,1243,5,4,457.04,false,Port congestion
SH26811,2024-11-15,Singapore,Los Angeles,Meridian Freight,Sea,1873.2,6678,12,12,1313.8,true,
SH27113,2024-11-15,Busan,Hamburg,BlueWave Lines,Sea,2111.9,6751,12,12,1645.79,true,
SH27399,2024-11-15,Ho Chi Minh City,Dubai,BlueWave Lines,Rail,1158.2,1681,3,3,493.88,true,
SH29466,2024-11-15,Dubai,Busan,Atlas Air Cargo,Air,374.8,17957,11,3,7842.12,false,Customs
SH29934,2024-11-15,Ho Chi Minh City,Los Angeles,Atlas Air Cargo,Air,714.4,6196,1,2,5497.4,true,
SH30579,2024-11-15,Dubai,Ho Chi Minh City,BlueWave Lines,Sea,852.0,2523,5,6,321.73,true,
SH31471,2024-11-15,Dubai,Ho Chi Minh City,Meridian Freight,Sea,2435.2,7997,13,14,1784.24,true,
SH31623,2024-11-15,Singapore,Hamburg,BlueWave Lines,Sea,7781.9,4951,10,10,3506.81,true,
SH31687,2024-11-15,Busan,Ho Chi Minh City,Northstar Logistics,Sea,938.7,8671,15,15,887.59,true,
SH32587,2024-11-15,Hamburg,Busan,Northstar Logistics,Sea,298.3,6391,11,12,306.05,true,
SH24251,2024-11-16,Rotterdam,Dubai,BlueWave Lines,Sea,15109.9,1726,5,5,2244.95,true,
SH24378,2024-11-16,Hamburg,Los Angeles,Northstar Logistics,Sea,623.6,9154,16,16,651.34,true,Port congestion
SH24969,2024-11-16,Los Angeles,Ho Chi Minh City,BlueWave Lines,Rail,573.1,176,1,1,142.56,true,
SH25329,2024-11-16,Shanghai,Ho Chi Minh City,BlueWave Lines,Sea,1037.3,11146,19,19,1076.12,true,
SH25539,2024-11-16,Dubai,Ho Chi Minh City,Atlas Air Cargo,Air,550.1,3513,1,1,2339.83,true,
SH28167,2024-11-16,Rotterdam,Dubai,BlueWave Lines,Rail,455.5,2091,4,4,351.77,true,
SH29896,2024-11-16,Dubai,Busan,Northstar Logistics,Sea,6050.2,3741,9,8,2329.3,false,Weather
SH30654,2024-11-16,Dubai,Ho Chi Minh City,BlueWave Lines,Sea,4932.8,8961,16,16,3608.61,true,Port congestion
SH31582,2024-11-16,Los Angeles,Busan,Swift Cargo,Sea,553.6,7854,14,14,453.33,true,
SH32690,2024-11-16,Los Angeles,Singapore,Atlas Air Cargo,Air,255.4,8144,2,2,2325.52,true,
SH32917,2024-11-16,Hamburg,Los Angeles,BlueWave Lines,Sea,1501.0,1099,4,4,262.07,true,
SH24412,2024-11-17,Dubai,Rotterdam,Meridian Freight,Sea,1192.6,16652,27,28,1973.11,true,
SH25017,2024-11-17,Shanghai,Dubai,Meridian Freight,Road,1454.5,950,5,3,596.1,false,Equipment
SH26437,2024-11-17,Los Angeles,Hamburg,Meridian Freight,Sea,884.7,6336,11,12,679.27,true,
SH27392,2024-11-17,Dubai,Shanghai,BlueWave Lines,Rail,553.5,305,1,1,155.45,true,
SH27594,2024-11-17,Busan,Ho Chi Minh City,Northstar Logistics,Sea,1328.4,14561,24,24,1897.69,true,
SH28205,2024-11-17,Hamburg,Busan,Meridian Freight,Rail,1138.3,2193,4,4,732.74,true,
SH29424,2024-11-17,Busan,Los Angeles,Northstar Logistics,Sea,1368.8,8197,15,15,1085.64,true,
SH29543,2024-11-17,Ho Chi Minh City,Rotterdam,Northstar Logistics,Sea,4074.3,4072,7,8,1592.42,true,
SH30060,2024-11-17,Rotterdam,Shanghai,Swift Cargo,Rail,643.9,2372,4,4,409.39,true,
SH32039,2024-11-17,Busan,Los Angeles,Atlas Air Cargo,Air,191.8,3578,1,1,990.31,true,
SH32139,2024-11-17,Hamburg,Ho Chi Minh City,Meridian Freight,Road,566.9,528,2,2,210.06,true,
SH32682,2024-11-17,Shanghai,Dubai,BlueWave Lines,Sea,991.8,17864,30,29,1493.52,false,Customs
SH32970,2024-11-17,Busan,Singapore,Atlas Air Cargo,Air,683.9,5079,2,2,4408.8,true,
SH24225,2024-11-18,Shanghai,Dubai,BlueWave Lines,Sea,1782.5,1049,4,4,266.49,true,
SH24696,2024-11-18,Los Angeles,Hamburg,Atlas Air Cargo,Air,243.4,8644,1,2,2228.04,true,
SH24862,2024-11-18,Hamburg,Rotterdam,Meridian Freight,Sea,2959.7,7257,13,13,1886.39,true,
SH28249,2024-11-18,Los Angeles,Dubai,Northstar Logistics,Road,1639.9,1824,3,4,1063.9,true,
SH30313,2024-11-18,Ho Chi Minh City,Shanghai,BlueWave Lines,Road,4289.3,190,1,1,431.78,true,
SH30319,2024-11-18,Shanghai,Los Angeles,Meridian Freight,Sea,17655.9,16423,26,27,25569.48,true,
SH30436,2024-11-18,Hamburg,Ho Chi Minh City,Atlas Air Cargo,Air,212.5,4002,1,1,1026.26,true,
SH30620,2024-11-18,Singapore,Rotterdam,Northstar Logistics,Sea,1591.7,11253,19,19,1650.49,true,
SH31003,2024-11-18,Hamburg,Rotterdam,Swift Cargo,Sea,2351.9,11313,19,19,2613.62,true,
SH31425,2024-11-18,Singapore,Dubai,Swift Cargo,Sea,407.8,2371,6,6,219.79,true,
SH32251,2024-11-18,Dubai,Ho Chi Minh City,Meridian Freight,Sea,5779.1,15683,26,26,9783.92,true,
SH32965,2024-11-18,Ho Chi Minh City,Rotterdam,Atlas Air Cargo,Air,156.3,15030,3,3,2502.08,true,
SH24517,2024-11-19,Singapore,Hamburg,Swift Cargo,Sea,785.1,9682,16,17,720.15,true,
SH25833,2024-11-19,Rotterdam,Singapore,Atlas Air Cargo,Air,149.1,1948,1,1,411.48,true,
SH26331,2024-11-19,Los Angeles,Hamburg,Swift Cargo,Sea,1691.0,12708,21,22,1833.33,true,
SH28317,2024-11-19,Los Angeles,Singapore,BlueWave Lines,Sea,1708.7,5617,11,11,946.28,true,
SH28364,2024-11-19,Busan,Dubai,Atlas Air Cargo,Air,76.4,2971,1,1,402.65,true,
SH28556,2024-11-19,Busan,Ho Chi Minh City,Atlas Air Cargo,Air,150.9,4451,1,1,750.49,true,
SH31748,2024-11-19,Singapore,Rotterdam,BlueWave Lines,Sea,980.0,10771,18,19,1015.03,true,
SH31808,2024-11-19,Ho Chi Minh City,Dubai,BlueWave Lines,Sea,2806.0,8776,15,16,2686.54,true,
SH32714,2024-11-19,Dubai,Busan,BlueWave Lines,Sea,2624.8,4092,7,8,1120.0,true,
SH24678,2024-11-20,Rotterdam,Busan,BlueWave Lines,Sea,4284.6,9939,17,17,3447.79,true,
SH24771,2024-11-20,Dubai,Los Angeles,Atlas Air Cargo,Air,153.3,10859,1,2,2124.79,true,
SH25299,2024-11-20,Rotterdam,Dubai,Atlas Air Cargo,Air,543.4,5541,2,2,3830.37,true,
SH26127,2024-11-20,Dubai,Hamburg,Atlas Air Cargo,Air,117.1,8558,1,2,1204.68,true,
SH26375,2024-11-20,Hamburg,Rotterdam,Swift Cargo,Road,1367.5,830,2,2,568.74,true,
SH26615,2024-11-20,Rotterdam,Dubai,Swift Cargo,Sea,1080.8,13911,23,23,1565.2,true,
SH28700,2024-11-20,Shanghai,Singapore,Atlas Air Cargo,Air,95.5,15040,3,3,1467.3,true,
SH28992,2024-11-20,Dubai,Los Angeles,Northstar Logistics,Rail,2627.7,1526,5,3,1093.06,false,Equipment
SH29362,2024-11-20,Ho Chi Minh City,Dubai,Atlas Air Cargo,Air,281.6,14484,2,3,5314.33,true,
SH30237,2024-11-20,Rotterdam,Ho Chi Minh City,BlueWave Lines,Sea,407.8,7717,13,14,437.79,true,
SH30326,2024-11-20,Ho Chi Minh City,Busan,Swift Cargo,Sea,3294.8,3144,6,7,942.2,true,
SH30424,2024-11-20,Shanghai,Los Angeles,Meridian Freight,Sea,2267.8,5803,10,11,1356.43,true,
SH30634,2024-11-20,Dubai,Los Angeles,Meridian Freight,Sea,1347.3,2647,8,6,503.99,false,Port congestion
SH31489,2024-11-20,Los Angeles,Dubai,Meridian Freight,Sea,2805.9,9744,16,17,2894.22,true,
SH31984,2024-11-20,Los Angeles,Dubai,Atlas Air Cargo,Air,156.1,17668,2,3,3551.93,true,
SH32044,2024-11-20,Busan,Rotterdam,Northstar Logistics,Sea,3362.2,10943,19,19,3427.5,true,Documentation
SH32478,2024-11-20,Singapore,Hamburg,Meridian Freight,Sea,517.1,4824,8,9,327.55,true,
SH24576,2024-11-21,Ho Chi Minh City,Singapore,Atlas Air Cargo,Air,124.7,8789,2,2,1278.74,true,
SH25791,2024-11-21,Singapore,Shanghai,Atlas Air Cargo,Air,79.0,3849,1,1,432.41,true,
SH27264,2024-11-21,Dubai,Los Angeles,Meridian Freight,Sea,1100.7,6152,11,11,750.46,true,
SH27589,2024-11-21,Shanghai,Dubai,Swift Cargo,Sea,2149.6,8213,15,15,1896.86,true,
SH27690,2024-11-21,Hamburg,Los Angeles,Atlas Air Cargo,Air,492.5,7789,2,2,3730.77,true,
SH27914,2024-11-21,Shanghai,Rotterdam,Atlas Air Cargo,Air,265.5,4624,2,2,1686.74,true,
SH29171,2024-11-21,Ho Chi Minh City,Hamburg,BlueWave Lines,Rail,1075.2,1567,3,3,491.04,true,
SH31348,2024-11-21,Rotterdam,Shanghai,Swift Cargo,Sea,2841.8,10928,19,19,2814.77,true,
SH32249,2024-11-21,Shanghai,Busan,Northstar Logistics,Sea,3873.5,16753,28,28,5411.11,true,
SH24541,2024-11-22,Hamburg,Singapore,Northstar Logistics,Sea,3573.7,3380,7,7,1115.57,true,
SH26306,2024-11-22,Ho Chi Minh City,Dubai,Meridian Freight,Sea,3787.1,17308,28,29,6312.24,true,
SH26351,2024-11-22,Hamburg,Ho Chi Minh City,BlueWave Lines,Sea,823.3,12471,20,21,1065.27,true,
SH27658,2024-11-22,Busan,Shanghai,Atlas Air Cargo,Air,773.4,12858,2,2,11398.46,true,
SH27804,2024-11-22,Shanghai,Hamburg,Atlas Air Cargo,Air,183.0,13199,1,2,2507.66,true,
SH29771,2024-11-22,Singapore,Ho Chi Minh City,BlueWave Lines,Road,1092.4,559,1,2,359.92,true,
SH31081,2024-11-22,Rotterdam,Los Angeles,Atlas Air Cargo,Air,351.7,8556,1,2,3527.43,true,
SH31249,2024-11-22,Ho Chi Minh City,Hamburg,Meridian Freight,Road,1714.6,563,2,2,435.42,true,
SH32825,2024-11-22,Ho Chi Minh City,Dubai,Swift Cargo,Rail,815.2,1647,2,3,472.94,true,
SH32994,2024-11-22,Singapore,Los Angeles,BlueWave Lines,Sea,6146.4,13519,23,23,7671.53,true,
SH24715,2024-11-23,Singapore,Dubai,Swift Cargo,Sea,1704.5,6131,15,11,1174.34,false,Equipment
SH28179,2024-11-23,Rotterdam,Shanghai,BlueWave Lines,Road,1429.1,560,4,2,359.58,false,Documentation
SH28456,2024-11-23,Los Angeles,Busan,Northstar Logistics,Sea,2719.1,15163,25,25,3873.76,true,
SH28487,2024-11-23,Rotterdam,Dubai,Atlas Air Cargo,Air,445.7,12300,2,2,6060.42,true,
SH28929,2024-11-23,Hamburg,Singapore,BlueWave Lines,Sea,665.2,15888,26,26,1220.38,true,
SH30552,2024-11-23,Shanghai,Dubai,Northstar Logistics,Road,1010.8,386,1,2,260.0,true,
SH30553,2024-11-23,Shanghai,Dubai,Swift Cargo,Sea,3051.9,16137,26,27,4325.18,true,
SH30858,2024-11-23,Ho Chi Minh City,Rotterdam,Swift Cargo,Sea,833.1,16178,26,27,1226.53,true,
SH32297,2024-11-23,Rotterdam,Hamburg,Atlas Air Cargo,Air,71.6,7765,1,2,678.84,true,
SH32989,2024-11-23,Rotterdam,Dubai,Atlas Air Cargo,Air,263.7,14697,5,3,4682.21,false,Weather
SH26594,2024-11-24,Ho Chi Minh City,Singapore,Meridian Freight,Sea,1178.2,8134,15,15,995.62,true,
SH26834,2024-11-24,Singapore,Ho Chi Minh City,Northstar Logistics,Rail,2676.5,1908,9,3,1464.14,false,Weather
SH27782,2024-11-24,Shanghai,Los Angeles,Atlas Air Cargo,Air,156.1,1142,1,1,293.0,true,
SH29917,2024-11-24,Hamburg,Rotterdam,Swift Cargo,Sea,1912.4,6950,14,13,1288.12,false,Customs
SH30026,2024-11-24,Rotterdam,Busan,BlueWave Lines,Road,1548.4,1253,3,3,762.98,true,
SH30203,2024-11-24,Shanghai,Los Angeles,Swift Cargo,Road,2381.3,303,1,2,401.71,true,
SH31298,2024-11-24,Singapore,Shanghai,BlueWave Lines,Road,476.4,483,2,2,197.62,true,
SH32092,2024-11-24,Los Angeles,Shanghai,Northstar Logistics,Sea,371.2,11148,21,19,459.56,false,Weather
SH32639,2024-11-24,Ho Chi Minh City,Busan,Northstar Logistics,Rail,12998.0,1603,8,3,5064.01,false,Weather
SH32798,2024-11-24,Los Angeles,Busan,BlueWave Lines,Sea,1216.5,2587,6,6,414.96,true,
SH24428,2024-11-25,Singapore,Ho Chi Minh City,Northstar Logistics,Road,2183.0,591,1,2,588.3,true,
SH24941,2024-11-25,Shanghai,Busan,Northstar Logistics,Sea,1271.6,14839,25,25,1608.2,true,
SH25401,2024-11-25,Shanghai,Singapore,Atlas Air Cargo,Air,291.5,2797,1,1,966.95,true,
SH25636,2024-11-25,Ho Chi Minh City,Singapore,Northstar Logistics,Sea,756.9,6962,12,13,654.96,true,
SH26172,2024-11-25,Rotterdam,Hamburg,BlueWave Lines,Sea,1514.8,5180,10,10,807.98,true,
SH26557,2024-11-25,Dubai,Los Angeles,Atlas Air Cargo,Air,116.1,6244,2,2,900.26,true,
SH27419,2024-11-25,Shanghai,Rotterdam,Northstar Logistics,Sea,970.5,1436,3,4,263.41,true,
SH28041,2024-11-25,Dubai,Rotterdam,Swift Cargo,Sea,1211.4,4338,8,9,623.38,true,
SH28302,2024-11-25,Dubai,Busan,Atlas Air Cargo,Air,158.2,11816,1,2,2116.95,true,
SH28401,2024-11-25,Dubai,Busan,Swift Cargo,Rail,1871.7,273,4,1,224.55,false,Documentation
SH28524,2024-11-25,Ho Chi Minh City,Hamburg,Swift Cargo,Sea,11695.8,3774,7,8,3672.59,true,
SH30290,2024-11-25,Dubai,Ho Chi Minh City,BlueWave Lines,Sea,1002.1,7966,14,14,864.34,true,
SH32800,2024-11-25,Ho Chi Minh City,Dubai,BlueWave Lines,Sea,2841.7,10641,17,18,3140.63,true,
SH24285,2024-11-26,Ho Chi Minh City,Singapore,Meridian Freight,Sea,456.0,11540,20,20,591.24,true,
SH24736,2024-11-26,Rotterdam,Shanghai,Northstar Logistics,Road,1243.3,1956,4,4,878.0,true,
SH24837,2024-11-26,Busan,Dubai,Meridian Freight,Sea,390.7,4557,9,9,265.08,true,
SH26694,2024-11-26,Singapore,Dubai,Northstar Logistics,Sea,2561.7,8712,17,15,1872.78,false,Weather
SH27912,2024-11-26,Busan,Singapore,Atlas Air Cargo,Air,93.2,16040,2,3,1684.0,true,
SH27985,2024-11-26,Singapore,Los Angeles,Northstar Logistics,Rail,2930.0,2394,4,4,1681.52,true,
SH29002,2024-11-26,Rotterdam,Dubai,Swift Cargo,Road,3033.7,2445,6,5,2944.2,false,Equipment
SH29193,2024-11-26,Shanghai,Busan,Atlas Air Cargo,Air,233.1,1412,1,1,439.58,true,
SH30777,2024-11-26,Busan,Hamburg,Atlas Air Cargo,Air,534.1,5900,2,2,3183.66,true,
SH30857,2024-11-26,Ho Chi Minh City,Shanghai,Swift Cargo,Sea,1525.5,1580,4,4,372.0,true,
SH24137,2024-11-27,Hamburg,Busan,Swift Cargo,Rail,546.8,697,2,2,216.12,true,
SH25364,2024-11-27,Ho Chi Minh City,Busan,Swift Cargo,Sea,759.7,3170,7,7,308.88,true,
SH25495,2024-11-27,Dubai,Busan,Swift Cargo,Sea,2951.9,5407,12,10,1394.31,false,Customs
SH25602,2024-11-27,Dubai,Rotterdam,Atlas Air Cargo,Air,1014.6,9610,1,2,9801.59,true,
SH25702,2024-11-27,Busan,Hamburg,Meridian Freight,Sea,3541.8,5126,9,10,1807.12,true,
SH26453,2024-11-27,Shanghai,Dubai,BlueWave Lines,Rail,2032.2,2266,4,4,1024.91,true,
SH26781,2024-11-27,Dubai,Los Angeles,Swift Cargo,Sea,3042.3,2671,6,6,968.67,true,
SH28519,2024-11-27,Los Angeles,Hamburg,BlueWave Lines,Sea,278.1,14426,24,24,491.62,true,
SH28886,2024-11-27,Dubai,Busan,Swift Cargo,Sea,430.9,6831,13,13,437.07,true,
SH29217,2024-11-27,Ho Chi Minh City,Busan,Meridian Freight,Rail,1543.5,2380,3,4,886.26,true,
SH30657,2024-11-27,Singapore,Rotterdam,Meridian Freight,Sea,1224.7,5568,11,11,839.9,true,
SH31831,2024-11-27,Shanghai,Hamburg,Meridian Freight,Sea,468.8,3492,7,7,258.62,true,
SH31970,2024-11-27,Rotterdam,Dubai,Atlas Air Cargo,Air,340.4,7612,2,2,3350.78,true,
SH32736,2024-11-27,Shanghai,Los Angeles,Meridian Freight,Sea,3003.9,14922,24,25,4480.66,true,
SH24072,2024-11-28,Ho Chi Minh City,Busan,Atlas Air Cargo,Air,134.0,16882,3,3,3074.06,true,
SH25395,2024-11-28,Busan,Shanghai,Meridian Freight,Sea,572.7,10494,18,18,619.64,true,
SH26973,2024-11-28,Singapore,Rotterdam,Meridian Freight,Road,1944.9,1153,3,3,956.68,true,
SH27173,2024-11-28,Singapore,Hamburg,Meridian Freight,Sea,873.5,8314,15,15,864.86,true,
SH27364,2024-11-28,Hamburg,Rotterdam,Swift Cargo,Sea,3241.0,16727,28,28,5159.27,true,
SH27603,2024-11-28,Hamburg,Dubai,Swift Cargo,Sea,201.4,17647,29,29,473.52,true,
SH28569,2024-11-28,Los Angeles,Singapore,Atlas Air Cargo,Air,199.1,17519,3,3,4275.11,true,
SH30246,2024-11-28,Los Angeles,Rotterdam,Atlas Air Cargo,Air,178.6,13806,3,3,2993.72,true,
SH30982,2024-11-28,Los Angeles,Hamburg,Swift Cargo,Sea,1230.6,2950,7,7,490.55,true,
SH31189,2024-11-28,Rotterdam,Busan,Swift Cargo,Road,1127.1,528,1,2,321.36,true,
SH31398,2024-11-28,Dubai,Los Angeles,Northstar Logistics,Sea,752.1,15009,28,25,1235.09,false,Customs
SH32040,2024-11-28,Rotterdam,Ho Chi Minh City,BlueWave Lines,Sea,2227.7,8076,14,14,1887.72,true,
SH32225,2024-11-28,Los Angeles,Hamburg,Northstar Logistics,Sea,706.3,9674,17,17,682.36,true,
SH24447,2024-11-29,Dubai,Ho Chi Minh City,BlueWave Lines,Sea,477.3,8837,16,16,444.25,true,
SH24571,2024-11-29,Ho Chi Minh City,Busan,Atlas Air Cargo,Air,218.3,5733,1,2,1574.76,true,
SH26600,2024-11-29,Busan,Dubai,Meridian Freight,Sea,1576.2,6249,12,12,876.39,true,
SH27347,2024-11-29,Rotterdam,Busan,Atlas Air Cargo,Air,661.4,13077,1,2,10233.32,true,
SH28391,2024-11-29,Singapore,Los Angeles,Meridian Freight,Rail,761.9,934,2,2,284.72,true,
SH29020,2024-11-29,Singapore,Rotterdam,Northstar Logistics,Sea,1581.5,4875,10,10,935.13,true,
SH29431,2024-11-29,Singapore,Dubai,BlueWave Lines,Sea,3803.1,9537,17,17,3632.53,true,
SH30235,2024-11-29,Ho Chi Minh City,Busan,BlueWave Lines,Sea,1196.2,4869,8,9,711.1,true,
SH32475,2024-11-29,Ho Chi Minh City,Dubai,BlueWave Lines,Sea,1944.9,13930,22,23,2724.85,true,
SH24528,2024-11-30,Dubai,Busan,BlueWave Lines,Road,627.5,2091,4,4,560.37,true,
SH24876,2024-11-30,Hamburg,Rotterdam,Swift Cargo,Sea,701.8,13281,22,22,1073.4,true,
SH25594,2024-11-30,Shanghai,Los Angeles,Swift Cargo,Sea,1270.1,17365,29,29,2361.74,true,
SH26505,2024-11-30,Rotterdam,Ho Chi Minh City,Swift Cargo,Road,2246.5,1818,4,4,1495.95,true,
SH26734,2024-11-30,Los Angeles,Singapore,Atlas Air Cargo,Air,666.2,4787,2,2,4093.89,true,
SH27059,2024-11-30,Shanghai,Singapore,BlueWave Lines,Road,1755.8,189,1,1,252.62,true,
SH27292,2024-11-30,Shanghai,Hamburg,BlueWave Lines,Sea,6888.0,9661,17,17,6521.18,true,
SH27337,2024-11-30,Hamburg,Shanghai,BlueWave Lines,Road,1830.6,741,2,2,581.13,true,
SH27557,2024-11-30,Singapore,Busan,Swift Cargo,Sea,810.2,12225,21,21,1006.18,true,
SH28036,2024-11-30,Shanghai,Rotterdam,BlueWave Lines,Sea,2700.7,1831,5,5,553.55,true,
SH28200,2024-11-30,Ho Chi Minh City,Dubai,Meridian Freight,Sea,688.1,2315,6,6,263.96,true,
SH28982,2024-11-30,Ho Chi Minh City,Busan,Meridian Freight,Sea,1235.8,15053,25,25,1726.87,true,
SH29610,2024-11-30,Busan,Los Angeles,Meridian Freight,Sea,2283.7,8170,15,15,1711.79,true,
SH29961,2024-11-30,Hamburg,Ho Chi Minh City,Swift Cargo,Rail,2733.8,254,1,1,252.38,true,
SH30062,2024-11-30,Los Angeles,Shanghai,Atlas Air Cargo,Air,238.2,13653,2,3,4319.87,true,
SH31662,2024-11-30,Shanghai,Rotterdam,Swift Cargo,Road,2640.0,2326,5,5,2468.26,true,
SH31714,2024-11-30,Ho Chi Minh City,Dubai,Northstar Logistics,Road,1172.6,1312,3,3,663.77,true,
SH31873,2024-11-30,Ho Chi Minh City,Los Angeles,BlueWave Lines,Sea,1335.4,15419,26,26,2218.13,true,
SH32056,2024-11-30,Shanghai,Rotterdam,Meridian Freight,Sea,1636.2,7983,14,14,1430.4,true,Equipment
SH25316,2024-12-01,Singapore,Hamburg,Northstar Logistics,Sea,301.7,17723,29,29,638.96,true,
SH25328,2024-12-01,Shanghai,Singapore,Atlas Air Cargo,Air,257.2,2826,1,1,902.5,true,
SH25730,2024-12-01,Ho Chi Minh City,Singapore,BlueWave Lines,Sea,5817.5,15955,27,27,9690.66,true,
SH26287,2024-12-01,Ho Chi Minh City,Hamburg,Atlas Air Cargo,Air,139.9,11663,2,2,1728.22,true,
SH27099,2024-12-01,Shanghai,Rotterdam,Swift Cargo,Sea,753.0,2939,7,7,330.09,true,
SH27647,2024-12-01,Rotterdam,Busan,Atlas Air Cargo,Air,830.0,10559,2,2,10713.45,true,
SH28066,2024-12-01,Rotterdam,Hamburg,Northstar Logistics,Rail,1438.6,1806,5,3,774.4,false,Weather
SH28442,2024-12-01,Singapore,Los Angeles,BlueWave Lines,Rail,1089.4,504,1,2,225.31,true,
SH30199,2024-12-01,Busan,Hamburg,Atlas Air Cargo,Air,371.1,9213,8,2,3483.14,false,Port congestion
SH31424,2024-12-01,Ho Chi Minh City,Busan,Northstar Logistics,Sea,505.4,6964,19,13,455.41,false,Customs
SH32176,2024-12-01,Rotterdam,Dubai,Swift Cargo,Sea,5192.6,2819,6,6,1424.8,true,
SH32552,2024-12-01,Shanghai,Rotterdam,BlueWave Lines,Road,2380.0,714,2,2,636.93,true,
SH32654,2024-12-01,Shanghai,Rotterdam,Atlas Air Cargo,Air,450.3,9842,2,2,4867.27,true,
SH25065,2024-12-02,Ho Chi Minh City,Los Angeles,BlueWave Lines,Sea,841.5,17486,28,29,1521.08,true,
SH25803,2024-12-02,Los Angeles,Shanghai,Swift Cargo,Sea,1618.9,12277,21,21,2049.87,true,
SH27271,2024-12-02,Shanghai,Hamburg,Meridian Freight,Rail,1412.6,1486,3,3,534.63,true,
SH27542,2024-12-02,Singapore,Rotterdam,Atlas Air Cargo,Air,153.0,16559,2,3,2687.73,true,
SH27711,2024-12-02,Ho Chi Minh City,Hamburg,Atlas Air Cargo,Air,183.9,3263,1,1,782.98,true,
SH27833,2024-12-02,Hamburg,Ho Chi Minh City,Atlas Air Cargo,Air,311.1,899,1,1,456.07,true,
SH29473,2024-12-02,Busan,Dubai,BlueWave Lines,Sea,1966.4,17453,29,29,3600.56,true,
SH29824,2024-12-02,Shanghai,Singapore,Meridian Freight,Sea,1232.3,2143,4,5,355.77,true,
SH32406,2024-12-02,Busan,Singapore,Atlas Air Cargo,Air,211.5,11148,2,2,2728.86,true,
SH26008,2024-12-03,Hamburg,Singapore,Swift Cargo,Sea,541.9,16770,28,28,950.08,true,
SH29687,2024-12-03,Shanghai,Hamburg,Atlas Air Cargo,Air,258.9,15699,3,3,4860.4,true,
SH30188,2024-12-03,Busan,Singapore,BlueWave Lines,Sea,691.4,11931,23,20,904.22,false,Equipment
SH30490,2024-12-03,Hamburg,Ho Chi Minh City,BlueWave Lines,Sea,681.6,9810,17,17,831.85,true,
SH30679,2024-12-03,Los Angeles,Shanghai,BlueWave Lines,Rail,1592.9,546,2,2,333.0,true,
SH30714,2024-12-03,Busan,Hamburg,Atlas Air Cargo,Air,361.0,16209,2,3,6973.27,true,
SH30920,2024-12-03,Busan,Ho Chi Minh City,Meridian Freight,Rail,1708.9,2491,4,4,963.77,true,
SH31357,2024-12-03,Ho Chi Minh City,Rotterdam,Northstar Logistics,Sea,14583.8,2690,5,6,3511.74,true,
SH31596,2024-12-03,Busan,Rotterdam,Meridian Freight,Sea,630.7,8244,15,15,578.63,true,
SH31751,2024-12-03,Singapore,Shanghai,BlueWave Lines,Sea,276.7,1243,4,4,154.78,true,
SH31780,2024-12-03,Ho Chi Minh City,Singapore,Atlas Air Cargo,Air,316.2,12069,3,2,4872.16,false,Port congestion
SH32337,2024-12-03,Busan,Hamburg,Northstar Logistics,Road,599.0,1801,3,4,556.05,true,
SH32350,2024-12-03,Busan,Los Angeles,Northstar Logistics,Rail,1693.3,981,2,2,509.96,true,
SH32506,2024-12-03,Busan,Rotterdam,Swift Cargo,Sea,822.1,5155,9,10,446.16,true,
SH25556,2024-12-04,Busan,Los Angeles,Northstar Logistics,Sea,689.0,16768,27,28,1153.36,true,
SH25593,2024-12-04,Ho Chi Minh City,Shanghai,BlueWave Lines,Road,1061.7,2342,5,5,885.47,true,
SH26388,2024-12-04,Hamburg,Singapore,Meridian Freight,Rail,975.2,2131,4,4,552.21,true,
SH26441,2024-12-04,Hamburg,Shanghai,BlueWave Lines,Sea,1957.3,7405,13,13,1574.38,true,
SH27226,2024-12-04,Shanghai,Dubai,Atlas Air Cargo,Air,329.6,6774,2,2,2488.33,true,
SH28358,2024-12-04,Ho Chi Minh City,Los Angeles,Meridian Freight,Sea,2582.1,13916,23,23,3215.82,true,
SH28713,2024-12-04,Hamburg,Los Angeles,BlueWave Lines,Sea,1170.4,10474,18,18,1409.0,true,
SH30562,2024-12-04,Rotterdam,Shanghai,Meridian Freight,Sea,1418.7,10867,19,19,1405.36,true,
SH31409,2024-12-04,Shanghai,Singapore,Atlas Air Cargo,Air,168.3,2474,1,1,613.71,true,
SH32121,2024-12-04,Hamburg,Dubai,Atlas Air Cargo,Air,175.6,10078,1,2,2311.77,true,
SH24435,2024-12-05,Shanghai,Busan,Meridian Freight,Rail,1935.1,1457,2,3,712.92,true,
SH24985,2024-12-05,Singapore,Busan,Atlas Air Cargo,Air,485.5,10764,1,2,6109.0,true,
SH26069,2024-12-05,Singapore,Rotterdam,BlueWave Lines,Rail,1348.3,1625,3,3,632.44,true,
SH26156,2024-12-05,Busan,Los Angeles,Atlas Air Cargo,Air,801.4,14287,3,3,13335.19,true,
SH27728,2024-12-05,Busan,Los Angeles,Swift Cargo,Sea,4228.5,13938,23,23,6011.52,true,
SH28499,2024-12-05,Singapore,Dubai,Northstar Logistics,Sea,505.8,15052,34,25,707.62,false,Documentation
SH28526,2024-12-05,Singapore,Los Angeles,Swift Cargo,Sea,621.3,16871,28,28,1209.04,true,
SH30587,2024-12-05,Singapore,Rotterdam,Meridian Freight,Sea,1446.1,17276,29,29,2114.94,true,
SH32583,2024-12-05,Busan,Hamburg,Atlas Air Cargo,Air,92.6,5162,2,2,737.21,true,
SH32996,2024-12-05,Los Angeles,Dubai,Atlas Air Cargo,Air,373.4,3070,1,1,1536.62,true,
SH24149,2024-12-06,Dubai,Los Angeles,Swift Cargo,Sea,1939.9,5607,11,11,1100.25,true,
SH24231,2024-12-06,Shanghai,Ho Chi Minh City,Swift Cargo,Rail,1230.3,1725,3,3,565.3,true,
SH24235,2024-12-06,Shanghai,Los Angeles,BlueWave Lines,Sea,227.9,2657,6,6,169.87,true,
SH24444,2024-12-06,Hamburg,Dubai,BlueWave Lines,Rail,3572.3,2267,4,4,2232.98,true,
SH26253,2024-12-06,Ho Chi Minh City,Hamburg,Meridian Freight,Road,1017.4,2414,5,5,884.33,true,
SH26448,2024-12-06,Ho Chi Minh City,Los Angeles,Atlas Air Cargo,Air,110.9,6824,2,2,1007.74,true,
SH29234,2024-12-06,Ho Chi Minh City,Singapore,Meridian Freight,Sea,1611.7,6928,13,13,1314.78,true,
SH29411,2024-12-06,Singapore,Dubai,BlueWave Lines,Sea,1919.5,11391,20,20,2191.0,true,
SH30168,2024-12-06,Ho Chi Minh City,Dubai,Atlas Air Cargo,Air,327.6,17488,3,3,5866.25,true,
SH31804,2024-12-06,Busan,Hamburg,Swift Cargo,Rail,2744.6,723,1,2,524.59,true,
SH31929,2024-12-06,Busan,Ho Chi Minh City,Northstar Logistics,Sea,531.1,9616,17,17,648.92,true,
SH32722,2024-12-06,Ho Chi Minh City,Busan,Atlas Air Cargo,Air,292.3,16050,3,3,4550.34,true,
SH24415,2024-12-07,Ho Chi Minh City,Hamburg,Northstar Logistics,Sea,5060.6,14092,24,24,5958.99,true,
SH24775,2024-12-07,Shanghai,Los Angeles,BlueWave Lines,Sea,3956.8,8212,15,15,2734.53,true,
SH25382,2024-12-07,Ho Chi Minh City,Dubai,Meridian Freight,Sea,4569.0,13638,23,23,5807.56,true,Port congestion
SH25696,2024-12-07,Los Angeles,Rotterdam,BlueWave Lines,Sea,309.2,2930,15,7,214.97,false,Customs
SH26025,2024-12-07,Singapore,Ho Chi Minh City,Atlas Air Cargo,Air,754.9,13060,2,2,12244.33,true,
SH26138,2024-12-07,Dubai,Singapore,Swift Cargo,Road,876.8,620,2,2,336.35,true,
SH27351,2024-12-07,Rotterdam,Busan,Meridian Freight,Sea,4111.7,4907,12,10,2185.05,false,Port congestion
SH27525,2024-12-07,Dubai,Busan,BlueWave Lines,Rail,2675.9,1568,2,3,1175.5,true,
SH27723,2024-12-07,Rotterdam,Los Angeles,Swift Cargo,Sea,987.0,13373,22,23,1264.46,true,
SH27869,2024-12-07,Singapore,Shanghai,Meridian Freight,Road,3650.1,1234,9,3,1795.73,false,Weather
SH28158,2024-12-07,Busan,Ho Chi Minh City,Northstar Logistics,Sea,1597.6,14803,25,25,1962.31,true,
SH29774,2024-12-07,Dubai,Hamburg,Northstar Logistics,Sea,811.4,10457,26,18,895.86,false,Weather
SH30530,2024-12-07,Los Angeles,Shanghai,Meridian Freight,Sea,1188.3,16156,27,27,2158.23,true,
SH31347,2024-12-07,Ho Chi Minh City,Dubai,BlueWave Lines,Sea,817.2,6091,11,11,544.82,true,
SH31694,2024-12-07,Singapore,Busan,Northstar Logistics,Rail,765.8,1406,3,3,345.98,true,
SH32705,2024-12-07,Shanghai,Rotterdam,Swift Cargo,Sea,2005.5,5400,9,10,1029.17,true,
SH32778,2024-12-07,Ho Chi Minh City,Busan,BlueWave Lines,Sea,4005.0,17723,28,29,7704.19,true,
SH24707,2024-12-08,Hamburg,Dubai,Northstar Logistics,Sea,1452.0,14348,26,24,2204.2,false,Port congestion
SH24967,2024-12-08,Ho Chi Minh City,Busan,Meridian Freight,Sea,1014.9,8301,15,15,860.87,true,
SH25256,2024-12-08,Dubai,Shanghai,Atlas Air Cargo,Air,179.2,7875,2,2,1874.21,true,
SH26682,2024-12-08,Dubai,Rotterdam,Atlas Air Cargo,Air,212.2,9409,1,2,2637.36,true,
SH27450,2024-12-08,Singapore,Hamburg,Meridian Freight,Sea,660.1,5285,9,10,434.23,true,
SH27471,2024-12-08,Shanghai,Los Angeles,Swift Cargo,Sea,870.1,9967,17,17,807.61,true,
SH28082,2024-12-08,Singapore,Shanghai,BlueWave Lines,Sea,1075.8,12254,21,21,1376.98,true,
SH28802,2024-12-08,Hamburg,Busan,Atlas Air Cargo,Air,122.1,1383,1,1,321.23,true,
SH28905,2024-12-08,Hamburg,Dubai,Northstar Logistics,Sea,1275.2,8735,15,15,1184.48,true,
SH29143,2024-12-08,Dubai,Shanghai,Northstar Logistics,Sea,1731.1,5360,10,10,850.44,true,
SH29356,2024-12-08,Dubai,Rotterdam,Meridian Freight,Sea,1410.8,10782,19,19,1733.51,true,
SH29383,2024-12-08,Los Angeles,Rotterdam,Northstar Logistics,Sea,1555.7,16607,32,28,2811.24,false,Weather
SH30112,2024-12-08,Ho Chi Minh City,Busan,Northstar Logistics,Sea,1401.8,3987,10,8,694.88,false,Customs
SH31430,2024-12-08,Rotterdam,Los Angeles,Atlas Air Cargo,Air,139.8,1083,2,1,302.66,false,Port congestion
SH24717,2024-12-09,Dubai,Shanghai,Atlas Air Cargo,Air,605.7,14173,2,3,9902.53,true,
SH25449,2024-12-09,Dubai,Shanghai,Meridian Freight,Sea,2583.6,14241,24,24,2944.15,true,
SH25710,2024-12-09,Singapore,Shanghai,Atlas Air Cargo,Air,203.5,954,1,1,360.39,true,
SH26492,2024-12-09,Shanghai,Dubai,Meridian Freight,Sea,1286.7,4817,9,9,632.97,true,
SH29033,2024-12-09,Rotterdam,Ho Chi Minh City,Swift Cargo,Sea,1644.9,13182,22,22,1840.67,true,
SH29787,2024-12-09,Shanghai,Singapore,Atlas Air Cargo,Air,267.7,15349,3,3,4418.88,true,
SH30406,2024-12-09,Busan,Singapore,Meridian Freight,Sea,505.7,5878,10,11,369.09,true,
SH32681,2024-12-09,Rotterdam,Los Angeles,Northstar Logistics,Sea,2191.4,12292,21,21,2397.93,true,
SH32709,2024-12-09,Dubai,Rotterdam,Meridian Freight,Sea,632.6,10610,18,18,736.98,true,
SH24640,2024-12-10,Shanghai,Dubai,BlueWave Lines,Road,1851.3,720,2,2,670.52,true,
SH25048,2024-12-10,Shanghai,Ho Chi Minh City,Swift Cargo,Sea,1439.9,14816,24,25,1922.94,true,
SH25150,2024-12-10,Dubai,Hamburg,Northstar Logistics,Sea,266.6,17031,27,28,589.76,true,
SH25813,2024-12-10,Hamburg,Busan,Atlas Air Cargo,Air,192.6,14129,3,3,3662.13,true,
SH25920,2024-12-10,Los Angeles,Hamburg,Swift Cargo,Sea,536.9,17557,29,29,1056.27,true,
SH26322,2024-12-10,Rotterdam,Ho Chi Minh City,BlueWave Lines,Road,2491.5,546,2,2,567.85,true,Weather
SH27955,2024-12-10,Shanghai,Singapore,Meridian Freight,Rail,1975.5,660,2,2,380.77,true,
SH28530,2024-12-10,Ho Chi Minh City,Hamburg,Swift Cargo,Road,919.6,1914,4,4,843.53,true,
SH31562,2024-12-10,Singapore,Los Angeles,BlueWave Lines,Sea,2894.0,6170,11,11,1752.78,true,
SH31911,2024-12-10,Hamburg,Ho Chi Minh City,Northstar Logistics,Sea,900.2,16959,28,28,1723.76,true,
SH24238,2024-12-11,Rotterdam,Dubai,BlueWave Lines,Rail,1785.3,1539,3,3,816.76,true,
SH24247,2024-12-11,Dubai,Rotterdam,Northstar Logistics,Sea,890.9,16797,27,28,1411.5,true,
SH24639,2024-12-11,Hamburg,Dubai,Meridian Freight,Sea,585.5,16507,30,27,1124.78,false,Weather
SH27341,2024-12-11,Dubai,Ho Chi Minh City,Meridian Freight,Sea,2474.7,2310,15,6,563.09,false,Customs
SH30052,2024-12-11,Hamburg,Los Angeles,Atlas Air Cargo,Air,458.1,17233,3,3,9694.36,true,
SH30600,2024-12-11,Singapore,Hamburg,BlueWave Lines,Sea,1073.7,3526,6,7,424.41,true,
SH31076,2024-12-11,Busan,Shanghai,Swift Cargo,Sea,1453.6,4250,9,9,638.16,true,
SH31280,2024-12-11,Dubai,Singapore,Swift Cargo,Road,1695.1,370,2,2,364.91,true,
SH31538,2024-12-11,Rotterdam,Los Angeles,Meridian Freight,Sea,968.1,8989,15,16,907.03,true,
SH32098,2024-12-11,Dubai,Rotterdam,Swift Cargo,Sea,527.4,6363,12,12,481.22,true,
SH24422,2024-12-12,Hamburg,Singapore,Meridian Freight,Sea,1382.2,15376,25,26,2298.9,true,
SH25109,2024-12-12,Singapore,Los Angeles,Swift Cargo,Sea,822.5,4712,9,9,528.22,true,
SH25536,2024-12-12,Shanghai,Rotterdam,Swift Cargo,Sea,1887.3,12159,30,21,2184.34,false,Equipment
SH26469,2024-12-12,Rotterdam,Dubai,BlueWave Lines,Sea,2714.3,10331,18,18,2905.49,true,
SH26690,2024-12-12,Shanghai,Los Angeles,BlueWave Lines,Sea,6702.1,9516,16,17,6065.21,true,
SH27752,2024-12-12,Shanghai,Singapore,Swift Cargo,Rail,2865.4,711,2,2,527.71,true,
SH29046,2024-12-12,Los Angeles,Shanghai,Atlas Air Cargo,Air,68.7,4940,6,2,512.24,false,Weather
SH29559,2024-12-12,Hamburg,Dubai,Atlas Air Cargo,Air,223.7,4734,2,2,1393.19,true,
SH31203,2024-12-12,Los Angeles,Busan,Northstar Logistics,Rail,4318.1,1793,12,3,2132.47,false,Weather
SH31268,2024-12-12,Los Angeles,Shanghai,Meridian Freight,Rail,1431.7,1899,3,3,652.64,true,
SH31461,2024-12-12,Busan,Ho Chi Minh City,Meridian Freight,Sea,1507.6,2627,6,6,430.36,true,
SH31631,2024-12-12,Dubai,Singapore,Swift Cargo,Sea,3067.4,7548,13,14,2142.02,true,
SH31938,2024-12-12,Dubai,Rotterdam,Atlas Air Cargo,Air,189.1,16879,2,3,3409.13,true,
SH24206,2024-12-13,Ho Chi Minh City,Busan,Northstar Logistics,Sea,1154.5,14591,24,24,1659.56,true,
SH24538,2024-12-13,Ho Chi Minh City,Hamburg,Atlas Air Cargo,Air,198.5,10012,2,2,2094.13,true,
SH25510,2024-12-13,Dubai,Shanghai,Swift Cargo,Sea,1668.9,5579,11,11,1004.93,true,
SH25558,2024-12-13,Shanghai,Dubai,Swift Cargo,Sea,674.1,6599,12,12,520.06,true,
SH25625,2024-12-13,Singapore,Los Angeles,Northstar Logistics,Sea,931.8,2060,13,5,310.37,false,Port congestion
SH25651,2024-12-13,Los Angeles,Rotterdam,Atlas Air Cargo,Air,166.2,1767,1,1,425.71,true,
SH25947,2024-12-13,Dubai,Ho Chi Minh City,BlueWave Lines,Rail,2113.0,1594,3,3,868.08,true,
SH26321,2024-12-13,Singapore,Shanghai,Meridian Freight,Sea,643.6,7054,12,13,490.53,true,
SH27194,2024-12-13,Singapore,Dubai,BlueWave Lines,Sea,539.5,5496,10,10,392.65,true,
SH27412,2024-12-13,Busan,Dubai,Northstar Logistics,Sea,670.1,12149,20,21,799.11,true,
SH28211,2024-12-13,Busan,Rotterdam,Atlas Air Cargo,Air,92.9,8777,2,2,1051.48,true,
SH28258,2024-12-13,Los Angeles,Ho Chi Minh City,Meridian Freight,Sea,2184.2,6141,11,11,1293.16,true,
SH28957,2024-12-13,Los Angeles,Rotterdam,Atlas Air Cargo,Air,150.7,3209,1,1,618.64,true,
SH29953,2024-12-13,Rotterdam,Hamburg,Swift Cargo,Sea,505.3,8847,16,16,551.03,true,
SH31322,2024-12-13,Shanghai,Busan,Swift Cargo,Sea,4105.6,7387,13,13,2562.95,true,
SH31643,2024-12-13,Los Angeles,Busan,Swift Cargo,Sea,1429.3,17365,29,29,2163.05,true,
SH32275,2024-12-13,Rotterdam,Busan,Swift Cargo,Sea,288.8,833,3,3,143.16,true,
SH32880,2024-12-13,Los Angeles,Singapore,Swift Cargo,Sea,813.5,11023,18,19,977.56,true,
SH24037,2024-12-14,Shanghai,Los Angeles,BlueWave Lines,Sea,2454.5,16642,27,28,4154.13,true,
SH27489,2024-12-14,Dubai,Los Angeles,BlueWave Lines,Sea,2048.9,5474,10,10,1000.69,true,
SH28025,2024-12-14,Busan,Los Angeles,Swift Cargo,Sea,286.5,15570,26,26,583.38,true,
SH28783,2024-12-14,Rotterdam,Ho Chi Minh City,Meridian Freight,Sea,2561.0,10246,17,18,2160.93,true,
SH29874,2024-12-14,Hamburg,Busan,Swift Cargo,Sea,2059.3,2033,4,5,472.42,true,
SH30495,2024-12-14,Singapore,Shanghai,Northstar Logistics,Sea,1994.8,2398,5,6,552.28,true,
SH30843,2024-12-14,Rotterdam,Los Angeles,BlueWave Lines,Sea,1817.8,3002,7,7,537.97,true,
SH31523,2024-12-14,Ho Chi Minh City,Hamburg,Atlas Air Cargo,Air,81.7,4484,1,1,508.86,true,
SH31601,2024-12-14,Dubai,Shanghai,Northstar Logistics,Sea,2292.9,2338,6,6,649.22,true,
SH32805,2024-12-14,Ho Chi Minh City,Rotterdam,BlueWave Lines,Road,2469.4,1689,3,4,1494.3,true,
SH24375,2024-12-15,Hamburg,Singapore,Meridian Freight,Sea,575.5,12866,22,22,868.39,true,
SH25650,2024-12-15,Los Angeles,Rotterdam,Swift Cargo,Sea,3150.8,7604,14,14,2445.51,true,
SH25907,2024-12-15,Busan,Hamburg,BlueWave Lines,Road,3481.0,1038,2,3,1305.33,true,
SH27443,2024-12-15,Hamburg,Los Angeles,Swift Cargo,Sea,451.8,4075,7,8,306.17,true,
SH27811,2024-12-15,Busan,Singapore,BlueWave Lines,Sea,2731.0,7537,14,14,1737.91,true,
SH29757,2024-12-15,Hamburg,Ho Chi Minh City,Northstar Logistics,Sea,614.7,1054,3,4,174.54,true,
SH30120,2024-12-15,Rotterdam,Hamburg,Meridian Freight,Sea,2414.1,10766,19,19,2398.76,true,
SH30160,2024-12-15,Singapore,Shanghai,BlueWave Lines,Sea,1025.9,2773,6,6,387.46,true,
SH30772,2024-12-15,Dubai,Busan,Meridian Freight,Sea,2708.2,3702,7,8,978.78,true,
SH30802,2024-12-15,Los Angeles,Shanghai,Swift Cargo,Rail,411.6,460,1,2,157.58,true,
SH31028,2024-12-15,Singapore,Los Angeles,BlueWave Lines,Road,535.3,2051,4,4,517.77,true,
SH31220,2024-12-15,Rotterdam,Los Angeles,Northstar Logistics,Road,2627.1,1577,3,4,1758.65,true,
SH31572,2024-12-15,Busan,Los Angeles,Swift Cargo,Road,523.1,224,1,1,156.98,true,
SH31755,2024-12-15,Singapore,Los Angeles,Atlas Air Cargo,Air,698.5,13048,1,2,9509.83,true,
SH32445,2024-12-15,Rotterdam,Dubai,Meridian Freight,Rail,603.8,961,2,2,228.75,true,
SH24049,2024-12-16,Hamburg,Dubai,Atlas Air Cargo,Air,173.2,1547,1,1,390.17,true,
SH24223,2024-12-16,Singapore,Dubai,Northstar Logistics,Sea,1257.2,13267,22,22,1396.61,true,
SH24725,2024-12-16,Hamburg,Rotterdam,BlueWave Lines,Sea,7133.8,14307,24,24,9713.18,true,
SH25068,2024-12-16,Ho Chi Minh City,Hamburg,Atlas Air Cargo,Air,673.8,10365,1,2,7173.11,true,
SH25868,2024-12-16,Dubai,Shanghai,Meridian Freight,Sea,687.2,16562,26,27,1007.05,true,
SH26650,2024-12-16,Rotterdam,Singapore,Northstar Logistics,Rail,453.7,1469,9,3,287.08,false,Equipment
SH27665,2024-12-16,Busan,Singapore,Swift Cargo,Sea,778.7,10558,18,18,755.09,true,
SH28656,2024-12-16,Busan,Ho Chi Minh City,Atlas Air Cargo,Air,134.4,16035,3,3,2419.23,true,
SH28876,2024-12-16,Dubai,Rotterdam,BlueWave Lines,Sea,1064.6,14830,25,25,1400.0,true,
SH30463,2024-12-16,Ho Chi Minh City,Dubai,Northstar Logistics,Road,1630.1,1316,2,3,983.63,true,
SH30835,2024-12-16,Singapore,Shanghai,Atlas Air Cargo,Air,172.6,17420,2,3,3061.78,true,
SH31454,2024-12-16,Shanghai,Dubai,Atlas Air Cargo,Air,101.8,1125,1,1,268.98,true,
SH31526,2024-12-16,Rotterdam,Dubai,Atlas Air Cargo,Air,145.7,1456,1,1,322.3,true,
SH31747,2024-12-16,Singapore,Dubai,Swift Cargo,Sea,1213.0,10790,19,19,1221.91,true,
SH31916,2024-12-16,Rotterdam,Hamburg,Northstar Logistics,Sea,1444.8,8336,15,15,1217.88,true,
SH24371,2024-12-17,Rotterdam,Hamburg,Atlas Air Cargo,Air,607.7,11148,2,2,6583.87,true,
SH25698,2024-12-17,Busan,Los Angeles,BlueWave Lines,Sea,6954.9,10579,17,18,7712.16,true,
SH25795,2024-12-17,Los Angeles,Shanghai,Northstar Logistics,Road,868.8,1077,2,3,479.49,true,
SH25980,2024-12-17,Los Angeles,Rotterdam,BlueWave Lines,Road,844.5,1547,6,4,546.48,false,Equipment
SH26035,2024-12-17,Dubai,Shanghai,Northstar Logistics,Sea,1376.5,7930,14,14,966.21,true,
SH26293,2024-12-17,Busan,Ho Chi Minh City,BlueWave Lines,Road,1552.7,2264,5,5,1394.48,true,
SH27166,2024-12-17,Hamburg,Ho Chi Minh City,Atlas Air Cargo,Air,39.6,17505,3,3,1003.2,true,
SH28515,2024-12-17,Rotterdam,Hamburg,Swift Cargo,Rail,2746.3,1583,2,3,1065.37,true,
SH29079,2024-12-17,Singapore,Dubai,Meridian Freight,Sea,5368.2,10417,18,18,6120.62,true,
SH29818,2024-12-17,Busan,Singapore,Atlas Air Cargo,Air,53.2,16801,3,3,1193.63,true,
SH29833,2024-12-17,Dubai,Los Angeles,BlueWave Lines,Sea,3476.7,6944,13,13,2377.83,true,
SH30507,2024-12-17,Dubai,Shanghai,Swift Cargo,Sea,4259.8,8597,14,15,3830.27,true,
SH31436,2024-12-17,Singapore,Dubai,Swift Cargo,Sea,1377.0,8168,15,15,1114.94,true,
SH24217,2024-12-18,Hamburg,Ho Chi Minh City,Swift Cargo,Sea,864.3,17740,29,29,1705.99,true,
SH26194,2024-12-18,Busan,Shanghai,Swift Cargo,Sea,1255.4,15605,25,26,2054.99,true,
SH27644,2024-12-18,Singapore,Rotterdam,Atlas Air Cargo,Air,59.8,8719,2,2,652.14,true,
SH27779,2024-12-18,Los Angeles,Rotterdam,Northstar Logistics,Rail,672.4,1334,3,3,326.98,true,
SH27871,2024-12-18,Ho Chi Minh City,Los Angeles,Swift Cargo,Rail,1228.1,1890,2,3,694.16,true,
SH28558,2024-12-18,Shanghai,Dubai,Northstar Logistics,Rail,343.4,1330,7,3,228.68,false,Port congestion
SH28726,2024-12-18,Dubai,Busan,Swift Cargo,Sea,2750.8,4961,9,10,1491.43,true,
SH28821,2024-12-18,Ho Chi Minh City,Los Angeles,Atlas Air Cargo,Air,142.7,11720,1,2,1750.86,true,
SH31318,2024-12-18,Rotterdam,Busan,BlueWave Lines,Sea,3980.2,13896,22,23,5666.8,true,
SH24021,2024-12-19,Shanghai,Hamburg,Northstar Logistics,Sea,764.0,15445,25,26,1241.13,true,
SH27193,2024-12-19,Dubai,Los Angeles,Swift Cargo,Sea,2983.1,2689,6,6,838.22,true,
SH27521,2024-12-19,Busan,Rotterdam,BlueWave Lines,Sea,752.1,5386,10,10,445.43,true,
SH29178,2024-12-19,Shanghai,Hamburg,Atlas Air Cargo,Air,159.3,16057,2,3,2874.25,true,
SH29866,2024-12-19,Dubai,Rotterdam,Northstar Logistics,Sea,2253.7,12562,20,21,3130.07,true,
SH30470,2024-12-19,Dubai,Ho Chi Minh City,Swift Cargo,Sea,2110.2,1019,4,4,333.5,true,
SH30905,2024-12-19,Busan,Los Angeles,Meridian Freight,Sea,1524.1,4802,9,9,722.31,true,
SH31918,2024-12-19,Hamburg,Los Angeles,Northstar Logistics,Rail,652.0,1107,1,2,281.61,true,
SH24675,2024-12-20,Ho Chi Minh City,Busan,Meridian Freight,Sea,757.9,15300,25,26,1327.27,true,
SH25228,2024-12-20,Dubai,Busan,BlueWave Lines,Road,443.9,1477,3,3,382.93,true,
SH25656,2024-12-20,Ho Chi Minh City,Singapore,Northstar Logistics,Sea,703.5,12185,20,21,896.25,true,
SH25806,2024-12-20,Ho Chi Minh City,Dubai,Swift Cargo,Sea,186.2,5792,11,11,233.03,true,
SH27493,2024-12-20,Hamburg,Shanghai,BlueWave Lines,Road,715.9,371,2,2,224.9,true,
SH27655,2024-12-20,Ho Chi Minh City,Shanghai,Meridian Freight,Sea,517.3,4743,9,9,356.93,true,
SH28140,2024-12-20,Dubai,Ho Chi Minh City,Meridian Freight,Sea,1135.5,4445,9,9,655.45,true,
SH29058,2024-12-20,Singapore,Hamburg,BlueWave Lines,Road,1250.8,2468,4,5,1290.34,true,
SH29391,2024-12-20,Shanghai,Busan,Atlas Air Cargo,Air,740.4,4954,2,2,3897.62,true,
SH29996,2024-12-20,Ho Chi Minh City,Rotterdam,Meridian Freight,Sea,1799.7,5231,10,10,1110.29,true,
SH30137,2024-12-20,Shanghai,Hamburg,Atlas Air Cargo,Air,90.5,4554,2,2,601.63,true,
SH30966,2024-12-20,Los Angeles,Hamburg,BlueWave Lines,Road,832.1,1746,4,4,574.99,true,
SH32820,2024-12-20,Shanghai,Singapore,BlueWave Lines,Sea,151.8,9742,16,17,249.17,true,
SH24615,2024-12-21,Shanghai,Los Angeles,Northstar Logistics,Rail,1127.3,1489,3,3,505.06,true,
SH24755,2024-12-21,Dubai,Rotterdam,Swift Cargo,Sea,5705.4,16320,27,27,9436.89,true,
SH25787,2024-12-21,Singapore,Busan,Meridian Freight,Sea,830.9,14331,24,24,1171.91,true,
SH26370,2024-12-21,Rotterdam,Ho Chi Minh City,Atlas Air Cargo,Air,599.2,16939,3,3,10240.89,true,
SH26536,2024-12-21,Dubai,Shanghai,Atlas Air Cargo,Air,112.5,10794,2,2,1392.42,true,
SH26604,2024-12-21,Dubai,Ho Chi Minh City,Meridian Freight,Sea,465.5,11184,19,19,534.98,true,
SH27260,2024-12-21,Dubai,Rotterdam,Northstar Logistics,Sea,772.7,14493,24,24,1236.13,true,
SH28966,2024-12-21,Dubai,Hamburg,Meridian Freight,Sea,1677.2,1762,5,5,418.49,true,
SH29041,2024-12-21,Dubai,Busan,Northstar Logistics,Sea,1659.7,2851,8,6,490.98,false,Port congestion
SH29708,2024-12-21,Los Angeles,Ho Chi Minh City,Northstar Logistics,Road,1778.4,2230,5,5,1660.81,true,
SH30433,2024-12-21,Ho Chi Minh City,Rotterdam,Atlas Air Cargo,Air,121.2,5911,1,2,929.88,true,
SH30591,2024-12-21,Ho Chi Minh City,Busan,Northstar Logistics,Sea,1219.6,10991,18,19,1450.32,true,
SH30860,2024-12-21,Hamburg,Dubai,Northstar Logistics,Sea,656.7,1788,5,5,224.6,true,
SH32273,2024-12-21,Rotterdam,Singapore,Meridian Freight,Sea,417.9,1851,5,5,182.43,true,
SH32462,2024-12-21,Shanghai,Busan,Meridian Freight,Sea,1938.3,2032,4,5,491.62,true,
SH24708,2024-12-22,Hamburg,Ho Chi Minh City,BlueWave Lines,Sea,472.8,3680,7,8,289.98,true,
SH25027,2024-12-22,Ho Chi Minh City,Los Angeles,Atlas Air Cargo,Air,237.6,12662,2,2,2946.25,true,
SH26187,2024-12-22,Shanghai,Dubai,Atlas Air Cargo,Air,156.4,13364,1,2,2420.78,true,
SH27868,2024-12-22,Busan,Rotterdam,Meridian Freight,Sea,311.8,1495,3,4,162.08,true,
SH27907,2024-12-22,Rotterdam,Los Angeles,Meridian Freight,Sea,1187.4,15149,25,25,1622.24,true,
SH28323,2024-12-22,Singapore,Busan,Swift Cargo,Sea,1224.7,6509,12,12,827.76,true,
SH28507,2024-12-22,Ho Chi Minh City,Singapore,BlueWave Lines,Sea,1199.0,7412,14,13,954.42,false,Equipment
SH29051,2024-12-22,Dubai,Hamburg,Swift Cargo,Sea,2353.0,12751,22,22,2904.47,true,
SH29551,2024-12-22,Singapore,Ho Chi Minh City,Meridian Freight,Sea,1988.0,2761,6,6,608.16,true,
SH32750,2024-12-22,Shanghai,Dubai,Atlas Air Cargo,Air,3264.5,13437,2,2,52587.37,true,
SH32911,2024-12-22,Rotterdam,Dubai,Northstar Logistics,Sea,771.0,16609,28,28,1112.23,true,
SH24917,2024-12-23,Ho Chi Minh City,Shanghai,Northstar Logistics,Sea,709.4,8301,15,15,641.68,true,
SH25102,2024-12-23,Singapore,Los Angeles,BlueWave Lines,Sea,3917.6,5064,14,10,1696.23,false,Customs
SH25570,2024-12-23,Rotterdam,Singapore,BlueWave Lines,Sea,771.1,10287,17,18,810.78,true,
SH26052,2024-12-23,Los Angeles,Dubai,Northstar Logistics,Sea,867.5,3323,7,7,356.03,true,
SH26924,2024-12-23,Shanghai,Busan,Swift Cargo,Rail,328.0,1855,3,3,253.47,true,
SH27102,2024-12-23,Shanghai,Ho Chi Minh City,Swift Cargo,Sea,982.3,13436,22,23,1515.92,true,
SH28003,2024-12-23,Singapore,Dubai,Northstar Logistics,Road,5617.1,1717,4,4,3058.06,true,
SH29583,2024-12-23,Shanghai,Singapore,Atlas Air Cargo,Air,203.7,7738,1,2,1714.82,true,
SH30483,2024-12-23,Ho Chi Minh City,Rotterdam,BlueWave Lines,Sea,393.1,6931,13,13,385.03,true,
SH30508,2024-12-23,Busan,Dubai,Atlas Air Cargo,Air,315.4,3479,1,1,1215.63,true,
SH31952,2024-12-23,Dubai,Hamburg,Northstar Logistics,Rail,702.8,1518,3,3,378.66,true,
SH32817,2024-12-23,Shanghai,Ho Chi Minh City,Swift Cargo,Sea,438.7,1099,3,4,160.61,true,
SH24374,2024-12-24,Los Angeles,Ho Chi Minh City,BlueWave Lines,Rail,1274.6,523,2,2,266.28,true,
SH24743,2024-12-24,Busan,Ho Chi Minh City,Northstar Logistics,Sea,1062.5,6220,13,12,768.39,false,Customs
SH26009,2024-12-24,Singapore,Busan,Meridian Freight,Sea,909.2,6543,12,12,581.79,true,Equipment
SH27254,2024-12-24,Dubai,Busan,Swift Cargo,Sea,1542.5,13870,27,23,2233.39,false,Weather
SH27280,2024-12-24,Rotterdam,Hamburg,Meridian Freight,Sea,1913.6,10562,19,18,1725.23,false,Port congestion
SH27320,2024-12-24,Ho Chi Minh City,Dubai,Atlas Air Cargo,Air,135.7,14723,3,3,2183.68,true,
SH27954,2024-12-24,Ho Chi Minh City,Rotterdam,Meridian Freight,Sea,577.8,8944,16,16,564.41,true,
SH28031,2024-12-24,Hamburg,Shanghai,Atlas Air Cargo,Air,572.0,7373,1,2,4108.72,true,
SH28131,2024-12-24,Rotterdam,Ho Chi Minh City,Meridian Freight,Road,878.1,2442,6,5,988.37,false,Documentation
SH29490,2024-12-24,Los Angeles,Singapore,Swift Cargo,Rail,2295.1,1235,7,3,726.08,false,Documentation
SH30118,2024-12-24,Shanghai,Busan,Atlas Air Cargo,Air,420.2,1787,1,1,901.23,true,
SH30924,2024-12-24,Dubai,Shanghai,Northstar Logistics,Sea,460.5,5725,14,11,374.58,false,Customs
SH31137,2024-12-24,Hamburg,Los Angeles,Northstar Logistics,Sea,2372.0,7951,19,14,1932.72,false,Customs
SH31420,2024-12-24,Rotterdam,Los Angeles,Northstar Logistics,Sea,2518.3,9694,21,17,2286.4,false,Port congestion
SH31525,2024-12-24,Hamburg,Singapore,Swift Cargo,Sea,1394.1,8590,15,15,1047.96,true,
SH32422,2024-12-24,Los Angeles,Shanghai,Northstar Logistics,Sea,660.4,10874,19,19,839.52,true,
SH32860,2024-12-24,Singapore,Dubai,Meridian Freight,Road,1793.0,1642,4,4,1206.24,true,
SH32972,2024-12-24,Busan,Rotterdam,Northstar Logistics,Road,2898.6,2019,4,4,2520.92,true,
SH24029,2024-12-25,Rotterdam,Ho Chi Minh City,Atlas Air Cargo,Air,256.6,3634,1,1,1331.16,true,
SH26503,2024-12-25,Los Angeles,Singapore,Northstar Logistics,Road,897.1,1011,2,3,482.55,true,
SH27225,2024-12-25,Singapore,Ho Chi Minh City,BlueWave Lines,Sea,1129.3,15347,26,26,1710.71,true,
SH27301,2024-12-25,Shanghai,Rotterdam,BlueWave Lines,Sea,4039.0,16219,27,27,5654.76,true,
SH27662,2024-12-25,Shanghai,Ho Chi Minh City,Atlas Air Cargo,Air,395.1,12166,2,2,5250.22,true,
SH28183,2024-12-25,Singapore,Busan,Swift Cargo,Sea,3562.8,11076,19,19,3552.98,true,
SH28633,2024-12-25,Singapore,Ho Chi Minh City,Swift Cargo,Road,3263.6,2443,5,5,3066.37,true,
SH28933,2024-12-25,Busan,Los Angeles,Meridian Freight,Sea,3687.9,17231,28,29,6204.12,true,
SH30765,2024-12-25,Busan,Hamburg,Northstar Logistics,Road,631.2,572,2,2,268.78,true,
SH30782,2024-12-25,Busan,Rotterdam,Northstar Logistics,Sea,2083.4,4018,8,8,857.85,true,
SH32105,2024-12-25,Los Angeles,Rotterdam,BlueWave Lines,Sea,1645.5,10581,18,18,1903.38,true,
SH32787,2024-12-25,Los Angeles,Ho Chi Minh City,Swift Cargo,Rail,1063.1,2221,4,4,698.68,true,
SH24812,2024-12-26,Shanghai,Rotterdam,Meridian Freight,Sea,541.9,2355,6,6,227.09,true,
SH25192,2024-12-26,Busan,Hamburg,Meridian Freight,Road,923.8,582,5,2,313.03,false,Customs
SH26718,2024-12-26,Singapore,Los Angeles,Swift Cargo,Rail,569.2,895,1,2,239.01,true,
SH27228,2024-12-26,Shanghai,Los Angeles,Swift Cargo,Road,1311.5,1195,3,3,700.78,true,
SH27300,2024-12-26,Hamburg,Shanghai,Atlas Air Cargo,Air,184.3,6771,2,2,1293.45,true,
SH28582,2024-12-26,Dubai,Singapore,Atlas Air Cargo,Air,331.4,15889,3,3,5148.76,true,
SH31067,2024-12-26,Dubai,Los Angeles,Meridian Freight,Sea,3047.9,10496,18,18,2989.28,true,
SH31937,2024-12-26,Busan,Shanghai,Northstar Logistics,Sea,908.2,6950,14,13,785.62,false,Weather
SH32387,2024-12-26,Los Angeles,Singapore,Atlas Air Cargo,Air,460.4,14933,2,3,8574.69,true,
SH32848,2024-12-26,Los Angeles,Ho Chi Minh City,Swift Cargo,Sea,1736.0,3233,7,7,695.1,true,
SH32935,2024-12-26,Hamburg,Los Angeles,Meridian Freight,Sea,455.9,3603,9,8,274.25,false,Customs
SH25361,2024-12-27,Dubai,Singapore,Atlas Air Cargo,Air,65.4,7482,1,2,650.45,true,
SH26075,2024-12-27,Rotterdam,Ho Chi Minh City,Meridian Freight,Sea,2739.2,6727,12,12,1611.32,true,
SH27389,2024-12-27,Los Angeles,Busan,Swift Cargo,Road,687.6,1874,3,4,553.24,true,
SH29207,2024-12-27,Dubai,Ho Chi Minh City,BlueWave Lines,Sea,1059.6,11217,19,19,1111.9,true,
SH30533,2024-12-27,Shanghai,Rotterdam,Swift Cargo,Rail,307.9,1174,1,2,202.39,true,
SH31651,2024-12-27,Shanghai,Hamburg,Northstar Logistics,Sea,853.2,12933,21,22,1117.81,true,
SH31670,2024-12-27,Hamburg,Los Angeles,Northstar Logistics,Sea,585.0,12469,20,21,699.53,true,
SH32423,2024-12-27,Busan,Hamburg,Swift Cargo,Sea,1935.0,8605,15,15,1704.67,true,
SH24645,2024-12-28,Hamburg,Los Angeles,Northstar Logistics,Road,4716.1,838,2,2,1371.88,true,
SH26509,2024-12-28,Dubai,Ho Chi Minh City,Swift Cargo,Sea,5017.7,5101,9,10,2613.25,true,
SH27676,2024-12-28,Busan,Shanghai,BlueWave Lines,Sea,1703.7,11007,19,19,1991.41,true,
SH27755,2024-12-28,Singapore,Ho Chi Minh City,Swift Cargo,Sea,852.2,17325,28,29,1479.13,true,
SH28458,2024-12-28,Hamburg,Singapore,Atlas Air Cargo,Air,643.1,5114,2,2,3464.93,true,
SH29029,2024-12-28,Busan,Dubai,BlueWave Lines,Sea,864.3,8829,15,16,887.68,true,
SH29311,2024-12-28,Dubai,Busan,Swift Cargo,Sea,6062.0,8769,15,15,4403.19,true,
SH29336,2024-12-28,Busan,Dubai,Swift Cargo,Rail,867.3,1146,1,2,326.53,true,
SH30161,2024-12-28,Singapore,Shanghai,Swift Cargo,Sea,1925.0,16488,27,27,2841.87,true,
SH30284,2024-12-28,Ho Chi Minh City,Dubai,Swift Cargo,Rail,3097.9,1261,3,3,998.87,true,
SH30457,2024-12-28,Singapore,Dubai,Swift Cargo,Road,473.0,1565,3,4,364.89,true,
SH31667,2024-12-28,Rotterdam,Singapore,BlueWave Lines,Sea,928.2,12754,22,22,1224.94,true,
SH24861,2024-12-29,Rotterdam,Los Angeles,Atlas Air Cargo,Air,114.4,13766,11,3,2127.13,false,Port congestion
SH25648,2024-12-29,Rotterdam,Busan,Meridian Freight,Sea,6287.0,8558,15,15,5060.21,true,
SH25863,2024-12-29,Singapore,Los Angeles,Atlas Air Cargo,Air,288.5,9280,2,2,3251.05,true,
SH26255,2024-12-29,Ho Chi Minh City,Rotterdam,Swift Cargo,Sea,386.1,6843,13,13,391.69,true,
SH26262,2024-12-29,Hamburg,Shanghai,Meridian Freight,Sea,559.2,17849,29,29,1149.77,true,
SH26519,2024-12-29,Rotterdam,Busan,Swift Cargo,Sea,1159.1,2361,6,6,399.91,true,
SH26827,2024-12-29,Singapore,Rotterdam,Atlas Air Cargo,Air,290.6,2457,1,1,860.42,true,
SH27077,2024-12-29,Dubai,Singapore,Northstar Logistics,Sea,1977.6,16397,27,27,3025.02,true,
SH28121,2024-12-29,Shanghai,Rotterdam,Meridian Freight,Sea,864.3,13276,22,22,1336.46,true,
SH28418,2024-12-29,Rotterdam,Hamburg,Meridian Freight,Rail,3437.5,215,1,1,278.58,true,
SH31056,2024-12-29,Dubai,Ho Chi Minh City,Atlas Air Cargo,Air,685.5,7301,4,2,6224.01,false,Equipment
SH32033,2024-12-29,Rotterdam,Shanghai,Northstar Logistics,Sea,2203.0,8470,15,15,1847.96,true,
SH32668,2024-12-29,Rotterdam,Dubai,Northstar Logistics,Sea,340.0,5620,11,11,310.45,true,
SH32952,2024-12-29,Dubai,Rotterdam,BlueWave Lines,Sea,337.4,7369,13,13,319.57,true,
SH24387,2024-12-30,Shanghai,Busan,Swift Cargo,Sea,1999.6,12706,22,22,2512.15,true,
SH25432,2024-12-30,Los Angeles,Dubai,BlueWave Lines,Rail,1739.5,859,2,2,513.78,true,
SH26295,2024-12-30,Rotterdam,Shanghai,Swift Cargo,Sea,7848.5,6719,12,12,4681.22,true,
SH27001,2024-12-30,Hamburg,Rotterdam,BlueWave Lines,Rail,1156.4,350,1,1,201.1,true,
SH27068,2024-12-30,Ho Chi Minh City,Busan,Atlas Air Cargo,Air,398.8,3455,1,1,1764.51,true,
SH27441,2024-12-30,Rotterdam,Busan,Meridian Freight,Sea,831.1,4283,9,9,398.4,true,
SH28405,2024-12-30,Dubai,Ho Chi Minh City,BlueWave Lines,Sea,903.5,12949,22,22,1046.71,true,
SH29493,2024-12-30,Ho Chi Minh City,Singapore,Atlas Air Cargo,Air,389.4,6277,2,2,3216.6,true,
SH30742,2024-12-30,Rotterdam,Singapore,Swift Cargo,Sea,602.6,7169,13,13,539.46,true,
SH32095,2024-12-30,Busan,Los Angeles,Swift Cargo,Sea,651.8,3246,7,7,329.19,true,
SH32868,2024-12-30,Singapore,Dubai,BlueWave Lines,Road,5166.6,2217,4,5,3844.03,true,
SH25597,2024-12-31,Ho Chi Minh City,Dubai,Meridian Freight,Sea,1389.3,4376,8,9,630.66,true,
SH25770,2024-12-31,Shanghai,Rotterdam,BlueWave Lines,Sea,1032.1,6074,10,11,601.57,true,
SH25970,2024-12-31,Shanghai,Rotterdam,Meridian Freight,Sea,2271.1,16591,28,28,3614.84,true,
SH26059,2024-12-31,Hamburg,Dubai,Northstar Logistics,Sea,2167.1,2469,5,6,686.84,true,
SH26311,2024-12-31,Singapore,Los Angeles,Atlas Air Cargo,Air,582.2,11130,2,2,8379.25,true,
SH26417,2024-12-31,Busan,Singapore,Swift Cargo,Sea,827.6,16290,26,27,1537.98,true,
SH27293,2024-12-31,Shanghai,Busan,BlueWave Lines,Rail,1768.2,1127,2,2,499.8,true,
SH27660,2024-12-31,Los Angeles,Hamburg,Atlas Air Cargo,Air,171.1,810,1,1,282.46,true,
SH27747,2024-12-31,Busan,Shanghai,BlueWave Lines,Sea,763.8,13654,23,23,1059.52,true,
SH31068,2024-12-31,Dubai,Shanghai,Swift Cargo,Sea,516.2,15549,26,26,900.77,true,
SH32065,2024-12-31,Los Angeles,Rotterdam,Swift Cargo,Sea,5272.0,12394,20,21,5907.82,true,
SH24221,2025-01-01,Los Angeles,Hamburg,Atlas Air Cargo,Air,40.4,10417,2,2,530.33,true,
SH25021,2025-01-01,Ho Chi Minh City,Singapore,Atlas Air Cargo,Air,227.7,13406,2,2,3036.66,true,
SH25372,2025-01-01,Ho Chi Minh City,Shanghai,BlueWave Lines,Sea,1601.3,4455,9,9,741.01,true,
SH26777,2025-01-01,Singapore,Busan,Northstar Logistics,Road,542.6,1130,2,3,336.21,true,
SH26861,2025-01-01,Hamburg,Shanghai,BlueWave Lines,Sea,4309.6,4600,9,9,2200.86,true,
SH27550,2025-01-01,Rotterdam,Hamburg,Northstar Logistics,Sea,771.8,12395,23,21,1054.08,false,Port congestion
SH27847,2025-01-01,Shanghai,Los Angeles,Swift Cargo,Sea,2812.1,2998,7,7,769.25,true,
SH28201,2025-01-01,Hamburg,Ho Chi Minh City,Northstar Logistics,Road,1931.9,1099,3,3,838.36,true,
SH29069,2025-01-01,Shanghai,Rotterdam,Meridian Freight,Sea,2787.1,13570,23,23,3922.71,true,
SH29518,2025-01-01,Rotterdam,Hamburg,BlueWave Lines,Road,1875.2,582,2,2,449.32,true,
SH29929,2025-01-01,Rotterdam,Shanghai,Atlas Air Cargo,Air,318.7,2894,1,1,1104.3,true,
SH30498,2025-01-01,Rotterdam,Los Angeles,Northstar Logistics,Sea,576.0,13667,22,23,782.76,true,
SH30750,2025-01-01,Singapore,Dubai,BlueWave Lines,Sea,1585.0,12353,21,21,1646.67,true,
SH30753,2025-01-01,Dubai,Hamburg,Meridian Freight,Sea,1142.2,6370,14,12,742.58,false,Documentation
SH31120,2025-01-01,Busan,Rotterdam,BlueWave Lines,Sea,2018.8,8203,15,15,1445.18,true,
SH32672,2025-01-01,Shanghai,Singapore,Meridian Freight,Sea,693.7,6220,12,12,548.89,true,
SH24363,2025-01-02,Ho Chi Minh City,Hamburg,Atlas Air Cargo,Air,266.2,11340,2,2,4064.57,true,
SH24628,2025-01-02,Los Angeles,Dubai,Atlas Air Cargo,Air,940.9,4143,1,1,5259.1,true,
SH25166,2025-01-02,Busan,Singapore,BlueWave Lines,Sea,4268.4,12039,24,21,4595.51,false,Documentation
SH26212,2025-01-02,Singapore,Shanghai,Swift Cargo,Sea,581.8,11988,19,20,775.63,true,
SH26538,2025-01-02,Los Angeles,Dubai,Northstar Logistics,Road,478.7,1657,4,4,410.64,true,
SH26544,2025-01-02,Los Angeles,Shanghai,Meridian Freight,Sea,647.4,16969,37,28,1289.98,false,Equipment
SH26622,2025-01-02,Los Angeles,Shanghai,Meridian Freight,Sea,2253.0,7888,16,14,1657.37,false,Port congestion
SH27049,2025-01-02,Dubai,Ho Chi Minh City,Atlas Air Cargo,Air,315.6,16493,3,3,6496.22,true,
SH27574,2025-01-02,Ho Chi Minh City,Busan,Meridian Freight,Sea,1827.6,17720,29,29,3017.25,true,Port congestion
SH27942,2025-01-02,Ho Chi Minh City,Shanghai,Atlas Air Cargo,Air,362.1,9326,2,2,4274.82,true,
SH28365,2025-01-02,Hamburg,Los Angeles,Swift Cargo,Sea,1751.8,6472,11,12,1140.65,true,
SH28961,2025-01-02,Ho Chi Minh City,Los Angeles,Atlas Air Cargo,Air,168.2,6574,2,2,1487.69,true,
SH29544,2025-01-02,Shanghai,Hamburg,Atlas Air Cargo,Air,544.2,5375,4,2,3590.34,false,Port congestion
SH31069,2025-01-02,Rotterdam,Ho Chi Minh City,BlueWave Lines,Sea,2491.8,11273,28,19,2396.43,false,Port congestion
SH32793,2025-01-02,Los Angeles,Shanghai,Atlas Air Cargo,Air,222.2,6289,2,2,1686.22,true,
SH24044,2025-01-03,Ho Chi Minh City,Hamburg,BlueWave Lines,Sea,1620.0,2671,8,6,480.7,false,Customs
SH24633,2025-01-03,Rotterdam,Shanghai,Northstar Logistics,Sea,1244.9,4539,13,9,565.11,false,Weather
SH26833,2025-01-03,Rotterdam,Ho Chi Minh City,BlueWave Lines,Sea,5611.1,3346,7,7,2059.99,true,
SH27246,2025-01-03,Los Angeles,Shanghai,Swift Cargo,Road,1462.1,918,3,3,589.71,true,
SH29476,2025-01-03,Singapore,Hamburg,BlueWave Lines,Rail,1189.2,272,2,1,181.88,false,Weather
SH30048,2025-01-03,Dubai,Hamburg,Northstar Logistics,Sea,2976.2,13624,24,23,4430.07,false,Customs
SH31245,2025-01-03,Busan,Dubai,Northstar Logistics,Sea,2010.4,10206,19,18,1751.16,false,Documentation
SH31798,2025-01-03,Dubai,Los Angeles,Meridian Freight,Sea,1632.7,821,3,3,261.86,true,
SH32495,2025-01-03,Shanghai,Rotterdam,Meridian Freight,Rail,536.5,1127,3,2,264.26,false,Port congestion
SH32888,2025-01-03,Rotterdam,Busan,Atlas Air Cargo,Air,181.4,7579,2,2,1640.4,true,
SH27080,2025-01-04,Hamburg,Shanghai,Swift Cargo,Sea,3398.4,6195,12,12,1762.5,true,
SH27289,2025-01-04,Singapore,Rotterdam,Northstar Logistics,Rail,1922.4,2151,13,4,1034.59,false,Equipment
SH28912,2025-01-04,Singapore,Ho Chi Minh City,Atlas Air Cargo,Air,823.6,1843,1,1,1877.08,true,
SH29458,2025-01-04,Busan,Rotterdam,Meridian Freight,Sea,1812.4,12413,20,21,2514.65,true,
SH30909,2025-01-04,Hamburg,Singapore,Meridian Freight,Road,4773.6,1370,9,3,2769.69,false,Equipment
SH31980,2025-01-04,Rotterdam,Singapore,Swift Cargo,Sea,1084.8,15534,26,26,1715.29,true,
SH32597,2025-01-04,Dubai,Singapore,Northstar Logistics,Sea,814.3,867,5,3,187.43,false,Weather
SH24558,2025-01-05,Busan,Hamburg,BlueWave Lines,Sea,1005.8,11859,20,20,1115.43,true,
SH25333,2025-01-05,Los Angeles,Shanghai,BlueWave Lines,Sea,977.6,12664,21,21,1111.31,true,
SH25817,2025-01-05,Singapore,Shanghai,Swift Cargo,Sea,1603.1,8832,16,16,1257.81,true,
SH26363,2025-01-05,Busan,Singapore,Meridian Freight,Sea,1042.3,2033,5,5,330.76,true,
SH26470,2025-01-05,Los Angeles,Hamburg,Northstar Logistics,Sea,502.9,8204,14,15,465.93,true,
SH27027,2025-01-05,Ho Chi Minh City,Shanghai,Meridian Freight,Sea,3363.1,15181,25,25,4786.03,true,
SH27330,2025-01-05,Busan,Hamburg,Atlas Air Cargo,Air,697.3,17674,3,3,12620.35,true,
SH28366,2025-01-05,Hamburg,Ho Chi Minh City,Swift Cargo,Rail,6639.9,1827,3,3,2611.63,true,
SH28577,2025-01-05,Rotterdam,Shanghai,Meridian Freight,Road,1878.4,2437,5,5,1688.89,true,Customs
SH29286,2025-01-05,Dubai,Hamburg,Atlas Air Cargo,Air,213.1,12183,1,2,3031.56,true,
SH29400,2025-01-05,Hamburg,Ho Chi Minh City,Northstar Logistics,Road,2440.9,2017,5,4,1985.29,false,Documentation
SH29955,2025-01-05,Hamburg,Ho Chi Minh City,Swift Cargo,Sea,1937.1,3720,8,8,880.73,true,
SH30717,2025-01-05,Singapore,Busan,Northstar Logistics,Rail,2080.7,2258,4,4,1224.11,true,
SH31026,2025-01-05,Los Angeles,Singapore,Atlas Air Cargo,Air,297.5,8315,2,2,3098.71,true,
SH31364,2025-01-05,Ho Chi Minh City,Hamburg,Atlas Air Cargo,Air,597.0,8941,2,2,5142.35,true,
SH31373,2025-01-05,Ho Chi Minh City,Busan,Swift Cargo,Sea,356.0,11372,18,19,532.95,true,
SH32224,2025-01-05,Singapore,Los Angeles,Swift Cargo,Road,214.1,1858,4,4,272.09,true,
SH32370,2025-01-05,Rotterdam,Ho Chi Minh City,Swift Cargo,Sea,1081.9,4672,8,9,593.34,true,
SH24362,2025-01-06,Shanghai,Rotterdam,Swift Cargo,Sea,1743.1,988,7,4,303.28,false,Weather
SH24673,2025-01-06,Hamburg,Ho Chi Minh City,Meridian Freight,Sea,1403.7,2621,6,6,481.43,true,Customs
SH25025,2025-01-06,Ho Chi Minh City,Los Angeles,Atlas Air Cargo,Air,195.1,12823,2,2,2513.48,true,
SH25044,2025-01-06,Busan,Dubai,BlueWave Lines,Sea,2208.0,10073,18,17,2139.74,false,Weather
SH25100,2025-01-06,Busan,Los Angeles,Meridian Freight,Rail,2833.6,317,4,1,343.2,false,Port congestion
SH26398,2025-01-06,Los Angeles,Singapore,Swift Cargo,Rail,2460.8,2276,4,4,1333.68,true,
SH26399,2025-01-06,Busan,Los Angeles,Atlas Air Cargo,Air,289.7,2651,1,1,1102.65,true,
SH27891,2025-01-06,Rotterdam,Hamburg,Atlas Air Cargo,Air,378.3,9369,1,2,4074.87,true,
SH29849,2025-01-06,Rotterdam,Busan,Atlas Air Cargo,Air,394.9,12404,1,2,5694.59,true,
SH30301,2025-01-06,Dubai,Ho Chi Minh City,BlueWave Lines,Sea,3350.7,13683,22,23,4465.93,true,
SH32920,2025-01-06,Ho Chi Minh City,Rotterdam,Atlas Air Cargo,Air,671.5,7021,2,2,5201.38,true,
SH24088,2025-01-07,Singapore,Shanghai,Northstar Logistics,Sea,2573.6,9869,17,17,2147.74,true,
SH24589,2025-01-07,Rotterdam,Singapore,Swift Cargo,Rail,881.4,2345,4,4,641.6,true,
SH25250,2025-01-07,Ho Chi Minh City,Rotterdam,BlueWave Lines,Sea,752.7,2135,5,5,261.48,true,
SH27041,2025-01-07,Hamburg,Ho Chi Minh City,Meridian Freight,Road,2275.0,1810,3,4,1813.9,true,
SH28806,2025-01-07,Los Angeles,Ho Chi Minh City,Meridian Freight,Sea,1517.9,14373,24,24,1864.02,true,
SH30395,2025-01-07,Rotterdam,Shanghai,Northstar Logistics,Sea,775.1,9466,17,17,752.67,true,
SH30598,2025-01-07,Dubai,Shanghai,Meridian Freight,Sea,283.2,7295,13,13,297.9,true,
SH32311,2025-01-07,Dubai,Singapore,Meridian Freight,Sea,760.1,4920,10,10,457.91,true,
SH32950,2025-01-07,Rotterdam,Ho Chi Minh City,Northstar Logistics,Rail,1901.5,679,1,2,371.49,true,
SH24434,2025-01-08,Ho Chi Minh City,Shanghai,Atlas Air Cargo,Air,765.8,9421,1,2,8604.11,true,
SH25741,2025-01-08,Singapore,Ho Chi Minh City,Northstar Logistics,Road,2583.3,1204,9,3,1076.02,false,Port congestion
SH26242,2025-01-08,Dubai,Shanghai,BlueWave Lines,Sea,1988.5,2071,4,5,467.05,true,
SH26824,2025-01-08,Hamburg,Singapore,Swift Cargo,Rail,515.2,2146,4,4,371.79,true,
SH26943,2025-01-08,Dubai,Busan,Northstar Logistics,Sea,463.4,3614,8,8,273.71,true,
SH27758,2025-01-08,Los Angeles,Busan,Atlas Air Cargo,Air,122.7,2756,1,1,542.51,true,
SH29592,2025-01-08,Los Angeles,Ho Chi Minh City,Atlas Air Cargo,Air,143.9,7588,1,2,1438.53,true,
SH32988,2025-01-08,Hamburg,Ho Chi Minh City,Swift Cargo,Road,4363.1,2256,5,5,3531.47,true,
SH24391,2025-01-09,Ho Chi Minh City,Dubai,BlueWave Lines,Road,916.6,538,1,2,316.39,true,
SH25092,2025-01-09,Busan,Ho Chi Minh City,Meridian Freight,Sea,4510.4,13485,23,23,5008.61,true,
SH25141,2025-01-09,Shanghai,Ho Chi Minh City,BlueWave Lines,Sea,746.8,13987,23,24,986.69,true,
SH25837,2025-01-09,Hamburg,Dubai,Swift Cargo,Road,1757.0,2210,5,5,1516.78,true,
SH26429,2025-01-09,Hamburg,Busan,Northstar Logistics,Sea,1740.4,4218,8,8,713.61,true,
SH26559,2025-01-09,Singapore,Ho Chi Minh City,Meridian Freight,Sea,2057.2,7076,16,13,1352.3,false,Customs
SH27201,2025-01-09,Los Angeles,Ho Chi Minh City,Atlas Air Cargo,Air,321.0,12087,2,2,3750.74,true,
SH27537,2025-01-09,Dubai,Rotterdam,Atlas Air Cargo,Air,64.3,12617,1,2,1045.67,true,
SH29026,2025-01-09,Singapore,Busan,Meridian Freight,Sea,175.4,16904,28,28,377.24,true,
SH29088,2025-01-09,Shanghai,Busan,Swift Cargo,Sea,2179.6,16183,27,27,3139.98,true,
SH29924,2025-01-09,Los Angeles,Rotterdam,Meridian Freight,Road,1027.6,609,2,2,367.8,true,
SH30044,2025-01-09,Dubai,Los Angeles,Swift Cargo,Sea,690.2,12647,21,21,869.15,true,
SH30445,2025-01-09,Dubai,Rotterdam,Northstar Logistics,Sea,934.8,1852,5,5,255.04,true,
SH31283,2025-01-09,Dubai,Shanghai,Atlas Air Cargo,Air,156.9,5357,1,2,1122.31,true,
SH32011,2025-01-09,Rotterdam,Los Angeles,Meridian Freight,Rail,555.5,766,8,2,228.47,false,Port congestion
SH32167,2025-01-09,Hamburg,Busan,BlueWave Lines,Road,841.5,588,2,2,279.44,true,
SH32449,2025-01-09,Ho Chi Minh City,Singapore,Meridian Freight,Sea,1486.9,17042,27,28,2140.08,true,
SH24265,2025-01-10,Hamburg,Singapore,Meridian Freight,Sea,590.8,4790,9,9,410.23,true,
SH24392,2025-01-10,Rotterdam,Ho Chi Minh City,Meridian Freight,Rail,778.3,2156,4,4,553.31,true,
SH25020,2025-01-10,Singapore,Busan,Northstar Logistics,Sea,1797.4,1258,6,4,301.09,false,Port congestion
SH25689,2025-01-10,Los Angeles,Shanghai,BlueWave Lines,Rail,1541.2,1762,2,3,710.95,true,
SH26378,2025-01-10,Shanghai,Ho Chi Minh City,Atlas Air Cargo,Air,777.4,2102,1,1,1835.8,true,
SH28384,2025-01-10,Ho Chi Minh City,Rotterdam,BlueWave Lines,Sea,1766.6,4987,10,10,857.19,true,
SH28534,2025-01-10,Singapore,Dubai,Swift Cargo,Sea,1641.3,12420,21,21,2031.23,true,
SH30398,2025-01-10,Los Angeles,Dubai,Atlas Air Cargo,Air,205.6,13562,3,3,3135.35,true,
SH30491,2025-01-10,Los Angeles,Hamburg,Northstar Logistics,Sea,683.6,5209,10,10,486.83,true,
SH30568,2025-01-10,Ho Chi Minh City,Shanghai,Northstar Logistics,Road,785.3,2314,5,5,847.12,true,
SH31141,2025-01-10,Hamburg,Dubai,Swift Cargo,Sea,1707.8,12622,21,21,1880.41,true,
SH32285,2025-01-10,Rotterdam,Hamburg,BlueWave Lines,Sea,5802.9,12651,20,21,7406.61,true,
SH24147,2025-01-11,Los Angeles,Hamburg,Atlas Air Cargo,Air,227.3,6481,2,2,1777.69,true,
SH25978,2025-01-11,Shanghai,Dubai,Swift Cargo,Road,902.4,691,2,2,305.91,true,
SH26097,2025-01-11,Shanghai,Singapore,Meridian Freight,Sea,778.8,11005,19,19,933.81,true,
SH26816,2025-01-11,Los Angeles,Hamburg,Meridian Freight,Sea,1743.3,2116,7,5,426.24,false,Port congestion
SH27178,2025-01-11,Hamburg,Shanghai,BlueWave Lines,Sea,500.2,7883,14,14,518.07,true,
SH27585,2025-01-11,Hamburg,Ho Chi Minh City,BlueWave Lines,Sea,950.5,7830,15,14,807.11,false,Port congestion
SH27903,2025-01-11,Rotterdam,Shanghai,Swift Cargo,Rail,624.7,1862,3,3,368.94,true,
SH28437,2025-01-11,Hamburg,Singapore,Northstar Logistics,Rail,1465.8,419,2,2,244.0,true,
SH29259,2025-01-11,Busan,Ho Chi Minh City,Swift Cargo,Sea,5015.8,17624,28,29,8298.36,true,
SH30247,2025-01-11,Busan,Los Angeles,Swift Cargo,Sea,3181.2,11809,20,20,3215.06,true,
SH30304,2025-01-11,Los Angeles,Ho Chi Minh City,Meridian Freight,Sea,1309.5,16761,31,28,2331.54,false,Port congestion
SH31777,2025-01-11,Hamburg,Shanghai,Meridian Freight,Road,2997.1,1901,4,4,2123.27,true,
SH24060,2025-01-12,Los Angeles,Singapore,BlueWave Lines,Sea,3744.3,8399,19,15,3495.07,false,Port congestion
SH26541,2025-01-12,Singapore,Ho Chi Minh City,Northstar Logistics,Sea,953.0,7305,13,13,793.61,true,
SH26933,2025-01-12,Singapore,Dubai,BlueWave Lines,Sea,2482.4,10245,27,18,2181.71,false,Customs
SH26956,2025-01-12,Shanghai,Ho Chi Minh City,Northstar Logistics,Sea,631.8,10956,18,19,666.27,true,
SH27043,2025-01-12,Rotterdam,Shanghai,BlueWave Lines,Road,1403.6,2037,3,4,1048.0,true,
SH28116,2025-01-12,Busan,Rotterdam,Atlas Air Cargo,Air,367.3,5617,2,2,2631.04,true,
SH28926,2025-01-12,Ho Chi Minh City,Rotterdam,Atlas Air Cargo,Air,209.8,15894,3,3,4352.99,true,
SH28953,2025-01-12,Hamburg,Dubai,Atlas Air Cargo,Air,516.7,10924,1,2,5987.72,true,
SH29918,2025-01-12,Los Angeles,Rotterdam,Northstar Logistics,Rail,2778.2,1319,3,3,987.88,true,
SH30206,2025-01-12,Busan,Singapore,Swift Cargo,Sea,453.7,4047,7,8,286.9,true,
SH31386,2025-01-12,Rotterdam,Ho Chi Minh City,Meridian Freight,Sea,1148.8,13094,22,22,1388.89,true,
SH32226,2025-01-12,Los Angeles,Busan,Swift Cargo,Sea,1372.2,7069,13,13,875.88,true,
SH24260,2025-01-13,Hamburg,Busan,Atlas Air Cargo,Air,455.4,9272,2,2,4132.71,true,
SH25265,2025-01-13,Singapore,Los Angeles,Atlas Air Cargo,Air,209.4,11287,1,2,2732.04,true,
SH28737,2025-01-13,Hamburg,Los Angeles,Swift Cargo,Road,2122.1,733,2,2,605.36,true,
SH29318,2025-01-13,Los Angeles,Singapore,Northstar Logistics,Sea,187.1,5655,12,11,226.12,false,Equipment
SH30225,2025-01-13,Ho Chi Minh City,Rotterdam,Swift Cargo,Road,2207.3,556,2,2,546.67,true,
SH30469,2025-01-13,Dubai,Ho Chi Minh City,Swift Cargo,Sea,936.9,10837,18,19,1171.09,true,
SH30649,2025-01-13,Singapore,Los Angeles,Northstar Logistics,Rail,1604.5,1764,2,3,805.47,true,
SH32377,2025-01-13,Busan,Shanghai,Northstar Logistics,Sea,2707.3,17713,29,29,4862.69,true,
SH32399,2025-01-13,Hamburg,Busan,Atlas Air Cargo,Air,189.6,6976,1,2,1414.49,true,
SH24484,2025-01-14,Los Angeles,Singapore,Swift Cargo,Sea,2929.1,11341,19,19,3305.98,true,
SH24533,2025-01-14,Busan,Ho Chi Minh City,Atlas Air Cargo,Air,174.5,7039,1,2,1316.94,true,
SH24970,2025-01-14,Busan,Hamburg,Swift Cargo,Sea,1232.9,8670,15,15,1232.06,true,
SH25362,2025-01-14,Shanghai,Hamburg,Northstar Logistics,Sea,966.8,11751,20,20,1145.49,true,
SH25626,2025-01-14,Dubai,Hamburg,BlueWave Lines,Sea,892.2,4240,9,9,444.31,true,
SH25941,2025-01-14,Singapore,Ho Chi Minh City,BlueWave Lines,Sea,1222.1,11952,20,20,1544.14,true,
SH26693,2025-01-14,Ho Chi Minh City,Rotterdam,Meridian Freight,Road,1761.0,1471,3,3,1006.97,true,
SH26903,2025-01-14,Shanghai,Dubai,BlueWave Lines,Road,3394.7,477,2,2,622.17,true,
SH27378,2025-01-14,Singapore,Dubai,Swift Cargo,Road,3127.8,2263,5,5,3086.26,true,
SH27916,2025-01-14,Los Angeles,Ho Chi Minh City,Atlas Air Cargo,Air,165.7,17743,3,3,3973.39,true,
SH28545,2025-01-14,Shanghai,Dubai,Northstar Logistics,Rail,1338.0,579,1,2,281.18,true,
SH29984,2025-01-14,Shanghai,Los Angeles,Swift Cargo,Sea,1583.9,3628,8,8,576.73,true,
SH30057,2025-01-14,Shanghai,Dubai,BlueWave Lines,Sea,1992.9,878,3,3,307.68,true,
SH30448,2025-01-14,Rotterdam,Los Angeles,Meridian Freight,Sea,780.0,2399,5,6,301.34,true,
SH31156,2025-01-14,Singapore,Ho Chi Minh City,BlueWave Lines,Road,5214.7,660,2,2,1287.79,true,
SH31534,2025-01-14,Dubai,Los Angeles,Atlas Air Cargo,Air,57.3,5633,1,2,436.67,true,
SH32045,2025-01-14,Dubai,Los Angeles,Atlas Air Cargo,Air,196.7,11153,2,2,2456.39,true,
SH32262,2025-01-14,Dubai,Ho Chi Minh City,Atlas Air Cargo,Air,293.3,5990,1,2,2335.44,true,
SH25589,2025-01-15,Ho Chi Minh City,Singapore,Swift Cargo,Sea,1628.7,11875,26,20,1825.13,false,Port congestion
SH26364,2025-01-15,Busan,Shanghai,Northstar Logistics,Road,405.0,1300,7,3,318.68,false,Weather
SH26767,2025-01-15,Dubai,Ho Chi Minh City,Meridian Freight,Sea,2346.8,3086,6,7,839.59,true,
SH27052,2025-01-15,Shanghai,Singapore,Northstar Logistics,Sea,2212.2,14193,30,24,3210.31,false,Customs
SH27423,2025-01-15,Los Angeles,Singapore,Northstar Logistics,Road,804.2,723,10,2,319.47,false,Documentation
SH27901,2025-01-15,Dubai,Singapore,Meridian Freight,Sea,3097.2,7303,13,13,2151.41,true,
SH28486,2025-01-15,Hamburg,Shanghai,BlueWave Lines,Rail,761.8,1663,3,3,371.74,true,
SH28937,2025-01-15,Hamburg,Ho Chi Minh City,Northstar Logistics,Sea,1818.0,9176,15,16,1700.91,true,
SH29134,2025-01-15,Singapore,Rotterdam,Atlas Air Cargo,Air,270.8,12060,2,2,3768.95,true,
SH29215,2025-01-15,Ho Chi Minh City,Hamburg,Atlas Air Cargo,Air,555.4,6356,1,2,4090.26,true,
SH29501,2025-01-15,Dubai,Busan,BlueWave Lines,Sea,276.7,15083,24,25,547.37,true,
SH29933,2025-01-15,Los Angeles,Ho Chi Minh City,BlueWave Lines,Sea,1041.4,10916,19,19,1205.77,true,
SH30274,2025-01-15,Dubai,Hamburg,Meridian Freight,Road,1287.3,1109,3,3,644.8,true,
SH30396,2025-01-15,Hamburg,Shanghai,Atlas Air Cargo,Air,220.3,2728,1,1,826.39,true,
SH31909,2025-01-15,Hamburg,Ho Chi Minh City,Atlas Air Cargo,Air,320.0,5622,2,2,1834.56,true,
SH32115,2025-01-15,Los Angeles,Busan,Swift Cargo,Rail,6215.9,2440,4,4,3729.25,true,
SH32611,2025-01-15,Los Angeles,Shanghai,Swift Cargo,Sea,1120.9,4452,9,9,564.21,true,
SH24178,2025-01-16,Hamburg,Shanghai,Swift Cargo,Sea,3073.7,4968,12,10,1377.46,false,Port congestion
SH25140,2025-01-16,Rotterdam,Los Angeles,Atlas Air Cargo,Air,98.6,2119,4,1,381.02,false,Port congestion
SH26178,2025-01-16,Rotterdam,Singapore,Swift Cargo,Sea,742.1,14291,24,24,1184.98,true,
SH27476,2025-01-16,Los Angeles,Ho Chi Minh City,BlueWave Lines,Sea,392.7,1221,4,4,165.49,true,
SH28137,2025-01-16,Los Angeles,Hamburg,Northstar Logistics,Sea,830.1,12156,29,21,1199.22,false,Port congestion
SH29531,2025-01-16,Busan,Rotterdam,Atlas Air Cargo,Air,290.4,3736,1,1,1422.99,true,
SH29667,2025-01-16,Rotterdam,Ho Chi Minh City,Atlas Air Cargo,Air,551.5,6343,2,2,4196.1,true,
SH29830,2025-01-16,Busan,Los Angeles,BlueWave Lines,Sea,2670.3,1453,6,4,534.01,false,Documentation
SH29971,2025-01-16,Singapore,Shanghai,Meridian Freight,Sea,1325.2,13990,24,24,1575.95,true,
SH31027,2025-01-16,Hamburg,Shanghai,Northstar Logistics,Sea,1645.9,5325,9,10,791.98,true,
SH31048,2025-01-16,Busan,Rotterdam,BlueWave Lines,Sea,2016.6,17956,30,30,3114.9,true,
SH31508,2025-01-16,Rotterdam,Dubai,BlueWave Lines,Sea,1363.7,15403,26,26,2190.67,true,
SH24500,2025-01-17,Hamburg,Dubai,Northstar Logistics,Sea,1073.2,4662,9,9,629.61,true,Port congestion
SH25145,2025-01-17,Busan,Dubai,Swift Cargo,Sea,1133.0,4966,10,10,651.83,true,
SH26072,2025-01-17,Ho Chi Minh City,Rotterdam,Meridian Freight,Sea,811.5,10145,17,18,920.77,true,
SH26810,2025-01-17,Singapore,Rotterdam,Northstar Logistics,Sea,1070.3,4138,8,8,586.73,true,
SH26826,2025-01-17,Hamburg,Singapore,Atlas Air Cargo,Air,147.4,10505,1,2,1960.84,true,
SH27790,2025-01-17,Shanghai,Hamburg,BlueWave Lines,Sea,1572.5,15275,28,26,1986.41,false,Documentation
SH28357,2025-01-17,Busan,Hamburg,Swift Cargo,Sea,710.4,14717,26,25,990.82,false,Port congestion
SH29280,2025-01-17,Busan,Rotterdam,Atlas Air Cargo,Air,210.2,10816,2,2,2821.15,true,
SH30098,2025-01-17,Singapore,Los Angeles,Atlas Air Cargo,Air,118.4,12361,1,2,1948.75,true,
SH32070,2025-01-17,Dubai,Singapore,Northstar Logistics,Road,1686.0,950,12,3,664.7,false,Customs
SH32382,2025-01-17,Shanghai,Dubai,Meridian Freight,Sea,1069.6,11799,19,20,1305.51,true,
SH25084,2025-01-18,Busan,Hamburg,Meridian Freight,Sea,2424.3,7093,13,13,1526.3,true,
SH25279,2025-01-18,Hamburg,Singapore,Meridian Freight,Sea,2430.1,1405,3,4,407.73,true,
SH25335,2025-01-18,Los Angeles,Dubai,Northstar Logistics,Rail,2114.9,2332,4,4,1159.62,true,
SH25497,2025-01-18,Rotterdam,Busan,Swift Cargo,Sea,838.5,4600,9,9,513.09,true,
SH25633,2025-01-18,Los Angeles,Shanghai,BlueWave Lines,Sea,1725.1,15596,26,26,2178.79,true,
SH24638,2025-01-19,Singapore,Los Angeles,Meridian Freight,Sea,1796.3,1057,3,4,295.43,true,
SH24722,2025-01-19,Rotterdam,Los Angeles,Meridian Freight,Sea,1062.9,14040,24,24,1647.48,true,
SH24869,2025-01-19,Dubai,Rotterdam,Atlas Air Cargo,Air,921.1,5835,2,2,6610.28,true,
SH25759,2025-01-19,Singapore,Dubai,Northstar Logistics,Road,732.8,1324,7,3,469.1,false,Documentation
SH26738,2025-01-19,Los Angeles,Ho Chi Minh City,Swift Cargo,Road,930.3,1955,4,4,870.62,true,
SH26784,2025-01-19,Los Angeles,Shanghai,Northstar Logistics,Sea,2068.4,2741,7,6,722.97,false,Documentation
SH27302,2025-01-19,Ho Chi Minh City,Shanghai,Atlas Air Cargo,Air,138.1,8146,2,2,1331.72,true,
SH27881,2025-01-19,Singapore,Ho Chi Minh City,Meridian Freight,Sea,1745.5,5701,11,11,1159.08,true,
SH28042,2025-01-19,Dubai,Busan,Meridian Freight,Rail,1698.2,2307,4,4,881.45,true,
SH28851,2025-01-19,Rotterdam,Singapore,BlueWave Lines,Sea,795.1,15355,26,26,1199.43,true,Port congestion
SH29351,2025-01-19,Hamburg,Dubai,Atlas Air Cargo,Air,324.4,3109,1,1,1068.94,true,
SH29515,2025-01-19,Busan,Ho Chi Minh City,BlueWave Lines,Rail,3309.5,441,2,2,420.72,true,
SH29829,2025-01-19,Rotterdam,Busan,Northstar Logistics,Sea,1323.5,11494,20,20,1466.25,true,
SH31188,2025-01-19,Busan,Shanghai,BlueWave Lines,Road,5451.5,2153,5,5,4177.13,true,
SH31304,2025-01-19,Dubai,Rotterdam,Swift Cargo,Sea,3516.2,1752,5,5,612.97,true,
SH32114,2025-01-19,Dubai,Busan,Northstar Logistics,Sea,389.0,14820,30,25,632.23,false,Customs
SH32863,2025-01-19,Ho Chi Minh City,Hamburg,Swift Cargo,Rail,2978.8,2106,4,4,1707.23,true,
SH24065,2025-01-20,Rotterdam,Los Angeles,Meridian Freight,Sea,469.0,11390,20,20,532.53,true,
SH26602,2025-01-20,Dubai,Rotterdam,Meridian Freight,Sea,2090.4,1559,3,4,404.57,true,
SH28037,2025-01-20,Ho Chi Minh City,Shanghai,BlueWave Lines,Sea,816.9,11230,19,19,1099.84,true,
SH28410,2025-01-20,Rotterdam,Singapore,Swift Cargo,Sea,1988.0,10674,18,18,1837.01,true,
SH29205,2025-01-20,Ho Chi Minh City,Singapore,BlueWave Lines,Road,936.1,1060,3,3,461.8,true,
SH29823,2025-01-20,Singapore,Dubai,Northstar Logistics,Sea,4042.6,4494,9,9,1764.55,true,
SH30472,2025-01-20,Rotterdam,Singapore,Atlas Air Cargo,Air,530.9,3898,1,1,2524.41,true,
SH30474,2025-01-20,Los Angeles,Busan,Meridian Freight,Sea,1076.0,2090,5,5,327.08,true,
SH31299,2025-01-20,Shanghai,Busan,Meridian Freight,Sea,1594.8,2489,6,6,507.9,true,
SH31888,2025-01-20,Hamburg,Los Angeles,Northstar Logistics,Road,3343.5,1522,3,4,1873.88,true,
SH31986,2025-01-20,Ho Chi Minh City,Busan,BlueWave Lines,Road,1882.1,414,1,2,402.03,true,
SH24750,2025-01-21,Rotterdam,Shanghai,Swift Cargo,Road,891.5,1194,3,3,468.21,true,
SH24880,2025-01-21,Shanghai,Los Angeles,BlueWave Lines,Rail,8162.6,650,2,2,1206.22,true,
SH26246,2025-01-21,Rotterdam,Hamburg,Atlas Air Cargo,Air,45.8,9727,2,2,656.12,true,
SH26289,2025-01-21,Shanghai,Singapore,Swift Cargo,Sea,881.3,15108,25,25,1428.38,true,
SH27106,2025-01-21,Ho Chi Minh City,Dubai,Meridian Freight,Sea,239.8,10819,19,19,379.0,true,
SH27485,2025-01-21,Hamburg,Shanghai,Atlas Air Cargo,Air,123.9,15397,3,3,2600.67,true,
SH28092,2025-01-21,Rotterdam,Busan,Northstar Logistics,Sea,597.8,4483,11,9,366.49,false,Port congestion
SH28452,2025-01-21,Los Angeles,Rotterdam,Meridian Freight,Rail,1074.2,225,1,1,168.54,true,
SH29148,2025-01-21,Singapore,Shanghai,BlueWave Lines,Rail,971.9,491,2,2,235.14,true,
SH30481,2025-01-21,Busan,Hamburg,Meridian Freight,Sea,254.8,2451,14,6,173.38,false,Weather
SH30550,2025-01-21,Los Angeles,Shanghai,Northstar Logistics,Road,1844.5,171,1,1,225.57,true,
SH30618,2025-01-21,Los Angeles,Dubai,Atlas Air Cargo,Air,1108.2,17529,3,3,21616.07,true,
SH31460,2025-01-21,Ho Chi Minh City,Shanghai,Atlas Air Cargo,Air,170.8,6837,1,2,1639.91,true,
SH24522,2025-01-22,Rotterdam,Ho Chi Minh City,Atlas Air Cargo,Air,85.2,17001,3,3,1709.49,true,
SH24751,2025-01-22,Los Angeles,Hamburg,BlueWave Lines,Rail,1951.3,826,1,2,489.2,true,
SH25222,2025-01-22,Ho Chi Minh City,Los Angeles,Northstar Logistics,Sea,1458.1,13633,23,23,2230.14,true,
SH25659,2025-01-22,Ho Chi Minh City,Hamburg,Atlas Air Cargo,Air,124.0,7013,2,2,1079.24,true,
SH26902,2025-01-22,Ho Chi Minh City,Hamburg,Meridian Freight,Sea,1767.5,10495,18,18,1593.03,true,
SH27581,2025-01-22,Los Angeles,Busan,Meridian Freight,Sea,1868.7,6647,12,12,1153.49,true,
SH28343,2025-01-22,Dubai,Hamburg,Northstar Logistics,Rail,1580.4,1966,3,3,765.75,true,
SH29161,2025-01-22,Hamburg,Busan,Atlas Air Cargo,Air,266.8,7382,1,2,2211.44,true,
SH29442,2025-01-22,Ho Chi Minh City,Busan,Meridian Freight,Sea,1137.4,17242,29,29,1758.12,true,
SH29790,2025-01-22,Singapore,Dubai,Swift Cargo,Road,1635.7,1332,3,3,877.96,true,
SH29941,2025-01-22,Shanghai,Dubai,Swift Cargo,Road,397.8,1976,4,4,424.13,true,
SH29945,2025-01-22,Rotterdam,Singapore,Atlas Air Cargo,Air,127.3,15767,3,3,2409.28,true,
SH31207,2025-01-22,Hamburg,Dubai,Northstar Logistics,Sea,1075.4,7858,13,14,868.29,true,
SH31332,2025-01-22,Dubai,Ho Chi Minh City,Northstar Logistics,Sea,829.5,6850,14,13,684.55,false,Port congestion
SH31724,2025-01-22,Shanghai,Singapore,Northstar Logistics,Sea,4127.2,940,3,3,448.11,true,Port congestion
SH32308,2025-01-22,Hamburg,Busan,Northstar Logistics,Sea,5389.0,14068,28,24,7079.76,false,Customs
SH24292,2025-01-23,Ho Chi Minh City,Singapore,Atlas Air Cargo,Air,116.6,5039,1,2,729.63,true,
SH24765,2025-01-23,Hamburg,Busan,Atlas Air Cargo,Air,170.1,10858,2,2,2409.43,true,
SH25557,2025-01-23,Busan,Hamburg,Northstar Logistics,Road,1279.7,2280,7,5,1327.82,false,Documentation
SH26094,2025-01-23,Shanghai,Singapore,Swift Cargo,Sea,1450.6,11843,23,20,1485.57,false,Port congestion
SH27529,2025-01-23,Busan,Shanghai,BlueWave Lines,Sea,4325.6,5328,10,10,2248.31,true,
SH28170,2025-01-23,Rotterdam,Dubai,Northstar Logistics,Road,3006.7,2466,5,5,2861.12,true,
SH28232,2025-01-23,Hamburg,Rotterdam,Northstar Logistics,Sea,848.2,12043,21,21,1152.48,true,
SH28267,2025-01-23,Busan,Singapore,Meridian Freight,Sea,873.4,15983,27,27,1323.46,true,
SH29502,2025-01-23,Los Angeles,Hamburg,Swift Cargo,Rail,948.6,1160,2,2,376.99,true,
SH29897,2025-01-23,Singapore,Busan,Swift Cargo,Sea,1429.8,7229,12,13,965.9,true,
SH30381,2025-01-23,Los Angeles,Shanghai,Swift Cargo,Sea,787.8,15978,27,27,1452.19,true,
SH30627,2025-01-23,Shanghai,Ho Chi Minh City,Atlas Air Cargo,Air,98.9,11191,2,2,1177.32,true,
SH32306,2025-01-23,Ho Chi Minh City,Busan,Atlas Air Cargo,Air,120.3,4093,1,1,610.03,true,
SH25879,2025-01-24,Singapore,Busan,Swift Cargo,Sea,526.5,2067,7,5,211.33,false,Customs
SH25884,2025-01-24,Ho Chi Minh City,Los Angeles,Swift Cargo,Sea,2222.3,5575,10,11,1403.25,true,
SH26647,2025-01-24,Ho Chi Minh City,Rotterdam,Atlas Air Cargo,Air,132.6,4471,1,1,763.39,true,
SH27209,2025-01-24,Dubai,Busan,BlueWave Lines,Sea,2470.3,14911,30,25,4091.39,false,Port congestion
SH28481,2025-01-24,Los Angeles,Singapore,Swift Cargo,Sea,6807.7,12936,21,22,7938.54,true,
SH29228,2025-01-24,Hamburg,Rotterdam,Atlas Air Cargo,Air,611.3,15355,2,3,11657.56,true,
SH29269,2025-01-24,Ho Chi Minh City,Busan,Meridian Freight,Sea,923.7,8959,17,16,762.05,false,Equipment
SH29746,2025-01-24,Busan,Singapore,Northstar Logistics,Rail,481.2,766,2,2,204.15,true,
SH30901,2025-01-24,Busan,Hamburg,BlueWave Lines,Sea,2213.4,5255,12,10,1071.38,false,Port congestion
SH31051,2025-01-24,Shanghai,Busan,BlueWave Lines,Rail,689.4,2334,4,4,448.06,true,
SH31235,2025-01-24,Ho Chi Minh City,Rotterdam,Atlas Air Cargo,Air,73.8,5252,2,2,513.71,true,
SH25522,2025-01-25,Los Angeles,Ho Chi Minh City,Meridian Freight,Sea,6717.9,12089,21,21,7361.72,true,
SH25688,2025-01-25,Ho Chi Minh City,Hamburg,Swift Cargo,Rail,709.1,542,1,2,220.7,true,
SH26240,2025-01-25,Hamburg,Rotterdam,Northstar Logistics,Sea,792.1,16679,27,28,1431.04,true,
SH26396,2025-01-25,Dubai,Shanghai,BlueWave Lines,Sea,573.5,3643,8,8,303.18,true,
SH26754,2025-01-25,Dubai,Shanghai,Northstar Logistics,Road,950.1,2386,5,5,915.92,true,
SH27073,2025-01-25,Dubai,Shanghai,Northstar Logistics,Sea,95.8,17362,31,29,296.86,false,Port congestion
SH27379,2025-01-25,Dubai,Hamburg,Meridian Freight,Sea,1588.2,17213,27,28,2629.43,true,
SH27413,2025-01-25,Los Angeles,Rotterdam,BlueWave Lines,Sea,1628.8,7517,14,14,1244.21,true,
SH28052,2025-01-25,Dubai,Hamburg,Swift Cargo,Sea,1534.5,9224,15,16,1481.97,true,
SH29100,2025-01-25,Los Angeles,Singapore,Northstar Logistics,Rail,714.3,1706,3,3,422.06,true,
SH29625,2025-01-25,Los Angeles,Busan,Meridian Freight,Sea,3983.5,7470,13,13,2576.46,true,
SH24062,2025-01-26,Rotterdam,Los Angeles,Meridian Freight,Sea,601.3,16833,30,28,1015.69,false,Equipment
SH24295,2025-01-26,Rotterdam,Los Angeles,BlueWave Lines,Sea,2354.1,9820,17,17,2554.86,true,
SH25220,2025-01-26,Rotterdam,Los Angeles,BlueWave Lines,Road,5298.7,1910,4,4,4336.15,true,
SH26028,2025-01-26,Shanghai,Rotterdam,Northstar Logistics,Sea,1749.0,15108,25,25,2695.33,true,
SH27944,2025-01-26,Los Angeles,Ho Chi Minh City,Atlas Air Cargo,Air,314.7,17750,3,3,6187.25,true,
SH28010,2025-01-26,Singapore,Busan,Meridian Freight,Sea,662.2,6586,12,12,566.48,true,
SH28423,2025-01-26,Shanghai,Busan,Atlas Air Cargo,Air,1932.1,7325,2,2,16901.69,true,
SH28993,2025-01-26,Shanghai,Los Angeles,Meridian Freight,Road,321.1,1275,3,3,266.05,true,
SH29836,2025-01-26,Shanghai,Hamburg,Swift Cargo,Sea,588.4,1078,4,4,169.31,true,
SH31011,2025-01-26,Ho Chi Minh City,Singapore,Northstar Logistics,Sea,458.9,12540,21,21,573.91,true,
SH31029,2025-01-26,Dubai,Ho Chi Minh City,Atlas Air Cargo,Air,154.3,2937,1,1,635.45,true,
SH31060,2025-01-26,Rotterdam,Busan,Atlas Air Cargo,Air,338.7,2296,1,1,898.47,true,
SH31187,2025-01-26,Dubai,Hamburg,Northstar Logistics,Sea,575.4,4114,7,8,336.3,true,
SH31945,2025-01-26,Busan,Singapore,Northstar Logistics,Sea,1981.4,13687,23,23,2223.49,true,
SH25512,2025-01-27,Hamburg,Rotterdam,Swift Cargo,Road,3187.5,2081,3,4,2282.16,true,
SH26561,2025-01-27,Dubai,Busan,Meridian Freight,Sea,1847.5,11037,19,19,2078.71,true,
SH27411,2025-01-27,Hamburg,Dubai,Meridian Freight,Sea,2394.0,6073,20,11,1257.13,false,Port congestion
SH27864,2025-01-27,Dubai,Ho Chi Minh City,Northstar Logistics,Sea,1572.9,10432,18,18,1511.46,true,
SH28173,2025-01-27,Busan,Shanghai,Atlas Air Cargo,Air,82.5,17536,2,3,1505.54,true,
SH28814,2025-01-27,Hamburg,Los Angeles,Atlas Air Cargo,Air,364.7,11461,5,2,5415.57,false,Customs
SH29278,2025-01-27,Busan,Los Angeles,Meridian Freight,Rail,1705.8,1587,12,3,653.11,false,Documentation
SH29705,2025-01-27,Singapore,Hamburg,BlueWave Lines,Sea,1737.1,2017,5,5,425.22,true,
SH31110,2025-01-27,Rotterdam,Shanghai,BlueWave Lines,Sea,1371.8,16297,27,27,2509.19,true,
SH31385,2025-01-27,Los Angeles,Busan,BlueWave Lines,Road,850.9,2222,5,5,882.78,true,
SH31609,2025-01-27,Shanghai,Dubai,BlueWave Lines,Sea,356.9,11094,19,19,483.43,true,
SH32396,2025-01-27,Dubai,Los Angeles,Atlas Air Cargo,Air,411.2,17682,9,3,8437.39,false,Weather
SH26161,2025-01-28,Rotterdam,Busan,Meridian Freight,Sea,1331.0,4910,10,10,707.19,true,
SH27261,2025-01-28,Busan,Los Angeles,Swift Cargo,Rail,1787.0,500,2,2,313.85,true,
SH28346,2025-01-28,Rotterdam,Hamburg,Meridian Freight,Sea,1438.3,11463,20,20,1841.94,true,
SH28774,2025-01-28,Rotterdam,Dubai,Meridian Freight,Sea,1240.5,2707,6,6,398.85,true,
SH29037,2025-01-28,Shanghai,Busan,Northstar Logistics,Road,2516.8,596,2,2,611.22,true,
SH29800,2025-01-28,Busan,Hamburg,BlueWave Lines,Sea,630.0,9438,17,17,644.58,true,
SH32503,2025-01-28,Dubai,Los Angeles,Atlas Air Cargo,Air,61.0,4153,1,1,379.31,true,
SH25345,2025-01-29,Los Angeles,Dubai,BlueWave Lines,Sea,595.8,7911,14,14,611.44,true,
SH26343,2025-01-29,Dubai,Singapore,Swift Cargo,Road,1441.9,594,11,2,414.87,false,Port congestion
SH27162,2025-01-29,Shanghai,Dubai,Meridian Freight,Rail,1567.5,204,1,1,196.98,true,
SH27322,2025-01-29,Ho Chi Minh City,Dubai,Meridian Freight,Sea,833.3,6455,11,12,636.41,true,
SH28227,2025-01-29,Ho Chi Minh City,Rotterdam,Northstar Logistics,Sea,604.2,13547,23,23,825.95,true,
SH28464,2025-01-29,Rotterdam,Shanghai,Meridian Freight,Rail,1267.1,613,2,2,270.99,true,
SH28571,2025-01-29,Busan,Singapore,Northstar Logistics,Road,816.5,2037,4,4,668.6,true,
SH28744,2025-01-29,Shanghai,Dubai,Northstar Logistics,Sea,1152.8,8085,14,14,1065.67,true,
SH28981,2025-01-29,Singapore,Rotterdam,BlueWave Lines,Sea,1516.8,3918,8,8,744.2,true,
SH29421,2025-01-29,Rotterdam,Busan,Swift Cargo,Sea,1698.0,11071,19,19,1625.84,true,Equipment
SH29980,2025-01-29,Rotterdam,Shanghai,Meridian Freight,Sea,7164.3,4050,7,8,3026.38,true,
SH32057,2025-01-29,Busan,Rotterdam,Meridian Freight,Sea,1479.3,4502,9,9,648.09,true,Weather
SH32997,2025-01-29,Rotterdam,Los Angeles,Northstar Logistics,Road,2545.6,2236,6,5,2209.24,false,Customs
SH26309,2025-01-30,Los Angeles,Ho Chi Minh City,Meridian Freight,Sea,491.6,13083,22,22,733.68,true,
SH29630,2025-01-30,Ho Chi Minh City,Rotterdam,Meridian Freight,Road,1487.2,495,2,2,354.41,true,
SH29919,2025-01-30,Shanghai,Los Angeles,Meridian Freight,Sea,1764.0,3272,7,7,664.88,true,
SH29923,2025-01-30,Ho Chi Minh City,Dubai,Meridian Freight,Sea,1540.9,4760,8,9,857.07,true,
SH30116,2025-01-30,Busan,Rotterdam,Atlas Air Cargo,Air,174.8,11462,2,2,2235.15,true,
SH30276,2025-01-30,Shanghai,Busan,Swift Cargo,Sea,984.5,17892,30,30,1792.09,true,
SH31903,2025-01-30,Singapore,Rotterdam,Northstar Logistics,Sea,1943.1,10864,19,19,1910.27,true,
SH32155,2025-01-30,Busan,Ho Chi Minh City,Meridian Freight,Sea,2731.8,14862,25,25,4077.61,true,
SH32648,2025-01-30,Ho Chi Minh City,Shanghai,Northstar Logistics,Sea,1073.5,16677,34,28,2029.09,false,Weather
SH24625,2025-01-31,Dubai,Los Angeles,Northstar Logistics,Sea,1142.6,13619,24,23,1678.83,false,Port congestion
SH25707,2025-01-31,Los Angeles,Ho Chi Minh City,BlueWave Lines,Sea,723.5,2579,6,6,284.1,true,
SH25777,2025-01-31,Singapore,Busan,Meridian Freight,Sea,557.4,7121,15,13,520.13,false,Port congestion
SH27065,2025-01-31,Rotterdam,Shanghai,Meridian Freight,Sea,2293.6,10557,18,18,2337.9,true,
SH27621,2025-01-31,Dubai,Rotterdam,Swift Cargo,Sea,675.9,1356,3,4,213.67,true,
SH28026,2025-01-31,Dubai,Singapore,Atlas Air Cargo,Air,307.1,14906,2,3,4799.68,true,
SH29335,2025-01-31,Hamburg,Shanghai,Swift Cargo,Sea,2904.2,4356,9,9,1237.16,true,
SH30253,2025-01-31,Ho Chi Minh City,Rotterdam,Meridian Freight,Sea,1145.5,12575,20,21,1426.16,true,
SH32493,2025-01-31,Ho Chi Minh City,Dubai,Swift Cargo,Rail,1721.0,2346,4,4,905.23,true,
SH32876,2025-01-31,Ho Chi Minh City,Rotterdam,BlueWave Lines,Road,1176.5,1634,4,4,791.07,true,
SH24074,2025-02-01,Singapore,Shanghai,Swift Cargo,Sea,892.6,8223,14,15,825.75,true,
SH24113,2025-02-01,Shanghai,Busan,BlueWave Lines,Sea,264.0,14392,26,24,414.06,false,Port congestion
SH24910,2025-02-01,Busan,Rotterdam,BlueWave Lines,Sea,1777.2,14766,25,25,2642.65,true,
SH24958,2025-02-01,Singapore,Rotterdam,Swift Cargo,Sea,2706.0,15480,27,26,3767.58,false,Customs
SH25933,2025-02-01,Dubai,Los Angeles,BlueWave Lines,Sea,2202.5,7176,13,13,1715.06,true,
SH27777,2025-02-01,Ho Chi Minh City,Hamburg,Atlas Air Cargo,Air,170.3,6542,1,2,1515.63,true,
SH28015,2025-02-01,Singapore,Los Angeles,Swift Cargo,Rail,1321.3,1421,3,3,478.55,true,Port congestion
SH28034,2025-02-01,Hamburg,Busan,Northstar Logistics,Sea,694.4,11202,22,19,817.28,false,Port congestion
SH29433,2025-02-01,Dubai,Shanghai,Northstar Logistics,Sea,1872.4,1453,4,4,388.66,true,
SH29527,2025-02-01,Shanghai,Los Angeles,Atlas Air Cargo,Air,1578.5,17190,3,3,34341.01,true,
SH29719,2025-02-01,Ho Chi Minh City,Shanghai,BlueWave Lines,Sea,2897.3,14563,23,24,4535.29,true,
SH30544,2025-02-01,Los Angeles,Dubai,Meridian Freight,Rail,1492.3,1602,2,3,722.68,true,
SH30735,2025-02-01,Busan,Dubai,Meridian Freight,Sea,1445.4,13570,23,23,1969.88,true,
SH31297,2025-02-01,Singapore,Rotterdam,BlueWave Lines,Sea,1080.8,17844,28,29,2183.85,true,
SH31931,2025-02-01,Ho Chi Minh City,Los Angeles,BlueWave Lines,Sea,857.6,6006,16,11,612.41,false,Customs
SH32652,2025-02-01,Ho Chi Minh City,Shanghai,Northstar Logistics,Sea,4956.8,3237,9,7,1424.7,false,Port congestion
SH24472,2025-02-02,Busan,Rotterdam,Meridian Freight,Sea,862.6,15066,25,25,1504.87,true,
SH24733,2025-02-02,Dubai,Busan,Atlas Air Cargo,Air,725.7,10318,2,2,9902.36,true,
SH25268,2025-02-02,Los Angeles,Rotterdam,BlueWave Lines,Sea,733.7,6399,11,12,590.75,true,
SH25474,2025-02-02,Rotterdam,Dubai,Swift Cargo,Sea,943.7,14580,24,24,1377.02,true,
SH25964,2025-02-02,Ho Chi Minh City,Busan,Atlas Air Cargo,Air,599.0,2703,1,1,1823.28,true,
SH26315,2025-02-02,Rotterdam,Ho Chi Minh City,Swift Cargo,Sea,981.5,16035,27,27,1606.48,true,
SH27724,2025-02-02,Shanghai,Rotterdam,Northstar Logistics,Rail,2155.3,722,2,2,491.87,true,
SH28834,2025-02-02,Singapore,Dubai,Atlas Air Cargo,Air,243.7,15612,3,3,4552.2,true,
SH29130,2025-02-02,Dubai,Singapore,Atlas Air Cargo,Air,94.2,3459,1,1,485.51,true,
SH29181,2025-02-02,Shanghai,Hamburg,Swift Cargo,Sea,1094.0,6731,12,12,827.43,true,
SH29390,2025-02-02,Shanghai,Hamburg,Swift Cargo,Sea,642.0,16992,28,28,1140.33,true,
SH29838,2025-02-02,Singapore,Ho Chi Minh City,Northstar Logistics,Sea,674.1,17050,28,28,1210.87,true,
SH24688,2025-02-03,Shanghai,Dubai,BlueWave Lines,Road,1804.9,1673,3,4,1269.3,true,
SH25601,2025-02-03,Ho Chi Minh City,Shanghai,Swift Cargo,Road,1336.1,1628,4,4,1020.8,true,
SH26418,2025-02-03,Los Angeles,Dubai,Northstar Logistics,Sea,6457.9,11148,18,19,6076.61,true,
SH27873,2025-02-03,Singapore,Busan,BlueWave Lines,Sea,440.1,6972,13,13,433.76,true,
SH28000,2025-02-03,Hamburg,Rotterdam,Atlas Air Cargo,Air,232.7,8023,1,2,2002.69,true,
SH28172,2025-02-03,Busan,Dubai,Northstar Logistics,Sea,1138.4,3430,10,7,537.68,false,Customs
SH28273,2025-02-03,Shanghai,Busan,BlueWave Lines,Sea,402.9,5831,11,11,329.37,true,
SH28665,2025-02-03,Ho Chi Minh City,Busan,Swift Cargo,Sea,3320.3,4680,8,9,1331.89,true,
SH29147,2025-02-03,Singapore,Dubai,Swift Cargo,Sea,3923.8,10906,18,19,3458.77,true,
SH30130,2025-02-03,Hamburg,Singapore,Northstar Logistics,Sea,1280.9,3005,7,7,459.24,true,
SH30576,2025-02-03,Hamburg,Shanghai,Northstar Logistics,Sea,2095.3,7769,17,14,1771.48,false,Weather
SH30784,2025-02-03,Rotterdam,Dubai,Meridian Freight,Road,332.8,2467,4,5,369.32,true,
SH30985,2025-02-03,Busan,Los Angeles,Swift Cargo,Sea,683.3,16571,27,27,1189.04,true,
SH32622,2025-02-03,Dubai,Rotterdam,Meridian Freight,Sea,2020.7,1300,4,4,373.46,true,
SH24660,2025-02-04,Shanghai,Los Angeles,Atlas Air Cargo,Air,139.6,17477,3,3,2567.29,true,
SH25407,2025-02-04,Hamburg,Ho Chi Minh City,Northstar Logistics,Sea,865.3,10121,20,18,1039.56,false,Port congestion
SH26230,2025-02-04,Busan,Shanghai,Swift Cargo,Sea,2816.3,3789,8,8,1265.46,true,
SH26264,2025-02-04,Dubai,Ho Chi Minh City,BlueWave Lines,Rail,1156.1,407,2,2,218.72,true,
SH26426,2025-02-04,Shanghai,Singapore,Atlas Air Cargo,Air,421.9,17616,2,3,9267.49,true,
SH26741,2025-02-04,Ho Chi Minh City,Los Angeles,BlueWave Lines,Sea,1774.6,3797,13,8,636.42,false,Weather
SH27892,2025-02-04,Busan,Dubai,Northstar Logistics,Sea,1198.1,11045,19,19,1295.94,true,
SH28948,2025-02-04,Ho Chi Minh City,Los Angeles,BlueWave Lines,Sea,9589.9,16645,29,28,13393.46,false,Equipment
SH29281,2025-02-04,Los Angeles,Rotterdam,Swift Cargo,Sea,3514.3,11366,18,19,3370.66,true,
SH29883,2025-02-04,Los Angeles,Ho Chi Minh City,Meridian Freight,Sea,1226.1,3368,7,7,544.67,true,
SH30408,2025-02-04,Ho Chi Minh City,Rotterdam,Meridian Freight,Rail,1067.9,2183,4,4,588.18,true,
SH31123,2025-02-04,Shanghai,Dubai,BlueWave Lines,Road,1803.7,1248,3,3,981.71,true,
SH31570,2025-02-04,Dubai,Los Angeles,Meridian Freight,Road,4624.5,2169,5,5,3530.64,true,
SH32874,2025-02-04,Dubai,Ho Chi Minh City,Northstar Logistics,Sea,725.4,5121,10,10,456.81,true,
SH24830,2025-02-05,Ho Chi Minh City,Busan,Northstar Logistics,Sea,1321.3,7865,14,14,1000.32,true,
SH26186,2025-02-05,Dubai,Los Angeles,BlueWave Lines,Sea,760.2,12990,21,22,986.51,true,
SH26220,2025-02-05,Rotterdam,Singapore,Meridian Freight,Sea,1418.6,4938,10,10,866.74,true,
SH28166,2025-02-05,Singapore,Rotterdam,Meridian Freight,Rail,3921.4,2277,3,4,1842.25,true,
SH28683,2025-02-05,Los Angeles,Rotterdam,Northstar Logistics,Road,461.7,1516,4,4,387.25,true,
SH29491,2025-02-05,Rotterdam,Hamburg,Meridian Freight,Sea,1476.5,17111,31,28,2260.78,false,Documentation
SH29633,2025-02-05,Shanghai,Los Angeles,BlueWave Lines,Sea,1993.7,10514,20,18,1969.1,false,Customs
SH29982,2025-02-05,Singapore,Hamburg,Northstar Logistics,Sea,3103.2,16133,32,27,5343.37,false,Documentation
SH31713,2025-02-05,Hamburg,Rotterdam,Meridian Freight,Sea,565.4,8472,19,15,575.88,false,Port congestion
SH32169,2025-02-05,Ho Chi Minh City,Rotterdam,Swift Cargo,Sea,395.2,1050,4,4,161.44,true,
SH25403,2025-02-06,Shanghai,Busan,Swift Cargo,Sea,3171.7,17283,28,29,5438.33,true,
SH26219,2025-02-06,Hamburg,Rotterdam,Atlas Air Cargo,Air,155.5,15505,3,3,3029.2,true,
SH27588,2025-02-06,Rotterdam,Ho Chi Minh City,Northstar Logistics,Sea,1163.3,12809,22,22,1336.47,true,
SH28393,2025-02-06,Rotterdam,Busan,Swift Cargo,Road,2579.8,382,2,2,421.47,true,
SH29216,2025-02-06,Ho Chi Minh City,Rotterdam,Meridian Freight,Sea,957.2,1208,4,4,231.85,true,
SH30722,2025-02-06,Shanghai,Dubai,Northstar Logistics,Sea,4417.6,1187,4,4,567.58,true,Port congestion
SH31115,2025-02-06,Rotterdam,Los Angeles,Northstar Logistics,Road,1937.2,1717,3,4,1436.6,true,
SH31967,2025-02-06,Shanghai,Dubai,Atlas Air Cargo,Air,99.5,1880,4,1,321.77,false,Documentation
SH32195,2025-02-06,Busan,Rotterdam,Meridian Freight,Road,825.0,2430,5,5,932.62,true,
SH32365,2025-02-06,Los Angeles,Busan,Northstar Logistics,Sea,1166.4,4019,10,8,531.85,false,Weather
SH32447,2025-02-06,Hamburg,Singapore,Swift Cargo,Rail,649.8,2268,3,4,486.01,true,
SH24319,2025-02-07,Ho Chi Minh City,Dubai,Northstar Logistics,Sea,2784.2,9210,16,16,2618.13,true,
SH24349,2025-02-07,Dubai,Busan,Northstar Logistics,Sea,684.5,14331,24,24,872.54,true,
SH24565,2025-02-07,Shanghai,Busan,Atlas Air Cargo,Air,344.0,17880,2,3,6781.51,true,
SH25336,2025-02-07,Ho Chi Minh City,Singapore,Meridian Freight,Sea,1352.7,6113,15,11,984.55,false,Customs
SH25614,2025-02-07,Shanghai,Dubai,Swift Cargo,Rail,5981.9,1764,3,3,2192.43,true,
SH25887,2025-02-07,Dubai,Singapore,Swift Cargo,Road,1473.3,2011,3,4,1108.29,true,
SH25903,2025-02-07,Busan,Singapore,Meridian Freight,Rail,2322.5,2346,4,4,1369.31,true,
SH26010,2025-02-07,Shanghai,Busan,Atlas Air Cargo,Air,356.4,4807,1,2,1882.28,true,
SH27650,2025-02-07,Rotterdam,Singapore,Northstar Logistics,Sea,632.8,4729,18,9,422.54,false,Customs
SH28625,2025-02-07,Hamburg,Ho Chi Minh City,Atlas Air Cargo,Air,365.6,15461,3,3,7398.72,true,
SH28753,2025-02-07,Ho Chi Minh City,Dubai,Northstar Logistics,Road,3236.3,555,7,2,769.17,false,Customs
SH29401,2025-02-07,Ho Chi Minh City,Dubai,Swift Cargo,Rail,495.5,757,2,2,193.58,true,
SH30900,2025-02-07,Hamburg,Dubai,Swift Cargo,Sea,4274.7,8713,15,15,3562.13,true,
SH32300,2025-02-07,Los Angeles,Shanghai,BlueWave Lines,Rail,2593.5,2210,4,4,1319.92,true,
SH24190,2025-02-08,Hamburg,Los Angeles,Atlas Air Cargo,Air,300.2,3252,1,1,1388.75,true,
SH24207,2025-02-08,Singapore,Dubai,Meridian Freight,Sea,1516.0,6437,12,12,1036.94,true,
SH24379,2025-02-08,Busan,Dubai,Meridian Freight,Road,616.2,441,1,2,215.88,true,
SH25901,2025-02-08,Los Angeles,Hamburg,BlueWave Lines,Sea,884.3,8623,14,15,711.58,true,
SH25991,2025-02-08,Los Angeles,Shanghai,Swift Cargo,Sea,942.0,6387,13,12,683.19,false,Port congestion
SH26324,2025-02-08,Hamburg,Singapore,Northstar Logistics,Sea,588.4,2376,6,6,253.03,true,
SH26548,2025-02-08,Busan,Rotterdam,Swift Cargo,Sea,552.1,1267,3,4,189.92,true,
SH26958,2025-02-08,Dubai,Hamburg,Northstar Logistics,Sea,2197.8,5361,10,10,1232.93,true,
SH27969,2025-02-08,Dubai,Los Angeles,Meridian Freight,Sea,371.6,837,3,3,144.44,true,
SH28739,2025-02-08,Los Angeles,Ho Chi Minh City,Swift Cargo,Sea,235.5,12278,21,21,384.89,true,
SH28896,2025-02-08,Busan,Rotterdam,Swift Cargo,Sea,687.9,3817,8,8,374.45,true,
SH29180,2025-02-08,Rotterdam,Singapore,Meridian Freight,Rail,1379.1,1255,3,3,556.8,true,
SH29911,2025-02-08,Dubai,Hamburg,Northstar Logistics,Sea,7059.9,10248,17,18,5708.33,true,
SH30209,2025-02-08,Ho Chi Minh City,Dubai,Northstar Logistics,Sea,213.4,3320,10,7,190.32,false,Port congestion
SH30918,2025-02-08,Dubai,Singapore,Meridian Freight,Sea,2238.7,9829,17,17,1920.96,true,
SH31462,2025-02-08,Los Angeles,Singapore,Atlas Air Cargo,Air,210.3,13415,2,2,3806.66,true,
SH31652,2025-02-08,Shanghai,Dubai,BlueWave Lines,Sea,2097.3,8662,15,15,1924.72,true,
SH32415,2025-02-08,Dubai,Singapore,Meridian Freight,Sea,1140.7,3389,7,7,521.11,true,
SH24282,2025-02-09,Dubai,Singapore,BlueWave Lines,Road,10256.2,2146,5,5,6714.29,true,
SH24728,2025-02-09,Hamburg,Los Angeles,BlueWave Lines,Sea,502.8,6519,13,12,419.81,false,Documentation
SH25289,2025-02-09,Singapore,Hamburg,BlueWave Lines,Sea,1221.6,8010,14,14,888.89,true,
SH28959,2025-02-09,Hamburg,Busan,Meridian Freight,Sea,1160.8,5735,11,11,747.17,true,
SH29652,2025-02-09,Los Angeles,Busan,BlueWave Lines,Sea,1617.3,9030,16,16,1246.13,true,
SH30681,2025-02-09,Dubai,Rotterdam,Northstar Logistics,Rail,1786.2,2244,4,4,920.79,true,Documentation
SH31119,2025-02-09,Singapore,Dubai,Swift Cargo,Sea,1576.3,14942,26,25,2141.95,false,Customs
SH31853,2025-02-09,Los Angeles,Dubai,Northstar Logistics,Road,1461.1,821,2,2,511.12,true,
SH32260,2025-02-09,Rotterdam,Ho Chi Minh City,Meridian Freight,Sea,2320.5,1595,3,4,413.18,true,
SH25619,2025-02-10,Singapore,Rotterdam,BlueWave Lines,Sea,1469.1,8548,14,15,1224.13,true,
SH26685,2025-02-10,Hamburg,Dubai,Meridian Freight,Rail,472.5,938,1,2,204.52,true,
SH27268,2025-02-10,Busan,Dubai,Northstar Logistics,Sea,812.1,11331,19,19,988.37,true,
SH27788,2025-02-10,Busan,Los Angeles,Northstar Logistics,Sea,1569.8,12793,24,22,1972.27,false,Weather
SH27796,2025-02-10,Los Angeles,Busan,Northstar Logistics,Sea,2322.7,14627,24,25,3162.33,true,
SH27983,2025-02-10,Shanghai,Ho Chi Minh City,Northstar Logistics,Sea,1078.0,10338,18,18,1025.39,true,
SH28154,2025-02-10,Shanghai,Rotterdam,Meridian Freight,Sea,787.4,3386,7,7,343.25,true,
SH28305,2025-02-10,Singapore,Hamburg,Northstar Logistics,Sea,688.4,15013,27,25,1076.92,false,Customs
SH29512,2025-02-10,Rotterdam,Shanghai,Swift Cargo,Sea,1316.5,17771,29,29,2384.93,true,
SH29901,2025-02-10,Busan,Ho Chi Minh City,Swift Cargo,Sea,970.1,16208,30,27,1415.53,false,Customs
SH30287,2025-02-10,Busan,Los Angeles,Atlas Air Cargo,Air,187.1,7581,1,2,1862.67,true,
SH30674,2025-02-10,Busan,Hamburg,Atlas Air Cargo,Air,365.2,9666,2,2,4144.36,true,
SH31240,2025-02-10,Dubai,Ho Chi Minh City,Atlas Air Cargo,Air,154.1,8122,2,2,1336.76,true,
SH32071,2025-02-10,Dubai,Busan,Swift Cargo,Sea,806.3,9123,15,16,853.63,true,
SH32240,2025-02-10,Hamburg,Los Angeles,Meridian Freight,Sea,1021.6,12777,22,22,1229.17,true,
SH32444,2025-02-10,Ho Chi Minh City,Singapore,Atlas Air Cargo,Air,582.0,9786,2,2,7260.76,true,
SH24356,2025-02-11,Rotterdam,Busan,Atlas Air Cargo,Air,77.5,7593,2,2,788.62,true,
SH25360,2025-02-11,Los Angeles,Hamburg,Atlas Air Cargo,Air,78.7,10055,2,2,908.33,true,
SH26978,2025-02-11,Rotterdam,Los Angeles,Northstar Logistics,Road,2800.5,1182,3,3,1496.9,true,
SH27121,2025-02-11,Los Angeles,Shanghai,Northstar Logistics,Road,1230.6,1385,2,3,708.43,true,
SH29859,2025-02-11,Ho Chi Minh City,Busan,BlueWave Lines,Sea,713.4,3147,7,7,331.26,true,
SH30418,2025-02-11,Busan,Ho Chi Minh City,Northstar Logistics,Sea,1505.2,3211,8,7,578.96,false,Port congestion
SH30956,2025-02-11,Shanghai,Hamburg,Meridian Freight,Sea,517.1,5601,11,11,381.02,true,
SH31301,2025-02-11,Hamburg,Rotterdam,Northstar Logistics,Sea,1286.4,8885,16,16,1166.08,true,
SH31658,2025-02-11,Hamburg,Dubai,Atlas Air Cargo,Air,862.3,2719,1,1,2824.19,true,
SH31716,2025-02-11,Hamburg,Los Angeles,Meridian Freight,Sea,1137.3,11670,28,20,1487.73,false,Port congestion
SH32128,2025-02-11,Ho Chi Minh City,Singapore,BlueWave Lines,Road,1242.4,975,3,3,565.09,true,
SH24437,2025-02-12,Busan,Hamburg,Swift Cargo,Sea,1310.5,1886,4,5,349.12,true,
SH25229,2025-02-12,Los Angeles,Singapore,Atlas Air Cargo,Air,231.5,15959,3,3,4489.96,true,
SH26454,2025-02-12,Ho Chi Minh City,Rotterdam,Atlas Air Cargo,Air,209.6,9803,2,2,2086.68,true,
SH27057,2025-02-12,Los Angeles,Singapore,Swift Cargo,Sea,1083.5,12855,22,22,1342.59,true,
SH27987,2025-02-12,Shanghai,Hamburg,Northstar Logistics,Sea,1286.7,2643,6,6,420.94,true,
SH29885,2025-02-12,Shanghai,Hamburg,Swift Cargo,Road,951.5,1390,3,3,594.77,true,
SH31407,2025-02-12,Busan,Singapore,Meridian Freight,Sea,963.2,15819,26,26,1657.65,true,
SH31458,2025-02-12,Ho Chi Minh City,Singapore,Meridian Freight,Sea,554.2,15243,24,25,816.93,true,
SH31622,2025-02-12,Ho Chi Minh City,Busan,Atlas Air Cargo,Air,333.3,4622,1,2,1713.33,true,
SH31842,2025-02-12,Ho Chi Minh City,Busan,Swift Cargo,Road,6330.1,559,2,2,1268.79,true,
SH31891,2025-02-12,Singapore,Dubai,Swift Cargo,Road,1593.5,1099,3,3,643.19,true,
SH32368,2025-02-12,Ho Chi Minh City,Hamburg,BlueWave Lines,Road,188.1,839,2,2,175.92,true,
SH32590,2025-02-12,Busan,Los Angeles,Meridian Freight,Sea,446.9,12163,21,21,607.69,true,
SH24171,2025-02-13,Busan,Dubai,BlueWave Lines,Sea,2494.7,5499,10,10,1232.43,true,
SH24216,2025-02-13,Los Angeles,Busan,Swift Cargo,Sea,1051.0,11061,18,19,1039.01,true,
SH24452,2025-02-13,Rotterdam,Hamburg,Swift Cargo,Sea,1250.8,10787,19,19,1432.46,true,
SH25002,2025-02-13,Singapore,Shanghai,Meridian Freight,Sea,4324.4,11023,24,19,3916.54,false,Weather
SH25483,2025-02-13,Hamburg,Rotterdam,Northstar Logistics,Road,440.6,470,1,2,189.8,true,
SH25925,2025-02-13,Dubai,Busan,Swift Cargo,Rail,699.2,1761,2,3,407.72,true,
SH28967,2025-02-13,Los Angeles,Shanghai,Swift Cargo,Sea,1238.1,8038,14,14,1036.74,true,
SH29597,2025-02-13,Ho Chi Minh City,Shanghai,Swift Cargo,Sea,984.2,10696,17,18,1151.66,true,
SH29977,2025-02-13,Rotterdam,Hamburg,Northstar Logistics,Road,2188.5,973,9,3,889.85,false,Port congestion
SH30876,2025-02-13,Busan,Los Angeles,Meridian Freight,Sea,320.1,8225,15,15,354.9,true,
SH31206,2025-02-13,Rotterdam,Busan,Northstar Logistics,Rail,2397.1,584,1,2,444.27,true,
SH31517,2025-02-13,Los Angeles,Shanghai,Northstar Logistics,Road,2893.7,1571,3,4,1781.08,true,
SH26029,2025-02-14,Rotterdam,Dubai,BlueWave Lines,Sea,495.4,5650,13,11,412.0,false,Customs
SH26706,2025-02-14,Los Angeles,Dubai,Atlas Air Cargo,Air,29.2,8342,3,2,394.37,false,Port congestion
SH27089,2025-02-14,Ho Chi Minh City,Dubai,Northstar Logistics,Sea,2364.9,2025,14,5,627.79,false,Port congestion
SH27350,2025-02-14,Singapore,Hamburg,Atlas Air Cargo,Air,279.4,2823,1,1,1024.0,true,Equipment
SH28776,2025-02-14,Hamburg,Ho Chi Minh City,Atlas Air Cargo,Air,379.8,8797,2,2,3622.68,true,
SH29288,2025-02-14,Los Angeles,Dubai,Meridian Freight,Sea,2449.4,10878,19,19,2631.5,true,
SH29789,2025-02-14,Rotterdam,Hamburg,Atlas Air Cargo,Air,409.6,11466,2,2,5781.17,true,
SH30006,2025-02-14,Busan,Ho Chi Minh City,Swift Cargo,Sea,2387.8,3391,7,7,818.85,true,
SH30099,2025-02-14,Los Angeles,Ho Chi Minh City,Swift Cargo,Road,908.1,514,2,2,273.47,true,
SH31761,2025-02-14,Shanghai,Hamburg,Meridian Freight,Sea,2142.9,9071,16,16,1796.33,true,
SH32190,2025-02-14,Los Angeles,Hamburg,Swift Cargo,Road,2255.1,249,1,1,334.9,true,
SH32474,2025-02-14,Singapore,Busan,Atlas Air Cargo,Air,209.6,17177,3,3,4044.21,true,
SH32839,2025-02-14,Busan,Hamburg,BlueWave Lines,Sea,2207.2,17627,29,29,3433.17,true,
SH32892,2025-02-14,Hamburg,Singapore,Northstar Logistics,Sea,1564.3,14811,25,25,2341.96,true,
SH24012,2025-02-15,Busan,Hamburg,Swift Cargo,Road,2769.1,1311,6,3,1644.63,false,Customs
SH25526,2025-02-15,Hamburg,Busan,BlueWave Lines,Sea,2007.0,2449,6,6,575.57,true,
SH25844,2025-02-15,Ho Chi Minh City,Rotterdam,Atlas Air Cargo,Air,790.3,14595,3,3,13090.41,true,
SH26177,2025-02-15,Busan,Los Angeles,Northstar Logistics,Sea,2606.6,14740,24,25,3405.66,true,
SH27037,2025-02-15,Dubai,Rotterdam,Swift Cargo,Sea,833.8,4660,9,9,494.31,true,
SH27257,2025-02-15,Los Angeles,Singapore,Atlas Air Cargo,Air,286.7,7661,2,2,2997.71,true,
SH27281,2025-02-15,Busan,Rotterdam,Swift Cargo,Sea,2910.0,16213,27,27,4594.93,true,
SH27434,2025-02-15,Los Angeles,Shanghai,Northstar Logistics,Sea,570.7,3117,9,7,279.28,false,Weather
SH28021,2025-02-15,Ho Chi Minh City,Busan,Swift Cargo,Road,1311.2,1145,5,3,573.01,false,Port congestion
SH28231,2025-02-15,Los Angeles,Shanghai,Swift Cargo,Sea,2721.5,16501,29,27,3653.52,false,Weather
SH29129,2025-02-15,Hamburg,Rotterdam,Northstar Logistics,Sea,2136.8,4987,10,10,964.63,true,
SH31108,2025-02-15,Busan,Dubai,Northstar Logistics,Sea,1143.1,4874,9,9,684.09,true,
SH31443,2025-02-15,Ho Chi Minh City,Rotterdam,Meridian Freight,Sea,1379.7,2260,4,5,362.32,true,
SH24823,2025-02-16,Busan,Los Angeles,Swift Cargo,Sea,282.9,8901,16,16,362.07,true,
SH25667,2025-02-16,Los Angeles,Singapore,Atlas Air Cargo,Air,249.9,15809,2,3,4491.73,true,
SH25871,2025-02-16,Shanghai,Ho Chi Minh City,Meridian Freight,Rail,1376.2,2378,4,4,763.89,true,
SH26477,2025-02-16,Los Angeles,Rotterdam,BlueWave Lines,Sea,1663.9,7084,13,13,1207.81,true,
SH26510,2025-02-16,Busan,Ho Chi Minh City,Atlas Air Cargo,Air,415.6,12360,2,2,6884.62,true,
SH26876,2025-02-16,Los Angeles,Shanghai,Northstar Logistics,Road,464.3,477,2,2,198.67,true,
SH27656,2025-02-16,Shanghai,Dubai,Atlas Air Cargo,Air,150.3,1181,1,1,330.91,true,
SH28769,2025-02-16,Los Angeles,Ho Chi Minh City,Northstar Logistics,Sea,2120.6,902,3,3,271.48,true,Weather
SH28833,2025-02-16,Rotterdam,Shanghai,Atlas Air Cargo,Air,79.4,8879,5,2,972.05,false,Weather
SH29462,2025-02-16,Ho Chi Minh City,Los Angeles,BlueWave Lines,Sea,1852.3,5213,10,10,991.17,true,
SH30818,2025-02-16,Ho Chi Minh City,Hamburg,Swift Cargo,Sea,432.1,7698,14,14,405.16,true,
SH32943,2025-02-16,Hamburg,Shanghai,Northstar Logistics,Road,2501.7,1616,5,4,1448.35,false,Equipment
SH24635,2025-02-17,Busan,Ho Chi Minh City,Atlas Air Cargo,Air,265.1,2259,1,1,776.71,true,
SH24671,2025-02-17,Hamburg,Rotterdam,BlueWave Lines,Sea,1035.6,6953,12,13,768.17,true,
SH24896,2025-02-17,Hamburg,Singapore,Northstar Logistics,Rail,9627.7,1626,2,3,3626.68,true,
SH26479,2025-02-17,Busan,Ho Chi Minh City,Swift Cargo,Road,1291.7,2266,5,5,1023.06,true,
SH26497,2025-02-17,Dubai,Shanghai,Meridian Freight,Sea,1046.1,6228,12,12,810.11,true,
SH28552,2025-02-17,Dubai,Ho Chi Minh City,Swift Cargo,Road,655.4,231,1,1,174.03,true,
SH28642,2025-02-17,Shanghai,Hamburg,Meridian Freight,Sea,1399.6,9330,16,16,1329.18,true,
SH28699,2025-02-17,Singapore,Shanghai,Swift Cargo,Sea,2252.4,7597,14,14,1710.6,true,
SH29080,2025-02-17,Hamburg,Los Angeles,BlueWave Lines,Rail,6985.1,1605,3,3,2653.5,true,
SH29404,2025-02-17,Busan,Ho Chi Minh City,Atlas Air Cargo,Air,605.9,12513,2,2,9328.62,true,
SH29751,2025-02-17,Hamburg,Busan,Northstar Logistics,Road,1218.0,1573,4,4,696.8,true,
SH30101,2025-02-17,Hamburg,Singapore,Swift Cargo,Sea,1369.8,9032,15,16,1241.62,true,
SH30571,2025-02-17,Ho Chi Minh City,Rotterdam,Swift Cargo,Sea,1522.3,10133,18,18,1697.92,true,
SH31887,2025-02-17,Shanghai,Ho Chi Minh City,Northstar Logistics,Sea,12643.2,8003,14,14,9974.63,true,
SH31955,2025-02-17,Busan,Los Angeles,BlueWave Lines,Sea,1182.6,15797,26,26,2032.37,true,
SH24338,2025-02-18,Shanghai,Dubai,Swift Cargo,Sea,2743.6,6620,14,12,1543.31,false,Customs
SH24977,2025-02-18,Rotterdam,Los Angeles,Meridian Freight,Rail,3772.2,575,1,2,638.05,true,
SH26092,2025-02-18,Dubai,Rotterdam,Swift Cargo,Sea,3412.6,16157,26,27,4555.23,true,
SH26916,2025-02-18,Hamburg,Rotterdam,BlueWave Lines,Sea,2172.1,8144,19,15,1711.19,false,Customs
SH27010,2025-02-18,Shanghai,Hamburg,BlueWave Lines,Sea,639.5,4771,11,9,406.59,false,Customs
SH27498,2025-02-18,Ho Chi Minh City,Shanghai,BlueWave Lines,Sea,1615.1,7945,16,14,1294.69,false,Customs
SH28230,2025-02-18,Los Angeles,Hamburg,Northstar Logistics,Road,3518.6,1728,4,4,2216.53,true,Weather
SH28899,2025-02-18,Rotterdam,Los Angeles,Meridian Freight,Sea,3590.5,17986,30,30,5202.67,true,
SH29972,2025-02-18,Busan,Los Angeles,Atlas Air Cargo,Air,237.1,4756,1,2,1521.93,true,
SH32584,2025-02-18,Ho Chi Minh City,Dubai,Northstar Logistics,Road,2046.1,1023,3,3,855.4,true,
SH24274,2025-02-19,Ho Chi Minh City,Rotterdam,Northstar Logistics,Sea,1585.8,11315,18,19,1653.3,true,
SH24662,2025-02-19,Shanghai,Singapore,Swift Cargo,Sea,1288.9,10396,18,18,1234.09,true,
SH25535,2025-02-19,Busan,Shanghai,Swift Cargo,Sea,351.4,14540,24,24,534.01,true,
SH28069,2025-02-19,Rotterdam,Ho Chi Minh City,Atlas Air Cargo,Air,196.2,10037,2,2,2508.98,true,
SH28153,2025-02-19,Rotterdam,Busan,Swift Cargo,Sea,1007.0,8827,17,16,900.59,false,Equipment
SH28573,2025-02-19,Shanghai,Busan,BlueWave Lines,Sea,784.6,6717,18,12,601.63,false,Weather
SH29016,2025-02-19,Hamburg,Rotterdam,Swift Cargo,Sea,3038.5,17326,29,29,5609.66,true,
SH29906,2025-02-19,Los Angeles,Ho Chi Minh City,Meridian Freight,Sea,2824.0,11657,20,20,3548.74,true,
SH31181,2025-02-19,Rotterdam,Busan,BlueWave Lines,Sea,550.4,13637,22,23,910.66,true,
SH31228,2025-02-19,Ho Chi Minh City,Rotterdam,Atlas Air Cargo,Air,682.2,10609,2,2,8515.22,true,
SH31769,2025-02-19,Hamburg,Rotterdam,Swift Cargo,Rail,1778.9,1997,3,3,1043.79,true,
SH32546,2025-02-19,Busan,Rotterdam,BlueWave Lines,Sea,2263.2,5862,12,11,1149.12,false,Customs
SH32561,2025-02-19,Dubai,Rotterdam,Swift Cargo,Road,430.9,2180,4,5,434.57,true,
SH32905,2025-02-19,Ho Chi Minh City,Hamburg,Swift Cargo,Road,1734.1,1602,4,4,1284.22,true,
SH25138,2025-02-20,Rotterdam,Shanghai,Northstar Logistics,Sea,1566.3,14414,29,24,2215.15,false,Port congestion
SH26368,2025-02-20,Singapore,Busan,BlueWave Lines,Road,487.0,1141,3,3,322.88,true,
SH26421,2025-02-20,Hamburg,Busan,Northstar Logistics,Road,1591.7,1215,4,3,734.71,false,Weather
SH26800,2025-02-20,Los Angeles,Ho Chi Minh City,Atlas Air Cargo,Air,82.1,8051,2,2,826.15,true,
SH27186,2025-02-20,Dubai,Los Angeles,Northstar Logistics,Sea,4338.9,4398,9,9,2077.8,true,
SH31042,2025-02-20,Dubai,Rotterdam,Meridian Freight,Road,3204.0,2432,6,5,3331.87,false,Weather
SH24175,2025-02-21,Rotterdam,Los Angeles,Atlas Air Cargo,Air,511.8,7060,2,2,4607.31,true,
SH24543,2025-02-21,Dubai,Rotterdam,Atlas Air Cargo,Air,70.1,3498,1,1,423.71,true,
SH27953,2025-02-21,Dubai,Los Angeles,Meridian Freight,Sea,522.4,14667,25,25,809.39,true,
SH28095,2025-02-21,Ho Chi Minh City,Hamburg,Northstar Logistics,Rail,1139.7,1243,3,3,393.07,true,
SH28687,2025-02-21,Shanghai,Ho Chi Minh City,Northstar Logistics,Sea,1914.7,15981,28,27,3108.09,false,Equipment
SH28735,2025-02-21,Hamburg,Ho Chi Minh City,Atlas Air Cargo,Air,244.9,6418,2,2,2166.72,true,
SH29494,2025-02-21,Hamburg,Ho Chi Minh City,Atlas Air Cargo,Air,196.6,11113,2,2,2307.97,true,
SH30140,2025-02-21,Los Angeles,Dubai,Meridian Freight,Road,1371.8,256,1,1,240.17,true,
SH30771,2025-02-21,Busan,Hamburg,BlueWave Lines,Road,492.7,1179,2,3,327.42,true,
SH30786,2025-02-21,Hamburg,Rotterdam,Meridian Freight,Sea,2590.3,2092,4,5,637.3,true,
SH30812,2025-02-21,Los Angeles,Singapore,Northstar Logistics,Sea,1633.8,4691,13,9,781.67,false,Documentation
SH31905,2025-02-21,Hamburg,Busan,Atlas Air Cargo,Air,278.2,14644,3,3,4781.04,true,
SH32956,2025-02-21,Ho Chi Minh City,Los Angeles,BlueWave Lines,Sea,1833.3,3156,12,7,579.89,false,Customs
SH24367,2025-02-22,Los Angeles,Rotterdam,Northstar Logistics,Sea,1239.6,17682,29,29,1903.19,true,
SH24767,2025-02-22,Rotterdam,Busan,Swift Cargo,Sea,1636.2,11006,19,19,1968.44,true,
SH27657,2025-02-22,Busan,Rotterdam,Atlas Air Cargo,Air,244.4,14123,3,3,3911.59,true,
SH28516,2025-02-22,Hamburg,Los Angeles,Northstar Logistics,Road,962.7,1523,4,4,723.75,true,
SH28568,2025-02-22,Singapore,Ho Chi Minh City,Meridian Freight,Sea,825.5,16549,30,27,1287.97,false,Customs
SH29552,2025-02-22,Rotterdam,Dubai,Swift Cargo,Sea,870.2,5537,11,11,531.38,true,
SH24595,2025-02-23,Singapore,Los Angeles,Northstar Logistics,Sea,970.2,11015,27,19,983.85,false,Equipment
SH24814,2025-02-23,Shanghai,Busan,Atlas Air Cargo,Air,303.6,17492,2,3,5869.96,true,
SH24942,2025-02-23,Dubai,Busan,Atlas Air Cargo,Air,45.7,7976,2,2,516.98,true,
SH25446,2025-02-23,Rotterdam,Hamburg,BlueWave Lines,Sea,533.0,16297,27,27,942.64,true,
SH26023,2025-02-23,Dubai,Los Angeles,Atlas Air Cargo,Air,82.8,3309,1,1,444.56,true,
SH26049,2025-02-23,Ho Chi Minh City,Los Angeles,Meridian Freight,Sea,1473.0,6624,12,12,1114.02,true,
SH26133,2025-02-23,Hamburg,Los Angeles,Atlas Air Cargo,Air,295.5,8784,1,2,2772.69,true,
SH26603,2025-02-23,Shanghai,Rotterdam,Northstar Logistics,Sea,428.0,1602,3,4,189.41,true,
SH27692,2025-02-23,Hamburg,Busan,Swift Cargo,Road,3247.2,540,1,2,722.37,true,
SH29325,2025-02-23,Rotterdam,Dubai,Meridian Freight,Sea,353.3,13445,23,23,588.63,true,
SH30259,2025-02-23,Dubai,Hamburg,Swift Cargo,Sea,5713.9,15936,27,27,7737.87,true,
SH30267,2025-02-23,Dubai,Hamburg,Northstar Logistics,Road,2843.6,895,2,2,1146.93,true,
SH30514,2025-02-23,Dubai,Hamburg,Meridian Freight,Rail,1908.7,2045,4,4,1122.41,true,
SH30588,2025-02-23,Busan,Hamburg,Swift Cargo,Rail,1720.5,846,2,2,493.75,true,
SH31868,2025-02-23,Dubai,Ho Chi Minh City,Swift Cargo,Sea,644.3,12183,21,21,942.34,true,
SH24203,2025-02-24,Ho Chi Minh City,Shanghai,Meridian Freight,Sea,540.3,13523,23,23,764.62,true,
SH27332,2025-02-24,Rotterdam,Busan,Atlas Air Cargo,Air,251.0,4287,1,1,1296.39,true,
SH27345,2025-02-24,Singapore,Ho Chi Minh City,BlueWave Lines,Road,923.8,2260,5,5,773.41,true,
SH27883,2025-02-24,Los Angeles,Hamburg,Swift Cargo,Sea,1705.7,9351,16,16,1429.13,true,
SH27946,2025-02-24,Busan,Hamburg,BlueWave Lines,Road,1068.6,312,3,2,229.36,false,Customs
SH30449,2025-02-24,Los Angeles,Busan,BlueWave Lines,Road,762.0,1150,2,3,451.59,true,
SH30621,2025-02-24,Rotterdam,Singapore,Swift Cargo,Sea,2021.1,3131,10,7,703.27,false,Port congestion
SH30855,2025-02-24,Dubai,Shanghai,Swift Cargo,Road,5902.1,2245,5,5,5485.62,true,
SH31159,2025-02-24,Ho Chi Minh City,Shanghai,Atlas Air Cargo,Air,444.0,17183,2,3,7844.97,true,
SH31303,2025-02-24,Hamburg,Shanghai,BlueWave Lines,Sea,676.0,11554,20,20,865.89,true,
SH32824,2025-02-24,Singapore,Rotterdam,Swift Cargo,Sea,656.9,16319,27,27,1118.08,true,
SH25353,2025-02-25,Busan,Dubai,BlueWave Lines,Sea,4009.5,17718,28,29,6730.5,true,
SH25634,2025-02-25,Rotterdam,Shanghai,Swift Cargo,Sea,1128.0,7545,14,14,875.96,true,
SH25790,2025-02-25,Los Angeles,Dubai,Atlas Air Cargo,Air,312.9,1743,1,1,716.01,true,
SH26348,2025-02-25,Hamburg,Los Angeles,Meridian Freight,Sea,569.8,14515,23,24,931.7,true,
SH27606,2025-02-25,Hamburg,Busan,Swift Cargo,Rail,2609.0,1200,1,2,918.36,true,
SH27850,2025-02-25,Hamburg,Singapore,Meridian Freight,Road,856.2,1799,4,4,582.27,true,
SH30854,2025-02-25,Hamburg,Busan,Atlas Air Cargo,Air,249.6,16922,2,3,4156.5,true,
SH32127,2025-02-25,Dubai,Ho Chi Minh City,Northstar Logistics,Sea,1876.3,11007,20,19,1954.64,false,Weather
SH25893,2025-02-26,Ho Chi Minh City,Shanghai,Swift Cargo,Sea,1006.2,13410,22,23,1286.05,true,
SH26985,2025-02-26,Shanghai,Ho Chi Minh City,Meridian Freight,Road,1368.3,1268,2,3,796.29,true,
SH28956,2025-02-26,Hamburg,Singapore,Swift Cargo,Sea,567.0,7123,14,13,553.39,false,Port congestion
SH28998,2025-02-26,Singapore,Los Angeles,Northstar Logistics,Sea,2000.1,17451,30,29,3726.31,false,Customs
SH30680,2025-02-26,Ho Chi Minh City,Singapore,BlueWave Lines,Rail,1790.5,2099,4,4,1059.04,true,
SH31793,2025-02-26,Rotterdam,Busan,Swift Cargo,Sea,634.7,6404,11,12,474.14,true,
SH31828,2025-02-26,Dubai,Busan,Swift Cargo,Rail,1813.5,626,2,2,366.95,true,
SH32780,2025-02-26,Dubai,Hamburg,BlueWave Lines,Road,862.2,357,3,2,248.47,false,Customs
SH24794,2025-02-27,Busan,Ho Chi Minh City,Swift Cargo,Rail,1320.8,1378,3,3,587.69,true,
SH26487,2025-02-27,Hamburg,Ho Chi Minh City,Swift Cargo,Sea,3130.0,1009,3,4,413.76,true,
SH26684,2025-02-27,Dubai,Busan,Atlas Air Cargo,Air,102.4,851,1,1,231.23,true,
SH27367,2025-02-27,Ho Chi Minh City,Shanghai,Swift Cargo,Sea,1201.2,7565,16,14,890.51,false,Port congestion
SH28757,2025-02-27,Busan,Dubai,Meridian Freight,Sea,2978.3,9094,15,16,2904.26,true,
SH30351,2025-02-27,Rotterdam,Hamburg,Swift Cargo,Sea,5235.1,5866,11,11,2479.17,true,
SH30991,2025-02-27,Los Angeles,Ho Chi Minh City,Atlas Air Cargo,Air,46.1,13605,3,3,850.82,true,
SH31459,2025-02-27,Hamburg,Singapore,Meridian Freight,Sea,2421.7,1593,4,4,469.28,true,
SH31925,2025-02-27,Ho Chi Minh City,Singapore,Northstar Logistics,Sea,525.0,8284,20,15,513.9,false,Port congestion
SH24197,2025-02-28,Shanghai,Hamburg,BlueWave Lines,Sea,732.2,8683,15,15,700.7,true,
SH28610,2025-02-28,Dubai,Ho Chi Minh City,Swift Cargo,Road,437.3,820,2,2,265.08,true,
SH31353,2025-02-28,Ho Chi Minh City,Dubai,BlueWave Lines,Road,338.7,1061,2,3,232.24,true,
SH24007,2025-03-01,Ho Chi Minh City,Dubai,Swift Cargo,Sea,1925.5,1675,5,5,454.51,true,
SH24144,2025-03-01,Shanghai,Singapore,Swift Cargo,Sea,4476.6,15021,25,25,6749.31,true,
SH24872,2025-03-01,Dubai,Ho Chi Minh City,Swift Cargo,Sea,593.8,7335,13,13,479.08,true,
SH25105,2025-03-01,Dubai,Shanghai,Swift Cargo,Sea,447.0,8585,15,15,437.16,true,
SH25461,2025-03-01,Busan,Los Angeles,Atlas Air Cargo,Air,255.4,7613,2,2,2355.42,true,
SH25827,2025-03-01,Singapore,Shanghai,Meridian Freight,Sea,1698.8,11108,28,19,1901.46,false,Documentation
SH26066,2025-03-01,Ho Chi Minh City,Hamburg,Swift Cargo,Sea,1059.4,12674,21,21,1335.24,true,
SH27398,2025-03-01,Rotterdam,Los Angeles,Atlas Air Cargo,Air,436.2,16466,3,3,7671.34,true,
SH28570,2025-03-01,Rotterdam,Ho Chi Minh City,Northstar Logistics,Sea,4979.5,8525,16,15,3965.88,false,Port congestion
SH28589,2025-03-01,Los Angeles,Busan,Swift Cargo,Sea,4282.9,1480,5,4,745.12,false,Documentation
SH28751,2025-03-01,Busan,Los Angeles,Swift Cargo,Sea,4469.4,13832,22,23,5871.78,true,
SH29021,2025-03-01,Hamburg,Singapore,Meridian Freight,Sea,2602.1,5395,10,10,1201.07,true,
SH29974,2025-03-01,Dubai,Shanghai,Atlas Air Cargo,Air,209.0,14573,3,3,3799.2,true,
SH30690,2025-03-01,Hamburg,Ho Chi Minh City,BlueWave Lines,Sea,2707.3,11810,20,20,3463.71,true,
SH31996,2025-03-01,Ho Chi Minh City,Rotterdam,Northstar Logistics,Sea,1982.0,4381,9,9,858.99,true,
SH32090,2025-03-01,Los Angeles,Rotterdam,BlueWave Lines,Rail,1036.0,299,1,1,188.49,true,
SH24127,2025-03-02,Dubai,Shanghai,Swift Cargo,Sea,1264.8,17967,30,30,2179.21,true,
SH24731,2025-03-02,Shanghai,Hamburg,Northstar Logistics,Sea,413.2,3862,8,8,282.68,true,
SH26755,2025-03-02,Hamburg,Ho Chi Minh City,Meridian Freight,Sea,5045.1,8149,15,15,4073.09,true,
SH27908,2025-03-02,Rotterdam,Los Angeles,BlueWave Lines,Sea,4723.0,8865,15,16,4276.76,true,
SH28328,2025-03-02,Busan,Los Angeles,Meridian Freight,Rail,426.3,937,2,2,202.35,true,
SH29218,2025-03-02,Los Angeles,Hamburg,Swift Cargo,Sea,663.6,7384,12,13,609.67,true,
SH30407,2025-03-02,Hamburg,Busan,Northstar Logistics,Sea,474.4,11427,20,20,565.53,true,
SH31816,2025-03-02,Rotterdam,Shanghai,Northstar Logistics,Sea,981.3,15075,25,25,1584.08,true,
SH32939,2025-03-02,Singapore,Busan,Meridian Freight,Sea,1965.5,8698,15,15,1633.62,true,Weather
SH24249,2025-03-03,Shanghai,Ho Chi Minh City,Meridian Freight,Sea,631.0,14235,24,24,1044.48,true,Documentation
SH26082,2025-03-03,Ho Chi Minh City,Singapore,Swift Cargo,Sea,801.5,1015,3,4,184.26,true,
SH27736,2025-03-03,Singapore,Dubai,Northstar Logistics,Rail,611.8,1255,2,3,306.59,true,
SH29643,2025-03-03,Hamburg,Rotterdam,Atlas Air Cargo,Air,123.1,2398,1,1,461.36,true,
SH32408,2025-03-03,Singapore,Hamburg,BlueWave Lines,Rail,1316.0,1620,3,3,603.23,true,
SH24246,2025-03-04,Busan,Rotterdam,BlueWave Lines,Sea,901.8,10732,21,19,952.1,false,Customs
SH24413,2025-03-04,Hamburg,Ho Chi Minh City,Swift Cargo,Sea,408.3,1876,5,5,199.42,true,
SH24519,2025-03-04,Hamburg,Los Angeles,Swift Cargo,Sea,1625.2,10975,18,19,1550.84,true,
SH25703,2025-03-04,Ho Chi Minh City,Hamburg,Atlas Air Cargo,Air,781.1,12753,2,2,12490.11,true,Weather
SH26402,2025-03-04,Ho Chi Minh City,Busan,Northstar Logistics,Sea,3020.1,11301,19,19,3531.38,true,
SH26887,2025-03-04,Ho Chi Minh City,Shanghai,Northstar Logistics,Sea,1553.6,14691,24,25,2300.1,true,
SH28132,2025-03-04,Singapore,Rotterdam,Northstar Logistics,Road,3536.9,2171,5,5,3047.74,true,
SH29136,2025-03-04,Ho Chi Minh City,Rotterdam,Northstar Logistics,Sea,647.1,10102,18,18,734.35,true,
SH30152,2025-03-04,Singapore,Busan,Meridian Freight,Sea,2206.7,4382,9,9,860.24,true,
SH32313,2025-03-04,Ho Chi Minh City,Los Angeles,Northstar Logistics,Road,1126.3,844,3,2,475.79,false,Customs
SH24357,2025-03-05,Rotterdam,Busan,Swift Cargo,Road,982.3,564,1,2,324.52,true,
SH25701,2025-03-05,Rotterdam,Ho Chi Minh City,Atlas Air Cargo,Air,167.4,12441,2,2,2491.19,true,
SH26091,2025-03-05,Shanghai,Dubai,Meridian Freight,Sea,6213.2,13668,23,23,7995.02,true,
SH26096,2025-03-05,Ho Chi Minh City,Singapore,Swift Cargo,Sea,1599.1,12481,21,21,1739.72,true,
SH26103,2025-03-05,Los Angeles,Ho Chi Minh City,Atlas Air Cargo,Air,568.5,16809,3,3,10099.08,true,
SH26353,2025-03-05,Singapore,Busan,Atlas Air Cargo,Air,1901.6,9834,1,2,19980.84,true,
SH26776,2025-03-05,Los Angeles,Dubai,BlueWave Lines,Sea,869.4,17647,29,29,1559.07,true,
SH27773,2025-03-05,Dubai,Busan,Meridian Freight,Rail,907.5,248,2,1,178.95,false,Documentation
SH28108,2025-03-05,Ho Chi Minh City,Dubai,Swift Cargo,Sea,1306.7,16029,26,27,2139.28,true,
SH28532,2025-03-05,Los Angeles,Ho Chi Minh City,Swift Cargo,Sea,748.8,2346,5,6,277.61,true,
SH28538,2025-03-05,Los Angeles,Shanghai,Swift Cargo,Road,4611.2,1328,3,3,2142.65,true,
SH29826,2025-03-05,Singapore,Ho Chi Minh City,Northstar Logistics,Sea,2188.4,7238,13,13,1357.15,true,
SH30226,2025-03-05,Dubai,Shanghai,BlueWave Lines,Sea,1219.0,2262,4,5,407.55,true,
SH25530,2025-03-06,Rotterdam,Singapore,Swift Cargo,Sea,475.2,7080,14,13,386.03,false,Port congestion
SH25603,2025-03-06,Los Angeles,Busan,Swift Cargo,Sea,551.6,6720,12,12,425.11,true,
SH25766,2025-03-06,Hamburg,Los Angeles,BlueWave Lines,Road,690.9,1365,2,3,513.49,true,
SH26119,2025-03-06,Hamburg,Dubai,BlueWave Lines,Sea,1980.8,17871,29,29,3348.5,true,
SH26513,2025-03-06,Singapore,Rotterdam,BlueWave Lines,Sea,1408.4,3761,8,8,528.69,true,
SH27880,2025-03-06,Rotterdam,Singapore,Atlas Air Cargo,Air,120.9,6770,1,2,886.07,true,
SH29739,2025-03-06,Dubai,Singapore,Northstar Logistics,Sea,4406.8,15812,26,26,5505.26,true,
SH29810,2025-03-06,Busan,Singapore,Meridian Freight,Sea,2089.4,8486,15,15,1913.88,true,
SH29825,2025-03-06,Rotterdam,Shanghai,Atlas Air Cargo,Air,656.4,8277,1,2,7206.68,true,
SH30015,2025-03-06,Ho Chi Minh City,Dubai,Atlas Air Cargo,Air,103.6,11237,2,2,1357.57,true,
SH24666,2025-03-07,Busan,Ho Chi Minh City,Atlas Air Cargo,Air,258.4,5621,1,2,1754.09,true,
SH24993,2025-03-07,Busan,Ho Chi Minh City,Atlas Air Cargo,Air,711.6,7597,1,2,5621.71,true,
SH25531,2025-03-07,Hamburg,Los Angeles,Meridian Freight,Sea,910.8,7078,13,13,644.02,true,
SH25721,2025-03-07,Ho Chi Minh City,Rotterdam,Atlas Air Cargo,Air,370.7,8515,2,2,3332.48,true,
SH26512,2025-03-07,Ho Chi Minh City,Rotterdam,Northstar Logistics,Sea,4216.3,7308,13,13,3052.1,true,
SH27805,2025-03-07,Busan,Los Angeles,Northstar Logistics,Sea,1269.7,1298,4,4,255.51,true,
SH28225,2025-03-07,Shanghai,Ho Chi Minh City,Swift Cargo,Road,1748.6,1500,3,4,1135.49,true,
SH28680,2025-03-07,Los Angeles,Ho Chi Minh City,Northstar Logistics,Road,2427.2,2031,4,4,1617.01,true,
SH29871,2025-03-07,Singapore,Rotterdam,BlueWave Lines,Sea,2908.5,2882,6,6,881.89,true,
SH30064,2025-03-07,Hamburg,Shanghai,BlueWave Lines,Sea,1759.6,15736,26,26,2356.22,true,
SH30166,2025-03-07,Ho Chi Minh City,Busan,Swift Cargo,Sea,3657.4,5163,10,10,1682.95,true,
SH30934,2025-03-07,Dubai,Shanghai,Atlas Air Cargo,Air,97.1,1434,1,1,264.75,true,
SH31700,2025-03-07,Los Angeles,Busan,Meridian Freight,Sea,1989.4,17943,30,30,3135.23,true,
SH24613,2025-03-08,Rotterdam,Hamburg,BlueWave Lines,Sea,2520.0,17887,30,30,4720.1,true,
SH24693,2025-03-08,Los Angeles,Singapore,Meridian Freight,Sea,1283.3,2503,8,6,434.92,false,Port congestion
SH24798,2025-03-08,Ho Chi Minh City,Hamburg,Meridian Freight,Road,2285.2,2164,10,5,1845.36,false,Customs
SH25757,2025-03-08,Rotterdam,Dubai,Atlas Air Cargo,Air,513.9,9359,1,2,5357.25,true,
SH26632,2025-03-08,Dubai,Rotterdam,Atlas Air Cargo,Air,227.0,2520,1,1,776.08,true,
SH28660,2025-03-08,Busan,Los Angeles,Northstar Logistics,Sea,1642.8,1342,10,4,303.8,false,Port congestion
SH29185,2025-03-08,Ho Chi Minh City,Busan,Meridian Freight,Sea,982.2,9071,15,16,890.06,true,
SH31499,2025-03-08,Shanghai,Busan,Atlas Air Cargo,Air,91.2,17565,3,3,2190.46,true,
SH32024,2025-03-08,Shanghai,Singapore,Meridian Freight,Road,3684.6,1566,4,4,1997.16,true,
SH32069,2025-03-08,Singapore,Los Angeles,Swift Cargo,Sea,1827.9,9632,17,17,1840.29,true,
SH32335,2025-03-08,Dubai,Hamburg,Swift Cargo,Sea,1287.4,16358,26,27,2309.25,true,
SH32598,2025-03-08,Rotterdam,Dubai,BlueWave Lines,Sea,1857.5,17640,29,29,2765.83,true,
SH32845,2025-03-08,Los Angeles,Singapore,Atlas Air Cargo,Air,108.7,4760,2,2,705.72,true,
SH25001,2025-03-09,Los Angeles,Dubai,Northstar Logistics,Sea,568.1,12939,23,22,700.41,false,Customs
SH25406,2025-03-09,Shanghai,Singapore,Meridian Freight,Rail,1108.3,2137,4,4,663.54,true,
SH25888,2025-03-09,Ho Chi Minh City,Singapore,BlueWave Lines,Rail,2272.2,1099,2,2,640.81,true,
SH26098,2025-03-09,Hamburg,Rotterdam,Meridian Freight,Sea,581.7,10785,19,19,631.22,true,
SH26614,2025-03-09,Singapore,Busan,Meridian Freight,Sea,994.4,14114,23,24,1306.17,true,
SH27157,2025-03-09,Hamburg,Singapore,BlueWave Lines,Rail,5430.5,1977,3,3,2568.75,true,
SH27837,2025-03-09,Ho Chi Minh City,Shanghai,Atlas Air Cargo,Air,191.2,15369,3,3,3046.37,true,
SH29591,2025-03-09,Rotterdam,Busan,Atlas Air Cargo,Air,309.6,16590,3,3,5160.62,true,
SH29713,2025-03-09,Los Angeles,Busan,Northstar Logistics,Road,812.9,1418,9,3,494.42,false,Port congestion
SH29951,2025-03-09,Singapore,Hamburg,Swift Cargo,Sea,2100.3,15036,25,25,2599.63,true,
SH30081,2025-03-09,Busan,Ho Chi Minh City,BlueWave Lines,Sea,1344.5,16045,27,27,2367.1,true,
SH30727,2025-03-09,Dubai,Busan,Northstar Logistics,Sea,747.6,12467,27,21,848.82,false,Weather
SH31064,2025-03-09,Hamburg,Shanghai,BlueWave Lines,Rail,1606.0,1575,2,3,652.91,true,
SH31919,2025-03-09,Ho Chi Minh City,Dubai,Northstar Logistics,Sea,2343.6,12538,22,21,2784.54,false,Equipment
SH24141,2025-03-10,Busan,Dubai,Atlas Air Cargo,Air,127.5,10046,1,2,1445.6,true,
SH24547,2025-03-10,Rotterdam,Ho Chi Minh City,BlueWave Lines,Rail,913.8,1191,2,2,350.08,true,
SH24809,2025-03-10,Ho Chi Minh City,Hamburg,Atlas Air Cargo,Air,372.6,7820,1,2,3273.0,true,
SH25191,2025-03-10,Singapore,Hamburg,BlueWave Lines,Sea,1001.8,8360,15,15,860.22,true,
SH25269,2025-03-10,Rotterdam,Dubai,BlueWave Lines,Road,593.2,2340,5,5,679.66,true,
SH25545,2025-03-10,Shanghai,Dubai,Northstar Logistics,Sea,1108.0,16334,30,27,1889.08,false,Documentation
SH25559,2025-03-10,Los Angeles,Shanghai,Atlas Air Cargo,Air,214.2,2139,1,1,661.72,true,
SH26189,2025-03-10,Los Angeles,Rotterdam,BlueWave Lines,Sea,2008.0,16750,28,28,3612.6,true,
SH27704,2025-03-10,Singapore,Ho Chi Minh City,Meridian Freight,Road,3974.6,296,1,1,536.04,true,
SH28679,2025-03-10,Los Angeles,Shanghai,Swift Cargo,Sea,1357.8,8521,14,15,1279.88,true,
SH28954,2025-03-10,Shanghai,Busan,Northstar Logistics,Road,1574.7,313,1,2,276.56,true,
SH29517,2025-03-10,Busan,Rotterdam,BlueWave Lines,Rail,931.8,2317,3,4,563.63,true,
SH29768,2025-03-10,Rotterdam,Hamburg,Atlas Air Cargo,Air,583.8,11788,2,2,7369.35,true,
SH31112,2025-03-10,Ho Chi Minh City,Los Angeles,Meridian Freight,Sea,983.4,11802,23,20,1103.82,false,Port congestion
SH31324,2025-03-10,Rotterdam,Dubai,Meridian Freight,Sea,794.9,14637,25,25,1132.67,true,
SH24836,2025-03-11,Busan,Dubai,Meridian Freight,Rail,1811.7,764,2,2,409.25,true,
SH25297,2025-03-11,Rotterdam,Dubai,Meridian Freight,Sea,1796.6,1595,4,4,349.12,true,
SH25465,2025-03-11,Busan,Hamburg,Meridian Freight,Sea,434.5,9843,16,17,563.51,true,
SH27316,2025-03-11,Busan,Singapore,BlueWave Lines,Road,2562.3,1488,3,3,1348.12,true,
SH28372,2025-03-11,Hamburg,Shanghai,Atlas Air Cargo,Air,314.6,17804,3,3,6010.38,true,
SH28745,2025-03-11,Singapore,Ho Chi Minh City,Meridian Freight,Sea,676.3,13502,23,23,830.07,true,
SH28843,2025-03-11,Rotterdam,Ho Chi Minh City,Meridian Freight,Sea,1837.7,6574,11,12,1323.69,true,
SH29402,2025-03-11,Singapore,Hamburg,Atlas Air Cargo,Air,145.5,2092,1,1,518.06,true,
SH31062,2025-03-11,Hamburg,Rotterdam,BlueWave Lines,Sea,1455.7,13814,23,23,1885.99,true,
SH31231,2025-03-11,Rotterdam,Los Angeles,Northstar Logistics,Sea,1523.5,861,4,3,234.88,false,Weather
SH32318,2025-03-11,Singapore,Hamburg,Northstar Logistics,Sea,517.7,15917,26,26,758.21,true,
SH32367,2025-03-11,Busan,Dubai,Atlas Air Cargo,Air,514.0,13509,2,3,7416.88,true,
SH32732,2025-03-11,Busan,Los Angeles,Northstar Logistics,Sea,544.9,3896,8,8,285.47,true,
SH32774,2025-03-11,Hamburg,Singapore,Atlas Air Cargo,Air,183.9,983,1,1,352.13,true,
SH32810,2025-03-11,Rotterdam,Busan,Atlas Air Cargo,Air,734.5,10436,1,2,7931.17,true,
SH25454,2025-03-12,Los Angeles,Rotterdam,Swift Cargo,Sea,2848.7,5661,11,11,1618.09,true,
SH26129,2025-03-12,Busan,Hamburg,Swift Cargo,Road,4381.0,1288,3,3,2101.65,true,
SH27218,2025-03-12,Ho Chi Minh City,Singapore,Northstar Logistics,Sea,19388.4,6411,14,12,10418.21,false,Weather
SH27625,2025-03-12,Hamburg,Rotterdam,BlueWave Lines,Road,1755.8,2328,5,5,1356.1,true,
SH30324,2025-03-12,Hamburg,Busan,Atlas Air Cargo,Air,331.5,12364,2,2,4272.23,true,
SH31183,2025-03-12,Rotterdam,Singapore,Northstar Logistics,Sea,1650.6,6806,11,12,1079.36,true,
SH31896,2025-03-12,Busan,Shanghai,Northstar Logistics,Sea,1787.1,14982,25,25,2880.52,true,
SH32062,2025-03-12,Hamburg,Los Angeles,BlueWave Lines,Sea,466.1,1071,4,4,164.1,true,
SH32393,2025-03-12,Los Angeles,Dubai,Swift Cargo,Sea,1467.5,12008,20,20,1963.69,true,
SH32496,2025-03-12,Singapore,Los Angeles,Swift Cargo,Sea,2292.4,11427,19,20,2756.26,true,
SH32788,2025-03-12,Dubai,Shanghai,BlueWave Lines,Sea,648.0,3325,7,7,336.41,true,
SH32992,2025-03-12,Shanghai,Hamburg,Swift Cargo,Sea,3393.0,2114,5,5,794.21,true,
SH24710,2025-03-13,Hamburg,Shanghai,Meridian Freight,Sea,220.0,11548,20,20,387.73,true,
SH24926,2025-03-13,Dubai,Los Angeles,Atlas Air Cargo,Air,362.3,2941,1,1,1456.08,true,
SH25537,2025-03-13,Dubai,Shanghai,Swift Cargo,Sea,1014.2,13836,24,23,1454.59,false,Port congestion
SH26652,2025-03-13,Ho Chi Minh City,Singapore,BlueWave Lines,Sea,590.9,5736,11,11,447.43,true,
SH26700,2025-03-13,Dubai,Hamburg,BlueWave Lines,Sea,1226.2,5964,16,11,768.78,false,Port congestion
SH27224,2025-03-13,Shanghai,Rotterdam,Meridian Freight,Road,898.2,1418,3,3,625.26,true,
SH27387,2025-03-13,Busan,Singapore,Meridian Freight,Sea,9675.2,1268,3,4,1118.92,true,
SH28367,2025-03-13,Hamburg,Singapore,Swift Cargo,Sea,1367.0,3280,6,7,471.62,true,
SH30350,2025-03-13,Busan,Ho Chi Minh City,Swift Cargo,Sea,5954.5,17936,31,30,9500.18,false,Documentation
SH30597,2025-03-13,Ho Chi Minh City,Los Angeles,Swift Cargo,Sea,1002.2,11210,18,19,1053.38,true,
SH31932,2025-03-13,Singapore,Busan,BlueWave Lines,Sea,5856.7,11699,20,20,6186.84,true,
SH32855,2025-03-13,Hamburg,Ho Chi Minh City,Swift Cargo,Sea,1517.2,8873,17,16,1407.06,false,Customs
SH27410,2025-03-14,Dubai,Rotterdam,Meridian Freight,Sea,989.3,2857,6,6,362.29,true,
SH27534,2025-03-14,Hamburg,Los Angeles,Meridian Freight,Rail,3495.4,1521,3,3,1168.58,true,
SH29428,2025-03-14,Los Angeles,Ho Chi Minh City,Atlas Air Cargo,Air,235.5,4730,2,2,1263.99,true,
SH29731,2025-03-14,Los Angeles,Ho Chi Minh City,Meridian Freight,Rail,9040.3,1581,3,3,3128.99,true,
SH30662,2025-03-14,Singapore,Hamburg,Atlas Air Cargo,Air,127.1,14668,3,3,2243.87,true,
SH32616,2025-03-14,Shanghai,Ho Chi Minh City,Swift Cargo,Road,501.8,250,1,1,165.28,true,
SH24024,2025-03-15,Rotterdam,Ho Chi Minh City,Atlas Air Cargo,Air,729.5,10798,2,2,7547.09,true,
SH24275,2025-03-15,Busan,Rotterdam,Atlas Air Cargo,Air,706.6,7911,2,2,6177.93,true,
SH25459,2025-03-15,Singapore,Shanghai,Meridian Freight,Road,2120.5,1375,3,3,1309.42,true,Weather
SH25891,2025-03-15,Rotterdam,Hamburg,BlueWave Lines,Sea,1018.0,9663,17,17,936.49,true,
SH26308,2025-03-15,Busan,Los Angeles,Meridian Freight,Sea,9604.7,12887,21,22,12483.34,true,
SH26727,2025-03-15,Shanghai,Rotterdam,Swift Cargo,Sea,2454.5,9929,21,17,2321.16,false,Equipment
SH28004,2025-03-15,Singapore,Shanghai,BlueWave Lines,Sea,646.5,15881,26,26,914.87,true,
SH28163,2025-03-15,Dubai,Ho Chi Minh City,Meridian Freight,Sea,1297.9,13348,22,23,1485.6,true,
SH28818,2025-03-15,Shanghai,Dubai,BlueWave Lines,Rail,1522.8,1040,1,2,518.52,true,
SH29146,2025-03-15,Los Angeles,Dubai,Atlas Air Cargo,Air,128.2,2748,1,1,512.86,true,
SH29487,2025-03-15,Shanghai,Busan,Atlas Air Cargo,Air,146.3,17863,3,3,3189.19,true,
SH30142,2025-03-15,Singapore,Dubai,Meridian Freight,Road,889.0,1520,4,4,567.1,true,
SH32161,2025-03-15,Shanghai,Busan,Atlas Air Cargo,Air,48.4,14722,3,3,794.03,true,
SH32334,2025-03-15,Los Angeles,Rotterdam,Northstar Logistics,Road,3228.4,695,1,2,849.76,true,
SH24261,2025-03-16,Shanghai,Los Angeles,Meridian Freight,Sea,255.8,965,3,3,141.56,true,
SH24668,2025-03-16,Shanghai,Singapore,Atlas Air Cargo,Air,441.9,15647,2,3,7085.53,true,
SH25386,2025-03-16,Dubai,Los Angeles,Meridian Freight,Rail,1096.3,1852,2,3,513.15,true,
SH26584,2025-03-16,Shanghai,Ho Chi Minh City,Swift Cargo,Sea,3175.2,988,4,4,436.45,true,
SH27505,2025-03-16,Dubai,Ho Chi Minh City,Northstar Logistics,Rail,577.1,401,1,2,179.73,true,
SH27902,2025-03-16,Singapore,Busan,Meridian Freight,Sea,5472.6,9080,16,16,4765.99,true,
SH29072,2025-03-16,Hamburg,Los Angeles,Northstar Logistics,Rail,2778.2,960,3,2,628.05,false,Port congestion
SH29647,2025-03-16,Busan,Los Angeles,Swift Cargo,Road,752.1,2045,7,4,712.72,false,Customs
SH30031,2025-03-16,Rotterdam,Dubai,Swift Cargo,Sea,724.7,13025,22,22,888.54,true,
SH30614,2025-03-16,Ho Chi Minh City,Busan,Swift Cargo,Rail,6117.3,1664,2,3,2216.22,true,
SH30778,2025-03-16,Rotterdam,Shanghai,Atlas Air Cargo,Air,33.1,6369,2,2,365.42,true,
SH30822,2025-03-16,Singapore,Dubai,Northstar Logistics,Road,1829.8,1562,3,4,985.09,true,
SH31695,2025-03-16,Dubai,Singapore,Atlas Air Cargo,Air,131.4,2549,1,1,433.98,true,
SH24045,2025-03-17,Los Angeles,Ho Chi Minh City,BlueWave Lines,Sea,2782.2,11183,19,19,2773.83,true,
SH24142,2025-03-17,Dubai,Singapore,BlueWave Lines,Sea,1581.9,15009,24,25,2191.68,true,
SH24900,2025-03-17,Ho Chi Minh City,Hamburg,BlueWave Lines,Sea,1067.3,11240,19,19,1317.7,true,
SH25185,2025-03-17,Los Angeles,Busan,Atlas Air Cargo,Air,95.7,6962,2,2,877.08,true,
SH26380,2025-03-17,Busan,Los Angeles,Atlas Air Cargo,Air,682.5,15767,2,3,14045.28,true,
SH26753,2025-03-17,Rotterdam,Hamburg,BlueWave Lines,Road,3355.0,1055,3,3,1586.42,true,
SH28864,2025-03-17,Singapore,Shanghai,Northstar Logistics,Sea,1362.9,12930,22,22,1818.83,true,
SH28942,2025-03-17,Ho Chi Minh City,Singapore,Northstar Logistics,Sea,3732.5,16282,36,27,5316.36,false,Customs
SH29650,2025-03-17,Shanghai,Busan,BlueWave Lines,Road,874.8,635,2,2,302.72,true,
SH31478,2025-03-17,Shanghai,Dubai,BlueWave Lines,Sea,2258.3,1386,4,4,385.1,true,
SH32002,2025-03-17,Hamburg,Ho Chi Minh City,BlueWave Lines,Sea,1577.4,7688,14,14,1360.64,true,
SH32229,2025-03-17,Hamburg,Busan,Northstar Logistics,Sea,473.7,1418,5,4,186.58,false,Weather
SH32706,2025-03-17,Dubai,Busan,BlueWave Lines,Sea,5883.6,2869,6,6,1470.35,true,
SH32835,2025-03-17,Dubai,Shanghai,Swift Cargo,Sea,3374.8,4427,8,9,1725.81,true,
SH24041,2025-03-18,Hamburg,Busan,Swift Cargo,Rail,465.7,968,2,2,207.62,true,
SH24421,2025-03-18,Dubai,Ho Chi Minh City,Northstar Logistics,Sea,889.5,2969,7,7,354.98,true,
SH24603,2025-03-18,Busan,Singapore,Northstar Logistics,Rail,436.9,835,2,2,207.76,true,
SH24643,2025-03-18,Shanghai,Dubai,Meridian Freight,Rail,748.3,411,1,2,185.4,true,
SH25397,2025-03-18,Busan,Ho Chi Minh City,Meridian Freight,Sea,1932.3,1170,4,4,318.18,true,
SH25425,2025-03-18,Ho Chi Minh City,Shanghai,BlueWave Lines,Sea,345.6,6960,12,13,343.83,true,
SH25541,2025-03-18,Los Angeles,Shanghai,Meridian Freight,Sea,535.0,8596,15,15,615.64,true,
SH27757,2025-03-18,Los Angeles,Ho Chi Minh City,Atlas Air Cargo,Air,100.3,13594,2,3,1440.4,true,
SH29368,2025-03-18,Singapore,Hamburg,Northstar Logistics,Sea,3245.7,12769,22,22,4220.34,true,
SH31149,2025-03-18,Dubai,Rotterdam,Swift Cargo,Sea,1642.7,6042,11,11,1080.22,true,
SH31533,2025-03-18,Dubai,Ho Chi Minh City,Atlas Air Cargo,Air,357.5,8541,2,2,3992.25,true,
SH32450,2025-03-18,Rotterdam,Ho Chi Minh City,Atlas Air Cargo,Air,209.6,13740,2,3,3654.25,true,
SH32555,2025-03-18,Rotterdam,Busan,Atlas Air Cargo,Air,294.7,12853,1,2,4295.73,true,
SH24679,2025-03-19,Busan,Rotterdam,Meridian Freight,Sea,3338.0,11163,20,19,3302.57,false,Port congestion
SH25094,2025-03-19,Busan,Hamburg,BlueWave Lines,Road,1250.8,633,2,2,382.57,true,
SH26854,2025-03-19,Los Angeles,Ho Chi Minh City,Swift Cargo,Rail,907.3,1575,3,3,434.42,true,
SH26862,2025-03-19,Shanghai,Hamburg,Meridian Freight,Sea,2228.5,10259,18,18,1893.51,true,
SH27058,2025-03-19,Hamburg,Los Angeles,BlueWave Lines,Sea,577.3,14334,23,24,963.98,true,
SH27376,2025-03-19,Busan,Hamburg,Atlas Air Cargo,Air,190.8,1386,1,1,414.28,true,
SH27687,2025-03-19,Dubai,Los Angeles,Northstar Logistics,Sea,989.4,3822,8,8,488.92,true,
SH28084,2025-03-19,Hamburg,Singapore,Northstar Logistics,Sea,1192.4,16793,27,28,1890.98,true,
SH28631,2025-03-19,Hamburg,Singapore,BlueWave Lines,Sea,970.5,17587,29,29,1583.45,true,
SH28727,2025-03-19,Rotterdam,Singapore,Atlas Air Cargo,Air,215.3,7008,2,2,1808.33,true,
SH28950,2025-03-19,Shanghai,Busan,Meridian Freight,Sea,1742.9,14464,26,24,2164.95,false,Equipment
SH29539,2025-03-19,Shanghai,Hamburg,Northstar Logistics,Sea,600.6,15119,25,25,924.76,true,
SH29769,2025-03-19,Hamburg,Singapore,Northstar Logistics,Sea,2746.5,3079,7,7,962.63,true,Documentation
SH30374,2025-03-19,Shanghai,Dubai,BlueWave Lines,Sea,1277.9,13150,21,22,1723.77,true,
SH30447,2025-03-19,Hamburg,Singapore,Meridian Freight,Road,1695.8,1990,4,4,1334.74,true,
SH31239,2025-03-19,Rotterdam,Shanghai,Atlas Air Cargo,Air,351.9,11738,2,2,5496.74,true,
SH31850,2025-03-19,Singapore,Hamburg,BlueWave Lines,Sea,528.7,2403,6,6,251.69,true,
SH32181,2025-03-19,Dubai,Hamburg,Northstar Logistics,Sea,5819.0,3456,7,7,2090.17,true,
SH32483,2025-03-19,Busan,Los Angeles,Swift Cargo,Road,1630.5,668,5,2,516.32,false,Port congestion
SH32619,2025-03-19,Rotterdam,Dubai,Swift Cargo,Sea,1759.3,8746,15,15,1740.24,true,
SH24243,2025-03-20,Los Angeles,Dubai,BlueWave Lines,Sea,1400.0,9726,17,17,1450.19,true,
SH24686,2025-03-20,Busan,Los Angeles,Atlas Air Cargo,Air,188.2,14174,3,3,2948.57,true,
SH25739,2025-03-20,Hamburg,Dubai,Meridian Freight,Sea,1345.5,6561,11,12,1034.37,true,
SH26523,2025-03-20,Hamburg,Singapore,Meridian Freight,Sea,743.6,15497,26,26,1303.59,true,
SH27693,2025-03-20,Dubai,Singapore,Meridian Freight,Road,4327.2,230,1,1,442.22,true,
SH29300,2025-03-20,Los Angeles,Ho Chi Minh City,Meridian Freight,Sea,1339.2,15208,25,25,2291.3,true,
SH29845,2025-03-20,Hamburg,Shanghai,Swift Cargo,Sea,4531.7,15784,25,26,5644.7,true,
SH30844,2025-03-20,Hamburg,Dubai,Northstar Logistics,Sea,912.1,11316,19,19,1195.44,true,Equipment
SH31045,2025-03-20,Los Angeles,Singapore,Swift Cargo,Sea,955.7,1269,3,4,232.61,true,
SH31823,2025-03-20,Singapore,Dubai,Atlas Air Cargo,Air,62.3,7752,2,2,726.58,true,
SH32074,2025-03-20,Ho Chi Minh City,Hamburg,Meridian Freight,Sea,765.0,4494,9,9,388.75,true,
SH32374,2025-03-20,Dubai,Los Angeles,Meridian Freight,Road,997.6,599,2,2,336.93,true,
SH26165,2025-03-21,Dubai,Busan,Atlas Air Cargo,Air,265.3,10252,2,2,3057.73,true,
SH28057,2025-03-21,Shanghai,Dubai,Northstar Logistics,Sea,1366.5,16877,37,28,2323.0,false,Port congestion
SH28224,2025-03-21,Los Angeles,Singapore,Swift Cargo,Sea,1276.9,13175,22,22,1478.21,true,
SH28332,2025-03-21,Los Angeles,Hamburg,BlueWave Lines,Sea,272.2,14612,23,24,455.17,true,
SH28563,2025-03-21,Shanghai,Singapore,Northstar Logistics,Sea,2812.0,12219,20,21,2882.22,true,
SH29091,2025-03-21,Hamburg,Dubai,Meridian Freight,Sea,742.8,17460,29,29,1462.37,true,
SH29310,2025-03-21,Rotterdam,Busan,Northstar Logistics,Road,2433.4,1434,2,3,1248.87,true,
SH29727,2025-03-21,Los Angeles,Shanghai,Atlas Air Cargo,Air,125.9,2884,1,1,492.39,true,
SH29881,2025-03-21,Shanghai,Dubai,BlueWave Lines,Road,2298.9,1182,2,3,1166.14,true,
SH30002,2025-03-21,Ho Chi Minh City,Singapore,Swift Cargo,Road,923.2,977,3,3,412.34,true,
SH30085,2025-03-21,Rotterdam,Shanghai,Swift Cargo,Road,566.6,1826,4,4,477.0,true,Port congestion
SH30595,2025-03-21,Rotterdam,Los Angeles,Meridian Freight,Sea,2628.4,3480,7,7,907.81,true,
SH31759,2025-03-21,Ho Chi Minh City,Los Angeles,Swift Cargo,Road,1860.0,448,1,2,452.11,true,
SH32757,2025-03-21,Singapore,Ho Chi Minh City,BlueWave Lines,Sea,1460.0,17526,29,29,2601.43,true,
SH24394,2025-03-22,Singapore,Shanghai,BlueWave Lines,Road,875.2,294,1,1,212.03,true,
SH24689,2025-03-22,Ho Chi Minh City,Singapore,Meridian Freight,Sea,2411.2,4930,9,10,1166.38,true,
SH25234,2025-03-22,Dubai,Ho Chi Minh City,Swift Cargo,Road,1081.7,1865,4,4,813.97,true,
SH25604,2025-03-22,Rotterdam,Shanghai,Swift Cargo,Rail,740.9,570,2,2,224.97,true,
SH28245,2025-03-22,Hamburg,Los Angeles,Atlas Air Cargo,Air,303.9,1121,1,1,533.95,true,
SH29248,2025-03-22,Rotterdam,Ho Chi Minh City,Northstar Logistics,Rail,673.4,1410,3,3,350.54,true,
SH31020,2025-03-22,Rotterdam,Shanghai,Meridian Freight,Sea,4905.4,12108,21,21,5959.11,true,
SH31957,2025-03-22,Ho Chi Minh City,Hamburg,Swift Cargo,Road,1178.7,653,1,2,407.99,true,
SH32022,2025-03-22,Los Angeles,Shanghai,Meridian Freight,Sea,583.0,2557,6,6,264.45,true,
SH25445,2025-03-23,Dubai,Los Angeles,Swift Cargo,Road,982.1,393,2,2,245.19,true,
SH26639,2025-03-23,Dubai,Rotterdam,Meridian Freight,Sea,2385.8,16856,28,28,3214.5,true,
SH27321,2025-03-23,Rotterdam,Singapore,BlueWave Lines,Sea,4511.5,15290,26,26,5587.25,true,
SH28193,2025-03-23,Ho Chi Minh City,Dubai,Northstar Logistics,Sea,549.1,8718,18,15,492.35,false,Equipment
SH28371,2025-03-23,Shanghai,Hamburg,BlueWave Lines,Rail,1374.6,266,1,1,194.64,true,
SH29307,2025-03-23,Rotterdam,Los Angeles,BlueWave Lines,Sea,2590.2,3808,7,8,1096.8,true,
SH30626,2025-03-23,Ho Chi Minh City,Busan,BlueWave Lines,Sea,900.3,11039,19,19,1039.11,true,
SH30767,2025-03-23,Rotterdam,Ho Chi Minh City,BlueWave Lines,Sea,591.4,16665,27,28,943.12,true,
SH30774,2025-03-23,Hamburg,Shanghai,Meridian Freight,Sea,713.2,11128,19,19,940.49,true,
SH30885,2025-03-23,Busan,Shanghai,BlueWave Lines,Sea,1015.5,3145,8,7,451.61,false,Port congestion
SH31399,2025-03-23,Los Angeles,Dubai,Northstar Logistics,Road,3188.3,969,3,3,1170.03,true,
SH32035,2025-03-23,Hamburg,Singapore,Meridian Freight,Sea,170.4,1744,11,5,145.82,false,Weather
SH24064,2025-03-24,Hamburg,Busan,Atlas Air Cargo,Air,1754.8,15251,3,3,26971.63,true,
SH24101,2025-03-24,Busan,Los Angeles,Meridian Freight,Sea,2427.7,8392,15,15,1733.03,true,
SH26316,2025-03-24,Hamburg,Los Angeles,Northstar Logistics,Sea,854.5,10004,17,17,833.76,true,
SH26416,2025-03-24,Hamburg,Rotterdam,Meridian Freight,Sea,1198.9,14249,24,24,1674.31,true,
SH28099,2025-03-24,Rotterdam,Busan,BlueWave Lines,Sea,4132.5,9089,16,16,3577.21,true,
SH28162,2025-03-24,Singapore,Dubai,Atlas Air Cargo,Air,64.9,5813,1,2,562.89,true,
SH29422,2025-03-24,Rotterdam,Dubai,Meridian Freight,Rail,1954.6,1843,2,3,817.89,true,
SH30853,2025-03-24,Ho Chi Minh City,Dubai,BlueWave Lines,Sea,523.4,11986,19,20,693.99,true,
SH32076,2025-03-24,Singapore,Shanghai,BlueWave Lines,Sea,2248.2,11238,19,19,2423.01,true,
SH32170,2025-03-24,Singapore,Rotterdam,Meridian Freight,Rail,497.7,2492,3,4,386.06,true,
SH32515,2025-03-24,Dubai,Busan,Meridian Freight,Rail,1517.2,931,2,2,422.98,true,
SH32850,2025-03-24,Rotterdam,Los Angeles,Atlas Air Cargo,Air,185.3,3161,1,1,713.15,true,
SH25758,2025-03-25,Singapore,Busan,Swift Cargo,Road,2925.5,1341,2,3,1466.86,true,
SH26355,2025-03-25,Hamburg,Ho Chi Minh City,Northstar Logistics,Sea,2451.2,10877,19,19,2475.21,true,
SH26444,2025-03-25,Los Angeles,Hamburg,Atlas Air Cargo,Air,350.6,14339,3,3,5657.91,true,
SH26560,2025-03-25,Dubai,Los Angeles,Swift Cargo,Sea,1836.0,12512,20,21,2552.64,true,
SH28510,2025-03-25,Ho Chi Minh City,Dubai,Swift Cargo,Sea,1274.8,17080,28,28,1917.8,true,
SH29063,2025-03-25,Dubai,Hamburg,Northstar Logistics,Sea,1023.0,7448,12,13,716.7,true,
SH29340,2025-03-25,Dubai,Rotterdam,Atlas Air Cargo,Air,72.7,16024,2,3,1420.43,true,
SH30094,2025-03-25,Los Angeles,Shanghai,Swift Cargo,Sea,1767.0,5109,10,10,830.53,true,
SH31097,2025-03-25,Ho Chi Minh City,Dubai,Meridian Freight,Rail,3161.2,1587,3,3,1301.87,true,
SH31915,2025-03-25,Singapore,Hamburg,BlueWave Lines,Sea,911.3,16077,26,27,1426.92,true,
SH32080,2025-03-25,Busan,Singapore,BlueWave Lines,Road,406.7,793,2,2,229.73,true,
SH32265,2025-03-25,Shanghai,Rotterdam,BlueWave Lines,Sea,467.4,7701,16,14,467.32,false,Customs
SH25671,2025-03-26,Shanghai,Rotterdam,Northstar Logistics,Sea,1769.3,5790,11,11,950.41,true,
SH25923,2025-03-26,Ho Chi Minh City,Rotterdam,Swift Cargo,Sea,1347.3,2732,6,6,487.58,true,
SH25937,2025-03-26,Dubai,Shanghai,Northstar Logistics,Sea,1406.0,12891,22,22,1782.42,true,
SH27114,2025-03-26,Busan,Singapore,Northstar Logistics,Sea,2061.6,12676,22,22,2127.18,true,
SH27195,2025-03-26,Los Angeles,Rotterdam,Atlas Air Cargo,Air,144.4,8605,1,2,1316.07,true,
SH27357,2025-03-26,Singapore,Hamburg,Meridian Freight,Road,1739.7,984,3,3,757.6,true,
SH27515,2025-03-26,Rotterdam,Shanghai,BlueWave Lines,Rail,2687.1,1657,3,3,1076.41,true,
SH28195,2025-03-26,Hamburg,Shanghai,Swift Cargo,Sea,280.2,6392,11,12,308.68,true,
SH28296,2025-03-26,Busan,Los Angeles,Meridian Freight,Road,1138.0,1015,2,3,563.32,true,
SH28841,2025-03-26,Hamburg,Rotterdam,Northstar Logistics,Rail,443.2,438,4,2,157.18,false,Equipment
SH29373,2025-03-26,Rotterdam,Los Angeles,Atlas Air Cargo,Air,161.8,11817,1,2,2267.92,true,
SH29478,2025-03-26,Ho Chi Minh City,Singapore,Northstar Logistics,Sea,699.8,7754,16,14,540.97,false,Customs
SH29758,2025-03-26,Ho Chi Minh City,Shanghai,Atlas Air Cargo,Air,79.2,5800,1,2,616.92,true,
SH29853,2025-03-26,Singapore,Ho Chi Minh City,Meridian Freight,Sea,789.7,7777,20,14,765.75,false,Weather
SH31080,2025-03-26,Hamburg,Rotterdam,BlueWave Lines,Sea,986.8,12449,21,21,1081.96,true,
SH31576,2025-03-26,Ho Chi Minh City,Hamburg,Atlas Air Cargo,Air,331.0,16415,2,3,6076.14,true,
SH31625,2025-03-26,Ho Chi Minh City,Los Angeles,BlueWave Lines,Sea,2526.4,14569,25,24,3054.99,false,Port congestion
SH31626,2025-03-26,Dubai,Busan,Swift Cargo,Sea,9599.9,5809,10,11,5935.12,true,
SH31729,2025-03-26,Singapore,Shanghai,Swift Cargo,Road,1185.6,1883,4,4,917.15,true,
SH32164,2025-03-26,Hamburg,Singapore,Northstar Logistics,Sea,1680.1,14026,23,24,2025.32,true,
SH32258,2025-03-26,Dubai,Hamburg,Swift Cargo,Rail,2795.7,507,2,2,399.49,true,
SH24165,2025-03-27,Singapore,Shanghai,Atlas Air Cargo,Air,74.0,5727,2,2,581.29,true,
SH24742,2025-03-27,Los Angeles,Singapore,Meridian Freight,Sea,650.2,10916,19,19,812.26,true,
SH25994,2025-03-27,Rotterdam,Dubai,Swift Cargo,Sea,9419.0,9369,16,16,7910.42,true,
SH26151,2025-03-27,Hamburg,Busan,Northstar Logistics,Sea,1567.9,2038,5,5,436.8,true,
SH26169,2025-03-27,Ho Chi Minh City,Los Angeles,Atlas Air Cargo,Air,63.6,17086,3,3,1160.17,true,
SH27578,2025-03-27,Hamburg,Los Angeles,Meridian Freight,Sea,4386.9,10803,19,19,5040.09,true,
SH28658,2025-03-27,Rotterdam,Singapore,BlueWave Lines,Sea,1154.4,8537,15,15,1086.79,true,
SH28872,2025-03-27,Hamburg,Rotterdam,Meridian Freight,Sea,7128.9,1793,5,5,1109.05,true,
SH29225,2025-03-27,Dubai,Los Angeles,BlueWave Lines,Road,1421.1,1887,4,4,1074.28,true,
SH30723,2025-03-27,Busan,Los Angeles,Northstar Logistics,Road,1589.0,1332,2,3,935.38,true,
SH30906,2025-03-27,Los Angeles,Hamburg,Atlas Air Cargo,Air,96.8,12719,2,2,1579.11,true,
SH30913,2025-03-27,Ho Chi Minh City,Busan,Swift Cargo,Road,562.8,1627,3,4,479.19,true,
SH31211,2025-03-27,Shanghai,Ho Chi Minh City,Swift Cargo,Sea,1781.3,8593,16,15,1579.82,false,Documentation
SH31486,2025-03-27,Los Angeles,Shanghai,Atlas Air Cargo,Air,233.5,4217,1,1,1285.64,true,
SH32558,2025-03-27,Busan,Shanghai,Meridian Freight,Sea,388.2,8965,15,16,404.96,true,
SH25259,2025-03-28,Singapore,Ho Chi Minh City,Meridian Freight,Sea,1380.3,7294,12,13,1030.25,true,
SH26432,2025-03-28,Hamburg,Los Angeles,Meridian Freight,Sea,1080.5,12590,21,21,1517.16,true,
SH26950,2025-03-28,Busan,Los Angeles,BlueWave Lines,Sea,3964.2,16358,27,27,6070.97,true,
SH28242,2025-03-28,Dubai,Hamburg,BlueWave Lines,Sea,2120.3,6375,11,12,1573.94,true,
SH29712,2025-03-28,Shanghai,Dubai,Atlas Air Cargo,Air,377.2,10963,1,2,4091.86,true,
SH30261,2025-03-28,Rotterdam,Shanghai,Atlas Air Cargo,Air,130.8,12015,2,2,1863.74,true,
SH31246,2025-03-28,Hamburg,Dubai,Atlas Air Cargo,Air,1334.4,3763,1,1,6196.46,true,
SH31946,2025-03-28,Shanghai,Singapore,Atlas Air Cargo,Air,62.9,16827,2,3,1418.46,true,
SH26279,2025-03-29,Rotterdam,Dubai,Northstar Logistics,Road,700.3,1541,4,4,469.26,true,
SH26715,2025-03-29,Los Angeles,Shanghai,BlueWave Lines,Sea,696.4,17944,29,30,1344.31,true,
SH27457,2025-03-29,Busan,Ho Chi Minh City,Atlas Air Cargo,Air,209.8,11343,2,2,3137.0,true,
SH27737,2025-03-29,Rotterdam,Shanghai,Northstar Logistics,Road,2393.7,381,2,2,432.49,true,
SH27738,2025-03-29,Singapore,Rotterdam,Meridian Freight,Sea,1277.0,3517,6,7,472.78,true,
SH29454,2025-03-29,Hamburg,Rotterdam,Northstar Logistics,Sea,951.4,5115,10,10,609.66,true,
SH30320,2025-03-29,Dubai,Los Angeles,Atlas Air Cargo,Air,166.0,2349,1,1,485.42,true,
SH30400,2025-03-29,Busan,Los Angeles,BlueWave Lines,Road,1205.6,252,1,1,213.74,true,
SH30820,2025-03-29,Hamburg,Ho Chi Minh City,Swift Cargo,Sea,1606.8,14647,24,25,2588.92,true,
SH32029,2025-03-29,Singapore,Shanghai,BlueWave Lines,Sea,2150.6,5907,11,11,1206.66,true,
SH32200,2025-03-29,Rotterdam,Shanghai,BlueWave Lines,Road,3021.0,1206,2,3,1589.62,true,
SH32535,2025-03-29,Singapore,Hamburg,Meridian Freight,Sea,1658.3,17670,28,29,3192.88,true,
SH32541,2025-03-29,Hamburg,Singapore,BlueWave Lines,Sea,754.6,6669,12,12,611.82,true,
SH32707,2025-03-29,Shanghai,Rotterdam,Atlas Air Cargo,Air,206.4,14099,2,3,2907.82,true,
SH25208,2025-03-30,Busan,Los Angeles,Northstar Logistics,Road,1330.8,1267,3,3,654.49,true,
SH25352,2025-03-30,Shanghai,Hamburg,Swift Cargo,Sea,2946.6,5572,11,11,1627.5,true,
SH25706,2025-03-30,Busan,Ho Chi Minh City,Atlas Air Cargo,Air,173.2,13620,3,3,2878.14,true,
SH26020,2025-03-30,Rotterdam,Singapore,Northstar Logistics,Sea,2169.6,3535,6,7,936.62,true,
SH26232,2025-03-30,Los Angeles,Shanghai,Atlas Air Cargo,Air,263.3,11544,2,2,3194.82,true,
SH26813,2025-03-30,Dubai,Los Angeles,Northstar Logistics,Road,3858.4,2077,8,4,3185.84,false,Port congestion
SH27374,2025-03-30,Ho Chi Minh City,Singapore,Swift Cargo,Road,686.4,360,1,2,215.93,true,
SH27733,2025-03-30,Shanghai,Singapore,Swift Cargo,Sea,1305.1,17675,29,29,2274.3,true,
SH27888,2025-03-30,Hamburg,Singapore,Meridian Freight,Rail,580.9,1133,1,2,266.98,true,
SH27897,2025-03-30,Dubai,Rotterdam,BlueWave Lines,Sea,580.7,14873,25,25,1002.34,true,
SH28165,2025-03-30,Los Angeles,Dubai,Meridian Freight,Sea,224.8,2071,4,5,167.52,true,
SH28326,2025-03-30,Dubai,Singapore,BlueWave Lines,Sea,273.3,997,3,4,145.42,true,
SH28498,2025-03-30,Ho Chi Minh City,Busan,Meridian Freight,Sea,646.6,14715,25,25,988.09,true,
SH28722,2025-03-30,Ho Chi Minh City,Los Angeles,Meridian Freight,Road,2506.7,2055,3,4,1787.16,true,
SH29170,2025-03-30,Rotterdam,Ho Chi Minh City,Swift Cargo,Sea,716.2,6146,13,11,515.07,false,Port congestion
SH30633,2025-03-30,Busan,Dubai,Meridian Freight,Road,3967.9,1874,6,4,2484.47,false,Weather
SH31237,2025-03-30,Ho Chi Minh City,Rotterdam,Swift Cargo,Rail,7819.0,307,1,1,620.61,true,
SH24316,2025-03-31,Busan,Shanghai,Atlas Air Cargo,Air,125.0,15375,3,3,2293.83,true,
SH24426,2025-03-31,Rotterdam,Singapore,Atlas Air Cargo,Air,90.7,2596,3,1,381.05,false,Port congestion
SH26019,2025-03-31,Shanghai,Ho Chi Minh City,BlueWave Lines,Road,661.2,1368,3,3,451.11,true,
SH26101,2025-03-31,Rotterdam,Hamburg,Atlas Air Cargo,Air,261.4,4691,1,2,1383.46,true,
SH26687,2025-03-31,Busan,Rotterdam,Northstar Logistics,Sea,9521.5,5933,15,11,5205.51,false,Documentation
SH26886,2025-03-31,Ho Chi Minh City,Hamburg,Northstar Logistics,Sea,1213.9,4336,14,9,586.55,false,Customs
SH27000,2025-03-31,Shanghai,Los Angeles,Atlas Air Cargo,Air,53.8,11047,2,2,818.24,true,
SH28825,2025-03-31,Shanghai,Hamburg,Swift Cargo,Sea,3032.0,17029,27,28,5274.23,true,
SH28875,2025-03-31,Hamburg,Rotterdam,BlueWave Lines,Sea,359.9,11105,19,19,536.68,true,
SH28971,2025-03-31,Singapore,Ho Chi Minh City,Atlas Air Cargo,Air,255.6,15282,3,3,4964.18,true,
SH29624,2025-03-31,Ho Chi Minh City,Los Angeles,BlueWave Lines,Sea,1849.0,10894,19,19,1901.98,true,
SH29688,2025-03-31,Rotterdam,Busan,BlueWave Lines,Sea,2914.3,4119,7,8,1393.44,true,
SH29965,2025-03-31,Busan,Singapore,Meridian Freight,Sea,255.6,7611,13,14,288.77,true,
SH29978,2025-03-31,Shanghai,Ho Chi Minh City,Swift Cargo,Sea,1464.0,13636,23,23,2008.72,true,
SH30105,2025-03-31,Busan,Singapore,BlueWave Lines,Rail,548.3,2438,4,4,381.69,true,
SH30119,2025-03-31,Ho Chi Minh City,Busan,BlueWave Lines,Sea,1743.0,8536,15,15,1631.38,true,
SH30492,2025-03-31,Ho Chi Minh City,Busan,Meridian Freight,Sea,4734.3,9186,16,16,4152.48,true,
SH31233,2025-03-31,Busan,Singapore,Northstar Logistics,Rail,2167.9,2267,4,4,1235.47,true,
SH31731,2025-03-31,Los Angeles,Busan,Meridian Freight,Sea,1019.7,11472,20,20,1264.85,true,
SH31791,2025-03-31,Busan,Ho Chi Minh City,Meridian Freight,Sea,972.7,8575,15,15,1012.05,true,
SH24312,2025-04-01,Hamburg,Ho Chi Minh City,BlueWave Lines,Road,1747.4,1264,3,3,901.51,true,
SH25391,2025-04-01,Los Angeles,Rotterdam,Atlas Air Cargo,Air,316.6,16350,2,3,5651.06,true,
SH27366,2025-04-01,Hamburg,Los Angeles,Swift Cargo,Rail,4374.2,1790,2,3,1992.74,true,
SH27641,2025-04-01,Los Angeles,Hamburg,Swift Cargo,Rail,781.8,2166,4,4,552.35,true,
SH28678,2025-04-01,Dubai,Rotterdam,Northstar Logistics,Sea,301.9,10422,18,18,377.88,true,
SH28823,2025-04-01,Busan,Shanghai,Meridian Freight,Sea,4091.2,4670,9,9,1930.9,true,
SH29532,2025-04-01,Rotterdam,Ho Chi Minh City,BlueWave Lines,Sea,3528.2,3061,7,7,1018.22,true,
SH31163,2025-04-01,Rotterdam,Shanghai,Swift Cargo,Sea,2345.1,15491,34,26,2991.79,false,Weather
SH31335,2025-04-01,Hamburg,Singapore,Swift Cargo,Sea,1049.2,12706,22,22,1422.45,true,
SH32017,2025-04-01,Rotterdam,Ho Chi Minh City,BlueWave Lines,Road,1355.3,1374,3,3,773.5,true,
SH32975,2025-04-01,Los Angeles,Hamburg,Swift Cargo,Sea,1208.5,3605,8,8,490.34,true,
SH25278,2025-04-02,Shanghai,Busan,BlueWave Lines,Sea,205.3,5818,10,11,239.47,true,
SH25665,2025-04-02,Hamburg,Ho Chi Minh City,BlueWave Lines,Sea,661.1,13872,23,23,1007.07,true,
SH26305,2025-04-02,Los Angeles,Shanghai,Meridian Freight,Sea,662.3,7663,14,14,652.72,true,
SH27415,2025-04-02,Rotterdam,Hamburg,Swift Cargo,Sea,1073.0,4437,9,9,517.21,true,
SH28071,2025-04-02,Shanghai,Rotterdam,Meridian Freight,Rail,1369.2,949,2,2,423.0,true,
SH29109,2025-04-02,Singapore,Los Angeles,Meridian Freight,Sea,2835.0,17579,31,29,4761.7,false,Port congestion
SH29499,2025-04-02,Ho Chi Minh City,Singapore,Atlas Air Cargo,Air,91.1,16406,3,3,1874.14,true,
SH29580,2025-04-02,Hamburg,Busan,Atlas Air Cargo,Air,431.9,10189,2,2,4392.53,true,
SH30114,2025-04-02,Busan,Dubai,BlueWave Lines,Sea,6708.3,12992,21,22,7894.56,true,
SH30926,2025-04-02,Shanghai,Rotterdam,Meridian Freight,Road,652.1,1618,4,4,464.08,true,
SH31084,2025-04-02,Rotterdam,Dubai,Meridian Freight,Sea,419.3,4711,9,9,296.88,true,
SH31150,2025-04-02,Shanghai,Rotterdam,Swift Cargo,Road,523.0,1666,3,4,431.7,true,
SH31417,2025-04-02,Dubai,Singapore,Northstar Logistics,Sea,897.3,16669,28,28,1718.67,true,
SH32489,2025-04-02,Ho Chi Minh City,Shanghai,Meridian Freight,Sea,463.6,14685,25,25,792.01,true,
SH24122,2025-04-03,Rotterdam,Singapore,Swift Cargo,Sea,3467.8,7251,12,13,2783.52,true,
SH24277,2025-04-03,Shanghai,Dubai,Swift Cargo,Rail,3093.7,620,1,2,484.21,true,
SH24627,2025-04-03,Shanghai,Dubai,Meridian Freight,Sea,304.8,9852,18,17,414.0,false,Port congestion
SH24683,2025-04-03,Shanghai,Singapore,Northstar Logistics,Sea,1584.6,16040,26,27,2863.23,true,
SH25950,2025-04-03,Shanghai,Singapore,BlueWave Lines,Rail,753.0,307,1,1,174.12,true,
SH27783,2025-04-03,Busan,Los Angeles,BlueWave Lines,Sea,455.1,8316,15,15,415.63,true,
SH28497,2025-04-03,Los Angeles,Rotterdam,Meridian Freight,Rail,1668.7,479,2,2,330.52,true,
SH29642,2025-04-03,Rotterdam,Busan,Meridian Freight,Sea,1188.1,8426,14,15,1015.2,true,
SH29780,2025-04-03,Singapore,Busan,Atlas Air Cargo,Air,272.9,10040,2,2,3214.82,true,
SH30484,2025-04-03,Rotterdam,Hamburg,Swift Cargo,Road,1821.0,2096,3,4,1580.59,true,
SH30677,2025-04-03,Los Angeles,Dubai,Swift Cargo,Sea,1198.1,9992,16,17,1402.75,true,
SH30766,2025-04-03,Hamburg,Ho Chi Minh City,Northstar Logistics,Sea,977.5,15344,25,26,1444.62,true,
SH30957,2025-04-03,Busan,Rotterdam,Meridian Freight,Sea,520.4,7128,13,13,456.13,true,
SH31198,2025-04-03,Los Angeles,Shanghai,Swift Cargo,Sea,567.6,12347,21,21,689.51,true,
SH32802,2025-04-03,Rotterdam,Singapore,BlueWave Lines,Sea,2591.9,4488,9,9,1189.67,true,
SH25015,2025-04-04,Dubai,Busan,Atlas Air Cargo,Air,358.7,1195,1,1,673.89,true,
SH25325,2025-04-04,Rotterdam,Shanghai,Swift Cargo,Sea,516.9,1573,5,4,198.02,false,Port congestion
SH26773,2025-04-04,Rotterdam,Singapore,Swift Cargo,Sea,524.7,2790,5,6,276.69,true,
SH26794,2025-04-04,Los Angeles,Singapore,Swift Cargo,Rail,4016.7,1766,6,3,1767.64,false,Port congestion
SH29010,2025-04-04,Shanghai,Hamburg,Swift Cargo,Rail,380.6,2178,6,4,328.87,false,Customs
SH29558,2025-04-04,Dubai,Los Angeles,Swift Cargo,Sea,5079.0,13977,24,24,5875.05,true,
SH29671,2025-04-04,Hamburg,Rotterdam,Atlas Air Cargo,Air,92.4,2111,1,1,329.28,true,
SH30912,2025-04-04,Hamburg,Ho Chi Minh City,Atlas Air Cargo,Air,132.2,13714,3,3,2093.42,true,
SH30976,2025-04-04,Los Angeles,Shanghai,Atlas Air Cargo,Air,650.7,9452,2,2,7747.7,true,
SH32719,2025-04-04,Busan,Shanghai,Northstar Logistics,Road,1328.7,2452,5,5,1409.04,true,
SH25311,2025-04-05,Ho Chi Minh City,Hamburg,Atlas Air Cargo,Air,388.8,12863,2,2,6203.56,true,
SH25596,2025-04-05,Los Angeles,Hamburg,Atlas Air Cargo,Air,912.1,7342,2,2,6576.1,true,
SH26488,2025-04-05,Dubai,Los Angeles,BlueWave Lines,Rail,2052.0,2382,3,4,1191.81,true,
SH26627,2025-04-05,Rotterdam,Busan,Meridian Freight,Sea,1331.7,13754,23,23,1597.42,true,Port congestion
SH27343,2025-04-05,Hamburg,Singapore,Northstar Logistics,Rail,1154.4,2235,3,4,713.52,true,
SH28986,2025-04-05,Ho Chi Minh City,Dubai,Swift Cargo,Road,4745.5,1918,4,4,3074.23,true,
SH29150,2025-04-05,Shanghai,Dubai,Swift Cargo,Sea,1970.9,11653,19,20,2031.29,true,
SH29692,2025-04-05,Singapore,Dubai,Northstar Logistics,Rail,1403.1,1899,3,3,699.13,true,
SH30585,2025-04-05,Hamburg,Rotterdam,Atlas Air Cargo,Air,552.4,1960,1,1,1431.34,true,
SH30865,2025-04-05,Shanghai,Los Angeles,Meridian Freight,Road,917.4,323,2,2,238.92,true,
SH31106,2025-04-05,Los Angeles,Busan,Meridian Freight,Sea,1534.4,13464,22,23,2002.26,true,
SH31285,2025-04-05,Los Angeles,Rotterdam,Northstar Logistics,Sea,2595.8,14228,23,24,3746.45,true,
SH31720,2025-04-05,Busan,Singapore,BlueWave Lines,Road,441.5,1196,3,3,323.84,true,
SH31773,2025-04-05,Singapore,Rotterdam,Swift Cargo,Sea,2246.3,15145,25,25,3696.58,true,
SH32521,2025-04-05,Los Angeles,Shanghai,Atlas Air Cargo,Air,272.8,4367,1,1,1555.74,true,
SH32641,2025-04-05,Busan,Los Angeles,BlueWave Lines,Road,308.2,309,2,2,155.49,true,
SH24450,2025-04-06,Busan,Hamburg,Atlas Air Cargo,Air,240.1,10861,2,2,3011.25,true,
SH24716,2025-04-06,Busan,Singapore,Atlas Air Cargo,Air,53.5,15978,8,3,1241.01,false,Port congestion
SH25163,2025-04-06,Singapore,Shanghai,Northstar Logistics,Road,2135.7,1342,3,3,1243.29,true,
SH25375,2025-04-06,Busan,Rotterdam,Meridian Freight,Rail,3336.1,1375,5,3,1300.74,false,Weather
SH26892,2025-04-06,Singapore,Hamburg,BlueWave Lines,Sea,904.1,14872,25,25,1249.92,true,
SH27069,2025-04-06,Dubai,Ho Chi Minh City,Meridian Freight,Rail,2905.9,2422,4,4,1830.66,true,
SH28562,2025-04-06,Dubai,Singapore,Swift Cargo,Sea,1675.4,17305,29,29,2564.97,true,
SH28794,2025-04-06,Dubai,Singapore,Swift Cargo,Sea,2465.4,6418,12,12,1397.44,true,
SH29254,2025-04-06,Ho Chi Minh City,Shanghai,Northstar Logistics,Rail,753.6,332,2,1,182.28,false,Customs
SH29793,2025-04-06,Busan,Shanghai,Meridian Freight,Road,661.0,821,1,2,320.71,true,
SH31346,2025-04-06,Los Angeles,Singapore,Swift Cargo,Sea,3510.0,6974,13,13,2384.09,true,
SH32853,2025-04-06,Rotterdam,Singapore,BlueWave Lines,Sea,587.1,12065,21,21,679.33,true,
SH32919,2025-04-06,Singapore,Dubai,Meridian Freight,Sea,626.0,9801,17,17,718.95,true,
SH24711,2025-04-07,Shanghai,Hamburg,BlueWave Lines,Sea,1275.5,17221,28,28,1859.33,true,
SH25506,2025-04-07,Rotterdam,Ho Chi Minh City,Northstar Logistics,Road,4465.4,1721,4,4,3154.24,true,
SH25854,2025-04-07,Shanghai,Hamburg,Meridian Freight,Sea,717.0,4847,9,9,416.49,true,
SH26111,2025-04-07,Ho Chi Minh City,Rotterdam,Northstar Logistics,Sea,313.5,16882,34,28,588.75,false,Equipment
SH27172,2025-04-07,Rotterdam,Dubai,Atlas Air Cargo,Air,392.7,14044,3,3,7132.47,true,
SH28493,2025-04-07,Los Angeles,Busan,Meridian Freight,Sea,788.3,7452,13,13,596.92,true,
SH29330,2025-04-07,Singapore,Hamburg,BlueWave Lines,Sea,781.7,6639,11,12,604.81,true,
SH30355,2025-04-07,Rotterdam,Singapore,Swift Cargo,Sea,1429.5,9998,17,17,1479.93,true,
SH31455,2025-04-07,Los Angeles,Busan,Northstar Logistics,Sea,1476.5,17308,29,29,2182.09,true,
SH31858,2025-04-07,Rotterdam,Dubai,Swift Cargo,Rail,1061.8,1145,1,2,360.12,true,
SH31897,2025-04-07,Los Angeles,Dubai,Swift Cargo,Sea,271.6,8305,15,15,332.22,true,
SH32854,2025-04-07,Los Angeles,Hamburg,Swift Cargo,Road,779.5,1507,4,4,516.8,true,
SH24182,2025-04-08,Hamburg,Shanghai,Meridian Freight,Sea,1257.8,16682,29,28,2155.95,false,Port congestion
SH24674,2025-04-08,Busan,Singapore,Atlas Air Cargo,Air,425.9,12420,2,2,6003.81,true,
SH25264,2025-04-08,Los Angeles,Busan,BlueWave Lines,Sea,195.6,8529,14,15,295.51,true,
SH27870,2025-04-08,Dubai,Shanghai,Swift Cargo,Road,422.9,793,2,2,259.61,true,
SH28884,2025-04-08,Rotterdam,Hamburg,Meridian Freight,Road,1597.7,1109,3,3,671.49,true,
SH29664,2025-04-08,Los Angeles,Dubai,Swift Cargo,Sea,1565.4,15528,26,26,2239.05,true,
SH29749,2025-04-08,Shanghai,Busan,Meridian Freight,Road,3438.6,1080,4,3,1315.88,false,Customs
SH29947,2025-04-08,Singapore,Los Angeles,Northstar Logistics,Rail,716.9,2018,4,4,458.01,true,
SH30460,2025-04-08,Los Angeles,Rotterdam,Atlas Air Cargo,Air,692.0,2963,1,1,2103.69,true,
SH30970,2025-04-08,Shanghai,Singapore,Meridian Freight,Sea,1611.3,1710,11,5,364.78,false,Documentation
SH32087,2025-04-08,Shanghai,Rotterdam,Swift Cargo,Sea,4496.7,14942,24,25,6860.43,true,
SH32177,2025-04-08,Ho Chi Minh City,Dubai,BlueWave Lines,Sea,1499.1,14533,24,24,2007.0,true,
SH32307,2025-04-08,Busan,Shanghai,Meridian Freight,Sea,183.0,14189,24,24,365.34,true,
SH32359,2025-04-08,Hamburg,Busan,Meridian Freight,Road,2484.6,174,1,1,301.03,true,
SH32536,2025-04-08,Singapore,Dubai,BlueWave Lines,Sea,3426.1,17888,29,30,6396.31,true,
SH32862,2025-04-08,Hamburg,Singapore,Atlas Air Cargo,Air,336.8,13542,3,3,4392.6,true,
SH24199,2025-04-09,Ho Chi Minh City,Rotterdam,BlueWave Lines,Sea,732.0,2501,6,6,305.34,true,
SH25369,2025-04-09,Rotterdam,Los Angeles,Swift Cargo,Sea,2107.5,16508,27,27,3328.79,true,
SH25754,2025-04-09,Dubai,Singapore,Atlas Air Cargo,Air,155.5,8676,2,2,1885.83,true,
SH26244,2025-04-09,Rotterdam,Hamburg,Swift Cargo,Road,780.0,530,1,2,286.58,true,
SH27160,2025-04-09,Los Angeles,Hamburg,Meridian Freight,Sea,1271.6,15498,25,26,2074.88,true,
SH29754,2025-04-09,Shanghai,Ho Chi Minh City,Northstar Logistics,Rail,1166.6,1931,2,3,584.77,true,
SH30389,2025-04-09,Ho Chi Minh City,Singapore,Atlas Air Cargo,Air,56.9,16751,3,3,1297.6,true,
SH30688,2025-04-09,Busan,Shanghai,Northstar Logistics,Sea,827.6,1603,6,4,257.32,false,Port congestion
SH31173,2025-04-09,Ho Chi Minh City,Singapore,Meridian Freight,Sea,3990.9,12561,21,21,5272.97,true,
SH31571,2025-04-09,Singapore,Los Angeles,Atlas Air Cargo,Air,181.4,11710,2,2,2164.14,true,
SH31796,2025-04-09,Rotterdam,Los Angeles,Swift Cargo,Sea,2913.8,8368,15,15,2371.29,true,
SH24095,2025-04-10,Singapore,Rotterdam,Atlas Air Cargo,Air,522.5,11398,1,2,7580.7,true,
SH26807,2025-04-10,Busan,Shanghai,Northstar Logistics,Sea,1961.7,9961,17,17,1819.65,true,
SH26926,2025-04-10,Los Angeles,Shanghai,Atlas Air Cargo,Air,121.9,15133,3,3,2154.98,true,
SH27915,2025-04-10,Rotterdam,Busan,BlueWave Lines,Sea,348.7,5037,9,10,274.53,true,
SH28502,2025-04-10,Hamburg,Rotterdam,Atlas Air Cargo,Air,352.9,15730,2,3,6333.23,true,
SH28810,2025-04-10,Shanghai,Ho Chi Minh City,Meridian Freight,Sea,7889.2,944,3,3,725.63,true,
SH29279,2025-04-10,Hamburg,Busan,BlueWave Lines,Sea,2117.4,16016,26,27,3511.04,true,
SH29635,2025-04-10,Singapore,Hamburg,Northstar Logistics,Sea,1951.0,16848,33,28,3475.03,false,Weather
SH30375,2025-04-10,Ho Chi Minh City,Dubai,Atlas Air Cargo,Air,169.3,15777,3,3,3124.45,true,
SH30439,2025-04-10,Ho Chi Minh City,Shanghai,Atlas Air Cargo,Air,177.1,16484,3,3,3630.85,true,
SH30586,2025-04-10,Shanghai,Singapore,BlueWave Lines,Sea,239.5,13511,23,23,401.61,true,
SH30671,2025-04-10,Busan,Los Angeles,Northstar Logistics,Sea,2752.1,14504,23,24,4148.62,true,
SH31022,2025-04-10,Shanghai,Ho Chi Minh City,Northstar Logistics,Sea,1080.2,2008,5,5,305.67,true,
SH31666,2025-04-10,Ho Chi Minh City,Shanghai,BlueWave Lines,Sea,3061.0,11462,20,20,3880.45,true,
SH32942,2025-04-10,Busan,Shanghai,Northstar Logistics,Sea,776.8,17008,27,28,1264.58,true,
SH25357,2025-04-11,Dubai,Hamburg,Meridian Freight,Sea,2147.3,6269,12,12,1526.22,true,
SH27312,2025-04-11,Los Angeles,Hamburg,BlueWave Lines,Rail,1096.8,953,1,2,348.76,true,
SH27516,2025-04-11,Shanghai,Ho Chi Minh City,Meridian Freight,Rail,3964.0,1462,3,3,1239.41,true,
SH27536,2025-04-11,Los Angeles,Singapore,Meridian Freight,Road,1711.8,1840,4,4,1140.24,true,
SH27789,2025-04-11,Rotterdam,Los Angeles,Meridian Freight,Rail,709.8,818,2,2,258.47,true,
SH30773,2025-04-11,Los Angeles,Busan,Atlas Air Cargo,Air,63.0,4692,2,2,444.34,true,
SH31442,2025-04-11,Rotterdam,Shanghai,Northstar Logistics,Sea,5605.5,8510,24,15,4702.94,false,Customs
SH31735,2025-04-11,Singapore,Shanghai,Meridian Freight,Sea,1057.4,3978,8,8,571.87,true,
SH32937,2025-04-11,Los Angeles,Ho Chi Minh City,Atlas Air Cargo,Air,497.0,8128,2,2,4316.76,true,
SH24386,2025-04-12,Singapore,Ho Chi Minh City,BlueWave Lines,Sea,1682.8,6099,11,11,978.4,true,
SH25126,2025-04-12,Ho Chi Minh City,Busan,Swift Cargo,Rail,1251.6,1258,2,3,467.98,true,
SH27092,2025-04-12,Dubai,Los Angeles,Swift Cargo,Sea,1230.0,13822,23,23,1719.17,true,
SH27137,2025-04-12,Los Angeles,Ho Chi Minh City,Northstar Logistics,Sea,596.7,14640,29,25,1053.68,false,Port congestion
SH27191,2025-04-12,Dubai,Shanghai,Atlas Air Cargo,Air,281.9,6181,2,2,1962.24,true,
SH27631,2025-04-12,Los Angeles,Hamburg,Atlas Air Cargo,Air,197.6,4456,1,1,995.77,true,
SH27697,2025-04-12,Ho Chi Minh City,Busan,Swift Cargo,Sea,3030.8,15675,26,26,4267.36,true,
SH27725,2025-04-12,Singapore,Dubai,Atlas Air Cargo,Air,95.1,15957,2,3,1937.04,true,
SH27989,2025-04-12,Shanghai,Busan,Swift Cargo,Sea,3018.6,2250,4,5,708.32,true,
SH24334,2025-04-13,Los Angeles,Shanghai,Atlas Air Cargo,Air,99.5,8983,2,2,1175.33,true,
SH24700,2025-04-13,Shanghai,Busan,BlueWave Lines,Sea,1784.2,8549,15,15,1688.23,true,
SH25263,2025-04-13,Dubai,Los Angeles,Meridian Freight,Rail,1838.8,2073,4,4,1006.03,true,
SH26726,2025-04-13,Shanghai,Dubai,Swift Cargo,Sea,2731.1,3389,7,7,967.39,true,
SH26959,2025-04-13,Hamburg,Ho Chi Minh City,BlueWave Lines,Rail,4851.3,952,3,2,1055.72,false,Port congestion
SH27663,2025-04-13,Singapore,Busan,Atlas Air Cargo,Air,76.6,9728,2,2,820.78,true,
SH27746,2025-04-13,Ho Chi Minh City,Shanghai,Meridian Freight,Sea,245.8,9799,17,17,333.21,true,
SH29073,2025-04-13,Dubai,Rotterdam,Atlas Air Cargo,Air,106.1,2206,1,1,404.67,true,
SH30289,2025-04-13,Shanghai,Busan,Atlas Air Cargo,Air,51.6,6995,2,2,572.6,true,
SH32533,2025-04-13,Busan,Ho Chi Minh City,Meridian Freight,Sea,4117.3,11302,19,19,3810.56,true,
SH24351,2025-04-14,Dubai,Singapore,Atlas Air Cargo,Air,236.8,4630,2,2,1205.12,true,
SH24606,2025-04-14,Los Angeles,Ho Chi Minh City,Swift Cargo,Sea,2939.8,16325,26,27,4798.17,true,
SH24805,2025-04-14,Hamburg,Dubai,Atlas Air Cargo,Air,737.6,1077,1,1,1127.05,true,
SH25729,2025-04-14,Dubai,Singapore,Swift Cargo,Sea,928.1,3669,7,8,442.97,true,
SH25800,2025-04-14,Rotterdam,Singapore,BlueWave Lines,Sea,1394.0,16897,28,28,2337.72,true,
SH26531,2025-04-14,Los Angeles,Busan,Atlas Air Cargo,Air,563.1,2525,1,1,1777.06,true,
SH26660,2025-04-14,Busan,Ho Chi Minh City,BlueWave Lines,Sea,1200.0,10763,19,19,1269.89,true,
SH27466,2025-04-14,Rotterdam,Singapore,Northstar Logistics,Road,535.6,302,2,2,178.51,true,
SH27590,2025-04-14,Hamburg,Ho Chi Minh City,Meridian Freight,Sea,1072.4,9912,17,17,1169.85,true,
SH27853,2025-04-14,Hamburg,Los Angeles,Swift Cargo,Sea,562.7,6530,12,12,481.53,true,
SH30933,2025-04-14,Los Angeles,Shanghai,BlueWave Lines,Sea,1100.5,17022,27,28,2038.46,true,
SH31676,2025-04-14,Busan,Singapore,Swift Cargo,Sea,2674.6,10791,19,19,2942.75,true,
SH32034,2025-04-14,Singapore,Hamburg,Northstar Logistics,Sea,1886.5,1918,4,5,420.05,true,
SH32728,2025-04-14,Ho Chi Minh City,Los Angeles,Swift Cargo,Sea,1393.8,15281,26,26,1797.38,true,
SH32764,2025-04-14,Ho Chi Minh City,Hamburg,BlueWave Lines,Road,5032.3,504,2,2,1073.03,true,
SH32818,2025-04-14,Hamburg,Singapore,Northstar Logistics,Sea,1214.1,1153,4,4,229.7,true,
SH24968,2025-04-15,Singapore,Dubai,Atlas Air Cargo,Air,172.4,2839,1,1,739.54,true,
SH25101,2025-04-15,Rotterdam,Hamburg,Atlas Air Cargo,Air,666.5,15105,3,3,10085.4,true,
SH25712,2025-04-15,Dubai,Ho Chi Minh City,Swift Cargo,Sea,1035.3,3858,7,8,432.62,true,
SH26475,2025-04-15,Rotterdam,Busan,Atlas Air Cargo,Air,150.8,3975,1,1,811.28,true,
SH26485,2025-04-15,Ho Chi Minh City,Singapore,Meridian Freight,Rail,3650.9,1910,2,3,1588.15,true,
SH26967,2025-04-15,Hamburg,Ho Chi Minh City,BlueWave Lines,Rail,958.9,2409,3,4,656.45,true,
SH27363,2025-04-15,Dubai,Busan,BlueWave Lines,Sea,349.0,5762,10,11,285.4,true,
SH27444,2025-04-15,Dubai,Shanghai,Swift Cargo,Sea,3165.2,17365,29,29,5992.71,true,
SH28578,2025-04-15,Singapore,Ho Chi Minh City,Swift Cargo,Rail,1852.0,1523,3,3,843.77,true,
SH28911,2025-04-15,Busan,Dubai,Meridian Freight,Sea,3080.3,13809,22,23,3790.48,true,
SH29513,2025-04-15,Rotterdam,Singapore,Atlas Air Cargo,Air,736.7,9844,2,2,6901.43,true,
SH29616,2025-04-15,Dubai,Ho Chi Minh City,Atlas Air Cargo,Air,67.0,12785,1,2,1222.68,true,
SH29638,2025-04-15,Ho Chi Minh City,Dubai,Northstar Logistics,Sea,2570.6,14173,24,24,3205.91,true,
SH29662,2025-04-15,Los Angeles,Busan,Atlas Air Cargo,Air,170.4,2185,1,1,508.17,true,
SH30733,2025-04-15,Hamburg,Singapore,Northstar Logistics,Sea,2053.1,1088,4,4,304.75,true,
SH31467,2025-04-15,Busan,Hamburg,Meridian Freight,Rail,1168.5,827,2,2,311.31,true,
SH31566,2025-04-15,Dubai,Busan,BlueWave Lines,Sea,2600.6,9033,16,16,2503.11,true,
SH31794,2025-04-15,Shanghai,Los Angeles,Meridian Freight,Sea,2605.4,2442,6,6,672.57,true,
SH32671,2025-04-15,Hamburg,Los Angeles,Atlas Air Cargo,Air,136.2,14023,3,3,2585.01,true,
SH32808,2025-04-15,Dubai,Busan,Atlas Air Cargo,Air,164.7,11685,2,2,2187.15,true,
SH24637,2025-04-16,Busan,Shanghai,Meridian Freight,Sea,2333.5,5331,10,10,1226.55,true,
SH25254,2025-04-16,Singapore,Ho Chi Minh City,Meridian Freight,Sea,537.6,17262,29,29,868.27,true,
SH26618,2025-04-16,Rotterdam,Ho Chi Minh City,Meridian Freight,Sea,4114.7,10431,17,18,3966.45,true,
SH28236,2025-04-16,Busan,Dubai,BlueWave Lines,Sea,1185.1,10017,17,17,1228.51,true,
SH28787,2025-04-16,Hamburg,Busan,BlueWave Lines,Road,799.0,603,2,2,321.93,true,
SH30642,2025-04-16,Dubai,Ho Chi Minh City,BlueWave Lines,Rail,476.1,622,1,2,183.16,true,
SH30950,2025-04-16,Hamburg,Los Angeles,BlueWave Lines,Sea,381.6,16927,31,28,754.8,false,Weather
SH31192,2025-04-16,Shanghai,Ho Chi Minh City,Meridian Freight,Sea,831.1,5183,10,10,526.84,true,
SH32838,2025-04-16,Hamburg,Singapore,Meridian Freight,Sea,4329.9,16778,27,28,6984.67,true,
SH24964,2025-04-17,Shanghai,Los Angeles,Meridian Freight,Sea,1317.2,8689,15,15,1141.15,true,
SH26065,2025-04-17,Rotterdam,Hamburg,Atlas Air Cargo,Air,292.0,17492,2,3,6590.0,true,
SH27136,2025-04-17,Rotterdam,Los Angeles,Atlas Air Cargo,Air,357.6,4357,1,1,1602.64,true,
SH27424,2025-04-17,Shanghai,Busan,BlueWave Lines,Sea,1833.9,9199,16,16,1757.67,true,
SH28045,2025-04-17,Ho Chi Minh City,Rotterdam,Meridian Freight,Sea,2841.4,4942,9,10,1381.6,true,
SH28321,2025-04-17,Ho Chi Minh City,Rotterdam,Atlas Air Cargo,Air,891.6,5645,1,2,5017.97,true,
SH30108,2025-04-17,Hamburg,Ho Chi Minh City,Swift Cargo,Rail,1321.3,2362,8,4,842.95,false,Port congestion
SH31278,2025-04-17,Shanghai,Ho Chi Minh City,Meridian Freight,Rail,563.6,1254,2,3,256.83,true,
SH32019,2025-04-17,Singapore,Los Angeles,BlueWave Lines,Rail,652.9,2486,3,4,511.71,true,
SH32327,2025-04-17,Ho Chi Minh City,Singapore,Atlas Air Cargo,Air,160.2,4460,1,1,934.06,true,
SH32345,2025-04-17,Dubai,Busan,Meridian Freight,Sea,1712.5,6175,18,12,1145.21,false,Weather
SH24480,2025-04-18,Shanghai,Rotterdam,Northstar Logistics,Sea,4228.3,12703,21,22,5168.32,true,
SH25368,2025-04-18,Ho Chi Minh City,Rotterdam,Meridian Freight,Sea,2217.3,15411,25,26,2744.86,true,
SH26140,2025-04-18,Dubai,Rotterdam,Northstar Logistics,Sea,1484.4,7163,14,13,1099.65,false,Weather
SH26835,2025-04-18,Shanghai,Los Angeles,Meridian Freight,Road,1052.7,1324,3,3,635.45,true,
SH27284,2025-04-18,Busan,Singapore,BlueWave Lines,Road,5095.7,1117,2,3,1842.22,true,
SH27477,2025-04-18,Rotterdam,Dubai,Meridian Freight,Sea,1523.8,14733,24,25,1926.45,true,
SH27601,2025-04-18,Ho Chi Minh City,Busan,Atlas Air Cargo,Air,218.8,13607,3,3,3187.13,true,
SH28980,2025-04-18,Busan,Rotterdam,Meridian Freight,Road,1447.9,1603,4,4,924.81,true,
SH29165,2025-04-18,Singapore,Hamburg,Meridian Freight,Rail,1108.4,2122,4,4,736.79,true,
SH29235,2025-04-18,Busan,Shanghai,Swift Cargo,Sea,3200.7,9859,16,17,2571.53,true,
SH31168,2025-04-18,Dubai,Hamburg,Atlas Air Cargo,Air,281.6,4321,1,1,1675.36,true,
SH32375,2025-04-18,Singapore,Shanghai,BlueWave Lines,Sea,5116.6,11673,20,20,6492.22,true,
SH24951,2025-04-19,Ho Chi Minh City,Los Angeles,BlueWave Lines,Sea,666.2,5962,11,11,522.54,true,
SH25835,2025-04-19,Ho Chi Minh City,Dubai,Swift Cargo,Rail,1937.3,2486,3,4,1293.33,true,
SH26231,2025-04-19,Rotterdam,Shanghai,Northstar Logistics,Road,508.1,1474,3,3,348.88,true,
SH26742,2025-04-19,Rotterdam,Shanghai,Meridian Freight,Road,1279.8,1270,2,3,740.3,true,
SH27696,2025-04-19,Singapore,Los Angeles,BlueWave Lines,Sea,1495.4,10708,17,18,1563.57,true,
SH29637,2025-04-19,Ho Chi Minh City,Los Angeles,Meridian Freight,Sea,544.8,7362,16,13,537.98,false,Equipment
SH31947,2025-04-19,Shanghai,Busan,Swift Cargo,Sea,3226.0,9476,19,17,2754.17,false,Documentation
SH32305,2025-04-19,Shanghai,Busan,Northstar Logistics,Sea,1939.4,17380,29,29,3261.03,true,
SH32697,2025-04-19,Shanghai,Rotterdam,BlueWave Lines,Road,477.7,1328,3,3,367.88,true,
SH32891,2025-04-19,Shanghai,Los Angeles,Northstar Logistics,Road,2749.1,1875,8,4,2223.36,false,Customs
SH24466,2025-04-20,Los Angeles,Rotterdam,Swift Cargo,Sea,561.9,4544,8,9,355.86,true,
SH24877,2025-04-20,Singapore,Dubai,Swift Cargo,Sea,695.3,13978,24,24,1154.76,true,
SH25310,2025-04-20,Hamburg,Dubai,Swift Cargo,Sea,1240.8,12343,20,21,1605.85,true,
SH25404,2025-04-20,Shanghai,Singapore,Northstar Logistics,Road,1196.9,424,2,2,311.09,true,Port congestion
SH27313,2025-04-20,Hamburg,Los Angeles,Swift Cargo,Sea,2363.4,16917,31,28,3438.86,false,Port congestion
SH27851,2025-04-20,Dubai,Hamburg,Atlas Air Cargo,Air,110.0,12924,5,2,1584.23,false,Weather
SH28927,2025-04-20,Los Angeles,Singapore,Atlas Air Cargo,Air,559.2,7235,2,2,4571.09,true,
SH29272,2025-04-20,Los Angeles,Rotterdam,Meridian Freight,Sea,193.0,12369,20,21,368.97,true,
SH29605,2025-04-20,Rotterdam,Singapore,Atlas Air Cargo,Air,188.8,10910,2,2,2398.44,true,
SH30272,2025-04-20,Rotterdam,Ho Chi Minh City,Northstar Logistics,Road,813.6,1651,3,4,641.86,true,
SH30541,2025-04-20,Busan,Singapore,Northstar Logistics,Sea,3425.0,17283,29,29,5495.81,true,
SH30805,2025-04-20,Ho Chi Minh City,Hamburg,Northstar Logistics,Sea,1148.1,11061,19,19,1208.41,true,
SH31706,2025-04-20,Dubai,Los Angeles,Swift Cargo,Road,1178.4,1691,4,4,764.21,true,
SH32843,2025-04-20,Busan,Dubai,Meridian Freight,Road,2188.0,289,1,1,314.85,true,
SH24511,2025-04-21,Busan,Shanghai,Swift Cargo,Sea,1114.1,7008,13,13,889.99,true,
SH24583,2025-04-21,Shanghai,Dubai,Atlas Air Cargo,Air,522.6,15144,3,3,9454.56,true,
SH24859,2025-04-21,Hamburg,Dubai,BlueWave Lines,Sea,971.0,8766,15,15,981.21,true,
SH25660,2025-04-21,Rotterdam,Hamburg,Northstar Logistics,Rail,1891.0,1869,2,3,885.52,true,
SH26181,2025-04-21,Hamburg,Rotterdam,Swift Cargo,Rail,2622.9,719,2,2,484.93,true,
SH27440,2025-04-21,Hamburg,Ho Chi Minh City,Meridian Freight,Sea,7930.0,8755,15,15,6393.03,true,
SH28766,2025-04-21,Los Angeles,Dubai,Atlas Air Cargo,Air,240.8,1817,1,1,532.49,true,
SH28973,2025-04-21,Los Angeles,Ho Chi Minh City,BlueWave Lines,Sea,279.4,17464,28,29,513.78,true,
SH29654,2025-04-21,Busan,Shanghai,Swift Cargo,Sea,4336.8,16272,27,27,7174.11,true,
SH29796,2025-04-21,Rotterdam,Dubai,BlueWave Lines,Sea,1010.4,2935,7,7,375.68,true,
SH30030,2025-04-21,Dubai,Los Angeles,Northstar Logistics,Sea,1504.4,2965,7,7,550.31,true,
SH30308,2025-04-21,Busan,Hamburg,Northstar Logistics,Road,1048.4,1052,3,3,569.99,true,
SH31179,2025-04-21,Busan,Ho Chi Minh City,Meridian Freight,Sea,1226.9,15853,26,26,1791.43,true,
SH31727,2025-04-21,Hamburg,Ho Chi Minh City,Meridian Freight,Road,3714.4,1815,3,4,2565.42,true,
SH32779,2025-04-21,Busan,Los Angeles,Atlas Air Cargo,Air,230.7,4544,11,2,1357.29,false,Customs
SH24085,2025-04-22,Rotterdam,Shanghai,Swift Cargo,Sea,4171.9,2465,6,6,919.73,true,
SH26104,2025-04-22,Rotterdam,Dubai,BlueWave Lines,Sea,1132.3,3272,7,7,437.55,true,
SH26222,2025-04-22,Hamburg,Ho Chi Minh City,Meridian Freight,Sea,773.7,5844,11,11,530.99,true,
SH29145,2025-04-22,Singapore,Shanghai,Northstar Logistics,Sea,731.0,2139,6,5,288.67,false,Port congestion
SH29900,2025-04-22,Dubai,Los Angeles,Swift Cargo,Road,708.5,2184,4,5,743.9,true,
SH30496,2025-04-22,Busan,Ho Chi Minh City,BlueWave Lines,Sea,5136.3,2944,7,7,1525.49,true,
SH31762,2025-04-22,Busan,Los Angeles,Swift Cargo,Sea,866.8,3331,7,7,399.11,true,
SH31786,2025-04-22,Hamburg,Busan,Northstar Logistics,Sea,434.5,17152,27,28,852.64,true,
SH32119,2025-04-22,Ho Chi Minh City,Busan,Swift Cargo,Rail,615.8,1179,1,2,264.54,true,
SH32873,2025-04-22,Dubai,Rotterdam,Swift Cargo,Road,4003.4,947,11,3,1688.06,false,Customs
SH24368,2025-04-23,Dubai,Rotterdam,Meridian Freight,Sea,434.9,7615,17,14,412.44,false,Weather
SH24551,2025-04-23,Hamburg,Singapore,Northstar Logistics,Rail,1641.3,1592,2,3,758.65,true,
SH25742,2025-04-23,Dubai,Shanghai,Atlas Air Cargo,Air,33.7,9149,1,2,492.36,true,
SH26250,2025-04-23,Ho Chi Minh City,Dubai,Meridian Freight,Sea,1006.7,4571,9,9,595.38,true,
SH28817,2025-04-23,Shanghai,Dubai,Northstar Logistics,Sea,2559.2,4296,10,9,1210.35,false,Port congestion
SH28985,2025-04-23,Busan,Los Angeles,BlueWave Lines,Sea,491.7,10917,18,19,599.63,true,
SH29175,2025-04-23,Shanghai,Busan,Meridian Freight,Sea,1020.7,14959,25,25,1378.08,true,
SH29581,2025-04-23,Dubai,Los Angeles,Atlas Air Cargo,Air,203.6,11199,1,2,2585.67,true,
SH30872,2025-04-23,Dubai,Los Angeles,Swift Cargo,Road,5909.3,2105,5,5,4478.88,true,
SH31657,2025-04-23,Ho Chi Minh City,Dubai,Meridian Freight,Sea,1623.0,10733,19,19,1988.01,true,
SH24909,2025-04-24,Rotterdam,Busan,Atlas Air Cargo,Air,194.9,12234,2,2,2933.77,true,
SH25527,2025-04-24,Singapore,Shanghai,Atlas Air Cargo,Air,225.4,2058,1,1,599.27,true,
SH27937,2025-04-24,Dubai,Ho Chi Minh City,Meridian Freight,Sea,2901.1,17161,27,28,4119.72,true,
SH28255,2025-04-24,Dubai,Rotterdam,Swift Cargo,Sea,2085.9,1554,4,4,397.99,true,
SH30461,2025-04-24,Dubai,Shanghai,Swift Cargo,Sea,535.0,16057,29,27,865.43,false,Equipment
SH30746,2025-04-24,Shanghai,Los Angeles,BlueWave Lines,Road,6154.8,2268,5,5,5886.27,true,
SH32052,2025-04-24,Rotterdam,Ho Chi Minh City,Atlas Air Cargo,Air,422.8,2454,1,1,1403.72,true,
SH24918,2025-04-25,Rotterdam,Singapore,Atlas Air Cargo,Air,332.2,2413,2,1,905.98,false,Equipment
SH24986,2025-04-25,Los Angeles,Dubai,Atlas Air Cargo,Air,148.1,13106,1,2,2029.39,true,
SH26533,2025-04-25,Shanghai,Hamburg,Atlas Air Cargo,Air,253.5,13364,2,2,4457.92,true,
SH26912,2025-04-25,Ho Chi Minh City,Busan,BlueWave Lines,Sea,6685.8,13524,23,23,9284.43,true,
SH26993,2025-04-25,Ho Chi Minh City,Shanghai,BlueWave Lines,Sea,2124.2,2207,5,5,516.7,true,
SH27135,2025-04-25,Dubai,Hamburg,Atlas Air Cargo,Air,1088.8,16043,3,3,17568.13,true,
SH27520,2025-04-25,Singapore,Dubai,Northstar Logistics,Sea,844.4,15553,26,26,1501.15,true,
SH27866,2025-04-25,Busan,Ho Chi Minh City,BlueWave Lines,Sea,2561.6,13103,22,22,3625.6,true,
SH27889,2025-04-25,Dubai,Shanghai,Meridian Freight,Sea,226.3,1933,5,5,159.03,true,
SH28088,2025-04-25,Rotterdam,Dubai,Atlas Air Cargo,Air,353.2,17345,2,3,5901.83,true,
SH29275,2025-04-25,Singapore,Busan,Swift Cargo,Sea,2201.7,1202,4,4,337.5,true,
SH29393,2025-04-25,Shanghai,Busan,Northstar Logistics,Sea,599.9,7201,13,13,554.43,true,
SH30645,2025-04-25,Los Angeles,Rotterdam,Northstar Logistics,Road,798.6,1217,2,3,527.45,true,
SH30882,2025-04-25,Los Angeles,Singapore,Northstar Logistics,Sea,1309.2,9498,16,17,1122.28,true,
SH31336,2025-04-25,Rotterdam,Los Angeles,BlueWave Lines,Sea,2342.5,13553,23,23,2601.27,true,
SH32228,2025-04-25,Singapore,Shanghai,Northstar Logistics,Sea,3560.8,1570,3,4,604.51,true,
SH32332,2025-04-25,Ho Chi Minh City,Dubai,Atlas Air Cargo,Air,372.6,8410,2,2,3336.0,true,
SH24462,2025-04-26,Rotterdam,Los Angeles,Swift Cargo,Road,1313.3,536,2,2,393.72,true,
SH25630,2025-04-26,Rotterdam,Shanghai,Swift Cargo,Rail,1347.1,303,1,1,196.44,true,
SH25694,2025-04-26,Singapore,Shanghai,Swift Cargo,Road,1730.8,1898,4,4,1484.0,true,
SH26664,2025-04-26,Singapore,Busan,Swift Cargo,Road,2511.1,679,2,2,688.39,true,
SH26818,2025-04-26,Dubai,Hamburg,BlueWave Lines,Sea,1204.9,8463,15,15,911.94,true,
SH28212,2025-04-26,Shanghai,Busan,BlueWave Lines,Rail,1116.6,1686,2,3,496.7,true,
SH29850,2025-04-26,Ho Chi Minh City,Shanghai,Meridian Freight,Sea,1566.2,4742,9,9,747.15,true,
SH30177,2025-04-26,Hamburg,Dubai,BlueWave Lines,Sea,4567.7,10661,18,18,4357.77,true,
SH31593,2025-04-26,Dubai,Rotterdam,Meridian Freight,Sea,3468.7,2981,7,7,1204.98,true,
SH32856,2025-04-26,Ho Chi Minh City,Los Angeles,Meridian Freight,Sea,3060.3,4319,9,9,1131.54,true,
SH24912,2025-04-27,Dubai,Ho Chi Minh City,Meridian Freight,Sea,293.2,14622,25,24,566.44,false,Customs
SH25555,2025-04-27,Hamburg,Los Angeles,Meridian Freight,Sea,168.7,16426,27,27,334.23,true,
SH27329,2025-04-27,Singapore,Shanghai,Northstar Logistics,Sea,2016.2,11999,23,20,2724.21,false,Weather
SH27482,2025-04-27,Ho Chi Minh City,Busan,Meridian Freight,Road,3959.2,565,2,2,954.04,true,
SH27861,2025-04-27,Busan,Hamburg,BlueWave Lines,Sea,2433.7,12781,22,22,2988.49,true,
SH28760,2025-04-27,Rotterdam,Los Angeles,BlueWave Lines,Sea,2500.8,16059,26,27,3646.98,true,
SH29926,2025-04-27,Busan,Hamburg,BlueWave Lines,Sea,2750.8,13435,23,23,3746.76,true,
SH31926,2025-04-27,Hamburg,Dubai,Atlas Air Cargo,Air,151.5,13304,2,2,2384.41,true,
SH32687,2025-04-27,Hamburg,Rotterdam,BlueWave Lines,Sea,1187.1,2449,6,6,379.57,true,
SH24697,2025-04-28,Singapore,Shanghai,Swift Cargo,Rail,1151.9,1026,2,2,412.02,true,
SH24777,2025-04-28,Singapore,Rotterdam,BlueWave Lines,Sea,828.3,12792,22,22,1024.52,true,
SH24824,2025-04-28,Singapore,Hamburg,Meridian Freight,Sea,19793.4,3214,6,7,5752.31,true,
SH25111,2025-04-28,Shanghai,Dubai,Meridian Freight,Sea,529.8,16071,27,27,815.94,true,
SH25662,2025-04-28,Busan,Singapore,Swift Cargo,Sea,2157.4,3627,8,8,769.88,true,
SH25679,2025-04-28,Busan,Rotterdam,BlueWave Lines,Sea,618.5,4926,10,10,354.18,true,
SH27664,2025-04-28,Rotterdam,Los Angeles,Northstar Logistics,Sea,555.9,7987,14,14,495.81,true,
SH28723,2025-04-28,Ho Chi Minh City,Singapore,Swift Cargo,Sea,5801.9,3731,8,8,1787.75,true,
SH29855,2025-04-28,Ho Chi Minh City,Singapore,Northstar Logistics,Sea,243.1,10282,18,18,387.5,true,
SH31774,2025-04-28,Singapore,Dubai,Swift Cargo,Sea,619.4,10316,17,18,716.46,true,
SH31894,2025-04-28,Los Angeles,Dubai,Meridian Freight,Sea,1256.5,1472,3,4,309.18,true,
SH26214,2025-04-29,Shanghai,Los Angeles,Atlas Air Cargo,Air,94.7,16676,2,3,2154.91,true,
SH26774,2025-04-29,Shanghai,Ho Chi Minh City,Atlas Air Cargo,Air,427.6,7106,1,2,3421.8,true,
SH28518,2025-04-29,Ho Chi Minh City,Los Angeles,Atlas Air Cargo,Air,179.1,3527,1,1,758.84,true,
SH28799,2025-04-29,Shanghai,Los Angeles,Northstar Logistics,Sea,578.0,16492,27,27,1124.06,true,
SH29776,2025-04-29,Shanghai,Los Angeles,Meridian Freight,Sea,766.5,1708,8,5,240.89,false,Port congestion
SH29834,2025-04-29,Hamburg,Shanghai,Atlas Air Cargo,Air,352.3,17190,2,3,7489.22,true,
SH31541,2025-04-29,Singapore,Rotterdam,Swift Cargo,Road,2271.8,2142,4,5,1689.07,true,
SH31827,2025-04-29,Shanghai,Ho Chi Minh City,BlueWave Lines,Rail,1776.1,744,2,2,374.76,true,
SH31845,2025-04-29,Rotterdam,Ho Chi Minh City,Swift Cargo,Sea,3335.2,17925,30,30,4870.8,true,
SH24965,2025-04-30,Ho Chi Minh City,Hamburg,Swift Cargo,Road,772.4,179,1,1,172.08,true,
SH25038,2025-04-30,Busan,Ho Chi Minh City,Northstar Logistics,Sea,1872.5,5854,11,11,1105.87,true,
SH26760,2025-04-30,Los Angeles,Singapore,Northstar Logistics,Road,1294.6,1300,2,3,824.58,true,
SH29387,2025-04-30,Singapore,Hamburg,Northstar Logistics,Sea,1218.5,6361,12,12,885.92,true,Customs
SH29763,2025-04-30,Shanghai,Hamburg,BlueWave Lines,Sea,3141.3,7272,13,13,2170.15,true,
SH30330,2025-04-30,Shanghai,Ho Chi Minh City,Meridian Freight,Sea,7397.9,8263,15,15,5322.64,true,
SH30811,2025-04-30,Los Angeles,Dubai,Atlas Air Cargo,Air,186.7,13309,1,2,3279.71,true,
SH31085,2025-04-30,Dubai,Shanghai,Northstar Logistics,Sea,791.1,9535,17,17,930.44,true,
SH32018,2025-04-30,Singapore,Shanghai,Northstar Logistics,Sea,2523.6,11988,19,20,2982.21,true,
SH24069,2025-05-01,Rotterdam,Hamburg,Northstar Logistics,Sea,1328.7,8492,14,15,1323.94,true,
SH24508,2025-05-01,Hamburg,Singapore,Meridian Freight,Road,1172.6,2414,5,5,1014.72,true,
SH26100,2025-05-01,Busan,Dubai,Northstar Logistics,Road,1214.1,1013,2,3,541.16,true,
SH27116,2025-05-01,Rotterdam,Shanghai,Swift Cargo,Sea,2944.7,8068,13,14,2490.34,true,
SH27233,2025-05-01,Los Angeles,Shanghai,Atlas Air Cargo,Air,887.6,10120,1,2,8607.58,true,
SH28612,2025-05-01,Shanghai,Hamburg,Northstar Logistics,Rail,1674.8,1895,4,3,736.45,false,Equipment
SH29611,2025-05-01,Dubai,Ho Chi Minh City,Atlas Air Cargo,Air,108.2,6196,1,2,983.61,true,
SH30079,2025-05-01,Hamburg,Shanghai,Atlas Air Cargo,Air,180.3,10523,2,2,2566.35,true,
SH30455,2025-05-01,Dubai,Busan,Swift Cargo,Sea,1569.0,11774,19,20,1576.95,true,
SH30527,2025-05-01,Busan,Singapore,Atlas Air Cargo,Air,333.4,3297,1,1,1199.08,true,
SH31213,2025-05-01,Busan,Singapore,Swift Cargo,Sea,2491.0,9578,17,17,1994.58,true,
SH31431,2025-05-01,Rotterdam,Ho Chi Minh City,Atlas Air Cargo,Air,56.4,16183,3,3,1322.77,true,
SH31573,2025-05-01,Busan,Dubai,BlueWave Lines,Road,4533.4,2320,4,5,3322.16,true,
SH24008,2025-05-02,Singapore,Hamburg,Meridian Freight,Sea,2014.8,7679,13,14,1770.59,true,
SH24518,2025-05-02,Hamburg,Los Angeles,BlueWave Lines,Sea,1070.2,9035,16,16,864.94,true,
SH24598,2025-05-02,Ho Chi Minh City,Shanghai,Meridian Freight,Sea,1338.3,15518,26,26,1990.21,true,
SH25014,2025-05-02,Ho Chi Minh City,Busan,Atlas Air Cargo,Air,654.7,14044,7,3,10783.6,false,Documentation
SH25646,2025-05-02,Rotterdam,Dubai,BlueWave Lines,Sea,1359.6,7504,14,14,997.11,true,
SH27348,2025-05-02,Hamburg,Rotterdam,BlueWave Lines,Road,2487.6,2253,4,5,2232.33,true,
SH29152,2025-05-02,Busan,Dubai,Atlas Air Cargo,Air,1284.0,9992,2,2,16201.84,true,
SH29192,2025-05-02,Los Angeles,Hamburg,Swift Cargo,Rail,2657.2,2226,4,4,1361.11,true,
SH29506,2025-05-02,Dubai,Shanghai,Atlas Air Cargo,Air,420.2,13050,2,2,7209.69,true,
SH29728,2025-05-02,Dubai,Hamburg,Swift Cargo,Rail,832.6,2043,4,4,466.25,true,
SH30004,2025-05-02,Shanghai,Dubai,Meridian Freight,Rail,2147.5,416,2,2,335.86,true,
SH31016,2025-05-02,Shanghai,Busan,Meridian Freight,Sea,798.3,3018,7,7,334.0,true,
SH31717,2025-05-02,Shanghai,Hamburg,Atlas Air Cargo,Air,222.8,10204,2,2,2375.89,true,
SH31936,2025-05-02,Dubai,Rotterdam,BlueWave Lines,Sea,178.5,13232,26,22,309.34,false,Weather
SH32008,2025-05-02,Dubai,Busan,Northstar Logistics,Sea,4186.1,11433,19,20,4812.69,true,
SH32353,2025-05-02,Hamburg,Singapore,Northstar Logistics,Road,1596.6,2289,4,5,1295.54,true,
SH32828,2025-05-02,Rotterdam,Hamburg,BlueWave Lines,Sea,1519.8,13181,21,22,2226.15,true,
SH24737,2025-05-03,Shanghai,Ho Chi Minh City,Swift Cargo,Road,4157.0,2286,5,5,3148.96,true,
SH25605,2025-05-03,Dubai,Shanghai,BlueWave Lines,Sea,976.1,15920,26,26,1619.76,true,
SH26466,2025-05-03,Rotterdam,Singapore,Atlas Air Cargo,Air,448.4,2749,1,1,1502.56,true,
SH28147,2025-05-03,Singapore,Busan,Northstar Logistics,Road,1360.4,1402,3,3,870.6,true,
SH29022,2025-05-03,Rotterdam,Shanghai,Swift Cargo,Sea,1677.9,12647,21,21,2353.42,true,
SH29209,2025-05-03,Dubai,Los Angeles,BlueWave Lines,Sea,925.2,9539,17,17,805.55,true,
SH29565,2025-05-03,Singapore,Dubai,Swift Cargo,Sea,653.7,17376,29,29,1013.87,true,
SH29603,2025-05-03,Los Angeles,Busan,Swift Cargo,Sea,1493.0,7149,17,13,1220.92,false,Equipment
SH30715,2025-05-03,Ho Chi Minh City,Shanghai,Meridian Freight,Road,711.9,713,2,2,326.96,true,
SH31686,2025-05-03,Shanghai,Busan,Swift Cargo,Sea,1008.4,16077,27,27,1662.85,true,
SH24013,2025-05-04,Hamburg,Rotterdam,Atlas Air Cargo,Air,580.7,13920,6,3,7998.83,false,Port congestion
SH25349,2025-05-04,Shanghai,Dubai,BlueWave Lines,Road,939.8,1993,4,4,742.75,true,
SH25377,2025-05-04,Los Angeles,Ho Chi Minh City,Meridian Freight,Sea,1186.5,3827,7,8,542.85,true,
SH26872,2025-05-04,Ho Chi Minh City,Dubai,Meridian Freight,Sea,1194.8,9553,19,17,1012.4,false,Weather
SH26899,2025-05-04,Singapore,Shanghai,Atlas Air Cargo,Air,234.9,11133,2,2,3042.49,true,
SH27433,2025-05-04,Shanghai,Rotterdam,Northstar Logistics,Sea,530.9,13061,22,22,801.32,true,
SH27781,2025-05-04,Ho Chi Minh City,Shanghai,Northstar Logistics,Sea,570.7,11989,20,20,811.5,true,
SH28441,2025-05-04,Rotterdam,Shanghai,Swift Cargo,Sea,776.7,14459,24,24,1170.97,true,
SH28445,2025-05-04,Dubai,Hamburg,Swift Cargo,Sea,1024.6,9736,16,17,1117.02,true,
SH28815,2025-05-04,Hamburg,Singapore,Swift Cargo,Road,1971.3,2326,4,5,1597.39,true,
SH29174,2025-05-04,Los Angeles,Dubai,Atlas Air Cargo,Air,205.0,5733,2,2,1570.44,true,
SH29561,2025-05-04,Busan,Singapore,Meridian Freight,Sea,455.1,15017,25,25,741.49,true,
SH31327,2025-05-04,Hamburg,Dubai,BlueWave Lines,Sea,8638.1,16275,27,27,13908.84,true,
SH31972,2025-05-04,Dubai,Los Angeles,BlueWave Lines,Sea,1410.5,14846,25,25,2103.4,true,
SH31977,2025-05-04,Singapore,Rotterdam,Northstar Logistics,Sea,974.5,15571,26,26,1351.52,true,
SH32510,2025-05-04,Hamburg,Rotterdam,Atlas Air Cargo,Air,1343.9,2108,1,1,3741.39,true,
SH25415,2025-05-05,Busan,Shanghai,Northstar Logistics,Sea,959.2,15328,27,26,1257.98,false,Weather
SH26919,2025-05-05,Ho Chi Minh City,Los Angeles,Northstar Logistics,Sea,1598.6,3591,7,8,696.97,true,
SH28824,2025-05-05,Dubai,Rotterdam,Northstar Logistics,Sea,864.8,7197,13,13,688.2,true,
SH30061,2025-05-05,Shanghai,Busan,Northstar Logistics,Sea,883.9,14847,24,25,1421.14,true,
SH31148,2025-05-05,Dubai,Hamburg,Swift Cargo,Sea,1260.8,9289,16,16,1337.42,true,
SH32940,2025-05-05,Singapore,Dubai,Meridian Freight,Sea,247.6,6057,12,11,258.13,false,Customs
SH26137,2025-05-06,Busan,Hamburg,Northstar Logistics,Sea,1992.8,914,11,3,306.27,false,Port congestion
SH27654,2025-05-06,Ho Chi Minh City,Rotterdam,Swift Cargo,Sea,2358.1,6625,12,12,1714.21,true,
SH27896,2025-05-06,Shanghai,Busan,Meridian Freight,Sea,1035.1,10261,20,18,1024.15,false,Port congestion
SH28150,2025-05-06,Hamburg,Singapore,Swift Cargo,Sea,285.9,5940,10,11,275.16,true,
SH30806,2025-05-06,Ho Chi Minh City,Rotterdam,Northstar Logistics,Sea,840.6,17190,28,28,1324.17,true,
SH31906,2025-05-06,Los Angeles,Rotterdam,Swift Cargo,Rail,4450.0,2344,7,4,2432.81,false,Customs
SH32791,2025-05-06,Los Angeles,Shanghai,BlueWave Lines,Sea,4471.4,11670,19,20,5374.46,true,
SH32866,2025-05-06,Ho Chi Minh City,Shanghai,Atlas Air Cargo,Air,199.1,13494,1,2,3614.05,true,
SH25351,2025-05-07,Hamburg,Ho Chi Minh City,Atlas Air Cargo,Air,532.3,1268,1,1,981.31,true,
SH29261,2025-05-07,Dubai,Los Angeles,BlueWave Lines,Sea,1483.5,4863,9,9,862.67,true,
SH31195,2025-05-07,Ho Chi Minh City,Hamburg,BlueWave Lines,Road,548.9,242,1,1,166.49,true,
SH32369,2025-05-07,Shanghai,Rotterdam,BlueWave Lines,Sea,642.7,1090,4,4,194.73,true,
SH25921,2025-05-08,Busan,Rotterdam,BlueWave Lines,Road,346.6,450,1,2,169.98,true,
SH26211,2025-05-08,Shanghai,Los Angeles,Northstar Logistics,Road,797.7,810,4,2,351.69,false,Customs
SH26459,2025-05-08,Shanghai,Hamburg,Meridian Freight,Road,524.2,2313,9,5,529.09,false,Port congestion
SH27285,2025-05-08,Shanghai,Dubai,Swift Cargo,Sea,1609.5,12392,21,21,1674.19,true,
SH27827,2025-05-08,Busan,Rotterdam,Swift Cargo,Sea,1178.0,5020,10,10,597.66,true,
SH29555,2025-05-08,Hamburg,Singapore,Meridian Freight,Sea,325.3,15427,26,26,541.19,true,
SH29989,2025-05-08,Busan,Rotterdam,BlueWave Lines,Sea,580.0,8000,14,14,528.63,true,
SH30444,2025-05-08,Singapore,Ho Chi Minh City,Meridian Freight,Rail,998.5,429,2,2,213.46,true,
SH30731,2025-05-08,Hamburg,Dubai,Northstar Logistics,Sea,1626.8,1566,4,4,389.77,true,
SH30975,2025-05-08,Hamburg,Los Angeles,Northstar Logistics,Sea,378.0,4834,9,9,293.98,true,
SH31307,2025-05-08,Los Angeles,Dubai,Swift Cargo,Sea,162.3,7575,14,14,252.05,true,
SH24418,2025-05-09,Ho Chi Minh City,Shanghai,Swift Cargo,Sea,1532.0,17582,28,29,2224.33,true,
SH25358,2025-05-09,Busan,Singapore,BlueWave Lines,Sea,2797.0,11820,19,20,3602.46,true,
SH25789,2025-05-09,Busan,Shanghai,Meridian Freight,Sea,3110.0,942,2,3,404.3,true,
SH25850,2025-05-09,Singapore,Los Angeles,Atlas Air Cargo,Air,1383.4,12637,2,2,18612.63,true,
SH26196,2025-05-09,Ho Chi Minh City,Dubai,Swift Cargo,Sea,2568.8,16174,36,27,4580.46,false,Equipment
SH26567,2025-05-09,Hamburg,Rotterdam,Northstar Logistics,Sea,2160.2,6005,14,11,1168.51,false,Weather
SH26917,2025-05-09,Ho Chi Minh City,Busan,Atlas Air Cargo,Air,38.9,11352,1,2,552.59,true,
SH26948,2025-05-09,Singapore,Busan,Atlas Air Cargo,Air,642.4,2636,1,1,1998.41,true,
SH27575,2025-05-09,Shanghai,Busan,Swift Cargo,Sea,806.7,16722,28,28,1224.01,true,
SH28097,2025-05-09,Dubai,Los Angeles,Atlas Air Cargo,Air,213.3,2544,1,1,655.77,true,
SH28191,2025-05-09,Ho Chi Minh City,Shanghai,Northstar Logistics,Road,2473.0,1214,3,3,1182.39,true,
SH28299,2025-05-09,Dubai,Busan,Meridian Freight,Sea,1337.7,16891,28,28,2101.76,true,
SH28377,2025-05-09,Ho Chi Minh City,Los Angeles,Swift Cargo,Sea,499.8,5938,11,11,431.09,true,
SH28468,2025-05-09,Ho Chi Minh City,Rotterdam,Northstar Logistics,Road,2936.1,452,4,2,677.21,false,Equipment
SH28837,2025-05-09,Hamburg,Rotterdam,BlueWave Lines,Road,3376.4,2086,3,4,2363.59,true,
SH28853,2025-05-09,Los Angeles,Hamburg,Swift Cargo,Sea,277.2,15811,25,26,510.01,true,
SH29198,2025-05-09,Los Angeles,Singapore,Atlas Air Cargo,Air,171.9,13094,2,2,2851.7,true,
SH29229,2025-05-09,Hamburg,Busan,Northstar Logistics,Road,1675.2,1258,2,3,774.45,true,
SH29886,2025-05-09,Singapore,Dubai,Meridian Freight,Sea,1020.6,9028,16,16,829.35,true,
SH29948,2025-05-09,Shanghai,Ho Chi Minh City,Northstar Logistics,Rail,2426.1,745,2,2,468.68,true,
SH30429,2025-05-09,Hamburg,Dubai,Swift Cargo,Road,474.8,1697,6,4,371.36,false,Customs
SH30503,2025-05-09,Singapore,Ho Chi Minh City,Atlas Air Cargo,Air,142.1,17185,3,3,2958.28,true,
SH30861,2025-05-09,Hamburg,Ho Chi Minh City,BlueWave Lines,Rail,175.6,635,2,2,140.98,true,
SH31349,2025-05-09,Ho Chi Minh City,Rotterdam,BlueWave Lines,Sea,566.5,2810,6,6,289.38,true,
SH24214,2025-05-10,Los Angeles,Hamburg,Northstar Logistics,Sea,564.1,16269,27,27,856.52,true,
SH24446,2025-05-10,Rotterdam,Busan,Northstar Logistics,Sea,796.7,4698,9,9,478.2,true,
SH24960,2025-05-10,Busan,Singapore,Atlas Air Cargo,Air,120.7,13585,3,3,2051.22,true,
SH27122,2025-05-10,Ho Chi Minh City,Los Angeles,Northstar Logistics,Road,1203.1,1199,3,3,574.82,true,
SH27630,2025-05-10,Rotterdam,Shanghai,Swift Cargo,Sea,6741.5,7273,13,13,4650.58,true,
SH30440,2025-05-10,Singapore,Los Angeles,Atlas Air Cargo,Air,48.8,8640,2,2,523.9,true,
SH30522,2025-05-10,Dubai,Busan,Atlas Air Cargo,Air,549.2,16595,3,3,9354.93,true,
SH30707,2025-05-10,Ho Chi Minh City,Singapore,Atlas Air Cargo,Air,139.5,1999,1,1,395.19,true,
SH24397,2025-05-11,Rotterdam,Singapore,Swift Cargo,Road,2714.9,931,3,3,1169.96,true,
SH24492,2025-05-11,Busan,Dubai,BlueWave Lines,Sea,1078.6,1455,4,4,288.61,true,
SH25344,2025-05-11,Ho Chi Minh City,Busan,Northstar Logistics,Sea,1938.3,7852,14,14,1722.54,true,
SH25940,2025-05-11,Los Angeles,Rotterdam,BlueWave Lines,Rail,1730.0,1521,2,3,792.61,true,
SH26359,2025-05-11,Dubai,Los Angeles,Northstar Logistics,Sea,3965.0,9602,17,17,3751.98,true,
SH26575,2025-05-11,Singapore,Hamburg,Meridian Freight,Sea,1034.8,14617,24,24,1636.88,true,
SH27407,2025-05-11,Los Angeles,Dubai,Northstar Logistics,Road,2825.0,1891,3,4,1723.82,true,
SH27524,2025-05-11,Shanghai,Rotterdam,Atlas Air Cargo,Air,532.2,10930,2,2,6593.52,true,
SH27732,2025-05-11,Ho Chi Minh City,Hamburg,Meridian Freight,Road,1173.7,2186,4,5,890.49,true,
SH29745,2025-05-11,Ho Chi Minh City,Busan,Swift Cargo,Sea,2554.1,17517,28,29,4168.36,true,
SH30010,2025-05-11,Shanghai,Busan,Northstar Logistics,Sea,1272.2,1621,3,4,297.07,true,
SH30117,2025-05-11,Shanghai,Ho Chi Minh City,Atlas Air Cargo,Air,281.2,15736,2,3,5038.65,true,
SH30215,2025-05-11,Ho Chi Minh City,Busan,Swift Cargo,Road,1810.9,1092,3,3,892.13,true,
SH30346,2025-05-11,Rotterdam,Ho Chi Minh City,Meridian Freight,Rail,1346.4,1129,2,2,480.03,true,
SH30791,2025-05-11,Los Angeles,Busan,Atlas Air Cargo,Air,624.3,7436,1,2,4501.58,true,
SH32507,2025-05-11,Los Angeles,Hamburg,Swift Cargo,Sea,866.2,13442,23,23,1130.49,true,
SH24019,2025-05-12,Hamburg,Rotterdam,Swift Cargo,Road,2568.0,2430,5,5,2477.96,true,
SH24232,2025-05-12,Singapore,Hamburg,Atlas Air Cargo,Air,424.8,4909,1,2,2868.78,true,
SH25315,2025-05-12,Dubai,Shanghai,Atlas Air Cargo,Air,232.2,7160,2,2,2076.87,true,
SH25436,2025-05-12,Hamburg,Singapore,Swift Cargo,Sea,1150.8,5365,10,10,632.42,true,
SH26159,2025-05-12,Rotterdam,Ho Chi Minh City,BlueWave Lines,Sea,1052.9,2738,6,6,355.42,true,
SH26623,2025-05-12,Rotterdam,Busan,Northstar Logistics,Sea,1752.9,4610,8,9,908.96,true,
SH26858,2025-05-12,Dubai,Singapore,Northstar Logistics,Sea,1426.0,9536,17,17,1294.86,true,
SH27599,2025-05-12,Los Angeles,Ho Chi Minh City,BlueWave Lines,Sea,399.5,12555,21,21,645.41,true,
SH28055,2025-05-12,Ho Chi Minh City,Dubai,Atlas Air Cargo,Air,214.4,14733,3,3,4046.95,true,
SH28682,2025-05-12,Rotterdam,Los Angeles,Atlas Air Cargo,Air,265.3,8565,2,2,2779.19,true,
SH29578,2025-05-12,Busan,Dubai,Swift Cargo,Sea,3939.5,3692,8,8,1383.65,true,
SH30622,2025-05-12,Los Angeles,Rotterdam,Meridian Freight,Sea,3280.7,12045,21,21,4024.86,true,
SH30979,2025-05-12,Dubai,Busan,BlueWave Lines,Sea,710.9,10137,18,18,781.61,true,
SH31061,2025-05-12,Los Angeles,Singapore,Northstar Logistics,Sea,1660.1,9348,15,16,1593.09,true,
SH31287,2025-05-12,Busan,Shanghai,Northstar Logistics,Sea,478.1,3091,7,7,265.06,true,
SH31878,2025-05-12,Dubai,Busan,Meridian Freight,Road,3429.4,2425,5,5,3241.33,true,
SH31965,2025-05-12,Dubai,Busan,Meridian Freight,Road,529.3,1750,4,4,492.66,true,
SH32437,2025-05-12,Ho Chi Minh City,Busan,Atlas Air Cargo,Air,216.9,7554,2,2,2045.05,true,
SH24931,2025-05-13,Dubai,Singapore,Northstar Logistics,Sea,2435.0,17910,34,30,4114.11,false,Customs
SH25307,2025-05-13,Hamburg,Ho Chi Minh City,Meridian Freight,Road,655.9,2053,4,4,608.96,true,
SH27095,2025-05-13,Los Angeles,Hamburg,Northstar Logistics,Rail,3077.6,2148,4,4,1446.41,true,
SH27496,2025-05-13,Los Angeles,Singapore,Swift Cargo,Rail,786.9,703,1,2,263.33,true,
SH28763,2025-05-13,Los Angeles,Singapore,Swift Cargo,Road,2440.7,569,2,2,570.31,true,
SH29723,2025-05-13,Busan,Ho Chi Minh City,Swift Cargo,Road,2160.6,1357,2,3,1058.75,true,
SH32385,2025-05-13,Hamburg,Dubai,Atlas Air Cargo,Air,104.0,3539,1,1,502.38,true,
SH24474,2025-05-14,Dubai,Ho Chi Minh City,Swift Cargo,Road,3275.9,2005,3,4,2593.27,true,
SH24494,2025-05-14,Hamburg,Singapore,Swift Cargo,Sea,1771.2,12225,21,21,1971.87,true,
SH24568,2025-05-14,Rotterdam,Dubai,Northstar Logistics,Sea,1984.2,12459,21,21,2167.75,true,
SH24570,2025-05-14,Shanghai,Dubai,BlueWave Lines,Sea,837.4,12006,20,20,1088.25,true,
SH25219,2025-05-14,Hamburg,Busan,BlueWave Lines,Sea,1349.0,16001,26,27,1893.72,true,
SH25232,2025-05-14,Ho Chi Minh City,Hamburg,BlueWave Lines,Sea,968.7,5472,10,10,656.25,true,
SH25971,2025-05-14,Rotterdam,Busan,Swift Cargo,Sea,527.4,1804,4,5,201.33,true,
SH30693,2025-05-14,Busan,Los Angeles,Meridian Freight,Sea,1406.0,5948,11,11,854.98,true,
SH31058,2025-05-14,Busan,Dubai,BlueWave Lines,Rail,1054.1,913,1,2,353.35,true,
SH31809,2025-05-14,Shanghai,Ho Chi Minh City,Northstar Logistics,Sea,2032.5,16111,27,27,3087.88,true,
SH24006,2025-05-15,Ho Chi Minh City,Los Angeles,Swift Cargo,Road,477.2,539,2,2,207.64,true,
SH26328,2025-05-15,Dubai,Los Angeles,Northstar Logistics,Sea,1451.8,9054,19,16,1315.78,false,Port congestion
SH26911,2025-05-15,Shanghai,Rotterdam,Swift Cargo,Sea,1360.5,10101,18,18,1195.6,true,
SH27543,2025-05-15,Rotterdam,Shanghai,Northstar Logistics,Sea,308.0,2476,6,6,200.9,true,
SH28009,2025-05-15,Hamburg,Ho Chi Minh City,Meridian Freight,Sea,653.4,14172,24,24,890.32,true,
SH29001,2025-05-15,Rotterdam,Shanghai,Northstar Logistics,Sea,1880.1,6146,10,11,1012.1,true,
SH29957,2025-05-15,Busan,Shanghai,Atlas Air Cargo,Air,94.6,8113,1,2,1053.3,true,
SH30538,2025-05-15,Los Angeles,Rotterdam,Atlas Air Cargo,Air,106.0,5953,2,2,908.95,true,
SH30785,2025-05-15,Busan,Ho Chi Minh City,Northstar Logistics,Sea,874.2,1954,4,5,271.41,true,
SH30894,2025-05-15,Los Angeles,Singapore,Atlas Air Cargo,Air,99.1,13545,3,3,1823.64,true,
SH31770,2025-05-15,Los Angeles,Hamburg,Atlas Air Cargo,Air,502.2,6500,2,2,4147.19,true,
SH31821,2025-05-15,Los Angeles,Hamburg,Northstar Logistics,Road,906.1,1072,3,3,500.05,true,
SH32032,2025-05-15,Rotterdam,Busan,Northstar Logistics,Sea,280.4,5493,12,10,274.28,false,Weather
SH32909,2025-05-15,Dubai,Shanghai,Swift Cargo,Sea,5480.0,8249,15,15,4135.01,true,
SH24542,2025-05-16,Hamburg,Dubai,Swift Cargo,Rail,2085.2,926,2,2,515.02,true,
SH25441,2025-05-16,Shanghai,Busan,Swift Cargo,Sea,1635.3,10286,18,18,1796.03,true,
SH25838,2025-05-16,Dubai,Ho Chi Minh City,Northstar Logistics,Sea,4044.6,1438,4,4,650.05,true,
SH26325,2025-05-16,Busan,Shanghai,Atlas Air Cargo,Air,214.2,1606,1,1,489.65,true,
SH26801,2025-05-16,Rotterdam,Hamburg,Swift Cargo,Sea,2022.9,6170,14,11,1181.5,false,Port congestion
SH27123,2025-05-16,Los Angeles,Shanghai,Swift Cargo,Sea,1381.5,14135,24,24,1971.35,true,
SH29221,2025-05-16,Dubai,Shanghai,Atlas Air Cargo,Air,96.5,6546,2,2,885.61,true,
SH31917,2025-05-16,Hamburg,Dubai,Meridian Freight,Sea,3406.9,13114,21,22,4639.45,true,
SH32708,2025-05-16,Shanghai,Singapore,Meridian Freight,Sea,6595.6,8566,15,15,5490.26,true,
SH32730,2025-05-16,Rotterdam,Busan,Meridian Freight,Sea,629.8,12191,21,21,749.94,true,
SH26193,2025-05-17,Shanghai,Ho Chi Minh City,Atlas Air Cargo,Air,331.1,1848,1,1,869.77,true,
SH26885,2025-05-17,Ho Chi Minh City,Busan,Swift Cargo,Sea,1458.1,9731,17,17,1537.08,true,
SH27592,2025-05-17,Hamburg,Singapore,Meridian Freight,Road,1221.8,895,4,2,490.05,false,Customs
SH27828,2025-05-17,Hamburg,Singapore,Swift Cargo,Sea,7162.1,4521,8,9,3263.09,true,
SH29111,2025-05-17,Hamburg,Shanghai,Meridian Freight,Sea,764.5,14984,25,25,1327.16,true,
SH30257,2025-05-17,Ho Chi Minh City,Singapore,Meridian Freight,Sea,10764.9,7392,13,13,6650.65,true,
SH32140,2025-05-17,Dubai,Shanghai,Atlas Air Cargo,Air,566.0,17406,3,3,10603.04,true,
SH32594,2025-05-17,Rotterdam,Shanghai,Northstar Logistics,Sea,1050.2,4500,8,9,599.36,true,
SH32629,2025-05-17,Singapore,Hamburg,BlueWave Lines,Rail,987.5,587,2,2,245.88,true,
SH32986,2025-05-17,Los Angeles,Shanghai,Swift Cargo,Sea,913.3,7409,12,13,664.04,true,
SH25179,2025-05-18,Busan,Singapore,BlueWave Lines,Sea,424.2,1026,4,4,160.52,true,
SH25498,2025-05-18,Hamburg,Shanghai,BlueWave Lines,Sea,377.6,16581,28,28,740.53,true,
SH25653,2025-05-18,Los Angeles,Shanghai,Meridian Freight,Sea,1073.9,9001,16,16,883.66,true,
SH26349,2025-05-18,Hamburg,Busan,Northstar Logistics,Sea,1792.2,14483,24,24,2422.03,true,Weather
SH27760,2025-05-18,Singapore,Busan,Swift Cargo,Sea,678.2,13664,24,23,1069.04,false,Port congestion
SH27767,2025-05-18,Ho Chi Minh City,Los Angeles,Atlas Air Cargo,Air,349.8,886,1,1,433.36,true,
SH28363,2025-05-18,Ho Chi Minh City,Hamburg,Northstar Logistics,Sea,1233.1,12722,21,22,1650.64,true,
SH29287,2025-05-18,Rotterdam,Shanghai,Northstar Logistics,Sea,960.6,14830,25,25,1293.08,true,
SH30325,2025-05-18,Los Angeles,Dubai,Meridian Freight,Sea,953.8,17209,28,28,1457.02,true,
SH30480,2025-05-18,Busan,Singapore,Atlas Air Cargo,Air,175.9,1879,1,1,527.18,true,
SH30485,2025-05-18,Shanghai,Ho Chi Minh City,Atlas Air Cargo,Air,139.6,8138,1,2,1271.87,true,
SH31463,2025-05-18,Ho Chi Minh City,Dubai,Atlas Air Cargo,Air,921.7,6163,2,2,6186.85,true,
SH31520,2025-05-18,Rotterdam,Los Angeles,Atlas Air Cargo,Air,77.1,6004,1,2,704.08,true,
SH32212,2025-05-18,Rotterdam,Hamburg,Meridian Freight,Sea,716.6,8782,16,16,668.45,true,
SH24026,2025-05-19,Rotterdam,Shanghai,Northstar Logistics,Rail,2066.6,1198,2,2,673.18,true,
SH24111,2025-05-19,Rotterdam,Dubai,Atlas Air Cargo,Air,232.5,4165,1,1,1208.36,true,
SH24195,2025-05-19,Shanghai,Singapore,Meridian Freight,Road,840.4,447,2,2,268.3,true,
SH24718,2025-05-19,Singapore,Dubai,Meridian Freight,Road,1958.8,976,2,3,699.54,true,
SH24721,2025-05-19,Ho Chi Minh City,Dubai,Meridian Freight,Sea,3808.7,17794,28,29,5753.37,true,
SH25147,2025-05-19,Dubai,Ho Chi Minh City,Swift Cargo,Sea,1277.9,14588,23,24,1866.42,true,
SH25367,2025-05-19,Los Angeles,Hamburg,Northstar Logistics,Sea,1556.4,10583,20,18,1549.08,false,Weather
SH26852,2025-05-19,Rotterdam,Dubai,Northstar Logistics,Sea,868.5,2228,5,5,288.8,true,
SH27452,2025-05-19,Dubai,Ho Chi Minh City,BlueWave Lines,Road,552.8,1424,2,3,439.91,true,
SH27859,2025-05-19,Dubai,Hamburg,BlueWave Lines,Rail,914.5,1219,2,3,329.94,true,
SH28257,2025-05-19,Busan,Singapore,Northstar Logistics,Sea,284.8,6156,12,11,298.82,false,Equipment
SH28999,2025-05-19,Dubai,Busan,BlueWave Lines,Sea,620.5,13871,31,23,932.41,false,Port congestion
SH30032,2025-05-19,Shanghai,Hamburg,Northstar Logistics,Road,399.9,200,1,1,145.73,true,
SH31074,2025-05-19,Rotterdam,Dubai,Atlas Air Cargo,Air,45.2,16929,3,3,871.1,true,
SH32826,2025-05-19,Los Angeles,Rotterdam,BlueWave Lines,Road,614.5,1212,9,3,345.75,false,Port congestion
SH32915,2025-05-19,Los Angeles,Rotterdam,BlueWave Lines,Sea,1001.3,16894,28,28,1594.03,true,
SH32999,2025-05-19,Busan,Hamburg,Swift Cargo,Road,916.7,2337,4,5,885.25,true,
SH24305,2025-05-20,Busan,Shanghai,BlueWave Lines,Road,1028.5,926,3,3,450.6,true,
SH24329,2025-05-20,Hamburg,Busan,Swift Cargo,Sea,1006.9,9044,16,16,939.73,true,
SH25309,2025-05-20,Busan,Rotterdam,Atlas Air Cargo,Air,335.2,6161,2,2,2146.98,true,
SH25677,2025-05-20,Rotterdam,Dubai,Meridian Freight,Sea,3688.8,3760,10,8,1396.06,false,Port congestion
SH31226,2025-05-20,Singapore,Hamburg,Swift Cargo,Sea,820.9,11184,19,19,1083.93,true,
SH31502,2025-05-20,Singapore,Dubai,Atlas Air Cargo,Air,503.8,1199,1,1,832.12,true,
SH24819,2025-05-21,Shanghai,Ho Chi Minh City,Atlas Air Cargo,Air,151.3,1946,4,1,454.54,false,Weather
SH25251,2025-05-21,Busan,Hamburg,Meridian Freight,Rail,1594.7,1364,3,3,545.43,true,
SH26036,2025-05-21,Dubai,Los Angeles,Atlas Air Cargo,Air,115.3,5147,2,2,750.88,true,
SH26569,2025-05-21,Hamburg,Singapore,Meridian Freight,Rail,2313.7,1019,2,2,689.07,true,
SH26879,2025-05-21,Busan,Singapore,Swift Cargo,Rail,4899.6,1633,3,3,1837.61,true,
SH27616,2025-05-21,Dubai,Hamburg,Atlas Air Cargo,Air,70.2,8470,8,2,890.13,false,Customs
SH29969,2025-05-21,Rotterdam,Busan,Meridian Freight,Sea,4638.7,10980,19,19,4723.32,true,
SH30943,2025-05-21,Ho Chi Minh City,Dubai,Northstar Logistics,Rail,842.4,1209,3,3,380.83,true,
SH31128,2025-05-21,Rotterdam,Shanghai,Swift Cargo,Sea,3474.1,15269,25,25,4994.52,true,
SH32253,2025-05-21,Dubai,Los Angeles,Northstar Logistics,Sea,610.1,3187,11,7,305.85,false,Customs
SH32458,2025-05-21,Rotterdam,Shanghai,Atlas Air Cargo,Air,246.7,17353,3,3,5312.61,true,
SH24255,2025-05-22,Rotterdam,Ho Chi Minh City,BlueWave Lines,Sea,2943.1,14312,23,24,4514.81,true,
SH24513,2025-05-22,Hamburg,Singapore,Meridian Freight,Sea,525.8,5717,11,11,403.94,true,
SH25996,2025-05-22,Ho Chi Minh City,Shanghai,Northstar Logistics,Sea,850.5,5836,11,11,628.09,true,
SH26280,2025-05-22,Dubai,Singapore,Northstar Logistics,Sea,1801.1,14090,23,24,2146.15,true,
SH27355,2025-05-22,Los Angeles,Busan,Swift Cargo,Sea,2106.8,10476,17,18,2350.94,true,
SH28250,2025-05-22,Rotterdam,Hamburg,Meridian Freight,Sea,2705.5,3196,6,7,822.48,true,
SH28613,2025-05-22,Busan,Hamburg,Swift Cargo,Road,1076.8,1934,4,4,992.25,true,
SH29094,2025-05-22,Dubai,Shanghai,Northstar Logistics,Sea,2237.5,1169,6,4,335.32,false,Weather
SH30779,2025-05-22,Busan,Dubai,Atlas Air Cargo,Air,86.5,1452,1,1,264.73,true,
SH30903,2025-05-22,Singapore,Hamburg,Meridian Freight,Sea,2150.5,5140,9,10,1099.91,true,
SH31942,2025-05-22,Hamburg,Busan,Atlas Air Cargo,Air,346.0,3744,1,1,1384.07,true,
SH32696,2025-05-22,Dubai,Hamburg,Northstar Logistics,Road,1521.7,1639,3,4,1090.95,true,
SH32931,2025-05-22,Ho Chi Minh City,Los Angeles,Atlas Air Cargo,Air,241.9,4536,2,2,1277.18,true,
SH25658,2025-05-23,Shanghai,Dubai,BlueWave Lines,Sea,621.3,14447,24,24,817.15,true,
SH25705,2025-05-23,Shanghai,Los Angeles,Atlas Air Cargo,Air,260.0,16126,3,3,4177.27,true,
SH26001,2025-05-23,Hamburg,Dubai,BlueWave Lines,Sea,507.5,9465,17,17,599.94,true,
SH26003,2025-05-23,Singapore,Ho Chi Minh City,Swift Cargo,Sea,651.0,16807,28,28,1069.55,true,
SH26016,2025-05-23,Ho Chi Minh City,Hamburg,BlueWave Lines,Sea,523.5,3414,6,7,280.85,true,
SH27928,2025-05-23,Dubai,Hamburg,Northstar Logistics,Sea,636.6,927,5,3,170.32,false,Port congestion
SH28027,2025-05-23,Los Angeles,Rotterdam,Atlas Air Cargo,Air,457.9,13951,3,3,6342.58,true,
SH29097,2025-05-23,Singapore,Shanghai,BlueWave Lines,Sea,304.3,7515,14,14,319.07,true,
SH31418,2025-05-23,Los Angeles,Dubai,Meridian Freight,Sea,682.8,4036,8,8,415.67,true,
SH31632,2025-05-23,Shanghai,Los Angeles,BlueWave Lines,Sea,2339.7,7934,14,14,1858.95,true,
SH32030,2025-05-23,Busan,Singapore,BlueWave Lines,Sea,1269.4,16697,28,28,2241.54,true,
SH32414,2025-05-23,Singapore,Ho Chi Minh City,Swift Cargo,Sea,732.6,2316,5,6,301.51,true,
SH24001,2025-05-24,Shanghai,Hamburg,Meridian Freight,Sea,705.3,13532,23,23,1010.66,true,
SH24279,2025-05-24,Rotterdam,Los Angeles,Swift Cargo,Road,2872.5,1945,5,4,1864.73,false,Port congestion
SH24545,2025-05-24,Ho Chi Minh City,Los Angeles,BlueWave Lines,Sea,2428.3,8152,15,15,1827.38,true,
SH26937,2025-05-24,Los Angeles,Hamburg,BlueWave Lines,Sea,649.4,12506,20,21,937.27,true,
SH26962,2025-05-24,Dubai,Hamburg,Atlas Air Cargo,Air,406.8,17379,3,3,8174.66,true,
SH27117,2025-05-24,Hamburg,Los Angeles,Northstar Logistics,Sea,10153.1,16761,31,28,18438.48,false,Port congestion
SH27878,2025-05-24,Hamburg,Rotterdam,Swift Cargo,Road,151.1,894,1,2,164.71,true,
SH27938,2025-05-24,Busan,Los Angeles,Meridian Freight,Rail,620.5,907,2,2,250.63,true,
SH28435,2025-05-24,Rotterdam,Singapore,BlueWave Lines,Sea,1330.4,16012,27,27,2294.97,true,
SH28615,2025-05-24,Ho Chi Minh City,Busan,Atlas Air Cargo,Air,91.0,3417,1,1,460.3,true,
SH29483,2025-05-24,Dubai,Shanghai,BlueWave Lines,Sea,2114.8,4985,10,10,990.65,true,
SH30248,2025-05-24,Ho Chi Minh City,Singapore,Swift Cargo,Road,900.6,1728,6,4,694.14,false,Port congestion
SH30506,2025-05-24,Ho Chi Minh City,Busan,Northstar Logistics,Road,230.7,1523,4,4,232.77,true,
SH30557,2025-05-24,Singapore,Shanghai,Swift Cargo,Road,2499.7,871,4,2,874.03,false,Customs
SH30790,2025-05-24,Busan,Hamburg,Northstar Logistics,Sea,4621.1,2414,6,6,1074.42,true,
SH31039,2025-05-24,Rotterdam,Hamburg,Northstar Logistics,Sea,782.0,3262,13,7,353.83,false,Port congestion
SH24300,2025-05-25,Ho Chi Minh City,Busan,Meridian Freight,Rail,1219.9,2424,4,4,878.5,true,
SH24323,2025-05-25,Los Angeles,Hamburg,Meridian Freight,Sea,459.0,6125,11,11,406.75,true,
SH26443,2025-05-25,Singapore,Hamburg,Northstar Logistics,Sea,2438.5,17600,29,29,3516.02,true,
SH26853,2025-05-25,Singapore,Rotterdam,BlueWave Lines,Road,4526.6,1346,3,3,2107.47,true,
SH27206,2025-05-25,Los Angeles,Dubai,Northstar Logistics,Sea,1260.5,17184,28,28,2044.28,true,
SH30221,2025-05-25,Busan,Singapore,Swift Cargo,Sea,1604.9,13834,26,23,2430.4,false,Customs
SH30286,2025-05-25,Ho Chi Minh City,Singapore,Swift Cargo,Road,908.2,1139,3,3,487.78,true,
SH30340,2025-05-25,Ho Chi Minh City,Los Angeles,Atlas Air Cargo,Air,262.8,9116,2,2,2549.02,true,
SH30345,2025-05-25,Hamburg,Los Angeles,BlueWave Lines,Road,273.7,1144,3,3,237.87,true,
SH30660,2025-05-25,Singapore,Busan,Atlas Air Cargo,Air,1395.8,12932,2,2,22628.41,true,
SH32016,2025-05-25,Singapore,Ho Chi Minh City,BlueWave Lines,Sea,2374.2,17306,28,29,4289.06,true,
SH32575,2025-05-25,Los Angeles,Ho Chi Minh City,Meridian Freight,Road,4482.2,216,1,1,518.43,true,
SH32834,2025-05-25,Ho Chi Minh City,Busan,Meridian Freight,Sea,2203.1,9670,16,17,2401.7,true,
SH24793,2025-05-26,Singapore,Ho Chi Minh City,Atlas Air Cargo,Air,633.7,14206,2,3,9565.57,true,
SH25174,2025-05-26,Dubai,Ho Chi Minh City,Atlas Air Cargo,Air,414.4,15860,3,3,6747.49,true,
SH25180,2025-05-26,Rotterdam,Singapore,Swift Cargo,Rail,2456.8,530,1,2,420.02,true,
SH25322,2025-05-26,Dubai,Ho Chi Minh City,BlueWave Lines,Sea,272.1,17449,28,29,585.89,true,
SH25612,2025-05-26,Dubai,Rotterdam,BlueWave Lines,Rail,2763.9,2398,4,4,1767.05,true,
SH25769,2025-05-26,Los Angeles,Dubai,Northstar Logistics,Sea,476.6,3269,7,7,250.56,true,
SH26404,2025-05-26,Hamburg,Los Angeles,Northstar Logistics,Sea,2064.4,8103,14,14,1804.5,true,
SH26425,2025-05-26,Dubai,Shanghai,Northstar Logistics,Sea,1305.5,7331,13,13,940.2,true,
SH26712,2025-05-26,Shanghai,Los Angeles,BlueWave Lines,Road,2859.4,290,1,1,413.19,true,
SH27623,2025-05-26,Shanghai,Singapore,Northstar Logistics,Sea,1525.5,10937,19,19,1668.81,true,
SH27842,2025-05-26,Rotterdam,Hamburg,Meridian Freight,Sea,5614.5,4284,9,9,2432.01,true,
SH29177,2025-05-26,Ho Chi Minh City,Shanghai,Meridian Freight,Sea,722.6,7577,14,14,614.47,true,
SH29822,2025-05-26,Singapore,Los Angeles,Meridian Freight,Sea,739.6,4194,8,8,409.57,true,
SH30988,2025-05-26,Singapore,Hamburg,Northstar Logistics,Road,1224.2,1457,3,3,671.81,true,
SH31542,2025-05-26,Busan,Hamburg,Northstar Logistics,Sea,273.1,8493,15,15,362.16,true,
SH32231,2025-05-26,Singapore,Rotterdam,BlueWave Lines,Sea,582.6,13849,23,23,860.29,true,
SH24719,2025-05-27,Busan,Singapore,Meridian Freight,Sea,667.2,3425,6,7,309.43,true,
SH24853,2025-05-27,Singapore,Busan,Northstar Logistics,Sea,2131.9,3817,11,8,863.11,false,Customs
SH25271,2025-05-27,Shanghai,Hamburg,Atlas Air Cargo,Air,59.9,12036,1,2,1022.56,true,
SH26206,2025-05-27,Hamburg,Dubai,Northstar Logistics,Road,1014.2,464,2,2,273.82,true,
SH26468,2025-05-27,Dubai,Singapore,Meridian Freight,Rail,2192.6,1185,2,2,659.29,true,
SH26877,2025-05-27,Singapore,Shanghai,Meridian Freight,Sea,3554.5,16982,28,28,5219.45,true,
SH28080,2025-05-27,Singapore,Rotterdam,Swift Cargo,Sea,1559.6,4395,8,9,859.41,true,
SH28297,2025-05-27,Shanghai,Ho Chi Minh City,Northstar Logistics,Sea,736.3,12040,20,21,1020.23,true,
SH29554,2025-05-27,Shanghai,Singapore,Meridian Freight,Sea,3960.2,2797,5,6,1049.46,true,
SH30238,2025-05-27,Dubai,Los Angeles,Northstar Logistics,Road,1492.1,1581,4,4,946.44,true,
SH30738,2025-05-27,Ho Chi Minh City,Dubai,Atlas Air Cargo,Air,177.9,14289,3,3,3159.95,true,
SH31506,2025-05-27,Los Angeles,Rotterdam,Meridian Freight,Sea,895.4,13268,21,22,1255.54,true,
SH32234,2025-05-27,Ho Chi Minh City,Singapore,Northstar Logistics,Road,3543.6,1607,4,4,2473.38,true,
SH32944,2025-05-27,Busan,Dubai,Swift Cargo,Sea,875.2,5918,11,11,651.83,true,
SH24655,2025-05-28,Ho Chi Minh City,Los Angeles,Swift Cargo,Sea,671.1,11114,19,19,810.5,true,
SH24907,2025-05-28,Ho Chi Minh City,Hamburg,Meridian Freight,Road,1008.2,1017,3,3,542.41,true,
SH25958,2025-05-28,Ho Chi Minh City,Busan,Swift Cargo,Rail,2872.7,393,5,1,408.06,false,Port congestion
SH26237,2025-05-28,Shanghai,Dubai,BlueWave Lines,Sea,5192.6,3820,8,8,1974.74,true,
SH27311,2025-05-28,Hamburg,Shanghai,Swift Cargo,Rail,1756.4,763,2,2,432.16,true,
SH27580,2025-05-28,Hamburg,Dubai,BlueWave Lines,Road,4157.2,1990,4,4,2633.57,true,
SH32993,2025-05-28,Dubai,Shanghai,Swift Cargo,Sea,2732.5,14245,24,24,4194.6,true,
SH25130,2025-05-29,Busan,Dubai,Northstar Logistics,Rail,580.8,340,1,1,163.5,true,
SH26270,2025-05-29,Los Angeles,Hamburg,BlueWave Lines,Sea,3938.5,12256,20,21,4391.95,true,
SH26581,2025-05-29,Shanghai,Busan,Atlas Air Cargo,Air,125.4,2845,1,1,484.94,true,
SH28496,2025-05-29,Singapore,Rotterdam,Atlas Air Cargo,Air,287.1,15033,3,3,5549.93,true,
SH28813,2025-05-29,Hamburg,Ho Chi Minh City,Meridian Freight,Rail,789.4,2365,4,4,595.89,true,
SH29657,2025-05-29,Hamburg,Rotterdam,Meridian Freight,Sea,2947.7,12736,22,22,4032.34,true,
SH29753,2025-05-29,Ho Chi Minh City,Hamburg,Swift Cargo,Road,2442.5,1385,2,3,1536.63,true,
SH30754,2025-05-29,Rotterdam,Singapore,Atlas Air Cargo,Air,139.1,17435,3,3,2607.64,true,
SH31279,2025-05-29,Hamburg,Dubai,Meridian Freight,Sea,1008.0,9761,17,17,1024.39,true,
SH32053,2025-05-29,Busan,Rotterdam,Meridian Freight,Sea,874.8,16590,28,28,1423.56,true,
SH25121,2025-05-30,Dubai,Shanghai,Northstar Logistics,Sea,1798.3,12165,20,21,2004.01,true,
SH26080,2025-05-30,Los Angeles,Dubai,Meridian Freight,Sea,1849.9,4875,9,10,1002.97,true,
SH26198,2025-05-30,Rotterdam,Dubai,BlueWave Lines,Rail,1277.9,1003,2,2,377.74,true,
SH27753,2025-05-30,Shanghai,Dubai,Meridian Freight,Sea,2227.9,4240,9,9,923.88,true,
SH28064,2025-05-30,Rotterdam,Shanghai,BlueWave Lines,Sea,2385.4,9978,17,17,2206.41,true,
SH31447,2025-05-30,Rotterdam,Ho Chi Minh City,Northstar Logistics,Sea,1505.7,13583,25,23,2043.27,false,Weather
SH31785,2025-05-30,Ho Chi Minh City,Singapore,Swift Cargo,Sea,1391.5,17561,29,29,2395.69,true,
SH32813,2025-05-30,Shanghai,Hamburg,Northstar Logistics,Sea,933.8,15709,25,26,1501.46,true,
SH32882,2025-05-30,Ho Chi Minh City,Los Angeles,Northstar Logistics,Sea,1999.5,2383,6,6,604.72,true,
SH27203,2025-05-31,Hamburg,Rotterdam,Atlas Air Cargo,Air,173.1,17768,2,3,4048.42,true,
SH28334,2025-05-31,Ho Chi Minh City,Singapore,Swift Cargo,Sea,1401.2,10652,24,18,1722.54,false,Weather
SH28944,2025-05-31,Dubai,Ho Chi Minh City,Northstar Logistics,Sea,408.5,17463,29,29,760.31,true,
SH29986,2025-05-31,Ho Chi Minh City,Dubai,Northstar Logistics,Sea,4540.7,17521,29,29,6360.49,true,
SH30163,2025-05-31,Dubai,Busan,Swift Cargo,Sea,7504.2,17558,28,29,10339.53,true,
SH24657,2025-06-01,Dubai,Hamburg,BlueWave Lines,Sea,153.8,5747,11,11,191.47,true,
SH25778,2025-06-01,Dubai,Rotterdam,Atlas Air Cargo,Air,298.1,4151,1,1,1603.48,true,
SH28732,2025-06-01,Ho Chi Minh City,Los Angeles,Swift Cargo,Sea,309.1,2690,6,6,194.7,true,
SH30283,2025-06-01,Ho Chi Minh City,Singapore,Atlas Air Cargo,Air,491.4,7394,1,2,4208.28,true,
SH31266,2025-06-01,Singapore,Busan,BlueWave Lines,Sea,926.8,12491,20,21,1177.71,true,
SH31302,2025-06-01,Shanghai,Los Angeles,BlueWave Lines,Sea,2386.5,8315,17,15,2117.22,false,Port congestion
SH32126,2025-06-01,Los Angeles,Singapore,Northstar Logistics,Sea,3590.2,14319,24,24,5453.42,true,
SH32296,2025-06-01,Los Angeles,Dubai,BlueWave Lines,Sea,1685.8,15969,27,27,2597.23,true,
SH24982,2025-06-02,Rotterdam,Los Angeles,Meridian Freight,Sea,405.3,12287,21,21,571.68,true,
SH26471,2025-06-02,Busan,Ho Chi Minh City,Swift Cargo,Sea,1887.3,5000,10,10,893.62,true,
SH26634,2025-06-02,Dubai,Singapore,Meridian Freight,Sea,1645.7,12926,22,22,2036.19,true,
SH26689,2025-06-02,Shanghai,Hamburg,Northstar Logistics,Sea,906.0,5115,10,10,574.45,true,
SH26745,2025-06-02,Dubai,Shanghai,BlueWave Lines,Road,1333.5,1664,4,4,780.95,true,
SH27255,2025-06-02,Rotterdam,Hamburg,Swift Cargo,Sea,3095.7,3184,7,7,1018.66,true,
SH31225,2025-06-02,Hamburg,Busan,BlueWave Lines,Sea,634.1,875,3,3,166.13,true,
SH32031,2025-06-02,Los Angeles,Ho Chi Minh City,Swift Cargo,Road,2621.4,2335,5,5,2564.41,true,
SH32061,2025-06-02,Busan,Ho Chi Minh City,BlueWave Lines,Sea,2890.0,12759,22,22,4009.49,true,
SH32747,2025-06-02,Ho Chi Minh City,Shanghai,Meridian Freight,Rail,820.3,533,1,2,234.85,true,
SH24031,2025-06-03,Los Angeles,Dubai,Northstar Logistics,Sea,1023.1,16417,27,27,1699.59,true,Documentation
SH24439,2025-06-03,Busan,Dubai,BlueWave Lines,Sea,5429.9,13233,22,22,7523.73,true,
SH24758,2025-06-03,Dubai,Busan,Meridian Freight,Sea,399.7,1200,4,4,163.84,true,
SH24879,2025-06-03,Ho Chi Minh City,Hamburg,Meridian Freight,Sea,4481.0,5024,11,10,1880.09,false,Documentation
SH25225,2025-06-03,Los Angeles,Shanghai,Northstar Logistics,Rail,3421.3,2243,4,4,1816.06,true,
SH25460,2025-06-03,Los Angeles,Singapore,Atlas Air Cargo,Air,192.9,3548,1,1,914.67,true,
SH25690,2025-06-03,Busan,Ho Chi Minh City,Atlas Air Cargo,Air,145.8,3912,1,1,733.07,true,
SH25934,2025-06-03,Singapore,Ho Chi Minh City,Meridian Freight,Road,7056.2,1144,3,3,2723.76,true,
SH27507,2025-06-03,Los Angeles,Ho Chi Minh City,Northstar Logistics,Rail,575.9,1591,3,3,344.9,true,Weather
SH27607,2025-06-03,Rotterdam,Shanghai,BlueWave Lines,Road,474.4,1217,3,3,339.03,true,
SH27950,2025-06-03,Singapore,Shanghai,Northstar Logistics,Road,842.9,895,2,2,378.22,true,
SH28820,2025-06-03,Rotterdam,Dubai,Swift Cargo,Rail,3436.7,1048,2,2,982.79,true,
SH28952,2025-06-03,Singapore,Dubai,BlueWave Lines,Road,609.3,1553,4,4,425.89,true,
SH29141,2025-06-03,Shanghai,Rotterdam,BlueWave Lines,Sea,774.2,12383,21,21,896.53,true,
SH30066,2025-06-03,Los Angeles,Hamburg,BlueWave Lines,Sea,245.0,7147,13,13,289.96,true,
SH30986,2025-06-03,Dubai,Busan,Meridian Freight,Sea,771.8,6057,12,11,586.82,false,Port congestion
SH31847,2025-06-03,Singapore,Busan,Northstar Logistics,Sea,6492.5,10815,19,19,7512.02,true,
SH32767,2025-06-03,Dubai,Busan,Swift Cargo,Sea,749.8,11714,20,20,920.49,true,
SH32983,2025-06-03,Singapore,Dubai,Northstar Logistics,Road,523.2,1937,4,4,424.56,true,
SH24290,2025-06-04,Hamburg,Los Angeles,Northstar Logistics,Sea,3740.5,9110,16,16,2793.11,true,
SH24355,2025-06-04,Dubai,Ho Chi Minh City,Meridian Freight,Road,515.0,1903,4,4,504.21,true,
SH24744,2025-06-04,Dubai,Shanghai,Swift Cargo,Sea,1282.9,11000,19,19,1546.89,true,
SH25120,2025-06-04,Singapore,Dubai,Meridian Freight,Sea,3747.6,17824,29,29,6541.3,true,
SH25532,2025-06-04,Los Angeles,Rotterdam,Northstar Logistics,Rail,1109.4,1251,3,3,479.93,true,
SH25652,2025-06-04,Ho Chi Minh City,Hamburg,BlueWave Lines,Sea,324.1,14843,25,25,509.48,true,
SH25719,2025-06-04,Shanghai,Singapore,Atlas Air Cargo,Air,99.8,3224,1,1,532.31,true,
SH26314,2025-06-04,Busan,Los Angeles,Swift Cargo,Sea,2533.7,3440,7,7,987.51,true,
SH26369,2025-06-04,Singapore,Dubai,Northstar Logistics,Sea,5212.4,2691,5,6,1481.89,true,
SH27808,2025-06-04,Dubai,Busan,Atlas Air Cargo,Air,264.7,11584,2,2,3019.59,true,
SH29998,2025-06-04,Los Angeles,Singapore,Northstar Logistics,Sea,1425.2,17247,29,29,2566.78,true,
SH30012,2025-06-04,Shanghai,Hamburg,Meridian Freight,Sea,672.8,4513,9,9,424.13,true,
SH30280,2025-06-04,Busan,Los Angeles,BlueWave Lines,Rail,406.1,1679,6,3,274.53,false,Port congestion
SH31194,2025-06-04,Singapore,Shanghai,BlueWave Lines,Rail,622.3,726,1,2,213.65,true,
SH31688,2025-06-04,Shanghai,Busan,Atlas Air Cargo,Air,50.6,11006,2,2,842.07,true,
SH31730,2025-06-04,Los Angeles,Singapore,BlueWave Lines,Road,1710.8,2265,5,5,1671.92,true,
SH25420,2025-06-05,Shanghai,Ho Chi Minh City,BlueWave Lines,Rail,4191.9,245,1,1,377.28,true,
SH25776,2025-06-05,Rotterdam,Hamburg,BlueWave Lines,Sea,5151.6,1733,9,5,997.62,false,Port congestion
SH25910,2025-06-05,Dubai,Singapore,Atlas Air Cargo,Air,132.3,10237,1,2,1625.21,true,
SH27338,2025-06-05,Rotterdam,Dubai,Swift Cargo,Rail,1429.8,2297,3,4,793.5,true,
SH27567,2025-06-05,Los Angeles,Ho Chi Minh City,Swift Cargo,Sea,349.9,9457,17,17,455.13,true,
SH27612,2025-06-05,Hamburg,Dubai,Northstar Logistics,Road,6735.8,792,6,2,2316.02,false,Equipment
SH28290,2025-06-05,Los Angeles,Busan,Northstar Logistics,Sea,1697.2,14991,24,25,2136.21,true,
SH29450,2025-06-05,Singapore,Los Angeles,Atlas Air Cargo,Air,158.4,15704,3,3,2655.05,true,
SH29756,2025-06-05,Dubai,Busan,Northstar Logistics,Sea,1459.0,7414,15,13,1034.81,false,Port congestion
SH30089,2025-06-05,Los Angeles,Rotterdam,Northstar Logistics,Road,1090.7,1290,5,3,634.39,false,Port congestion
SH30332,2025-06-05,Los Angeles,Singapore,BlueWave Lines,Sea,2146.5,12646,20,21,2339.71,true,
SH30807,2025-06-05,Singapore,Hamburg,Northstar Logistics,Sea,2899.2,13701,32,23,3939.93,false,Port congestion
SH30989,2025-06-05,Rotterdam,Shanghai,Meridian Freight,Rail,1434.6,2062,3,4,820.84,true,
SH32770,2025-06-05,Dubai,Singapore,Meridian Freight,Sea,12342.3,6830,13,13,7077.36,true,
SH24244,2025-06-06,Shanghai,Singapore,Swift Cargo,Rail,2240.5,1116,2,2,616.42,true,
SH24811,2025-06-06,Rotterdam,Dubai,BlueWave Lines,Road,4508.7,1344,3,3,2538.28,true,
SH24838,2025-06-06,Busan,Rotterdam,Atlas Air Cargo,Air,146.1,7919,2,2,1267.02,true,
SH25350,2025-06-06,Busan,Singapore,BlueWave Lines,Road,2317.8,1659,4,4,1638.26,true,
SH25919,2025-06-06,Rotterdam,Ho Chi Minh City,Northstar Logistics,Sea,1969.9,14069,23,24,2640.94,true,
SH26128,2025-06-06,Los Angeles,Hamburg,Swift Cargo,Sea,1212.6,10019,17,17,1345.14,true,
SH26393,2025-06-06,Dubai,Ho Chi Minh City,Swift Cargo,Sea,332.8,15579,25,26,597.67,true,
SH27834,2025-06-06,Singapore,Ho Chi Minh City,Northstar Logistics,Sea,1490.7,9875,19,17,1346.51,false,Port congestion
SH28008,2025-06-06,Hamburg,Los Angeles,Swift Cargo,Sea,2334.1,1713,4,5,489.51,true,
SH28368,2025-06-06,Rotterdam,Shanghai,BlueWave Lines,Road,906.5,2412,4,5,930.18,true,
SH29123,2025-06-06,Ho Chi Minh City,Los Angeles,Swift Cargo,Rail,2637.4,400,2,2,377.27,true,
SH29408,2025-06-06,Dubai,Singapore,Northstar Logistics,Sea,1581.5,4835,9,9,880.22,true,
SH29567,2025-06-06,Shanghai,Singapore,Swift Cargo,Sea,2145.6,12686,22,22,2615.65,true,
SH30695,2025-06-06,Los Angeles,Ho Chi Minh City,Meridian Freight,Sea,3972.3,17464,35,29,5617.8,false,Customs
SH31143,2025-06-06,Los Angeles,Singapore,Atlas Air Cargo,Air,79.7,7251,2,2,761.96,true,
SH31703,2025-06-06,Rotterdam,Dubai,BlueWave Lines,Sea,2627.8,5650,10,11,1499.81,true,
SH31715,2025-06-06,Singapore,Hamburg,Northstar Logistics,Sea,722.8,17475,31,29,1129.61,false,Documentation
SH32538,2025-06-06,Singapore,Hamburg,Atlas Air Cargo,Air,130.3,10723,4,2,1460.96,false,Customs
SH32759,2025-06-06,Los Angeles,Shanghai,BlueWave Lines,Sea,3425.4,17910,30,30,6198.28,true,
SH32947,2025-06-06,Rotterdam,Shanghai,Northstar Logistics,Sea,1250.3,5288,10,10,731.03,true,
SH24601,2025-06-07,Dubai,Hamburg,Meridian Freight,Sea,2440.7,5222,10,10,1478.69,true,
SH26116,2025-06-07,Hamburg,Shanghai,Northstar Logistics,Road,2066.9,1142,2,3,856.84,true,
SH26565,2025-06-07,Los Angeles,Rotterdam,Meridian Freight,Sea,3287.9,13488,23,23,3570.83,true,Customs
SH27267,2025-06-07,Shanghai,Singapore,Swift Cargo,Sea,2941.1,5567,11,11,1635.06,true,
SH27373,2025-06-07,Hamburg,Ho Chi Minh City,Swift Cargo,Sea,1142.9,2593,12,6,376.95,false,Port congestion
SH27634,2025-06-07,Shanghai,Rotterdam,Swift Cargo,Sea,225.3,4530,8,9,202.41,true,
SH28476,2025-06-07,Rotterdam,Singapore,Atlas Air Cargo,Air,701.7,3351,1,1,3066.44,true,
SH28598,2025-06-07,Los Angeles,Dubai,Atlas Air Cargo,Air,237.1,9492,3,2,2995.71,false,Equipment
SH29210,2025-06-07,Singapore,Busan,Northstar Logistics,Road,817.6,2216,7,5,814.04,false,Equipment
SH30214,2025-06-07,Shanghai,Hamburg,Northstar Logistics,Sea,1700.1,5393,15,10,901.89,false,Customs
SH30341,2025-06-07,Ho Chi Minh City,Busan,Northstar Logistics,Sea,591.0,10636,17,18,768.79,true,
SH30356,2025-06-07,Shanghai,Dubai,BlueWave Lines,Sea,881.4,9612,16,17,964.01,true,
SH30798,2025-06-07,Hamburg,Rotterdam,Meridian Freight,Sea,595.2,14073,23,24,918.35,true,
SH31174,2025-06-07,Busan,Singapore,Meridian Freight,Road,1159.7,1113,2,3,584.33,true,
SH31331,2025-06-07,Hamburg,Shanghai,Meridian Freight,Rail,1086.0,618,2,2,263.25,true,
SH31487,2025-06-07,Rotterdam,Ho Chi Minh City,Meridian Freight,Sea,1812.7,8517,15,15,1322.85,true,
SH24293,2025-06-08,Busan,Shanghai,Swift Cargo,Sea,1355.9,8923,16,16,1249.48,true,
SH24778,2025-06-08,Busan,Dubai,Northstar Logistics,Sea,872.0,7621,16,14,771.63,false,Port congestion
SH24831,2025-06-08,Ho Chi Minh City,Busan,Swift Cargo,Sea,1020.0,7574,14,14,932.16,true,
SH24919,2025-06-08,Singapore,Ho Chi Minh City,Northstar Logistics,Road,1170.1,2488,5,5,1241.94,true,
SH24980,2025-06-08,Busan,Rotterdam,Northstar Logistics,Sea,889.6,7275,15,13,771.07,false,Port congestion
SH25807,2025-06-08,Hamburg,Singapore,BlueWave Lines,Sea,2806.5,12639,20,21,3176.97,true,
SH27009,2025-06-08,Shanghai,Rotterdam,BlueWave Lines,Rail,1786.8,440,2,2,290.67,true,
SH27681,2025-06-08,Rotterdam,Busan,BlueWave Lines,Sea,1078.2,10922,21,19,1135.48,false,Weather
SH31164,2025-06-08,Singapore,Busan,Atlas Air Cargo,Air,462.9,16047,2,3,9126.54,true,
SH31219,2025-06-08,Ho Chi Minh City,Singapore,Atlas Air Cargo,Air,806.1,15973,3,3,13811.1,true,
SH31264,2025-06-08,Busan,Dubai,Atlas Air Cargo,Air,197.0,5738,3,2,1546.26,false,Port congestion
SH31271,2025-06-08,Singapore,Ho Chi Minh City,Atlas Air Cargo,Air,969.0,17794,3,3,21665.14,true,
SH32960,2025-06-08,Dubai,Shanghai,Atlas Air Cargo,Air,926.8,2421,1,1,3070.73,true,
SH24445,2025-06-09,Dubai,Singapore,Atlas Air Cargo,Air,390.6,1496,1,1,699.77,true,
SH24463,2025-06-09,Hamburg,Dubai,Swift Cargo,Rail,5042.5,916,2,2,997.95,true,
SH25621,2025-06-09,Los Angeles,Hamburg,Northstar Logistics,Sea,2870.0,6524,12,12,2107.07,true,
SH26893,2025-06-09,Dubai,Hamburg,Swift Cargo,Road,1639.5,1847,4,4,1255.89,true,
SH27596,2025-06-09,Ho Chi Minh City,Dubai,Northstar Logistics,Sea,1870.2,3469,13,7,768.27,false,Port congestion
SH29219,2025-06-09,Rotterdam,Los Angeles,Atlas Air Cargo,Air,80.8,14792,3,3,1685.85,true,
SH30036,2025-06-09,Ho Chi Minh City,Rotterdam,Meridian Freight,Rail,1425.0,2108,4,4,764.18,true,
SH30655,2025-06-09,Dubai,Shanghai,Atlas Air Cargo,Air,125.6,6732,2,2,986.24,true,
SH32469,2025-06-09,Busan,Los Angeles,Northstar Logistics,Rail,258.9,1303,3,3,207.25,true,
SH24108,2025-06-10,Dubai,Hamburg,Atlas Air Cargo,Air,355.2,6421,2,2,2511.22,true,
SH24631,2025-06-10,Rotterdam,Los Angeles,Meridian Freight,Rail,769.0,1847,3,3,449.28,true,
SH25273,2025-06-10,Los Angeles,Busan,BlueWave Lines,Sea,1873.3,5825,11,11,1017.35,true,
SH26606,2025-06-10,Hamburg,Shanghai,Swift Cargo,Rail,357.8,202,1,1,135.1,true,
SH26681,2025-06-10,Shanghai,Ho Chi Minh City,Meridian Freight,Road,2394.4,773,2,2,737.66,true,
SH26868,2025-06-10,Hamburg,Singapore,BlueWave Lines,Sea,1434.5,12168,20,21,1675.53,true,
SH28185,2025-06-10,Singapore,Rotterdam,Atlas Air Cargo,Air,336.3,4941,1,2,2141.05,true,
SH28412,2025-06-10,Ho Chi Minh City,Hamburg,Meridian Freight,Sea,6555.7,9641,16,17,5039.68,true,
SH28608,2025-06-10,Hamburg,Rotterdam,Northstar Logistics,Sea,510.6,6781,11,12,463.04,true,
SH29344,2025-06-10,Rotterdam,Shanghai,Swift Cargo,Road,442.7,2199,5,5,455.88,true,
SH29720,2025-06-10,Rotterdam,Singapore,Atlas Air Cargo,Air,82.8,1385,1,1,247.58,true,
SH30456,2025-06-10,Singapore,Rotterdam,Meridian Freight,Sea,5613.6,11908,20,20,7220.92,true,
SH30606,2025-06-10,Singapore,Busan,Meridian Freight,Sea,483.3,7324,13,13,424.18,true,
SH31982,2025-06-10,Busan,Dubai,Meridian Freight,Sea,1413.4,4802,15,9,756.6,false,Documentation
SH32695,2025-06-10,Los Angeles,Hamburg,Northstar Logistics,Rail,653.2,1600,6,3,366.48,false,Port congestion
SH24266,2025-06-11,Los Angeles,Busan,Meridian Freight,Rail,1584.9,1680,3,3,800.8,true,
SH24286,2025-06-11,Rotterdam,Dubai,Swift Cargo,Sea,7338.6,887,3,3,653.52,true,
SH24905,2025-06-11,Shanghai,Singapore,Northstar Logistics,Road,1038.4,984,3,3,457.67,true,
SH25248,2025-06-11,Ho Chi Minh City,Los Angeles,Meridian Freight,Rail,5676.6,789,2,2,1025.55,true,
SH25266,2025-06-11,Hamburg,Los Angeles,Atlas Air Cargo,Air,141.3,961,1,1,267.59,true,
SH25437,2025-06-11,Singapore,Shanghai,Atlas Air Cargo,Air,1128.8,16880,2,3,20320.23,true,
SH25470,2025-06-11,Singapore,Hamburg,Meridian Freight,Sea,1020.1,15198,25,25,1588.05,true,
SH26535,2025-06-11,Dubai,Hamburg,Northstar Logistics,Sea,739.8,3767,8,8,366.14,true,
SH26914,2025-06-11,Singapore,Hamburg,Swift Cargo,Sea,3040.0,14192,23,24,4363.59,true,
SH28157,2025-06-11,Los Angeles,Dubai,BlueWave Lines,Sea,916.6,10232,18,18,964.64,true,
SH29902,2025-06-11,Ho Chi Minh City,Hamburg,Swift Cargo,Rail,659.4,479,2,2,196.92,true,
SH31223,2025-06-11,Busan,Los Angeles,Meridian Freight,Road,2314.9,1181,3,3,937.07,true,
SH31709,2025-06-11,Shanghai,Hamburg,Northstar Logistics,Road,2519.2,510,1,2,584.67,true,
SH32324,2025-06-11,Ho Chi Minh City,Rotterdam,Atlas Air Cargo,Air,918.6,11555,2,2,13329.1,true,
SH24328,2025-06-12,Rotterdam,Shanghai,Meridian Freight,Sea,2211.5,14133,24,24,2957.29,true,
SH24810,2025-06-12,Shanghai,Ho Chi Minh City,Northstar Logistics,Sea,621.8,10922,19,19,740.75,true,
SH25590,2025-06-12,Busan,Dubai,BlueWave Lines,Sea,485.2,15325,26,26,914.69,true,
SH26543,2025-06-12,Dubai,Shanghai,Atlas Air Cargo,Air,919.9,10805,2,2,9797.91,true,
SH27026,2025-06-12,Los Angeles,Rotterdam,Northstar Logistics,Sea,1129.1,17647,30,29,1935.11,false,Weather
SH28583,2025-06-12,Hamburg,Ho Chi Minh City,Northstar Logistics,Sea,4785.8,15282,26,26,7860.95,true,
SH29538,2025-06-12,Shanghai,Singapore,Atlas Air Cargo,Air,138.0,15860,4,3,2801.28,false,Port congestion
SH30311,2025-06-12,Dubai,Rotterdam,BlueWave Lines,Sea,444.6,4204,8,8,277.96,true,
SH31152,2025-06-12,Busan,Rotterdam,BlueWave Lines,Sea,701.2,2321,5,6,272.02,true,
SH31282,2025-06-12,Rotterdam,Singapore,Northstar Logistics,Sea,2835.0,4987,10,10,1486.21,true,
SH32376,2025-06-12,Hamburg,Dubai,Meridian Freight,Sea,7422.1,17501,29,29,12506.2,true,
SH25574,2025-06-13,Los Angeles,Shanghai,Swift Cargo,Rail,2207.5,1088,2,2,607.34,true,
SH25685,2025-06-13,Shanghai,Hamburg,Atlas Air Cargo,Air,93.0,11742,2,2,1216.55,true,
SH25785,2025-06-13,Los Angeles,Shanghai,Atlas Air Cargo,Air,660.4,14225,3,3,11920.72,true,
SH26106,2025-06-13,Rotterdam,Busan,Swift Cargo,Sea,1090.4,13282,21,22,1295.37,true,
SH26107,2025-06-13,Hamburg,Singapore,BlueWave Lines,Sea,1599.5,8771,14,15,1311.47,true,
SH26260,2025-06-13,Dubai,Los Angeles,BlueWave Lines,Sea,4812.2,13514,28,23,5756.43,false,Port congestion
SH26775,2025-06-13,Rotterdam,Busan,Northstar Logistics,Road,331.3,1774,6,4,341.23,false,Customs
SH27455,2025-06-13,Shanghai,Los Angeles,Meridian Freight,Sea,678.4,5904,11,11,478.84,true,
SH27547,2025-06-13,Rotterdam,Ho Chi Minh City,Meridian Freight,Road,1288.6,393,2,2,319.55,true,
SH27566,2025-06-13,Shanghai,Hamburg,Atlas Air Cargo,Air,128.2,4551,2,2,721.01,true,
SH30354,2025-06-13,Ho Chi Minh City,Rotterdam,Atlas Air Cargo,Air,143.3,16561,3,3,2812.8,true,
SH30430,2025-06-13,Singapore,Dubai,Atlas Air Cargo,Air,509.2,15718,2,3,8554.05,true,
SH30563,2025-06-13,Hamburg,Los Angeles,Swift Cargo,Sea,1440.4,11260,18,19,1504.48,true,
SH32010,2025-06-13,Busan,Shanghai,Swift Cargo,Road,341.7,1964,8,4,393.11,false,Customs
SH32123,2025-06-13,Busan,Singapore,BlueWave Lines,Road,579.0,681,2,2,272.22,true,
SH32290,2025-06-13,Rotterdam,Singapore,BlueWave Lines,Sea,471.1,13352,22,23,609.59,true,
SH24342,2025-06-14,Busan,Ho Chi Minh City,BlueWave Lines,Sea,753.7,8338,15,15,674.81,true,
SH24915,2025-06-14,Ho Chi Minh City,Busan,Swift Cargo,Sea,804.5,12229,22,21,989.52,false,Customs
SH25117,2025-06-14,Shanghai,Singapore,Swift Cargo,Rail,918.8,1785,2,3,531.39,true,
SH26484,2025-06-14,Busan,Dubai,Meridian Freight,Road,6571.7,2351,5,5,5261.61,true,
SH27253,2025-06-14,Los Angeles,Singapore,BlueWave Lines,Sea,2739.8,6584,12,12,1866.44,true,
SH27416,2025-06-14,Singapore,Rotterdam,Meridian Freight,Rail,1513.3,1536,3,3,663.95,true,
SH28248,2025-06-14,Shanghai,Los Angeles,Atlas Air Cargo,Air,350.5,12619,1,2,4356.71,true,
SH28397,2025-06-14,Singapore,Busan,BlueWave Lines,Sea,1039.7,16588,28,28,1443.83,true,
SH28636,2025-06-14,Busan,Hamburg,Meridian Freight,Sea,566.0,17711,32,29,913.76,false,Customs
SH30696,2025-06-14,Hamburg,Ho Chi Minh City,Swift Cargo,Sea,5146.4,3192,7,7,1435.56,true,
SH31023,2025-06-14,Dubai,Shanghai,Northstar Logistics,Sea,1192.9,859,3,3,200.68,true,
SH31782,2025-06-14,Rotterdam,Hamburg,Swift Cargo,Sea,2170.1,6454,11,12,1368.56,true,
SH31811,2025-06-14,Rotterdam,Los Angeles,Northstar Logistics,Road,1009.7,1062,2,3,566.76,true,
SH32400,2025-06-14,Dubai,Hamburg,Atlas Air Cargo,Air,275.9,7608,1,2,2236.46,true,
SH32857,2025-06-14,Hamburg,Los Angeles,Atlas Air Cargo,Air,793.6,8751,2,2,6864.27,true,
SH32974,2025-06-14,Rotterdam,Ho Chi Minh City,Swift Cargo,Sea,1554.3,928,3,3,231.28,true,
SH24170,2025-06-15,Busan,Hamburg,Swift Cargo,Rail,397.9,1866,3,3,290.04,true,
SH26006,2025-06-15,Rotterdam,Busan,Northstar Logistics,Sea,1456.6,1714,5,5,373.45,true,
SH26498,2025-06-15,Shanghai,Busan,Swift Cargo,Sea,639.4,5282,10,10,434.99,true,
SH27593,2025-06-15,Singapore,Ho Chi Minh City,Northstar Logistics,Sea,4382.5,17449,29,29,6121.67,true,
SH29576,2025-06-15,Ho Chi Minh City,Rotterdam,Northstar Logistics,Sea,732.4,15002,25,25,1148.0,true,
SH30467,2025-06-15,Ho Chi Minh City,Busan,BlueWave Lines,Sea,1788.9,14973,25,25,2639.49,true,
SH31013,2025-06-15,Los Angeles,Ho Chi Minh City,Atlas Air Cargo,Air,884.2,15770,2,3,17832.16,true,
SH31111,2025-06-15,Hamburg,Los Angeles,Northstar Logistics,Sea,2576.5,8815,25,16,2464.69,false,Weather
SH32553,2025-06-15,Ho Chi Minh City,Los Angeles,Meridian Freight,Rail,701.6,258,2,1,167.31,false,Port congestion
SH24699,2025-06-16,Ho Chi Minh City,Los Angeles,BlueWave Lines,Rail,1327.6,724,2,2,325.29,true,
SH29631,2025-06-16,Shanghai,Ho Chi Minh City,Atlas Air Cargo,Air,381.5,7159,2,2,3680.21,true,
SH29760,2025-06-16,Rotterdam,Hamburg,BlueWave Lines,Sea,610.7,2913,5,6,259.24,true,
SH30126,2025-06-16,Los Angeles,Shanghai,Northstar Logistics,Sea,673.2,4844,9,9,397.74,true,
SH30367,2025-06-16,Los Angeles,Rotterdam,Northstar Logistics,Road,1107.7,1872,5,4,919.43,false,Weather
SH30925,2025-06-16,Hamburg,Dubai,Atlas Air Cargo,Air,190.0,11295,2,2,2637.94,true,
SH31514,2025-06-16,Los Angeles,Dubai,Meridian Freight,Sea,2774.7,17596,29,29,4764.51,true,
SH32113,2025-06-16,Busan,Shanghai,Atlas Air Cargo,Air,262.3,10697,2,2,3803.02,true,
SH32491,2025-06-16,Hamburg,Los Angeles,Swift Cargo,Sea,1365.7,11365,19,19,1549.78,true,
SH25055,2025-06-17,Shanghai,Dubai,Swift Cargo,Sea,2903.9,2431,6,6,851.85,true,
SH25492,2025-06-17,Ho Chi Minh City,Hamburg,BlueWave Lines,Rail,1741.4,738,1,2,363.69,true,
SH26848,2025-06-17,Ho Chi Minh City,Shanghai,Atlas Air Cargo,Air,48.3,15978,3,3,1031.48,true,
SH27560,2025-06-17,Rotterdam,Shanghai,Meridian Freight,Sea,1845.2,15044,25,25,2808.79,true,
SH29380,2025-06-17,Los Angeles,Dubai,Atlas Air Cargo,Air,517.3,17476,3,3,11986.62,true,
SH29661,2025-06-17,Dubai,Los Angeles,Atlas Air Cargo,Air,1250.9,2730,1,1,3856.38,true,
SH30298,2025-06-17,Dubai,Shanghai,Northstar Logistics,Sea,562.1,12432,21,21,723.31,true,
SH30372,2025-06-17,Singapore,Ho Chi Minh City,Swift Cargo,Sea,333.4,1375,4,4,162.05,true,
SH30910,2025-06-17,Los Angeles,Dubai,Northstar Logistics,Sea,431.4,847,3,3,151.66,true,
SH31094,2025-06-17,Busan,Los Angeles,Northstar Logistics,Sea,1493.6,16631,27,28,2678.69,true,
SH32744,2025-06-17,Ho Chi Minh City,Hamburg,Atlas Air Cargo,Air,214.6,2002,1,1,603.22,true,
SH24226,2025-06-18,Rotterdam,Los Angeles,Meridian Freight,Sea,3048.8,4623,9,9,1317.93,true,
SH24567,2025-06-18,Los Angeles,Hamburg,BlueWave Lines,Road,491.6,987,3,3,304.2,true,
SH24609,2025-06-18,Hamburg,Rotterdam,Meridian Freight,Sea,780.3,12060,20,21,869.43,true,
SH25157,2025-06-18,Singapore,Dubai,BlueWave Lines,Sea,1613.2,2529,7,6,553.05,false,Port congestion
SH25572,2025-06-18,Dubai,Busan,Northstar Logistics,Sea,2704.7,7711,14,14,2344.13,true,
SH25733,2025-06-18,Ho Chi Minh City,Busan,Atlas Air Cargo,Air,537.5,6104,1,2,3919.32,true,
SH27577,2025-06-18,Dubai,Busan,BlueWave Lines,Sea,958.0,16363,26,27,1436.28,true,
SH27967,2025-06-18,Los Angeles,Busan,Swift Cargo,Rail,4373.2,2026,3,4,2455.77,true,
SH28394,2025-06-18,Singapore,Shanghai,Meridian Freight,Road,1388.7,2277,5,5,1241.07,true,
SH28741,2025-06-18,Singapore,Ho Chi Minh City,BlueWave Lines,Road,1433.8,2413,5,5,1532.52,true,
SH28879,2025-06-18,Shanghai,Dubai,Atlas Air Cargo,Air,362.6,13115,2,2,5805.45,true,
SH29732,2025-06-18,Los Angeles,Hamburg,Meridian Freight,Road,4915.7,741,1,2,1322.26,true,
SH30464,2025-06-18,Hamburg,Singapore,Atlas Air Cargo,Air,1204.9,9787,1,2,11586.53,true,
SH30732,2025-06-18,Hamburg,Ho Chi Minh City,Northstar Logistics,Sea,1219.7,15387,26,26,1854.31,true,
SH30881,2025-06-18,Shanghai,Los Angeles,Meridian Freight,Road,1158.7,1270,3,3,733.05,true,
SH30953,2025-06-18,Hamburg,Busan,Northstar Logistics,Sea,2624.6,9358,15,16,2387.87,true,
SH31312,2025-06-18,Singapore,Hamburg,Meridian Freight,Sea,2744.4,6366,12,12,2002.78,true,
SH32202,2025-06-18,Busan,Rotterdam,Atlas Air Cargo,Air,2264.5,8821,1,2,21185.99,true,
SH25762,2025-06-19,Busan,Los Angeles,Swift Cargo,Rail,380.9,1396,3,3,227.62,true,
SH26146,2025-06-19,Busan,Hamburg,Atlas Air Cargo,Air,404.8,9528,2,2,5065.69,true,
SH26190,2025-06-19,Singapore,Dubai,BlueWave Lines,Sea,1212.2,7339,13,13,998.14,true,
SH26770,2025-06-19,Ho Chi Minh City,Singapore,BlueWave Lines,Sea,3358.2,8983,16,16,2741.64,true,
SH26980,2025-06-19,Busan,Dubai,Swift Cargo,Sea,1199.7,11884,20,20,1277.52,true,
SH27986,2025-06-19,Busan,Singapore,Atlas Air Cargo,Air,453.5,9209,2,2,5396.56,true,
SH28216,2025-06-19,Ho Chi Minh City,Busan,Atlas Air Cargo,Air,94.6,17225,3,3,2161.79,true,
SH29245,2025-06-19,Rotterdam,Los Angeles,Atlas Air Cargo,Air,458.4,11709,1,2,6073.82,true,
SH29377,2025-06-19,Hamburg,Ho Chi Minh City,Swift Cargo,Sea,3222.6,2246,5,5,743.94,true,
SH29875,2025-06-19,Singapore,Dubai,Atlas Air Cargo,Air,193.8,17703,3,3,3441.15,true,
SH31021,2025-06-19,Shanghai,Rotterdam,Swift Cargo,Sea,906.2,12643,21,21,1205.72,true,
SH31787,2025-06-19,Rotterdam,Dubai,Northstar Logistics,Sea,1323.8,5987,11,11,946.32,true,
SH32465,2025-06-19,Hamburg,Busan,Northstar Logistics,Sea,842.4,12504,20,21,932.43,true,
SH32867,2025-06-19,Dubai,Hamburg,BlueWave Lines,Sea,616.9,8533,15,15,573.9,true,
SH24237,2025-06-20,Shanghai,Busan,Meridian Freight,Sea,3313.0,15877,26,26,5312.51,true,
SH24806,2025-06-20,Hamburg,Shanghai,Northstar Logistics,Rail,349.4,1687,3,3,235.9,true,
SH24955,2025-06-20,Dubai,Shanghai,Northstar Logistics,Rail,1295.6,2474,4,4,758.68,true,
SH25187,2025-06-20,Ho Chi Minh City,Shanghai,Swift Cargo,Road,1129.0,296,1,1,236.91,true,
SH26063,2025-06-20,Shanghai,Singapore,Swift Cargo,Sea,995.1,13508,23,23,1151.61,true,
SH26413,2025-06-20,Rotterdam,Busan,Swift Cargo,Road,585.9,647,2,2,265.81,true,
SH26626,2025-06-20,Dubai,Rotterdam,BlueWave Lines,Rail,8680.5,1211,2,3,2353.37,true,
SH27740,2025-06-20,Ho Chi Minh City,Busan,Atlas Air Cargo,Air,100.4,11166,2,2,1587.6,true,
SH28434,2025-06-20,Ho Chi Minh City,Dubai,Meridian Freight,Road,806.3,1225,8,3,528.96,false,Equipment
SH28773,2025-06-20,Shanghai,Busan,Meridian Freight,Road,542.8,1810,4,4,463.43,true,
SH30096,2025-06-20,Ho Chi Minh City,Los Angeles,Swift Cargo,Rail,1190.2,1291,5,3,432.22,false,Port congestion
SH31379,2025-06-20,Singapore,Shanghai,Meridian Freight,Sea,1331.6,9343,16,16,1358.96,true,
SH31567,2025-06-20,Busan,Ho Chi Minh City,Atlas Air Cargo,Air,93.1,2131,1,1,326.99,true,
SH31690,2025-06-20,Busan,Shanghai,Swift Cargo,Road,644.9,1371,3,3,395.49,true,
SH31844,2025-06-20,Rotterdam,Busan,Northstar Logistics,Sea,1183.9,15743,26,26,1890.94,true,
SH32579,2025-06-20,Los Angeles,Hamburg,Northstar Logistics,Sea,1660.9,17929,30,30,3129.49,true,
SH24580,2025-06-21,Los Angeles,Singapore,Meridian Freight,Rail,427.7,869,2,2,215.22,true,
SH24818,2025-06-21,Dubai,Hamburg,Northstar Logistics,Sea,3449.8,14716,25,25,5293.69,true,Port congestion
SH24943,2025-06-21,Dubai,Rotterdam,Atlas Air Cargo,Air,230.6,16551,3,3,4742.04,true,
SH26248,2025-06-21,Dubai,Busan,Northstar Logistics,Sea,864.4,7349,13,13,804.74,true,
SH26252,2025-06-21,Los Angeles,Shanghai,Northstar Logistics,Sea,2133.9,16821,27,28,3857.09,true,
SH26451,2025-06-21,Ho Chi Minh City,Los Angeles,BlueWave Lines,Sea,1515.2,4048,8,8,696.76,true,
SH27518,2025-06-21,Ho Chi Minh City,Los Angeles,Swift Cargo,Road,1358.4,2414,5,5,1304.2,true,
SH27614,2025-06-21,Dubai,Hamburg,Atlas Air Cargo,Air,239.1,4125,1,1,1371.26,true,Weather
SH28047,2025-06-21,Dubai,Singapore,Atlas Air Cargo,Air,312.8,2095,1,1,914.8,true,
SH29117,2025-06-21,Shanghai,Rotterdam,Meridian Freight,Road,461.0,354,4,2,174.63,false,Customs
SH29346,2025-06-21,Shanghai,Dubai,Northstar Logistics,Sea,898.5,16662,28,28,1371.24,true,
SH30037,2025-06-21,Shanghai,Busan,BlueWave Lines,Rail,409.2,852,1,2,186.72,true,
SH31722,2025-06-21,Hamburg,Dubai,Northstar Logistics,Sea,1827.0,5323,10,10,984.56,true,
SH32540,2025-06-21,Singapore,Dubai,Swift Cargo,Rail,730.5,891,2,2,264.68,true,
SH24289,2025-06-22,Busan,Hamburg,Swift Cargo,Sea,1301.8,7298,13,13,1028.16,true,
SH24350,2025-06-22,Singapore,Shanghai,Meridian Freight,Rail,3817.1,1665,4,3,1549.7,false,Equipment
SH24695,2025-06-22,Shanghai,Hamburg,BlueWave Lines,Sea,2797.0,11005,19,19,2881.03,true,
SH25337,2025-06-22,Ho Chi Minh City,Hamburg,Atlas Air Cargo,Air,227.6,12712,2,2,3352.1,true,
SH25429,2025-06-22,Busan,Singapore,Meridian Freight,Sea,431.1,2199,5,5,208.3,true,
SH26148,2025-06-22,Los Angeles,Busan,Meridian Freight,Sea,1615.8,12140,21,21,1651.26,true,
SH26435,2025-06-22,Singapore,Busan,Northstar Logistics,Sea,4133.8,3944,14,8,1448.23,false,Equipment
SH26698,2025-06-22,Los Angeles,Dubai,BlueWave Lines,Sea,2403.1,12164,20,21,3083.52,true,
SH27682,2025-06-22,Singapore,Hamburg,Meridian Freight,Sea,1918.1,17500,28,29,3430.14,true,
SH28941,2025-06-22,Los Angeles,Singapore,BlueWave Lines,Sea,302.0,11106,19,19,471.85,true,
SH29032,2025-06-22,Dubai,Rotterdam,Atlas Air Cargo,Air,130.4,14144,3,3,2390.87,true,
SH29529,2025-06-22,Shanghai,Busan,Atlas Air Cargo,Air,379.4,3421,1,1,1514.98,true,
SH29846,2025-06-22,Ho Chi Minh City,Los Angeles,Swift Cargo,Sea,3992.9,1192,4,4,579.81,true,
SH30306,2025-06-22,Singapore,Los Angeles,Swift Cargo,Sea,1469.0,5457,11,10,876.29,false,Customs
SH30917,2025-06-22,Singapore,Los Angeles,BlueWave Lines,Rail,629.2,1541,2,3,331.22,true,
SH31465,2025-06-22,Dubai,Los Angeles,Atlas Air Cargo,Air,76.3,16472,3,3,1396.81,true,
SH32213,2025-06-22,Ho Chi Minh City,Singapore,Northstar Logistics,Road,222.1,2437,5,5,326.59,true,
SH32701,2025-06-22,Rotterdam,Ho Chi Minh City,Northstar Logistics,Road,1238.4,1384,3,3,682.68,true,
SH24256,2025-06-23,Busan,Shanghai,Meridian Freight,Sea,1726.2,8443,14,15,1489.4,true,
SH24464,2025-06-23,Hamburg,Singapore,Meridian Freight,Road,702.5,491,2,2,233.58,true,Customs
SH25552,2025-06-23,Los Angeles,Dubai,BlueWave Lines,Rail,798.9,443,2,2,187.07,true,
SH25638,2025-06-23,Dubai,Rotterdam,BlueWave Lines,Rail,484.2,2403,3,4,376.72,true,
SH25645,2025-06-23,Shanghai,Busan,Northstar Logistics,Road,3742.3,1356,3,3,1651.22,true,Equipment
SH27198,2025-06-23,Ho Chi Minh City,Dubai,Northstar Logistics,Sea,1855.7,15036,33,25,2595.75,false,Customs
SH27418,2025-06-23,Rotterdam,Dubai,Swift Cargo,Sea,258.2,3181,7,7,186.73,true,
SH27528,2025-06-23,Dubai,Los Angeles,Meridian Freight,Sea,3037.9,10148,18,18,3356.04,true,
SH27910,2025-06-23,Los Angeles,Dubai,Swift Cargo,Sea,625.5,3242,8,7,323.12,false,Customs
SH28709,2025-06-23,Dubai,Rotterdam,Atlas Air Cargo,Air,538.4,11141,1,2,6735.68,true,
SH29651,2025-06-23,Los Angeles,Rotterdam,BlueWave Lines,Sea,928.6,13641,23,23,1135.03,true,
SH30179,2025-06-23,Rotterdam,Ho Chi Minh City,Swift Cargo,Road,2305.6,283,1,1,325.73,true,
SH24529,2025-06-24,Busan,Rotterdam,Swift Cargo,Road,2625.3,1245,3,3,1454.87,true,
SH24945,2025-06-24,Hamburg,Dubai,Northstar Logistics,Sea,229.9,7162,14,13,256.47,false,Port congestion
SH25953,2025-06-24,Shanghai,Los Angeles,Swift Cargo,Rail,2317.5,1698,3,3,1049.57,true,
SH26268,2025-06-24,Shanghai,Dubai,Swift Cargo,Sea,757.3,9084,16,16,839.18,true,
SH27905,2025-06-24,Los Angeles,Singapore,BlueWave Lines,Sea,3575.8,5524,16,10,1846.43,false,Customs
SH28533,2025-06-24,Los Angeles,Hamburg,Northstar Logistics,Sea,2025.8,11529,23,20,2558.54,false,Customs
SH28661,2025-06-24,Rotterdam,Los Angeles,BlueWave Lines,Sea,266.3,8678,15,15,352.26,true,
SH29415,2025-06-24,Shanghai,Rotterdam,Meridian Freight,Sea,2918.3,13233,22,22,3888.43,true,
SH29877,2025-06-24,Dubai,Singapore,Meridian Freight,Sea,4646.2,14383,23,24,5868.84,true,
SH30063,2025-06-24,Ho Chi Minh City,Shanghai,Atlas Air Cargo,Air,134.6,3481,1,1,577.34,true,
SH31323,2025-06-24,Busan,Shanghai,Swift Cargo,Road,576.1,1336,3,3,350.74,true,
SH32272,2025-06-24,Dubai,Shanghai,Swift Cargo,Sea,1211.0,7958,14,14,1012.71,true,
SH32568,2025-06-24,Ho Chi Minh City,Busan,Meridian Freight,Sea,584.0,3623,8,8,308.62,true,
SH26042,2025-06-25,Ho Chi Minh City,Los Angeles,Atlas Air Cargo,Air,125.5,13058,1,2,1836.31,true,
SH26155,2025-06-25,Busan,Shanghai,BlueWave Lines,Road,371.2,667,2,2,208.91,true,
SH26595,2025-06-25,Dubai,Busan,Swift Cargo,Sea,5315.3,9079,16,16,5073.39,true,
SH27456,2025-06-25,Hamburg,Shanghai,BlueWave Lines,Sea,1577.5,17769,28,29,2616.64,true,
SH27562,2025-06-25,Busan,Los Angeles,Swift Cargo,Road,1583.7,1685,8,4,1211.03,false,Weather
SH29958,2025-06-25,Los Angeles,Hamburg,Atlas Air Cargo,Air,234.8,847,1,1,325.78,true,
SH31099,2025-06-25,Shanghai,Singapore,Atlas Air Cargo,Air,285.2,6737,1,2,1999.13,true,
SH31927,2025-06-25,Singapore,Dubai,BlueWave Lines,Road,2224.0,1197,2,3,952.34,true,
SH32968,2025-06-25,Hamburg,Ho Chi Minh City,BlueWave Lines,Sea,545.8,9385,16,16,548.29,true,
SH24004,2025-06-26,Ho Chi Minh City,Hamburg,Swift Cargo,Road,595.9,2324,4,5,668.37,true,
SH24105,2025-06-26,Rotterdam,Hamburg,Meridian Freight,Sea,934.3,11007,24,19,1051.7,false,Port congestion
SH25365,2025-06-26,Los Angeles,Ho Chi Minh City,Swift Cargo,Rail,944.4,1794,3,3,533.96,true,
SH25772,2025-06-26,Shanghai,Rotterdam,Atlas Air Cargo,Air,160.4,9728,2,2,1637.17,true,
SH25869,2025-06-26,Los Angeles,Ho Chi Minh City,Northstar Logistics,Sea,2003.6,13754,22,23,2666.41,true,
SH26442,2025-06-26,Rotterdam,Shanghai,Meridian Freight,Sea,487.0,1586,3,4,191.07,true,
SH27050,2025-06-26,Hamburg,Singapore,Meridian Freight,Sea,812.8,4870,8,9,431.66,true,
SH28176,2025-06-26,Los Angeles,Hamburg,Atlas Air Cargo,Air,247.8,4441,1,1,1533.15,true,
SH28482,2025-06-26,Ho Chi Minh City,Dubai,Northstar Logistics,Road,1068.5,1419,12,3,620.12,false,Port congestion
SH30170,2025-06-26,Singapore,Hamburg,BlueWave Lines,Sea,451.4,6526,12,12,413.65,true,
SH31230,2025-06-26,Hamburg,Dubai,Atlas Air Cargo,Air,186.9,5229,2,2,1057.05,true,
SH32145,2025-06-26,Shanghai,Hamburg,Swift Cargo,Sea,1285.9,1107,4,4,264.6,true,
SH32264,2025-06-26,Rotterdam,Busan,BlueWave Lines,Sea,5623.6,6471,11,12,3712.31,true,
SH26060,2025-06-27,Dubai,Busan,Atlas Air Cargo,Air,557.1,16289,3,3,8659.94,true,
SH27437,2025-06-27,Ho Chi Minh City,Hamburg,Atlas Air Cargo,Air,342.3,1659,1,1,773.31,true,
SH27642,2025-06-27,Dubai,Hamburg,Northstar Logistics,Sea,1105.3,4833,9,9,577.4,true,
SH27988,2025-06-27,Busan,Shanghai,Swift Cargo,Sea,6521.6,1858,4,5,1211.39,true,
SH28673,2025-06-27,Busan,Dubai,BlueWave Lines,Road,432.6,2413,5,5,464.03,true,
SH29034,2025-06-27,Ho Chi Minh City,Shanghai,BlueWave Lines,Road,1857.7,363,11,2,321.15,false,Port congestion
SH29323,2025-06-27,Rotterdam,Dubai,Swift Cargo,Sea,1130.7,16446,27,27,1909.32,true,
SH29700,2025-06-27,Singapore,Hamburg,Swift Cargo,Rail,794.2,1373,3,3,379.98,true,
SH29766,2025-06-27,Ho Chi Minh City,Singapore,Northstar Logistics,Sea,595.2,12822,27,22,933.06,false,Customs
SH30018,2025-06-27,Ho Chi Minh City,Rotterdam,Northstar Logistics,Sea,533.8,12605,21,21,821.31,true,
SH31124,2025-06-27,Busan,Hamburg,Meridian Freight,Rail,1239.8,739,1,2,353.29,true,
SH31410,2025-06-27,Busan,Shanghai,Atlas Air Cargo,Air,183.7,12921,1,2,2668.02,true,
SH32734,2025-06-27,Rotterdam,Shanghai,Meridian Freight,Sea,484.3,17983,30,30,1045.05,true,
SH24658,2025-06-28,Rotterdam,Shanghai,Meridian Freight,Sea,280.6,11330,19,19,455.22,true,
SH24832,2025-06-28,Los Angeles,Busan,BlueWave Lines,Sea,1011.3,7464,13,13,870.84,true,
SH25709,2025-06-28,Rotterdam,Los Angeles,BlueWave Lines,Sea,2678.6,1310,4,4,441.84,true,
SH26483,2025-06-28,Shanghai,Hamburg,Swift Cargo,Sea,647.7,3517,7,7,299.54,true,
SH27241,2025-06-28,Rotterdam,Busan,Atlas Air Cargo,Air,443.6,5260,2,2,2400.72,true,
SH27620,2025-06-28,Dubai,Ho Chi Minh City,Northstar Logistics,Road,4669.6,2058,3,4,3302.64,true,
SH28978,2025-06-28,Singapore,Los Angeles,BlueWave Lines,Sea,1906.3,17392,29,29,3116.23,true,
SH29112,2025-06-28,Ho Chi Minh City,Singapore,Meridian Freight,Road,707.5,1966,4,4,568.39,true,
SH30465,2025-06-28,Singapore,Busan,Meridian Freight,Rail,400.9,1314,2,3,248.0,true,
SH30499,2025-06-28,Hamburg,Singapore,Northstar Logistics,Sea,1682.8,12725,21,22,1964.89,true,
SH30867,2025-06-28,Ho Chi Minh City,Shanghai,Swift Cargo,Road,575.7,527,2,2,210.76,true,
SH31146,2025-06-28,Los Angeles,Dubai,Northstar Logistics,Sea,2597.9,12632,23,21,3373.81,false,Port congestion
SH32527,2025-06-28,Busan,Singapore,Swift Cargo,Road,8610.9,2431,4,5,7714.55,true,
SH32651,2025-06-28,Hamburg,Singapore,Meridian Freight,Sea,1337.5,16173,26,27,2300.66,true,
SH24116,2025-06-29,Ho Chi Minh City,Shanghai,Atlas Air Cargo,Air,492.9,17290,2,3,10321.13,true,
SH24479,2025-06-29,Busan,Rotterdam,BlueWave Lines,Sea,746.7,1604,4,4,230.31,true,
SH25622,2025-06-29,Shanghai,Hamburg,BlueWave Lines,Sea,1442.1,10291,17,18,1578.14,true,
SH25768,2025-06-29,Busan,Shanghai,Swift Cargo,Road,954.2,1552,4,4,631.89,true,
SH25932,2025-06-29,Rotterdam,Busan,Atlas Air Cargo,Air,215.7,16889,3,3,4304.25,true,
SH26573,2025-06-29,Hamburg,Singapore,Atlas Air Cargo,Air,555.9,9539,2,2,5365.02,true,
SH27382,2025-06-29,Rotterdam,Dubai,Swift Cargo,Road,1567.3,1791,3,4,1276.45,true,
SH27491,2025-06-29,Shanghai,Hamburg,Meridian Freight,Sea,1113.3,7536,13,14,970.42,true,
SH28721,2025-06-29,Rotterdam,Shanghai,BlueWave Lines,Sea,9368.1,2001,4,5,1829.92,true,
SH29030,2025-06-29,Dubai,Busan,Meridian Freight,Sea,3834.3,15101,27,25,5192.73,false,Weather
SH30788,2025-06-29,Singapore,Los Angeles,Meridian Freight,Sea,11896.8,1833,5,5,2354.65,true,
SH30963,2025-06-29,Dubai,Los Angeles,Atlas Air Cargo,Air,384.6,17489,2,3,7889.62,true,
SH31214,2025-06-29,Ho Chi Minh City,Rotterdam,Atlas Air Cargo,Air,1067.0,15027,3,3,20188.7,true,
SH31440,2025-06-29,Busan,Dubai,BlueWave Lines,Road,594.0,907,3,3,344.38,true,
SH31579,2025-06-29,Rotterdam,Busan,Northstar Logistics,Sea,909.5,4558,8,9,457.91,true,
SH32281,2025-06-29,Dubai,Ho Chi Minh City,Meridian Freight,Road,228.8,1833,4,4,278.88,true,
SH24746,2025-06-30,Los Angeles,Shanghai,Atlas Air Cargo,Air,391.1,9711,1,2,3756.65,true,
SH24882,2025-06-30,Dubai,Shanghai,Northstar Logistics,Road,1241.7,1381,3,3,684.18,true,Weather
SH26808,2025-06-30,Singapore,Busan,Meridian Freight,Sea,3704.3,12161,21,21,4725.34,true,
SH27182,2025-06-30,Singapore,Busan,Northstar Logistics,Sea,1688.8,1974,6,5,452.68,false,Port congestion
SH27185,2025-06-30,Los Angeles,Shanghai,Northstar Logistics,Sea,1960.9,12574,23,21,2514.63,false,Port congestion
SH27446,2025-06-30,Rotterdam,Busan,BlueWave Lines,Sea,7386.6,6706,11,12,5307.04,true,
SH27549,2025-06-30,Los Angeles,Busan,Swift Cargo,Sea,2036.2,11573,20,20,2577.56,true,
SH28770,2025-06-30,Busan,Rotterdam,Atlas Air Cargo,Air,308.6,1791,1,1,779.5,true,
SH30665,2025-06-30,Singapore,Dubai,Atlas Air Cargo,Air,153.7,17622,2,3,3389.96,true,
SH30703,2025-06-30,Dubai,Busan,Atlas Air Cargo,Air,2558.6,12851,2,2,40689.04,true,
SH25482,2025-07-01,Los Angeles,Busan,BlueWave Lines,Sea,606.2,4130,14,8,316.06,false,Documentation
SH25639,2025-07-01,Ho Chi Minh City,Shanghai,Meridian Freight,Sea,3919.9,17546,31,29,7203.27,false,Port congestion
SH26033,2025-07-01,Ho Chi Minh City,Los Angeles,BlueWave Lines,Road,325.8,1292,3,3,251.12,true,
SH26235,2025-07-01,Ho Chi Minh City,Shanghai,Swift Cargo,Road,3202.4,2095,4,4,2404.98,true,
SH27386,2025-07-01,Busan,Ho Chi Minh City,Atlas Air Cargo,Air,62.6,2362,1,1,294.77,true,
SH27699,2025-07-01,Rotterdam,Hamburg,Meridian Freight,Sea,730.4,5724,11,11,504.21,true,
SH28523,2025-07-01,Los Angeles,Singapore,Meridian Freight,Sea,1788.8,6771,12,12,1134.13,true,
SH31408,2025-07-01,Rotterdam,Singapore,BlueWave Lines,Sea,1485.9,5691,11,11,879.19,true,
SH31819,2025-07-01,Hamburg,Singapore,Meridian Freight,Sea,648.7,14349,24,24,1039.92,true,
SH24414,2025-07-02,Los Angeles,Busan,Atlas Air Cargo,Air,586.9,3530,1,1,2483.38,true,
SH25477,2025-07-02,Shanghai,Ho Chi Minh City,Atlas Air Cargo,Air,520.2,1623,1,1,1226.12,true,
SH25538,2025-07-02,Dubai,Hamburg,BlueWave Lines,Sea,1119.5,13632,23,23,1524.1,true,
SH26256,2025-07-02,Singapore,Los Angeles,Northstar Logistics,Sea,1613.8,17778,30,29,2829.61,false,Port congestion
SH28925,2025-07-02,Los Angeles,Rotterdam,Atlas Air Cargo,Air,62.2,3786,1,1,341.27,true,
SH30046,2025-07-02,Rotterdam,Busan,Meridian Freight,Sea,3923.2,2761,6,6,1045.85,true,
SH30331,2025-07-02,Los Angeles,Busan,Meridian Freight,Sea,765.4,9585,17,17,868.52,true,
SH30728,2025-07-02,Los Angeles,Busan,Swift Cargo,Road,1390.5,2085,4,4,1191.18,true,
SH30911,2025-07-02,Singapore,Ho Chi Minh City,Northstar Logistics,Sea,799.6,5215,10,10,466.59,true,
SH31185,2025-07-02,Rotterdam,Busan,Atlas Air Cargo,Air,65.5,2796,1,1,345.28,true,
SH31799,2025-07-02,Los Angeles,Singapore,Atlas Air Cargo,Air,101.7,10696,1,2,1178.22,true,
SH32766,2025-07-02,Los Angeles,Hamburg,Atlas Air Cargo,Air,933.9,10211,2,2,10566.28,true,
SH24544,2025-07-03,Rotterdam,Shanghai,Meridian Freight,Sea,293.3,11810,20,20,473.04,true,
SH26113,2025-07-03,Hamburg,Los Angeles,Atlas Air Cargo,Air,152.3,11074,1,2,2217.15,true,
SH26464,2025-07-03,Shanghai,Busan,Northstar Logistics,Sea,3313.9,810,3,3,338.42,true,
SH27569,2025-07-03,Los Angeles,Ho Chi Minh City,Northstar Logistics,Sea,719.0,15352,26,26,1211.77,true,
SH28138,2025-07-03,Rotterdam,Los Angeles,Northstar Logistics,Sea,1673.8,983,4,4,281.79,true,
SH30689,2025-07-03,Ho Chi Minh City,Hamburg,Meridian Freight,Sea,769.3,4809,13,9,514.16,false,Port congestion
SH31091,2025-07-03,Busan,Los Angeles,Swift Cargo,Sea,4966.3,10617,18,18,5125.79,true,
SH32435,2025-07-03,Hamburg,Shanghai,BlueWave Lines,Sea,618.7,8202,14,15,511.58,true,
SH32665,2025-07-03,Ho Chi Minh City,Dubai,Meridian Freight,Sea,146.7,6985,13,13,229.31,true,
SH32889,2025-07-03,Los Angeles,Busan,Meridian Freight,Sea,190.5,13813,27,23,332.71,false,Equipment
SH27025,2025-07-04,Shanghai,Hamburg,Atlas Air Cargo,Air,588.8,2779,1,1,2161.35,true,
SH32248,2025-07-04,Ho Chi Minh City,Hamburg,BlueWave Lines,Road,3302.5,999,3,3,1382.51,true,
SH24592,2025-07-05,Shanghai,Dubai,BlueWave Lines,Sea,1773.1,7327,12,13,1190.5,true,
SH24694,2025-07-05,Shanghai,Dubai,Atlas Air Cargo,Air,194.0,8281,2,2,1912.22,true,
SH25005,2025-07-05,Singapore,Hamburg,Northstar Logistics,Sea,2332.6,9654,17,17,2059.24,true,
SH26960,2025-07-05,Busan,Los Angeles,Swift Cargo,Sea,488.6,1254,7,4,178.08,false,Documentation
SH26977,2025-07-05,Ho Chi Minh City,Hamburg,BlueWave Lines,Rail,1263.1,2034,4,4,770.72,true,
SH27211,2025-07-05,Hamburg,Los Angeles,Meridian Freight,Sea,662.6,12940,21,22,973.83,true,
SH27762,2025-07-05,Shanghai,Busan,BlueWave Lines,Sea,317.4,6861,13,13,317.66,true,
SH28417,2025-07-05,Dubai,Singapore,Atlas Air Cargo,Air,701.3,8079,1,2,5604.22,true,
SH29202,2025-07-05,Rotterdam,Dubai,Meridian Freight,Road,2014.0,253,1,1,309.96,true,
SH29328,2025-07-05,Shanghai,Singapore,Swift Cargo,Sea,905.7,10550,18,18,1082.52,true,
SH29602,2025-07-05,Rotterdam,Dubai,Meridian Freight,Sea,720.7,5496,10,10,527.25,true,
SH30683,2025-07-05,Los Angeles,Hamburg,Swift Cargo,Road,326.0,435,3,2,171.64,false,Weather
SH31310,2025-07-05,Shanghai,Singapore,Atlas Air Cargo,Air,618.3,15684,3,3,10434.47,true,
SH32196,2025-07-05,Busan,Dubai,Meridian Freight,Sea,443.9,11563,20,20,608.69,true,
SH24653,2025-07-06,Busan,Rotterdam,Meridian Freight,Sea,850.6,6928,13,13,709.38,true,
SH26428,2025-07-06,Hamburg,Ho Chi Minh City,BlueWave Lines,Rail,1895.6,1436,2,3,636.97,true,
SH27021,2025-07-06,Hamburg,Shanghai,Northstar Logistics,Road,1616.7,996,3,3,639.17,true,
SH27238,2025-07-06,Busan,Dubai,BlueWave Lines,Sea,769.7,14109,24,24,980.12,true,
SH27611,2025-07-06,Los Angeles,Ho Chi Minh City,Atlas Air Cargo,Air,189.1,9159,2,2,2292.45,true,
SH27972,2025-07-06,Singapore,Shanghai,Swift Cargo,Sea,260.6,7831,14,14,319.4,true,
SH28046,2025-07-06,Singapore,Hamburg,Meridian Freight,Sea,490.8,8739,15,15,532.6,true,
SH28164,2025-07-06,Ho Chi Minh City,Rotterdam,Northstar Logistics,Rail,832.9,2402,4,4,577.68,true,
SH28485,2025-07-06,Hamburg,Ho Chi Minh City,Meridian Freight,Road,1226.1,1327,3,3,704.89,true,
SH28786,2025-07-06,Singapore,Dubai,Swift Cargo,Sea,797.2,7153,12,13,566.01,true,
SH29354,2025-07-06,Hamburg,Rotterdam,Northstar Logistics,Sea,635.7,13679,23,23,940.38,true,
SH31381,2025-07-06,Los Angeles,Busan,Swift Cargo,Sea,1507.1,6012,10,11,1018.38,true,
SH31649,2025-07-06,Ho Chi Minh City,Rotterdam,Meridian Freight,Sea,1645.0,1867,4,5,423.42,true,
SH31698,2025-07-06,Singapore,Busan,BlueWave Lines,Road,1860.1,436,2,2,379.2,true,
SH32433,2025-07-06,Ho Chi Minh City,Busan,BlueWave Lines,Sea,209.8,14978,25,25,371.75,true,
SH32632,2025-07-06,Rotterdam,Dubai,Atlas Air Cargo,Air,311.9,12793,2,2,4877.09,true,
SH32796,2025-07-06,Busan,Rotterdam,BlueWave Lines,Sea,5221.9,7121,13,13,3214.6,true,
SH32894,2025-07-06,Singapore,Dubai,Atlas Air Cargo,Air,192.5,16254,11,3,3584.18,false,Weather
SH24181,2025-07-07,Los Angeles,Busan,Atlas Air Cargo,Air,395.5,10519,2,2,4398.95,true,
SH24952,2025-07-07,Dubai,Los Angeles,Atlas Air Cargo,Air,464.1,5952,1,2,3366.49,true,
SH25073,2025-07-07,Hamburg,Rotterdam,Swift Cargo,Sea,249.2,871,6,3,138.51,false,Equipment
SH25469,2025-07-07,Busan,Shanghai,Northstar Logistics,Road,1810.6,2301,5,5,1760.07,true,
SH27142,2025-07-07,Los Angeles,Dubai,Meridian Freight,Sea,1109.2,12100,21,21,1157.58,true,
SH27197,2025-07-07,Hamburg,Shanghai,Meridian Freight,Sea,1198.8,17711,28,29,1944.48,true,
SH28050,2025-07-07,Singapore,Los Angeles,BlueWave Lines,Sea,843.6,8735,17,15,699.0,false,Weather
SH30528,2025-07-07,Ho Chi Minh City,Hamburg,Meridian Freight,Sea,581.6,5322,12,10,375.77,false,Weather
SH30581,2025-07-07,Singapore,Busan,BlueWave Lines,Sea,1839.2,6978,12,13,1208.84,true,
SH31635,2025-07-07,Hamburg,Busan,Northstar Logistics,Road,1474.0,1495,3,3,1026.09,true,
SH32797,2025-07-07,Dubai,Singapore,Swift Cargo,Road,3152.2,2092,3,4,2183.21,true,
SH32914,2025-07-07,Singapore,Busan,Northstar Logistics,Sea,1068.4,15131,25,25,1508.52,true,
SH25142,2025-07-08,Los Angeles,Busan,Atlas Air Cargo,Air,635.5,17214,3,3,12897.05,true,
SH25214,2025-07-08,Los Angeles,Rotterdam,Atlas Air Cargo,Air,919.9,2045,4,1,2004.47,false,Documentation
SH25862,2025-07-08,Hamburg,Los Angeles,BlueWave Lines,Sea,3179.9,15505,25,26,4099.14,true,
SH26022,2025-07-08,Dubai,Shanghai,Swift Cargo,Sea,487.1,6771,12,12,449.53,true,
SH28136,2025-07-08,Singapore,Los Angeles,Northstar Logistics,Rail,283.1,1952,2,3,228.2,true,
SH28672,2025-07-08,Busan,Singapore,Atlas Air Cargo,Air,332.5,12549,1,2,4711.71,true,
SH28765,2025-07-08,Dubai,Ho Chi Minh City,Northstar Logistics,Rail,903.0,1369,3,3,404.25,true,
SH29149,2025-07-08,Busan,Los Angeles,Meridian Freight,Sea,1541.1,16303,26,27,2517.6,true,
SH29673,2025-07-08,Hamburg,Rotterdam,Swift Cargo,Sea,379.6,3956,8,8,259.0,true,
SH30027,2025-07-08,Ho Chi Minh City,Hamburg,BlueWave Lines,Road,1549.3,896,2,2,687.35,true,
SH31055,2025-07-08,Busan,Shanghai,Northstar Logistics,Road,1264.1,1627,3,4,845.12,true,
SH31134,2025-07-08,Ho Chi Minh City,Shanghai,Meridian Freight,Road,824.9,826,2,2,328.11,true,
SH31340,2025-07-08,Los Angeles,Busan,Meridian Freight,Sea,4061.6,1901,5,5,797.37,true,
SH31556,2025-07-08,Dubai,Busan,Swift Cargo,Sea,333.1,5606,11,11,296.07,true,
SH31563,2025-07-08,Dubai,Shanghai,Northstar Logistics,Sea,776.5,16078,27,27,1235.35,true,
SH31840,2025-07-08,Hamburg,Los Angeles,BlueWave Lines,Sea,2419.1,3779,8,8,1085.46,true,
SH32457,2025-07-08,Ho Chi Minh City,Shanghai,Northstar Logistics,Sea,9686.5,12823,24,22,11051.31,false,Documentation
SH24626,2025-07-09,Shanghai,Hamburg,Swift Cargo,Sea,460.3,7938,14,14,427.11,true,
SH26027,2025-07-09,Rotterdam,Ho Chi Minh City,Atlas Air Cargo,Air,125.2,16674,3,3,2693.17,true,
SH26662,2025-07-09,Ho Chi Minh City,Los Angeles,Northstar Logistics,Road,3731.5,1241,3,3,1669.24,true,
SH26904,2025-07-09,Los Angeles,Shanghai,BlueWave Lines,Sea,2641.8,10289,17,18,2313.09,true,
SH27406,2025-07-09,Hamburg,Shanghai,Atlas Air Cargo,Air,173.3,1670,1,1,482.28,true,
SH27464,2025-07-09,Shanghai,Hamburg,BlueWave Lines,Sea,535.8,7677,14,14,462.18,true,
SH30652,2025-07-09,Rotterdam,Los Angeles,Atlas Air Cargo,Air,100.2,4887,1,2,694.52,true,
SH32520,2025-07-09,Rotterdam,Los Angeles,Meridian Freight,Sea,1841.5,12443,20,21,2369.32,true,
SH32795,2025-07-09,Los Angeles,Ho Chi Minh City,Swift Cargo,Sea,2314.6,5197,11,10,1356.54,false,Customs
SH24087,2025-07-10,Dubai,Busan,Swift Cargo,Sea,4539.4,14023,24,24,5856.57,true,
SH25125,2025-07-10,Singapore,Ho Chi Minh City,Atlas Air Cargo,Air,275.0,10230,4,2,2883.15,false,Customs
SH25939,2025-07-10,Hamburg,Los Angeles,Atlas Air Cargo,Air,132.8,10200,2,2,1839.35,true,
SH26179,2025-07-10,Singapore,Los Angeles,Atlas Air Cargo,Air,63.0,3881,1,1,350.67,true,
SH26547,2025-07-10,Hamburg,Ho Chi Minh City,BlueWave Lines,Sea,2424.5,7012,13,13,1642.72,true,
SH26605,2025-07-10,Rotterdam,Shanghai,Atlas Air Cargo,Air,146.1,14136,3,3,2710.56,true,
SH27467,2025-07-10,Rotterdam,Shanghai,BlueWave Lines,Sea,1162.2,9969,18,17,1354.85,false,Documentation
SH27500,2025-07-10,Dubai,Hamburg,BlueWave Lines,Rail,958.8,291,1,1,180.66,true,
SH28012,2025-07-10,Los Angeles,Ho Chi Minh City,BlueWave Lines,Sea,664.2,5114,10,10,451.72,true,
SH28342,2025-07-10,Hamburg,Ho Chi Minh City,Atlas Air Cargo,Air,255.2,5401,2,2,1753.8,true,
SH28771,2025-07-10,Ho Chi Minh City,Dubai,BlueWave Lines,Sea,3336.6,5624,11,11,1791.82,true,
SH29621,2025-07-10,Dubai,Los Angeles,Swift Cargo,Road,3726.7,1295,7,3,1679.57,false,Weather
SH29634,2025-07-10,Busan,Shanghai,Atlas Air Cargo,Air,322.1,15132,3,3,6501.54,true,
SH29770,2025-07-10,Rotterdam,Los Angeles,BlueWave Lines,Sea,893.3,7664,14,14,766.01,true,
SH29856,2025-07-10,Singapore,Busan,Atlas Air Cargo,Air,136.1,4802,2,2,924.04,true,
SH30532,2025-07-10,Busan,Ho Chi Minh City,Swift Cargo,Sea,4023.5,3828,7,8,1305.95,true,
SH31032,2025-07-10,Los Angeles,Singapore,Northstar Logistics,Road,1738.2,2297,7,5,1668.57,false,Weather
SH31167,2025-07-10,Rotterdam,Hamburg,Northstar Logistics,Sea,501.2,14029,23,24,661.17,true,
SH31959,2025-07-10,Rotterdam,Shanghai,Northstar Logistics,Sea,2604.7,15549,25,26,3616.72,true,
SH32235,2025-07-10,Hamburg,Singapore,BlueWave Lines,Road,3221.3,863,2,2,1239.25,true,
SH32301,2025-07-10,Hamburg,Los Angeles,Northstar Logistics,Rail,2810.7,425,2,2,417.14,true,
SH32404,2025-07-10,Dubai,Singapore,Meridian Freight,Sea,442.4,901,2,3,160.29,true,
SH24306,2025-07-11,Los Angeles,Dubai,Swift Cargo,Rail,2411.8,2309,3,4,1210.49,true,
SH24360,2025-07-11,Ho Chi Minh City,Los Angeles,Atlas Air Cargo,Air,114.5,6352,2,2,1059.84,true,
SH24704,2025-07-11,Los Angeles,Singapore,Northstar Logistics,Sea,1474.1,6656,15,12,1135.85,false,Port congestion
SH25074,2025-07-11,Dubai,Rotterdam,Meridian Freight,Sea,2589.4,14893,24,25,3584.63,true,
SH25450,2025-07-11,Busan,Hamburg,Meridian Freight,Sea,1366.7,13927,23,23,1714.81,true,
SH25793,2025-07-11,Shanghai,Singapore,Meridian Freight,Road,3647.6,1697,13,4,2553.78,false,Weather
SH25815,2025-07-11,Singapore,Shanghai,Swift Cargo,Sea,974.0,13328,23,23,1246.22,true,
SH26875,2025-07-11,Dubai,Ho Chi Minh City,Meridian Freight,Sea,386.1,7081,12,13,335.29,true,
SH28594,2025-07-11,Hamburg,Singapore,Meridian Freight,Road,1824.2,1988,8,4,1617.7,false,Port congestion
SH29168,2025-07-11,Hamburg,Dubai,BlueWave Lines,Sea,4961.9,10837,19,19,5145.97,true,
SH30451,2025-07-11,Ho Chi Minh City,Hamburg,Swift Cargo,Sea,2865.4,6619,12,12,1763.39,true,
SH30551,2025-07-11,Hamburg,Rotterdam,Swift Cargo,Road,1391.8,2445,4,5,1341.7,true,
SH24035,2025-07-12,Singapore,Rotterdam,Swift Cargo,Sea,879.3,12836,21,22,1182.33,true,
SH24162,2025-07-12,Ho Chi Minh City,Hamburg,Swift Cargo,Sea,596.9,9597,16,17,696.14,true,
SH25341,2025-07-12,Los Angeles,Busan,Meridian Freight,Rail,2926.4,2051,4,4,1416.19,true,
SH25587,2025-07-12,Rotterdam,Busan,Meridian Freight,Sea,877.7,2617,6,6,311.92,true,
SH26163,2025-07-12,Ho Chi Minh City,Dubai,Northstar Logistics,Sea,1187.8,8531,15,15,1066.95,true,
SH26616,2025-07-12,Busan,Hamburg,Northstar Logistics,Sea,3510.2,4390,9,9,1399.53,true,
SH27545,2025-07-12,Los Angeles,Shanghai,Swift Cargo,Sea,2800.5,15085,25,25,3970.14,true,
SH28611,2025-07-12,Los Angeles,Busan,Atlas Air Cargo,Air,150.2,16095,2,3,2806.71,true,
SH29520,2025-07-12,Hamburg,Rotterdam,Swift Cargo,Sea,2349.1,10116,17,18,2632.65,true,
SH29599,2025-07-12,Ho Chi Minh City,Singapore,Atlas Air Cargo,Air,229.3,16290,3,3,4186.44,true,
SH30049,2025-07-12,Hamburg,Singapore,Atlas Air Cargo,Air,514.1,16536,3,3,8402.98,true,
SH30067,2025-07-12,Rotterdam,Ho Chi Minh City,BlueWave Lines,Road,1247.3,1191,3,3,586.73,true,
SH30078,2025-07-12,Ho Chi Minh City,Singapore,Northstar Logistics,Sea,811.5,3319,7,7,401.25,true,
SH30745,2025-07-12,Dubai,Ho Chi Minh City,Meridian Freight,Sea,810.4,2761,6,6,334.15,true,
SH31598,2025-07-12,Rotterdam,Ho Chi Minh City,Northstar Logistics,Sea,1804.1,16425,27,27,2643.9,true,
SH25093,2025-07-13,Los Angeles,Dubai,Northstar Logistics,Sea,631.7,3566,8,7,307.22,false,Port congestion
SH25600,2025-07-13,Shanghai,Singapore,Atlas Air Cargo,Air,139.4,5812,3,2,1181.95,false,Port congestion
SH26873,2025-07-13,Busan,Los Angeles,Northstar Logistics,Road,942.1,1852,4,4,802.19,true,
SH27499,2025-07-13,Dubai,Shanghai,Atlas Air Cargo,Air,279.4,3886,1,1,1235.54,true,
SH27999,2025-07-13,Singapore,Dubai,Atlas Air Cargo,Air,371.8,16360,2,3,6672.52,true,
SH28102,2025-07-13,Rotterdam,Busan,Northstar Logistics,Sea,645.7,13536,23,23,1039.39,true,
SH28355,2025-07-13,Singapore,Dubai,Meridian Freight,Sea,4902.7,14584,23,24,7731.36,true,
SH28882,2025-07-13,Busan,Los Angeles,BlueWave Lines,Rail,958.5,2403,4,4,611.46,true,
SH29562,2025-07-13,Busan,Los Angeles,Swift Cargo,Sea,1473.2,7810,14,14,1172.95,true,
SH29775,2025-07-13,Shanghai,Los Angeles,Atlas Air Cargo,Air,1229.9,8140,2,2,10119.54,true,
SH30453,2025-07-13,Dubai,Hamburg,Swift Cargo,Sea,330.6,17175,28,28,631.87,true,
SH24254,2025-07-14,Ho Chi Minh City,Rotterdam,Swift Cargo,Sea,1344.4,13155,22,22,1607.29,true,
SH24276,2025-07-14,Los Angeles,Singapore,Atlas Air Cargo,Air,147.3,16887,3,3,2556.79,true,
SH24652,2025-07-14,Hamburg,Los Angeles,Swift Cargo,Sea,3009.6,3222,8,7,876.57,false,Port congestion
SH25828,2025-07-14,Singapore,Ho Chi Minh City,Northstar Logistics,Road,1560.8,1789,4,4,972.85,true,
SH27462,2025-07-14,Rotterdam,Busan,Swift Cargo,Sea,638.6,9651,17,17,761.45,true,
SH29139,2025-07-14,Los Angeles,Singapore,BlueWave Lines,Sea,5417.0,12091,21,21,5933.93,true,
SH29604,2025-07-14,Singapore,Rotterdam,Meridian Freight,Sea,1850.1,14848,25,25,2717.9,true,
SH29674,2025-07-14,Busan,Ho Chi Minh City,Atlas Air Cargo,Air,271.8,2335,1,1,848.9,true,
SH30034,2025-07-14,Ho Chi Minh City,Los Angeles,Atlas Air Cargo,Air,404.9,3730,1,1,1990.78,true,
SH30873,2025-07-14,Singapore,Hamburg,Atlas Air Cargo,Air,81.0,3069,1,1,360.02,true,
SH31423,2025-07-14,Dubai,Los Angeles,BlueWave Lines,Sea,1521.8,1385,4,4,341.18,true,
SH24677,2025-07-15,Shanghai,Singapore,Atlas Air Cargo,Air,582.7,13515,3,3,8306.49,true,
SH25642,2025-07-15,Busan,Shanghai,BlueWave Lines,Sea,1638.9,3378,7,7,626.82,true,
SH26251,2025-07-15,Los Angeles,Hamburg,Atlas Air Cargo,Air,199.2,11742,1,2,2418.44,true,
SH28134,2025-07-15,Shanghai,Singapore,Swift Cargo,Road,2962.9,1258,2,3,1382.87,true,
SH28307,2025-07-15,Singapore,Dubai,Northstar Logistics,Sea,1717.2,4626,9,9,733.04,true,
SH29125,2025-07-15,Singapore,Rotterdam,Atlas Air Cargo,Air,64.8,5919,2,2,579.34,true,
SH29345,2025-07-15,Singapore,Los Angeles,Atlas Air Cargo,Air,82.9,5724,1,2,694.11,true,
SH29514,2025-07-15,Rotterdam,Busan,Swift Cargo,Sea,1707.1,12522,22,21,2333.87,false,Weather
SH30938,2025-07-15,Dubai,Singapore,Swift Cargo,Sea,1107.3,9160,16,16,1168.55,true,
SH30969,2025-07-15,Los Angeles,Singapore,BlueWave Lines,Sea,614.6,14863,24,25,819.69,true,
SH31122,2025-07-15,Dubai,Los Angeles,Meridian Freight,Sea,1789.5,7653,14,14,1578.11,true,
SH31546,2025-07-15,Shanghai,Dubai,Swift Cargo,Sea,1048.6,9086,15,16,1140.68,true,
SH32452,2025-07-15,Hamburg,Rotterdam,Atlas Air Cargo,Air,241.2,4884,2,2,1393.41,true,
SH25012,2025-07-16,Hamburg,Los Angeles,Meridian Freight,Sea,544.8,7231,12,13,434.22,true,
SH25114,2025-07-16,Hamburg,Los Angeles,BlueWave Lines,Rail,3123.9,2055,3,4,1321.71,true,
SH25169,2025-07-16,Ho Chi Minh City,Los Angeles,BlueWave Lines,Sea,1233.7,17424,28,29,1786.84,true,
SH25479,2025-07-16,Ho Chi Minh City,Hamburg,BlueWave Lines,Road,2054.8,1017,3,3,948.99,true,
SH25664,2025-07-16,Hamburg,Singapore,BlueWave Lines,Sea,1694.5,3576,8,8,600.12,true,
SH26271,2025-07-16,Hamburg,Ho Chi Minh City,Meridian Freight,Sea,435.5,17029,27,28,814.22,true,
SH26283,2025-07-16,Shanghai,Singapore,Northstar Logistics,Sea,488.5,15157,27,25,755.82,false,Customs
SH26587,2025-07-16,Hamburg,Dubai,Swift Cargo,Sea,1216.3,7615,14,14,853.47,true,
SH26598,2025-07-16,Busan,Dubai,Meridian Freight,Sea,1020.5,16143,27,27,1837.87,true,
SH27141,2025-07-16,Hamburg,Los Angeles,Meridian Freight,Sea,1104.2,11177,19,19,1353.95,true,
SH27940,2025-07-16,Los Angeles,Singapore,Meridian Freight,Rail,820.0,166,1,1,148.46,true,
SH28415,2025-07-16,Los Angeles,Hamburg,Meridian Freight,Sea,551.1,11305,21,19,656.05,false,Port congestion
SH29013,2025-07-16,Ho Chi Minh City,Rotterdam,Swift Cargo,Sea,1639.8,7043,12,13,1325.24,true,
SH29176,2025-07-16,Los Angeles,Shanghai,Atlas Air Cargo,Air,125.2,7563,1,2,1172.23,true,
SH29942,2025-07-16,Singapore,Ho Chi Minh City,Northstar Logistics,Sea,1518.7,9279,16,16,1333.66,true,
SH30318,2025-07-16,Rotterdam,Hamburg,Meridian Freight,Road,2682.3,1319,3,3,1311.4,true,
SH31792,2025-07-16,Hamburg,Rotterdam,Atlas Air Cargo,Air,65.0,13154,5,2,1107.58,false,Customs
SH31992,2025-07-16,Busan,Los Angeles,Atlas Air Cargo,Air,232.6,9850,2,2,2957.87,true,
SH24018,2025-07-17,Hamburg,Rotterdam,BlueWave Lines,Sea,523.2,16582,28,28,846.45,true,
SH24333,2025-07-17,Shanghai,Ho Chi Minh City,Atlas Air Cargo,Air,286.9,10901,1,2,3234.07,true,
SH26257,2025-07-17,Ho Chi Minh City,Dubai,Northstar Logistics,Rail,1350.4,1394,3,3,509.05,true,
SH28058,2025-07-17,Ho Chi Minh City,Dubai,BlueWave Lines,Sea,1867.0,4535,9,9,948.37,true,
SH29240,2025-07-17,Los Angeles,Ho Chi Minh City,BlueWave Lines,Sea,357.8,17434,29,29,673.0,true,
SH29396,2025-07-17,Ho Chi Minh City,Dubai,Atlas Air Cargo,Air,485.7,10788,2,2,6428.04,true,
SH30651,2025-07-17,Dubai,Singapore,Atlas Air Cargo,Air,235.2,10809,2,2,3334.42,true,
SH31043,2025-07-17,Los Angeles,Singapore,Meridian Freight,Sea,1139.6,4839,9,9,645.32,true,
SH31388,2025-07-17,Hamburg,Dubai,Meridian Freight,Sea,4473.7,12445,21,21,5851.96,true,
SH31435,2025-07-17,Dubai,Singapore,Northstar Logistics,Sea,2523.0,9428,23,17,2050.31,false,Equipment
SH31495,2025-07-17,Busan,Hamburg,Atlas Air Cargo,Air,170.1,4993,2,2,1117.59,true,
SH31624,2025-07-17,Hamburg,Shanghai,Northstar Logistics,Road,2603.2,2342,5,5,2225.14,true,
SH31829,2025-07-17,Ho Chi Minh City,Dubai,Atlas Air Cargo,Air,147.9,15413,2,3,2278.33,true,
SH32995,2025-07-17,Singapore,Dubai,Swift Cargo,Sea,693.8,15932,26,27,1208.58,true,
SH24591,2025-07-18,Rotterdam,Dubai,Meridian Freight,Sea,1761.6,11535,20,20,2099.43,true,
SH24745,2025-07-18,Busan,Shanghai,Northstar Logistics,Sea,1528.2,8959,16,16,1526.27,true,
SH24949,2025-07-18,Shanghai,Los Angeles,BlueWave Lines,Rail,853.2,2151,3,4,550.73,true,
SH25184,2025-07-18,Busan,Rotterdam,Meridian Freight,Sea,502.0,6647,15,12,388.48,false,Equipment
SH25722,2025-07-18,Los Angeles,Busan,Swift Cargo,Sea,1898.2,13811,23,23,2475.86,true,
SH25858,2025-07-18,Hamburg,Singapore,Northstar Logistics,Sea,4586.1,17297,28,29,6313.7,true,
SH28228,2025-07-18,Shanghai,Dubai,BlueWave Lines,Sea,3118.8,1727,4,5,572.5,true,
SH29011,2025-07-18,Busan,Dubai,Swift Cargo,Road,6617.5,255,2,1,707.53,false,Weather
SH29087,2025-07-18,Los Angeles,Ho Chi Minh City,Swift Cargo,Rail,1678.1,1087,3,2,563.8,false,Weather
SH30154,2025-07-18,Rotterdam,Los Angeles,Swift Cargo,Sea,3493.3,5655,10,11,1779.34,true,
SH32656,2025-07-18,Los Angeles,Ho Chi Minh City,Northstar Logistics,Sea,799.0,15583,25,26,1075.93,true,
SH32871,2025-07-18,Singapore,Ho Chi Minh City,Northstar Logistics,Sea,255.5,5607,12,11,237.17,false,Weather
SH32962,2025-07-18,Ho Chi Minh City,Shanghai,BlueWave Lines,Rail,943.0,2343,4,4,600.01,true,
SH25006,2025-07-19,Rotterdam,Los Angeles,Northstar Logistics,Road,5695.1,783,2,2,1452.4,true,
SH25060,2025-07-19,Hamburg,Los Angeles,Meridian Freight,Sea,3980.5,7333,13,13,3042.86,true,
SH26184,2025-07-19,Shanghai,Hamburg,BlueWave Lines,Sea,3531.2,16191,30,27,5360.93,false,Port congestion
SH28439,2025-07-19,Dubai,Los Angeles,Meridian Freight,Sea,1155.8,9314,15,16,1271.82,true,
SH29585,2025-07-19,Singapore,Rotterdam,Meridian Freight,Sea,939.9,9285,15,16,934.66,true,
SH29704,2025-07-19,Busan,Shanghai,BlueWave Lines,Sea,1358.9,13638,23,23,1647.66,true,
SH30180,2025-07-19,Ho Chi Minh City,Busan,BlueWave Lines,Road,4397.5,2014,4,4,3416.44,true,
SH30200,2025-07-19,Los Angeles,Shanghai,Meridian Freight,Rail,718.8,1763,3,3,372.71,true,
SH24416,2025-07-20,Rotterdam,Los Angeles,Atlas Air Cargo,Air,284.8,16827,3,3,5837.09,true,
SH24845,2025-07-20,Singapore,Busan,Northstar Logistics,Sea,405.1,1972,7,5,186.42,false,Documentation
SH24871,2025-07-20,Shanghai,Los Angeles,Swift Cargo,Sea,134.0,11308,18,19,259.35,true,
SH24932,2025-07-20,Singapore,Hamburg,Meridian Freight,Sea,235.0,12606,21,21,365.72,true,
SH25413,2025-07-20,Singapore,Hamburg,Northstar Logistics,Sea,1172.0,9227,16,16,1061.97,true,
SH26030,2025-07-20,Dubai,Rotterdam,Swift Cargo,Sea,451.2,2751,5,6,246.05,true,
SH26207,2025-07-20,Ho Chi Minh City,Los Angeles,Atlas Air Cargo,Air,325.1,11054,2,2,3874.29,true,
SH27371,2025-07-20,Busan,Los Angeles,Atlas Air Cargo,Air,255.3,15044,3,3,3972.6,true,
SH28471,2025-07-20,Hamburg,Ho Chi Minh City,Atlas Air Cargo,Air,1811.4,11244,1,2,26995.38,true,
SH29612,2025-07-20,Hamburg,Singapore,Meridian Freight,Sea,2367.0,2538,5,6,717.97,true,
SH29663,2025-07-20,Rotterdam,Hamburg,BlueWave Lines,Road,1574.3,1297,4,3,923.89,false,Equipment
SH29954,2025-07-20,Shanghai,Busan,Meridian Freight,Rail,374.4,1839,3,3,263.52,true,
SH31550,2025-07-20,Los Angeles,Busan,Swift Cargo,Sea,652.2,11689,20,20,705.2,true,
SH32756,2025-07-20,Dubai,Rotterdam,Swift Cargo,Road,1169.2,546,2,2,346.78,true,
SH24139,2025-07-21,Busan,Shanghai,Northstar Logistics,Sea,269.1,5360,11,10,273.15,false,Weather
SH24868,2025-07-21,Dubai,Shanghai,Swift Cargo,Sea,696.5,15529,27,26,1134.32,false,Documentation
SH24889,2025-07-21,Ho Chi Minh City,Rotterdam,BlueWave Lines,Sea,2621.9,6044,10,11,1416.72,true,
SH25177,2025-07-21,Busan,Ho Chi Minh City,Meridian Freight,Sea,3799.3,15226,25,25,5227.66,true,
SH26929,2025-07-21,Rotterdam,Shanghai,Atlas Air Cargo,Air,185.4,12487,2,2,2937.31,true,
SH27029,2025-07-21,Hamburg,Los Angeles,Atlas Air Cargo,Air,100.5,4675,2,2,730.52,true,
SH28007,2025-07-21,Busan,Los Angeles,BlueWave Lines,Rail,464.5,1471,3,3,292.22,true,
SH29118,2025-07-21,Hamburg,Shanghai,Northstar Logistics,Sea,8699.4,15296,25,26,11358.0,true,
SH29960,2025-07-21,Shanghai,Hamburg,Northstar Logistics,Road,3128.1,329,2,2,429.65,true,
SH30513,2025-07-21,Singapore,Hamburg,BlueWave Lines,Road,1240.7,162,1,1,180.9,true,
SH30819,2025-07-21,Ho Chi Minh City,Dubai,Swift Cargo,Sea,164.8,14359,24,24,338.19,true,
SH32401,2025-07-21,Busan,Shanghai,Swift Cargo,Road,832.5,266,1,1,192.75,true,
SH24621,2025-07-22,Ho Chi Minh City,Hamburg,Swift Cargo,Sea,432.9,13637,24,23,717.94,false,Port congestion
SH24904,2025-07-22,Los Angeles,Shanghai,Northstar Logistics,Sea,284.6,12387,21,21,489.21,true,
SH25231,2025-07-22,Singapore,Shanghai,Meridian Freight,Sea,3997.4,14477,24,24,4930.41,true,
SH26095,2025-07-22,Rotterdam,Singapore,Northstar Logistics,Rail,3663.5,705,1,2,603.39,true,
SH26782,2025-07-22,Hamburg,Rotterdam,Atlas Air Cargo,Air,274.9,14556,2,3,4896.65,true,
SH27963,2025-07-22,Dubai,Shanghai,Northstar Logistics,Rail,7291.8,423,6,2,772.6,false,Equipment
SH29000,2025-07-22,Singapore,Los Angeles,Atlas Air Cargo,Air,359.3,14806,3,3,6254.24,true,
SH31053,2025-07-22,Shanghai,Rotterdam,Meridian Freight,Road,752.2,1908,4,4,642.34,true,
SH31325,2025-07-22,Rotterdam,Dubai,Northstar Logistics,Road,1773.4,2371,5,5,1666.84,true,
SH24047,2025-07-23,Shanghai,Rotterdam,Meridian Freight,Sea,3766.7,16711,28,28,5019.44,true,
SH24684,2025-07-23,Busan,Ho Chi Minh City,Swift Cargo,Sea,374.2,5313,9,10,309.39,true,
SH24739,2025-07-23,Ho Chi Minh City,Busan,BlueWave Lines,Road,1810.1,1956,4,4,1310.59,true,
SH25675,2025-07-23,Busan,Rotterdam,BlueWave Lines,Sea,1183.8,2853,5,6,402.17,true,
SH26744,2025-07-23,Los Angeles,Dubai,Swift Cargo,Sea,971.1,1820,4,5,261.9,true,
SH26762,2025-07-23,Dubai,Shanghai,Northstar Logistics,Sea,1193.8,1682,5,5,313.79,true,
SH28627,2025-07-23,Rotterdam,Busan,Atlas Air Cargo,Air,234.6,16212,2,3,4594.48,true,
SH28832,2025-07-23,Los Angeles,Ho Chi Minh City,Meridian Freight,Sea,3105.1,11642,20,20,3354.42,true,
SH28960,2025-07-23,Dubai,Shanghai,Atlas Air Cargo,Air,270.5,11529,2,2,3762.19,true,
SH28983,2025-07-23,Singapore,Busan,BlueWave Lines,Road,240.1,2441,5,5,309.06,true,
SH29183,2025-07-23,Busan,Singapore,Meridian Freight,Sea,1325.3,15931,27,27,2372.29,true,
SH29220,2025-07-23,Rotterdam,Dubai,BlueWave Lines,Sea,9332.4,15987,27,27,14089.09,true,
SH29606,2025-07-23,Los Angeles,Busan,Northstar Logistics,Sea,907.2,17834,31,29,1675.73,false,Weather
SH29743,2025-07-23,Shanghai,Busan,BlueWave Lines,Road,4831.6,1957,5,4,3912.89,false,Port congestion
SH30534,2025-07-23,Dubai,Busan,BlueWave Lines,Sea,1488.9,17382,29,29,2256.36,true,
SH31276,2025-07-23,Los Angeles,Ho Chi Minh City,Meridian Freight,Rail,2485.3,2163,6,4,1251.02,false,Weather
SH31564,2025-07-23,Shanghai,Rotterdam,BlueWave Lines,Road,2887.1,2408,4,5,2623.9,true,
SH32159,2025-07-23,Busan,Hamburg,BlueWave Lines,Rail,471.4,439,1,2,173.07,true,
SH24432,2025-07-24,Ho Chi Minh City,Rotterdam,BlueWave Lines,Sea,2432.2,2811,6,6,831.57,true,
SH25381,2025-07-24,Shanghai,Singapore,Atlas Air Cargo,Air,335.4,14777,3,3,4929.2,true,
SH26326,2025-07-24,Hamburg,Busan,Swift Cargo,Sea,3021.6,17878,30,30,4580.73,true,
SH26529,2025-07-24,Dubai,Rotterdam,Meridian Freight,Sea,1276.1,14966,25,25,1981.13,true,
SH26986,2025-07-24,Hamburg,Busan,Northstar Logistics,Sea,2884.9,9755,17,17,3132.3,true,
SH27425,2025-07-24,Ho Chi Minh City,Dubai,Swift Cargo,Sea,807.4,5820,11,11,490.46,true,
SH28466,2025-07-24,Singapore,Rotterdam,Meridian Freight,Sea,5101.0,14694,25,25,6623.47,true,
SH28756,2025-07-24,Dubai,Busan,BlueWave Lines,Road,1125.3,1738,4,4,744.55,true,
SH28850,2025-07-24,Singapore,Rotterdam,Northstar Logistics,Rail,944.3,2496,6,4,668.87,false,Weather
SH29009,2025-07-24,Ho Chi Minh City,Los Angeles,Atlas Air Cargo,Air,731.9,13360,1,2,9572.89,true,
SH29357,2025-07-24,Rotterdam,Busan,BlueWave Lines,Sea,449.0,10600,17,18,626.6,true,
SH29832,2025-07-24,Ho Chi Minh City,Singapore,BlueWave Lines,Sea,302.9,16855,28,28,620.28,true,
SH30546,2025-07-24,Busan,Ho Chi Minh City,Atlas Air Cargo,Air,628.7,5482,2,2,4599.95,true,
SH32341,2025-07-24,Hamburg,Busan,Northstar Logistics,Sea,521.0,11043,19,19,579.47,true,
SH32821,2025-07-24,Shanghai,Ho Chi Minh City,Northstar Logistics,Sea,2891.1,3419,7,7,1046.28,true,
SH24090,2025-07-25,Hamburg,Dubai,Swift Cargo,Road,965.6,193,1,1,181.47,true,
SH25456,2025-07-25,Los Angeles,Ho Chi Minh City,Meridian Freight,Sea,1205.6,9552,17,17,1346.95,true,
SH25749,2025-07-25,Hamburg,Los Angeles,Atlas Air Cargo,Air,109.8,7589,3,2,1146.82,false,Port congestion
SH26910,2025-07-25,Singapore,Ho Chi Minh City,Meridian Freight,Sea,4288.4,13957,23,23,6556.85,true,
SH26920,2025-07-25,Busan,Los Angeles,BlueWave Lines,Rail,2047.6,2010,4,4,980.81,true,
SH27553,2025-07-25,Singapore,Hamburg,Swift Cargo,Road,5789.4,316,2,2,782.53,true,
SH28746,2025-07-25,Singapore,Los Angeles,Atlas Air Cargo,Air,216.5,14437,2,3,4103.59,true,
SH28997,2025-07-25,Rotterdam,Busan,Meridian Freight,Rail,1171.8,423,1,2,233.15,true,
SH29361,2025-07-25,Dubai,Ho Chi Minh City,Meridian Freight,Sea,814.0,10087,18,18,788.31,true,
SH29646,2025-07-25,Los Angeles,Dubai,Meridian Freight,Road,2638.6,1347,2,3,1181.44,true,
SH30176,2025-07-25,Singapore,Ho Chi Minh City,Atlas Air Cargo,Air,1416.9,7112,2,2,9650.75,true,
SH31256,2025-07-25,Shanghai,Los Angeles,Swift Cargo,Road,2228.9,1283,2,3,1053.96,true,
SH31387,2025-07-25,Rotterdam,Dubai,Meridian Freight,Sea,255.9,17782,28,29,538.97,true,
SH32571,2025-07-25,Ho Chi Minh City,Singapore,Atlas Air Cargo,Air,302.0,3620,1,1,1454.31,true,
SH32964,2025-07-25,Hamburg,Busan,Atlas Air Cargo,Air,75.6,8831,2,2,818.88,true,
SH25347,2025-07-26,Rotterdam,Busan,BlueWave Lines,Sea,915.0,1805,5,5,246.98,true,
SH27110,2025-07-26,Singapore,Busan,Northstar Logistics,Sea,465.2,9335,16,16,564.85,true,
SH27230,2025-07-26,Dubai,Los Angeles,Northstar Logistics,Sea,1522.6,8702,17,15,1518.65,false,Customs
SH27941,2025-07-26,Dubai,Singapore,Swift Cargo,Road,320.4,783,1,2,223.27,true,
SH30087,2025-07-26,Rotterdam,Singapore,BlueWave Lines,Rail,989.9,1032,2,2,384.18,true,
SH30145,2025-07-26,Shanghai,Hamburg,Meridian Freight,Sea,628.0,6917,13,13,535.82,true,
SH30475,2025-07-26,Ho Chi Minh City,Dubai,Atlas Air Cargo,Air,152.1,4382,1,1,749.43,true,
SH31095,2025-07-26,Rotterdam,Busan,Swift Cargo,Sea,402.6,4926,10,10,318.56,true,
SH31852,2025-07-26,Dubai,Shanghai,Northstar Logistics,Road,1782.2,2432,14,5,1898.61,false,Equipment
SH32315,2025-07-26,Rotterdam,Shanghai,Meridian Freight,Sea,1161.5,16375,27,27,1779.68,true,
SH32899,2025-07-26,Rotterdam,Hamburg,Meridian Freight,Sea,479.1,15035,25,25,848.94,true,
SH24161,2025-07-27,Rotterdam,Busan,BlueWave Lines,Road,1627.5,330,2,2,328.7,true,
SH26802,2025-07-27,Rotterdam,Hamburg,Northstar Logistics,Sea,1810.4,16021,27,27,2792.09,true,
SH26829,2025-07-27,Shanghai,Busan,BlueWave Lines,Road,738.4,2190,7,5,733.13,false,Equipment
SH27085,2025-07-27,Shanghai,Los Angeles,BlueWave Lines,Sea,342.4,14563,24,24,563.78,true,
SH28666,2025-07-27,Shanghai,Rotterdam,Atlas Air Cargo,Air,98.6,8072,2,2,876.38,true,
SH28916,2025-07-27,Dubai,Hamburg,Northstar Logistics,Sea,1470.5,5498,10,10,892.4,true,
SH29284,2025-07-27,Ho Chi Minh City,Shanghai,Swift Cargo,Sea,2377.8,7022,13,13,1842.82,true,
SH29463,2025-07-27,Los Angeles,Dubai,Northstar Logistics,Sea,3928.9,1310,4,4,649.16,true,
SH31004,2025-07-27,Los Angeles,Ho Chi Minh City,Atlas Air Cargo,Air,280.5,4379,1,1,1555.37,true,
SH31329,2025-07-27,Los Angeles,Dubai,BlueWave Lines,Sea,291.0,14767,25,25,512.81,true,
SH24634,2025-07-28,Hamburg,Shanghai,Swift Cargo,Sea,2271.5,13025,22,22,2580.26,true,
SH25462,2025-07-28,Ho Chi Minh City,Busan,BlueWave Lines,Sea,1015.1,12923,22,22,1313.99,true,
SH26400,2025-07-28,Rotterdam,Singapore,Atlas Air Cargo,Air,366.1,11196,2,2,4074.55,true,
SH27174,2025-07-28,Shanghai,Busan,Atlas Air Cargo,Air,243.9,5260,2,2,1695.44,true,
SH27344,2025-07-28,Singapore,Shanghai,Northstar Logistics,Road,703.8,2087,10,4,592.5,false,Equipment
SH28284,2025-07-28,Ho Chi Minh City,Los Angeles,BlueWave Lines,Sea,1568.7,1240,3,4,316.75,true,
SH28409,2025-07-28,Busan,Singapore,Atlas Air Cargo,Air,96.9,11003,2,2,1264.31,true,
SH29550,2025-07-28,Rotterdam,Dubai,Swift Cargo,Road,14323.7,687,2,2,3834.93,true,
SH30297,2025-07-28,Ho Chi Minh City,Singapore,Atlas Air Cargo,Air,385.0,8809,2,2,4021.52,true,
SH31368,2025-07-28,Dubai,Ho Chi Minh City,Meridian Freight,Sea,3959.3,16535,36,27,6332.06,false,Weather
SH31684,2025-07-28,Singapore,Los Angeles,Atlas Air Cargo,Air,52.0,7285,2,2,565.86,true,
SH32227,2025-07-28,Dubai,Hamburg,Swift Cargo,Rail,3534.0,1504,2,3,1209.71,true,
SH24512,2025-07-29,Hamburg,Dubai,Swift Cargo,Sea,1639.1,17837,30,29,2589.29,false,Customs
SH24659,2025-07-29,Los Angeles,Hamburg,Meridian Freight,Sea,5494.9,15406,26,26,7410.16,true,
SH25402,2025-07-29,Ho Chi Minh City,Hamburg,Meridian Freight,Sea,1248.9,11057,18,19,1573.64,true,
SH25663,2025-07-29,Ho Chi Minh City,Dubai,Atlas Air Cargo,Air,75.4,17817,3,3,1775.2,true,
SH27605,2025-07-29,Singapore,Dubai,BlueWave Lines,Sea,218.4,2649,5,6,180.24,true,
SH27729,2025-07-29,Shanghai,Rotterdam,Atlas Air Cargo,Air,848.8,12512,2,2,10966.92,true,
SH27855,2025-07-29,Singapore,Los Angeles,Atlas Air Cargo,Air,146.7,8990,2,2,1401.2,true,
SH27874,2025-07-29,Ho Chi Minh City,Shanghai,Meridian Freight,Sea,1059.8,16475,26,27,1627.11,true,
SH28182,2025-07-29,Dubai,Busan,Meridian Freight,Sea,535.8,13299,22,22,666.27,true,
SH28693,2025-07-29,Hamburg,Los Angeles,Swift Cargo,Sea,2370.5,1913,5,5,574.12,true,
SH28990,2025-07-29,Ho Chi Minh City,Shanghai,Atlas Air Cargo,Air,572.0,11407,2,2,7486.63,true,
SH30446,2025-07-29,Busan,Ho Chi Minh City,Meridian Freight,Sea,1863.1,5886,10,11,1126.76,true,
SH31561,2025-07-29,Busan,Dubai,Northstar Logistics,Sea,2313.1,7591,14,14,1664.83,true,
SH32059,2025-07-29,Singapore,Shanghai,Meridian Freight,Sea,739.1,13423,22,23,990.43,true,
SH32451,2025-07-29,Shanghai,Rotterdam,BlueWave Lines,Sea,755.8,9133,15,16,858.27,true,
SH24916,2025-07-30,Singapore,Dubai,Meridian Freight,Sea,1756.0,1756,8,5,413.54,false,Port congestion
SH24924,2025-07-30,Rotterdam,Shanghai,BlueWave Lines,Sea,598.5,14695,25,25,968.65,true,
SH25750,2025-07-30,Dubai,Busan,Meridian Freight,Sea,1886.8,15156,25,25,2839.32,true,
SH25998,2025-07-30,Singapore,Rotterdam,Atlas Air Cargo,Air,125.5,6156,2,2,925.62,true,
SH26079,2025-07-30,Rotterdam,Shanghai,Meridian Freight,Sea,578.4,7709,13,14,521.4,true,
SH26822,2025-07-30,Singapore,Los Angeles,Swift Cargo,Sea,1137.7,17088,28,28,1907.41,true,
SH27673,2025-07-30,Los Angeles,Hamburg,Meridian Freight,Sea,2045.1,17857,29,29,3254.95,true,
SH27845,2025-07-30,Shanghai,Dubai,Northstar Logistics,Sea,1655.1,6496,13,12,1255.74,false,Weather
SH27948,2025-07-30,Singapore,Rotterdam,Atlas Air Cargo,Air,122.8,8161,1,2,1110.51,true,
SH30452,2025-07-30,Dubai,Singapore,Swift Cargo,Sea,693.8,6630,12,12,590.88,true,
SH30504,2025-07-30,Los Angeles,Dubai,BlueWave Lines,Sea,1304.7,8242,14,15,1227.55,true,
SH30659,2025-07-30,Ho Chi Minh City,Singapore,BlueWave Lines,Road,888.6,825,2,2,422.23,true,
SH30670,2025-07-30,Rotterdam,Los Angeles,Northstar Logistics,Road,3578.1,304,2,2,516.99,true,
SH30904,2025-07-30,Ho Chi Minh City,Singapore,Meridian Freight,Sea,1120.8,5160,10,10,612.25,true,
SH31052,2025-07-30,Singapore,Shanghai,Swift Cargo,Sea,2156.7,4012,8,8,1012.01,true,
SH31229,2025-07-30,Ho Chi Minh City,Rotterdam,BlueWave Lines,Sea,2718.5,6062,11,11,1718.66,true,
SH31803,2025-07-30,Busan,Shanghai,BlueWave Lines,Road,6002.3,1087,3,3,2094.17,true,
SH31895,2025-07-30,Hamburg,Dubai,Meridian Freight,Sea,1014.8,15746,26,26,1500.3,true,
SH32610,2025-07-30,Rotterdam,Hamburg,Atlas Air Cargo,Air,122.0,2629,1,1,486.01,true,
SH32677,2025-07-30,Dubai,Rotterdam,BlueWave Lines,Rail,3672.6,1947,3,3,1760.57,true,
SH24747,2025-07-31,Rotterdam,Dubai,Meridian Freight,Sea,301.6,12770,21,22,425.7,true,
SH27473,2025-07-31,Singapore,Shanghai,Northstar Logistics,Sea,1399.8,6479,12,12,1011.17,true,
SH28178,2025-07-31,Singapore,Los Angeles,Swift Cargo,Sea,7454.1,9570,17,17,5801.33,true,
SH28292,2025-07-31,Los Angeles,Dubai,Atlas Air Cargo,Air,86.8,6502,2,2,654.41,true,
SH29244,2025-07-31,Hamburg,Dubai,Northstar Logistics,Sea,902.5,15418,27,26,1442.07,false,Port congestion
SH29448,2025-07-31,Busan,Dubai,Atlas Air Cargo,Air,109.5,5113,2,2,749.91,true,
SH30558,2025-07-31,Dubai,Busan,Meridian Freight,Rail,1681.3,1350,3,3,706.37,true,
SH24193,2025-08-01,Dubai,Hamburg,Atlas Air Cargo,Air,791.9,2319,1,1,2114.76,true,
SH25104,2025-08-01,Busan,Ho Chi Minh City,Swift Cargo,Sea,634.9,12226,21,21,838.95,true,
SH26516,2025-08-01,Ho Chi Minh City,Shanghai,Atlas Air Cargo,Air,439.8,3134,1,1,1776.18,true,
SH27445,2025-08-01,Rotterdam,Los Angeles,Swift Cargo,Sea,3074.1,17548,29,29,5723.28,true,
SH29711,2025-08-01,Los Angeles,Ho Chi Minh City,Meridian Freight,Sea,1521.3,15013,25,25,2548.12,true,
SH29973,2025-08-01,Singapore,Dubai,BlueWave Lines,Sea,7483.6,11929,20,20,8739.53,true,
SH29979,2025-08-01,Singapore,Ho Chi Minh City,Northstar Logistics,Sea,683.1,10858,18,19,818.37,true,
SH30014,2025-08-01,Rotterdam,Dubai,BlueWave Lines,Road,4888.6,1197,2,3,1885.54,true,
SH30877,2025-08-01,Dubai,Shanghai,Swift Cargo,Rail,5771.6,276,1,1,467.55,true,
SH31539,2025-08-01,Hamburg,Busan,Swift Cargo,Sea,5135.5,16643,31,28,6821.26,false,Port congestion
SH32712,2025-08-01,Ho Chi Minh City,Shanghai,BlueWave Lines,Road,703.6,325,1,2,210.71,true,
SH24240,2025-08-02,Dubai,Los Angeles,Northstar Logistics,Sea,988.3,8740,15,15,792.07,true,
SH24790,2025-08-02,Busan,Singapore,BlueWave Lines,Sea,972.6,5073,9,10,580.35,true,
SH25389,2025-08-02,Los Angeles,Rotterdam,Northstar Logistics,Sea,573.2,2768,5,6,275.96,true,
SH25615,2025-08-02,Busan,Shanghai,Atlas Air Cargo,Air,155.4,7993,2,2,1440.35,true,
SH25717,2025-08-02,Dubai,Rotterdam,Meridian Freight,Sea,1364.8,17745,29,29,2072.83,true,
SH27933,2025-08-02,Hamburg,Busan,Atlas Air Cargo,Air,180.0,15069,3,3,2943.04,true,
SH28546,2025-08-02,Busan,Ho Chi Minh City,Meridian Freight,Sea,2551.8,17885,30,30,4189.69,true,
SH28887,2025-08-02,Dubai,Busan,Atlas Air Cargo,Air,378.5,14411,3,3,6693.59,true,
SH29542,2025-08-02,Hamburg,Rotterdam,Atlas Air Cargo,Air,180.9,8654,2,2,1699.47,true,
SH29944,2025-08-02,Busan,Ho Chi Minh City,Meridian Freight,Sea,453.2,2664,6,6,243.93,true,
SH30029,2025-08-02,Busan,Hamburg,Meridian Freight,Sea,4933.4,16904,28,28,8802.75,true,
SH25103,2025-08-03,Busan,Rotterdam,BlueWave Lines,Sea,519.9,2304,6,6,219.59,true,
SH25452,2025-08-03,Ho Chi Minh City,Rotterdam,Northstar Logistics,Sea,4730.3,14305,23,24,7253.28,true,
SH26391,2025-08-03,Busan,Shanghai,Northstar Logistics,Sea,1187.9,17717,29,29,2250.44,true,
SH27086,2025-08-03,Ho Chi Minh City,Hamburg,BlueWave Lines,Sea,1435.5,1777,4,5,384.28,true,
SH28406,2025-08-03,Rotterdam,Busan,Meridian Freight,Road,2169.3,797,1,2,821.6,true,
SH28674,2025-08-03,Rotterdam,Dubai,Atlas Air Cargo,Air,102.8,14553,2,3,1984.85,true,
SH29587,2025-08-03,Shanghai,Los Angeles,Swift Cargo,Sea,1484.7,17835,29,29,2772.01,true,
SH29738,2025-08-03,Shanghai,Singapore,BlueWave Lines,Sea,389.1,6449,12,12,342.51,true,
SH30230,2025-08-03,Rotterdam,Ho Chi Minh City,BlueWave Lines,Road,1599.3,1142,3,3,705.4,true,
SH30718,2025-08-03,Shanghai,Ho Chi Minh City,Meridian Freight,Sea,1140.7,9061,16,16,1190.95,true,
SH30804,2025-08-03,Shanghai,Busan,Northstar Logistics,Rail,2782.3,237,4,1,254.54,false,Documentation
SH32776,2025-08-03,Busan,Los Angeles,Swift Cargo,Sea,7487.7,8880,16,16,5522.24,true,
SH32896,2025-08-03,Busan,Ho Chi Minh City,Northstar Logistics,Sea,2216.2,3555,7,7,926.17,true,
SH24107,2025-08-04,Rotterdam,Singapore,Meridian Freight,Sea,1887.5,2999,15,7,704.86,false,Equipment
SH24154,2025-08-04,Shanghai,Busan,Atlas Air Cargo,Air,277.6,14972,3,3,4643.09,true,
SH24523,2025-08-04,Shanghai,Singapore,Swift Cargo,Sea,2739.5,10064,17,17,2698.29,true,
SH25809,2025-08-04,Los Angeles,Shanghai,Meridian Freight,Sea,1505.8,9323,15,16,1438.68,true,
SH26034,2025-08-04,Busan,Dubai,Atlas Air Cargo,Air,53.2,12773,2,2,858.45,true,
SH26525,2025-08-04,Dubai,Shanghai,Swift Cargo,Sea,991.6,4949,10,10,608.77,true,
SH27168,2025-08-04,Busan,Dubai,Swift Cargo,Sea,1332.8,16055,27,27,2206.27,true,
SH27726,2025-08-04,Shanghai,Dubai,BlueWave Lines,Road,344.4,2133,5,5,416.04,true,
SH29222,2025-08-04,Singapore,Hamburg,Swift Cargo,Road,449.2,842,2,2,278.78,true,
SH30438,2025-08-04,Ho Chi Minh City,Dubai,Meridian Freight,Sea,393.4,2076,14,5,197.68,false,Port congestion
SH30517,2025-08-04,Los Angeles,Ho Chi Minh City,Atlas Air Cargo,Air,74.8,6983,1,2,675.57,true,
SH32168,2025-08-04,Singapore,Ho Chi Minh City,Swift Cargo,Road,1559.8,2367,4,5,1662.2,true,
SH27377,2025-08-05,Singapore,Shanghai,Swift Cargo,Sea,1591.5,16832,28,28,2858.61,true,
SH28336,2025-08-05,Busan,Singapore,Meridian Freight,Sea,2258.0,17724,29,29,3226.32,true,
SH28472,2025-08-05,Los Angeles,Singapore,Meridian Freight,Sea,303.4,2031,5,5,167.83,true,
SH30545,2025-08-05,Shanghai,Rotterdam,Meridian Freight,Road,10938.2,1868,3,4,8331.61,true,
SH31537,2025-08-05,Busan,Singapore,Swift Cargo,Rail,1031.6,885,1,2,356.57,true,
SH32636,2025-08-05,Ho Chi Minh City,Hamburg,Meridian Freight,Sea,4524.5,7246,13,13,3034.15,true,
SH25914,2025-08-06,Los Angeles,Ho Chi Minh City,Northstar Logistics,Sea,838.6,5805,10,11,519.64,true,
SH26131,2025-08-06,Dubai,Rotterdam,Atlas Air Cargo,Air,257.8,11589,2,2,3373.72,true,
SH26554,2025-08-06,Dubai,Hamburg,BlueWave Lines,Rail,1370.5,1197,2,2,434.07,true,
SH26991,2025-08-06,Ho Chi Minh City,Los Angeles,BlueWave Lines,Rail,218.8,1662,3,3,198.28,true,
SH27296,2025-08-06,Singapore,Busan,Meridian Freight,Rail,2508.5,2026,3,4,1118.1,true,
SH28119,2025-08-06,Dubai,Los Angeles,Northstar Logistics,Rail,1794.1,281,1,1,240.81,true,
SH28477,2025-08-06,Rotterdam,Hamburg,Northstar Logistics,Sea,374.1,17771,32,29,663.51,false,Weather
SH29560,2025-08-06,Busan,Dubai,Meridian Freight,Rail,588.3,591,1,2,189.87,true,
SH29997,2025-08-06,Dubai,Hamburg,BlueWave Lines,Sea,1208.2,10566,18,18,1437.16,true,
SH30080,2025-08-06,Busan,Singapore,BlueWave Lines,Sea,930.0,3400,7,7,403.87,true,
SH31645,2025-08-06,Los Angeles,Dubai,BlueWave Lines,Rail,1144.3,2408,3,4,828.72,true,
SH31813,2025-08-06,Busan,Hamburg,Northstar Logistics,Sea,842.8,2777,6,6,342.66,true,
SH25423,2025-08-07,Singapore,Busan,BlueWave Lines,Sea,641.7,14383,24,24,865.25,true,
SH25623,2025-08-07,Hamburg,Los Angeles,Northstar Logistics,Sea,767.9,14030,24,24,1214.28,true,
SH27849,2025-08-07,Dubai,Los Angeles,Atlas Air Cargo,Air,300.0,8363,2,2,3266.22,true,
SH28197,2025-08-07,Shanghai,Dubai,Northstar Logistics,Sea,1317.7,9557,16,17,1455.22,true,
SH29322,2025-08-07,Ho Chi Minh City,Singapore,BlueWave Lines,Road,1588.5,2181,6,5,1425.68,false,Weather
SH29447,2025-08-07,Singapore,Shanghai,BlueWave Lines,Sea,2975.2,16946,28,28,5114.86,true,
SH32182,2025-08-07,Shanghai,Los Angeles,BlueWave Lines,Road,1444.2,1523,10,4,789.94,false,Port congestion
SH32659,2025-08-07,Hamburg,Dubai,Atlas Air Cargo,Air,58.8,15997,3,3,1249.42,true,
SH26586,2025-08-08,Rotterdam,Busan,Northstar Logistics,Sea,441.1,14258,23,24,750.44,true,
SH28223,2025-08-08,Shanghai,Singapore,Atlas Air Cargo,Air,194.0,11936,1,2,2717.67,true,
SH29369,2025-08-08,Rotterdam,Ho Chi Minh City,Meridian Freight,Sea,1402.7,2070,5,5,369.78,true,
SH30228,2025-08-08,Ho Chi Minh City,Hamburg,BlueWave Lines,Road,1831.4,163,1,1,223.53,true,
SH30376,2025-08-08,Los Angeles,Rotterdam,Meridian Freight,Sea,349.6,8912,19,16,366.81,false,Port congestion
SH31010,2025-08-08,Ho Chi Minh City,Shanghai,Meridian Freight,Sea,2003.0,5120,10,10,1000.25,true,
SH31170,2025-08-08,Rotterdam,Dubai,Meridian Freight,Sea,3818.7,11964,20,20,3723.43,true,
SH32013,2025-08-08,Los Angeles,Singapore,Swift Cargo,Sea,1405.5,11807,22,20,1415.42,false,Weather
SH32655,2025-08-08,Los Angeles,Shanghai,BlueWave Lines,Sea,2632.0,9645,19,17,2503.5,false,Customs
SH32763,2025-08-08,Rotterdam,Singapore,Northstar Logistics,Sea,1227.8,851,2,3,217.17,true,
SH24419,2025-08-09,Dubai,Ho Chi Minh City,BlueWave Lines,Rail,736.2,1013,1,2,295.68,true,
SH24588,2025-08-09,Dubai,Los Angeles,Meridian Freight,Sea,3478.0,9809,17,17,3620.7,true,
SH24903,2025-08-09,Shanghai,Dubai,Atlas Air Cargo,Air,869.8,6859,1,2,6725.81,true,
SH25866,2025-08-09,Dubai,Los Angeles,Atlas Air Cargo,Air,85.1,11475,1,2,1060.51,true,
SH26136,2025-08-09,Ho Chi Minh City,Singapore,BlueWave Lines,Sea,512.1,8078,14,14,452.58,true,
SH26379,2025-08-09,Dubai,Hamburg,Swift Cargo,Sea,1737.3,12043,21,21,2288.31,true,
SH26838,2025-08-09,Shanghai,Busan,Swift Cargo,Sea,3416.1,4778,9,9,1600.1,true,
SH27129,2025-08-09,Hamburg,Singapore,BlueWave Lines,Road,2484.3,776,1,2,730.04,true,
SH27188,2025-08-09,Ho Chi Minh City,Busan,Northstar Logistics,Road,1758.9,1783,3,4,1220.59,true,
SH27558,2025-08-09,Hamburg,Busan,Atlas Air Cargo,Air,157.0,3181,1,1,595.41,true,
SH28078,2025-08-09,Singapore,Los Angeles,BlueWave Lines,Sea,1498.7,12074,21,21,1739.63,true,
SH28144,2025-08-09,Ho Chi Minh City,Rotterdam,Atlas Air Cargo,Air,54.6,6906,2,2,524.73,true,
SH28536,2025-08-09,Rotterdam,Hamburg,Atlas Air Cargo,Air,126.0,12215,1,2,1810.02,true,
SH29014,2025-08-09,Hamburg,Ho Chi Minh City,Swift Cargo,Rail,1730.6,1834,2,3,829.66,true,
SH32560,2025-08-09,Dubai,Los Angeles,Swift Cargo,Sea,4155.9,12792,22,22,4621.09,true,
SH24264,2025-08-10,Los Angeles,Dubai,BlueWave Lines,Sea,5519.5,12270,21,21,5915.72,true,
SH24384,2025-08-10,Los Angeles,Singapore,Swift Cargo,Sea,905.6,9119,16,16,894.44,true,
SH25011,2025-08-10,Los Angeles,Rotterdam,Northstar Logistics,Sea,902.6,3274,15,7,432.72,false,Weather
SH25734,2025-08-10,Rotterdam,Hamburg,Meridian Freight,Sea,1777.5,14362,27,24,2447.57,false,Port congestion
SH25985,2025-08-10,Busan,Hamburg,Atlas Air Cargo,Air,200.9,10313,2,2,2749.98,true,
SH26841,2025-08-10,Hamburg,Singapore,Atlas Air Cargo,Air,400.2,2310,1,1,1058.03,true,
SH27214,2025-08-10,Ho Chi Minh City,Shanghai,BlueWave Lines,Road,1969.9,2431,5,5,2029.53,true,
SH27390,2025-08-10,Shanghai,Hamburg,Atlas Air Cargo,Air,1972.8,10712,2,2,24905.69,true,
SH30056,2025-08-10,Hamburg,Shanghai,Swift Cargo,Road,1198.0,2342,5,5,1162.0,true,
SH30518,2025-08-10,Dubai,Shanghai,BlueWave Lines,Sea,2974.5,11179,19,19,2811.98,true,
SH31413,2025-08-10,Shanghai,Singapore,Meridian Freight,Sea,899.8,13235,22,22,1216.51,true,
SH32274,2025-08-10,Shanghai,Rotterdam,BlueWave Lines,Sea,3922.9,2110,5,5,753.32,true,
SH24995,2025-08-11,Los Angeles,Singapore,Atlas Air Cargo,Air,349.2,15623,2,3,5957.42,true,
SH25385,2025-08-11,Los Angeles,Hamburg,Meridian Freight,Road,1065.8,1482,3,3,636.92,true,
SH25986,2025-08-11,Busan,Hamburg,BlueWave Lines,Sea,1642.3,2400,6,6,526.72,true,
SH26434,2025-08-11,Singapore,Dubai,Meridian Freight,Road,974.2,1120,2,3,550.04,true,
SH26518,2025-08-11,Singapore,Busan,Northstar Logistics,Road,2373.9,1076,2,3,1163.45,true,
SH27731,2025-08-11,Los Angeles,Rotterdam,BlueWave Lines,Sea,1031.9,17896,30,30,1802.6,true,
SH28511,2025-08-11,Rotterdam,Hamburg,Swift Cargo,Rail,690.3,1704,3,3,410.07,true,
SH29355,2025-08-11,Busan,Hamburg,Meridian Freight,Sea,2042.1,4636,8,9,940.08,true,
SH31685,2025-08-11,Rotterdam,Dubai,Northstar Logistics,Sea,3747.2,8143,15,15,3315.51,true,
SH31733,2025-08-11,Busan,Shanghai,Meridian Freight,Sea,1383.2,6882,13,13,850.17,true,
SH32135,2025-08-11,Singapore,Rotterdam,Meridian Freight,Sea,1759.6,2040,5,5,478.27,true,
SH32243,2025-08-11,Shanghai,Dubai,Atlas Air Cargo,Air,867.1,3453,1,1,3975.63,true,
SH32549,2025-08-11,Dubai,Rotterdam,Swift Cargo,Sea,1043.8,4048,8,8,504.3,true,
SH24252,2025-08-12,Busan,Dubai,Atlas Air Cargo,Air,75.4,12252,2,2,1223.18,true,
SH24307,2025-08-12,Busan,Shanghai,Northstar Logistics,Sea,363.6,17888,30,30,634.31,true,
SH26591,2025-08-12,Hamburg,Singapore,Meridian Freight,Sea,552.2,14284,23,24,844.95,true,
SH26768,2025-08-12,Rotterdam,Shanghai,Atlas Air Cargo,Air,293.7,14407,3,3,4142.5,true,
SH26961,2025-08-12,Busan,Hamburg,Meridian Freight,Road,6534.4,737,2,2,1871.82,true,
SH28117,2025-08-12,Los Angeles,Ho Chi Minh City,Northstar Logistics,Sea,474.7,8905,16,16,446.33,true,
SH28369,2025-08-12,Shanghai,Rotterdam,Northstar Logistics,Road,576.8,634,2,2,236.45,true,
SH28675,2025-08-12,Rotterdam,Busan,BlueWave Lines,Sea,980.1,16298,27,27,1348.23,true,
SH28733,2025-08-12,Los Angeles,Ho Chi Minh City,Swift Cargo,Sea,759.1,2938,7,7,355.05,true,Port congestion
SH29296,2025-08-12,Ho Chi Minh City,Dubai,Northstar Logistics,Sea,2083.4,4192,8,8,1050.4,true,
SH29718,2025-08-12,Shanghai,Los Angeles,Meridian Freight,Road,988.6,2438,5,5,1015.84,true,
SH30138,2025-08-12,Shanghai,Hamburg,Swift Cargo,Sea,2489.6,5194,10,10,1122.22,true,
SH31078,2025-08-12,Dubai,Rotterdam,Swift Cargo,Sea,483.2,11549,20,20,555.49,true,
SH31354,2025-08-12,Busan,Dubai,Swift Cargo,Sea,526.8,15642,25,26,811.3,true,
SH31374,2025-08-12,Shanghai,Ho Chi Minh City,BlueWave Lines,Rail,1592.3,569,1,2,316.94,true,
SH32426,2025-08-12,Rotterdam,Hamburg,BlueWave Lines,Rail,240.4,947,2,2,175.33,true,
SH24867,2025-08-13,Shanghai,Hamburg,Northstar Logistics,Road,2834.6,890,2,2,1114.9,true,
SH26667,2025-08-13,Busan,Shanghai,Atlas Air Cargo,Air,342.1,5423,2,2,2187.87,true,
SH26874,2025-08-13,Los Angeles,Singapore,Meridian Freight,Sea,1362.8,16351,33,27,1929.32,false,Equipment
SH27039,2025-08-13,Busan,Hamburg,Meridian Freight,Rail,3703.2,897,2,2,987.08,true,
SH27149,2025-08-13,Ho Chi Minh City,Dubai,Atlas Air Cargo,Air,103.3,8994,2,2,1079.1,true,
SH27857,2025-08-13,Shanghai,Los Angeles,Atlas Air Cargo,Air,268.9,14665,2,3,4313.85,true,
SH28274,2025-08-13,Rotterdam,Dubai,Meridian Freight,Sea,2746.3,6902,13,13,1866.12,true,
SH31646,2025-08-13,Ho Chi Minh City,Busan,Northstar Logistics,Sea,409.2,7255,13,13,408.7,true,
SH24647,2025-08-14,Singapore,Busan,Atlas Air Cargo,Air,343.0,17740,3,3,6355.16,true,
SH24840,2025-08-14,Ho Chi Minh City,Dubai,BlueWave Lines,Rail,2035.7,226,1,1,211.22,true,
SH25008,2025-08-14,Rotterdam,Busan,Meridian Freight,Road,273.0,232,1,1,143.21,true,
SH27031,2025-08-14,Hamburg,Shanghai,Atlas Air Cargo,Air,494.6,15580,3,3,9476.45,true,
SH31504,2025-08-14,Shanghai,Dubai,Northstar Logistics,Sea,940.9,6204,12,12,625.68,true,Equipment
SH31736,2025-08-14,Singapore,Rotterdam,BlueWave Lines,Sea,884.3,10526,17,18,919.52,true,
SH32564,2025-08-14,Shanghai,Rotterdam,Swift Cargo,Sea,4057.4,1217,4,4,519.76,true,
SH32666,2025-08-14,Rotterdam,Los Angeles,BlueWave Lines,Sea,4351.5,15142,25,25,7211.3,true,
SH24856,2025-08-15,Dubai,Busan,Northstar Logistics,Road,2442.4,1738,4,4,1624.7,true,
SH25149,2025-08-15,Hamburg,Singapore,Swift Cargo,Sea,406.3,16572,27,27,841.03,true,
SH26171,2025-08-15,Hamburg,Busan,Northstar Logistics,Road,1057.2,1438,3,3,720.55,true,
SH29140,2025-08-15,Singapore,Ho Chi Minh City,Atlas Air Cargo,Air,78.0,16521,2,3,1380.79,true,
SH29439,2025-08-15,Ho Chi Minh City,Shanghai,Meridian Freight,Sea,1804.6,16866,27,28,2718.46,true,
SH29809,2025-08-15,Los Angeles,Ho Chi Minh City,Swift Cargo,Sea,1687.5,7765,13,14,1328.31,true,
SH31086,2025-08-15,Rotterdam,Singapore,Swift Cargo,Sea,489.7,13511,23,23,718.63,true,
SH32099,2025-08-15,Rotterdam,Los Angeles,BlueWave Lines,Sea,1222.3,17123,27,28,2083.57,true,
SH32799,2025-08-15,Rotterdam,Ho Chi Minh City,Meridian Freight,Sea,11326.1,9797,21,17,9828.11,false,Equipment
SH24172,2025-08-16,Ho Chi Minh City,Busan,BlueWave Lines,Sea,842.1,11767,20,20,1039.99,true,
SH24894,2025-08-16,Dubai,Hamburg,BlueWave Lines,Sea,2197.0,4660,9,9,1177.72,true,
SH24929,2025-08-16,Shanghai,Busan,Northstar Logistics,Sea,3533.0,4323,9,9,1516.75,true,
SH26455,2025-08-16,Rotterdam,Busan,Northstar Logistics,Sea,6179.3,3794,9,8,2018.63,false,Port congestion
SH27307,2025-08-16,Rotterdam,Dubai,BlueWave Lines,Road,696.2,2351,5,5,650.17,true,
SH27904,2025-08-16,Busan,Ho Chi Minh City,BlueWave Lines,Sea,2066.3,877,3,3,292.16,true,
SH28900,2025-08-16,Ho Chi Minh City,Busan,Atlas Air Cargo,Air,1016.6,8276,2,2,9998.35,true,
SH29263,2025-08-16,Rotterdam,Los Angeles,Atlas Air Cargo,Air,167.7,2279,1,1,593.75,true,
SH29294,2025-08-16,Ho Chi Minh City,Rotterdam,Northstar Logistics,Sea,3056.7,1410,4,4,479.08,true,
SH29573,2025-08-16,Busan,Rotterdam,Swift Cargo,Road,689.5,1935,3,4,524.45,true,
SH29892,2025-08-16,Dubai,Singapore,Atlas Air Cargo,Air,306.6,13514,2,3,4721.02,true,
SH29937,2025-08-16,Singapore,Ho Chi Minh City,Swift Cargo,Sea,1290.9,9006,16,16,1266.61,true,
SH29966,2025-08-16,Ho Chi Minh City,Hamburg,Northstar Logistics,Sea,626.1,12816,22,22,862.98,true,
SH30379,2025-08-16,Dubai,Singapore,BlueWave Lines,Road,1861.6,1589,4,4,1346.88,true,
SH31355,2025-08-16,Los Angeles,Shanghai,Swift Cargo,Road,846.3,1765,4,4,597.01,true,
SH31869,2025-08-16,Shanghai,Ho Chi Minh City,Meridian Freight,Sea,2002.6,11216,19,19,1972.46,true,
SH32865,2025-08-16,Singapore,Busan,Meridian Freight,Sea,1140.5,10448,18,18,1392.28,true,
SH24729,2025-08-17,Singapore,Ho Chi Minh City,Atlas Air Cargo,Air,79.4,5135,2,2,593.43,true,
SH25226,2025-08-17,Los Angeles,Ho Chi Minh City,Meridian Freight,Sea,1882.5,8111,14,14,1401.76,true,
SH25965,2025-08-17,Los Angeles,Rotterdam,Swift Cargo,Road,665.7,1108,3,3,355.91,true,
SH27115,2025-08-17,Hamburg,Singapore,BlueWave Lines,Sea,2108.0,4292,8,9,892.05,true,
SH28386,2025-08-17,Rotterdam,Hamburg,BlueWave Lines,Sea,788.0,10421,18,18,878.45,true,Customs
SH29054,2025-08-17,Dubai,Shanghai,BlueWave Lines,Road,5031.2,1013,3,3,1842.11,true,
SH30321,2025-08-17,Hamburg,Singapore,Meridian Freight,Rail,1184.7,2359,4,4,675.45,true,
SH30391,2025-08-17,Hamburg,Shanghai,Northstar Logistics,Sea,1581.9,7415,13,13,1176.65,true,
SH31321,2025-08-17,Shanghai,Rotterdam,Atlas Air Cargo,Air,511.1,5696,2,2,3161.93,true,
SH31492,2025-08-17,Rotterdam,Hamburg,BlueWave Lines,Sea,2757.2,16645,28,28,4106.08,true,
SH32969,2025-08-17,Dubai,Hamburg,Meridian Freight,Sea,830.5,4763,8,9,534.24,true,
SH24201,2025-08-18,Dubai,Rotterdam,Atlas Air Cargo,Air,134.0,9615,2,2,1490.25,true,
SH24753,2025-08-18,Busan,Ho Chi Minh City,Meridian Freight,Sea,1833.2,3494,7,7,625.34,true,
SH25261,2025-08-18,Ho Chi Minh City,Shanghai,Northstar Logistics,Sea,1804.6,17504,28,29,2784.0,true,
SH25928,2025-08-18,Busan,Los Angeles,Meridian Freight,Sea,687.0,13874,23,23,878.46,true,
SH27045,2025-08-18,Ho Chi Minh City,Busan,BlueWave Lines,Sea,2769.4,12915,22,22,3889.41,true,
SH27925,2025-08-18,Ho Chi Minh City,Los Angeles,Meridian Freight,Sea,1295.2,15951,27,27,1933.53,true,Port congestion
SH28160,2025-08-18,Rotterdam,Hamburg,Atlas Air Cargo,Air,205.3,4780,2,2,1376.77,true,
SH28662,2025-08-18,Dubai,Singapore,Northstar Logistics,Sea,1013.5,11772,20,20,1194.74,true,
SH28711,2025-08-18,Busan,Hamburg,BlueWave Lines,Sea,1921.9,7506,14,14,1561.04,true,
SH28928,2025-08-18,Ho Chi Minh City,Hamburg,Atlas Air Cargo,Air,561.6,12211,2,2,8344.04,true,
SH29312,2025-08-18,Los Angeles,Singapore,Meridian Freight,Sea,1650.3,9839,17,17,1519.51,true,
SH30549,2025-08-18,Ho Chi Minh City,Los Angeles,Swift Cargo,Sea,936.1,3449,7,7,442.26,true,
SH31384,2025-08-18,Ho Chi Minh City,Los Angeles,Swift Cargo,Rail,730.3,616,2,2,225.82,true,
SH32336,2025-08-18,Shanghai,Rotterdam,Northstar Logistics,Sea,1352.5,13505,23,23,1657.12,true,
SH24253,2025-08-19,Los Angeles,Shanghai,Meridian Freight,Sea,3029.3,12358,26,21,2995.28,false,Documentation
SH24535,2025-08-19,Hamburg,Ho Chi Minh City,Swift Cargo,Road,527.5,794,2,2,281.96,true,Customs
SH24642,2025-08-19,Ho Chi Minh City,Singapore,BlueWave Lines,Sea,1178.5,1555,4,4,284.75,true,
SH26883,2025-08-19,Hamburg,Los Angeles,BlueWave Lines,Sea,4534.0,2191,5,5,1069.95,true,
SH26955,2025-08-19,Singapore,Ho Chi Minh City,Swift Cargo,Sea,2260.5,2018,4,5,474.96,true,
SH27503,2025-08-19,Los Angeles,Ho Chi Minh City,Atlas Air Cargo,Air,363.6,6738,2,2,2542.21,true,
SH27552,2025-08-19,Busan,Rotterdam,BlueWave Lines,Sea,1713.7,2744,5,6,513.26,true,
SH28446,2025-08-19,Singapore,Shanghai,BlueWave Lines,Rail,503.5,1218,3,3,246.47,true,
SH29516,2025-08-19,Hamburg,Los Angeles,BlueWave Lines,Sea,746.1,11694,21,20,940.35,false,Port congestion
SH29742,2025-08-19,Busan,Dubai,Atlas Air Cargo,Air,325.8,8062,2,2,2710.87,true,
SH30156,2025-08-19,Busan,Rotterdam,Swift Cargo,Rail,437.0,305,1,1,146.44,true,
SH30482,2025-08-19,Dubai,Hamburg,BlueWave Lines,Road,634.8,451,2,2,227.99,true,
SH31196,2025-08-19,Rotterdam,Dubai,Meridian Freight,Road,1456.5,498,2,2,408.88,true,
SH24448,2025-08-20,Busan,Los Angeles,Meridian Freight,Sea,1232.2,14511,23,24,1498.29,true,
SH24644,2025-08-20,Hamburg,Rotterdam,BlueWave Lines,Sea,687.4,6254,12,12,535.0,true,
SH25270,2025-08-20,Busan,Hamburg,Meridian Freight,Sea,1867.0,5001,11,10,909.95,false,Customs
SH25569,2025-08-20,Shanghai,Hamburg,Atlas Air Cargo,Air,349.6,15444,3,3,6115.95,true,
SH25821,2025-08-20,Los Angeles,Shanghai,Atlas Air Cargo,Air,368.3,1360,1,1,729.27,true,
SH26907,2025-08-20,Dubai,Busan,Meridian Freight,Sea,1352.9,5700,10,11,726.55,true,
SH27245,2025-08-20,Hamburg,Rotterdam,Atlas Air Cargo,Air,214.9,4429,1,1,1264.55,true,
SH28591,2025-08-20,Rotterdam,Singapore,Northstar Logistics,Sea,2024.6,14341,23,24,2687.6,true,
SH29406,2025-08-20,Hamburg,Busan,Meridian Freight,Sea,640.8,15993,27,27,1212.28,true,
SH29540,2025-08-20,Los Angeles,Shanghai,Northstar Logistics,Road,1289.4,2408,5,5,1061.28,true,
SH29844,2025-08-20,Los Angeles,Hamburg,Northstar Logistics,Rail,6472.8,1661,3,3,2404.01,true,
SH29976,2025-08-20,Dubai,Rotterdam,Atlas Air Cargo,Air,711.6,15759,2,3,14272.8,true,
SH30863,2025-08-20,Los Angeles,Shanghai,BlueWave Lines,Sea,1720.8,1069,4,4,289.74,true,
SH30990,2025-08-20,Hamburg,Dubai,Swift Cargo,Sea,1434.0,1819,4,5,360.9,true,
SH31497,2025-08-20,Dubai,Busan,Atlas Air Cargo,Air,402.9,1722,1,1,1033.93,true,
SH32097,2025-08-20,Rotterdam,Hamburg,Swift Cargo,Rail,2549.6,1370,4,3,835.35,false,Port congestion
SH32330,2025-08-20,Los Angeles,Ho Chi Minh City,Meridian Freight,Sea,1385.8,12122,24,21,1611.51,false,Customs
SH32592,2025-08-20,Dubai,Rotterdam,Swift Cargo,Sea,2552.8,11681,20,20,2929.08,true,
SH32633,2025-08-20,Rotterdam,Hamburg,Swift Cargo,Sea,451.1,15094,25,25,725.92,true,
SH24052,2025-08-21,Singapore,Hamburg,Atlas Air Cargo,Air,99.9,14647,3,3,1714.2,true,
SH25077,2025-08-21,Shanghai,Hamburg,Northstar Logistics,Sea,697.6,17652,28,29,1244.36,true,
SH26005,2025-08-21,Hamburg,Dubai,Northstar Logistics,Sea,2775.0,4088,10,8,1163.65,false,Port congestion
SH26135,2025-08-21,Shanghai,Singapore,BlueWave Lines,Sea,2494.2,1173,4,4,364.17,true,
SH26869,2025-08-21,Rotterdam,Shanghai,BlueWave Lines,Sea,1087.7,12994,21,22,1205.04,true,
SH27540,2025-08-21,Los Angeles,Dubai,Northstar Logistics,Road,5722.9,417,2,2,919.24,true,
SH27956,2025-08-21,Singapore,Rotterdam,Swift Cargo,Sea,1451.9,1329,4,4,294.72,true,
SH28427,2025-08-21,Los Angeles,Singapore,Northstar Logistics,Sea,1925.0,2825,5,6,560.48,true,
SH30401,2025-08-21,Busan,Rotterdam,Atlas Air Cargo,Air,144.2,4464,7,1,726.89,false,Port congestion
SH30760,2025-08-21,Dubai,Busan,Northstar Logistics,Sea,3561.9,13171,21,22,4749.93,true,
SH31024,2025-08-21,Shanghai,Dubai,Northstar Logistics,Sea,1734.8,5248,11,10,964.42,false,Port congestion
SH31902,2025-08-21,Shanghai,Rotterdam,Atlas Air Cargo,Air,387.3,11767,2,2,4755.07,true,
SH32199,2025-08-21,Dubai,Los Angeles,Northstar Logistics,Sea,4337.9,8736,14,15,3148.63,true,
SH32425,2025-08-21,Ho Chi Minh City,Shanghai,Northstar Logistics,Road,469.8,1885,4,4,461.54,true,
SH32585,2025-08-21,Singapore,Los Angeles,Atlas Air Cargo,Air,326.3,9084,2,2,3060.82,true,
SH32861,2025-08-21,Busan,Rotterdam,Northstar Logistics,Rail,1008.4,1987,4,3,516.92,false,Port congestion
SH24537,2025-08-22,Ho Chi Minh City,Singapore,Northstar Logistics,Road,3334.1,1578,4,4,1912.4,true,
SH24780,2025-08-22,Singapore,Los Angeles,Northstar Logistics,Sea,438.9,11005,18,19,619.22,true,
SH25041,2025-08-22,Rotterdam,Shanghai,Meridian Freight,Sea,2064.0,1400,3,4,392.78,true,
SH25233,2025-08-22,Busan,Dubai,Meridian Freight,Sea,387.7,14532,23,24,646.27,true,
SH25346,2025-08-22,Shanghai,Hamburg,Meridian Freight,Sea,1210.5,12940,22,22,1541.65,true,
SH27243,2025-08-22,Hamburg,Busan,BlueWave Lines,Sea,5121.5,10874,19,19,5102.93,true,
SH27686,2025-08-22,Busan,Los Angeles,Atlas Air Cargo,Air,726.0,10714,2,2,10315.9,true,
SH28233,2025-08-22,Ho Chi Minh City,Busan,Atlas Air Cargo,Air,211.2,14305,3,3,3197.35,true,
SH28829,2025-08-22,Shanghai,Singapore,Swift Cargo,Sea,1286.5,17340,29,29,2331.18,true,
SH31339,2025-08-22,Rotterdam,Busan,Meridian Freight,Sea,1747.0,17187,27,28,2742.8,true,
SH31427,2025-08-22,Los Angeles,Singapore,Swift Cargo,Sea,3700.4,14013,24,24,4871.72,true,
SH31516,2025-08-22,Shanghai,Dubai,BlueWave Lines,Sea,1591.7,6688,11,12,1259.16,true,
SH32192,2025-08-22,Dubai,Busan,Meridian Freight,Road,1804.5,902,2,3,671.82,true,
SH25066,2025-08-23,Rotterdam,Singapore,BlueWave Lines,Rail,1389.4,951,2,2,380.18,true,Customs
SH25170,2025-08-23,Ho Chi Minh City,Shanghai,Northstar Logistics,Road,293.0,708,11,2,195.37,false,Port congestion
SH25680,2025-08-23,Busan,Shanghai,Swift Cargo,Sea,5010.9,7421,13,13,3265.29,true,
SH25870,2025-08-23,Hamburg,Los Angeles,Meridian Freight,Sea,315.7,3153,7,7,222.3,true,
SH26804,2025-08-23,Hamburg,Busan,Atlas Air Cargo,Air,141.0,1374,1,1,331.56,true,
SH27597,2025-08-23,Los Angeles,Rotterdam,Swift Cargo,Sea,1280.0,7947,13,14,952.24,true,
SH28048,2025-08-23,Dubai,Singapore,Atlas Air Cargo,Air,50.4,2252,1,1,250.45,true,
SH28335,2025-08-23,Singapore,Dubai,Meridian Freight,Sea,1372.2,5709,10,11,949.98,true,
SH30232,2025-08-23,Hamburg,Singapore,Atlas Air Cargo,Air,58.0,7076,1,2,652.06,true,
SH32658,2025-08-23,Dubai,Busan,Northstar Logistics,Sea,882.8,17058,28,28,1516.26,true,
SH25561,2025-08-24,Singapore,Shanghai,BlueWave Lines,Road,1362.5,493,1,2,391.33,true,
SH26427,2025-08-24,Los Angeles,Singapore,BlueWave Lines,Sea,422.7,7133,13,13,353.5,true,
SH27396,2025-08-24,Busan,Rotterdam,Atlas Air Cargo,Air,65.0,13165,2,2,977.02,true,
SH28174,2025-08-24,Shanghai,Singapore,Swift Cargo,Sea,1653.2,4633,8,9,857.75,true,
SH30275,2025-08-24,Shanghai,Ho Chi Minh City,BlueWave Lines,Road,2539.8,836,2,2,1001.37,true,
SH30293,2025-08-24,Rotterdam,Busan,Meridian Freight,Sea,998.9,5977,11,11,708.08,true,
SH30468,2025-08-24,Shanghai,Rotterdam,Swift Cargo,Road,2154.5,1680,3,4,1605.77,true,
SH31252,2025-08-24,Los Angeles,Hamburg,Northstar Logistics,Sea,1493.8,10237,18,18,1449.26,true,
SH32129,2025-08-24,Busan,Rotterdam,Meridian Freight,Sea,3865.7,1672,5,5,778.44,true,
SH32187,2025-08-24,Ho Chi Minh City,Shanghai,Atlas Air Cargo,Air,190.7,7103,2,2,1445.83,true,
SH32973,2025-08-24,Shanghai,Hamburg,Atlas Air Cargo,Air,107.1,7328,2,2,1120.12,true,
SH25159,2025-08-25,Los Angeles,Busan,BlueWave Lines,Sea,533.7,11272,19,19,698.15,true,
SH25533,2025-08-25,Hamburg,Shanghai,BlueWave Lines,Sea,1273.2,4442,9,9,560.71,true,
SH25737,2025-08-25,Busan,Dubai,Swift Cargo,Road,681.9,777,2,2,320.32,true,
SH25740,2025-08-25,Shanghai,Hamburg,BlueWave Lines,Sea,2851.3,10702,18,18,2813.5,true,
SH26223,2025-08-25,Busan,Dubai,Northstar Logistics,Sea,820.4,8570,15,15,744.93,true,
SH26566,2025-08-25,Singapore,Ho Chi Minh City,Atlas Air Cargo,Air,318.0,17413,3,3,5463.64,true,
SH26663,2025-08-25,Singapore,Busan,Meridian Freight,Sea,6698.9,13610,23,23,9809.08,true,
SH26850,2025-08-25,Ho Chi Minh City,Singapore,Swift Cargo,Sea,1821.8,12467,20,21,2396.65,true,
SH28449,2025-08-25,Busan,Singapore,Northstar Logistics,Sea,3658.2,11830,19,20,3561.35,true,
SH29035,2025-08-25,Dubai,Shanghai,Atlas Air Cargo,Air,312.5,10697,2,2,3540.81,true,
SH29930,2025-08-25,Dubai,Hamburg,Swift Cargo,Rail,1127.7,315,2,1,212.22,false,Port congestion
SH30521,2025-08-25,Hamburg,Los Angeles,Northstar Logistics,Sea,1983.5,7670,14,14,1488.12,true,
SH30792,2025-08-25,Los Angeles,Shanghai,Northstar Logistics,Sea,5652.0,11540,20,20,5443.33,true,
SH31452,2025-08-25,Hamburg,Busan,Atlas Air Cargo,Air,108.8,12674,1,2,1624.36,true,
SH31843,2025-08-25,Dubai,Busan,BlueWave Lines,Road,1653.4,954,2,3,750.4,true,
SH31941,2025-08-25,Rotterdam,Ho Chi Minh City,Atlas Air Cargo,Air,304.7,6410,2,2,2601.52,true,
SH32638,2025-08-25,Singapore,Dubai,BlueWave Lines,Rail,338.0,247,1,1,137.61,true,
SH32928,2025-08-25,Ho Chi Minh City,Busan,Northstar Logistics,Sea,1328.7,4963,19,10,790.7,false,Port congestion
SH24846,2025-08-26,Ho Chi Minh City,Singapore,Northstar Logistics,Road,349.3,1331,4,3,293.17,false,Port congestion
SH25826,2025-08-26,Hamburg,Dubai,Swift Cargo,Sea,1609.8,3866,8,8,693.98,true,
SH25930,2025-08-26,Dubai,Busan,Atlas Air Cargo,Air,1056.0,17010,2,3,18430.35,true,
SH29410,2025-08-26,Los Angeles,Singapore,Northstar Logistics,Sea,3453.8,6051,11,11,2250.47,true,
SH29593,2025-08-26,Hamburg,Los Angeles,Meridian Freight,Sea,862.1,2110,4,5,306.79,true,
SH29993,2025-08-26,Dubai,Los Angeles,Swift Cargo,Sea,687.2,2776,6,6,299.04,true,
SH30434,2025-08-26,Shanghai,Hamburg,Swift Cargo,Sea,3593.8,4369,9,9,1343.05,true,
SH30648,2025-08-26,Hamburg,Singapore,Northstar Logistics,Sea,6453.4,4208,8,8,2896.52,true,
SH32133,2025-08-26,Hamburg,Singapore,Atlas Air Cargo,Air,720.2,16802,3,3,14222.08,true,
SH24332,2025-08-27,Ho Chi Minh City,Shanghai,BlueWave Lines,Sea,592.1,14370,24,24,1003.54,true,
SH25519,2025-08-27,Dubai,Rotterdam,Atlas Air Cargo,Air,176.6,7265,1,2,1545.88,true,
SH26046,2025-08-27,Busan,Singapore,Meridian Freight,Sea,1314.6,3208,7,7,546.88,true,
SH26124,2025-08-27,Busan,Ho Chi Minh City,Swift Cargo,Sea,2720.0,12842,21,22,3297.8,true,
SH26173,2025-08-27,Hamburg,Busan,Swift Cargo,Sea,1281.9,3671,8,8,605.16,true,
SH28159,2025-08-27,Dubai,Ho Chi Minh City,Northstar Logistics,Sea,810.1,2412,12,6,273.15,false,Customs
SH28353,2025-08-27,Dubai,Singapore,BlueWave Lines,Sea,2435.0,10312,17,18,2767.19,true,
SH29444,2025-08-27,Rotterdam,Hamburg,Northstar Logistics,Sea,640.9,5546,12,11,426.23,false,Weather
SH30542,2025-08-27,Dubai,Hamburg,Meridian Freight,Sea,2090.5,13024,22,22,2959.15,true,
SH31205,2025-08-27,Ho Chi Minh City,Rotterdam,Meridian Freight,Road,1145.0,364,1,2,245.03,true,
SH31222,2025-08-27,Los Angeles,Singapore,Meridian Freight,Sea,1236.5,8693,14,15,1135.37,true,
SH31295,2025-08-27,Los Angeles,Hamburg,BlueWave Lines,Sea,552.1,4073,8,8,315.29,true,
SH31437,2025-08-27,Shanghai,Dubai,BlueWave Lines,Sea,2989.2,4618,9,9,1427.03,true,
SH31825,2025-08-27,Dubai,Shanghai,Meridian Freight,Sea,331.7,6428,12,12,298.41,true,
SH32842,2025-08-27,Singapore,Los Angeles,Meridian Freight,Sea,1147.3,14260,24,24,1401.96,true,
SH32844,2025-08-27,Busan,Singapore,Meridian Freight,Sea,2111.4,1765,5,5,465.02,true,
SH24294,2025-08-28,Rotterdam,Singapore,Northstar Logistics,Rail,666.9,1916,2,3,379.54,true,
SH24988,2025-08-28,Busan,Rotterdam,Northstar Logistics,Sea,375.4,5741,17,11,340.99,false,Equipment
SH25384,2025-08-28,Shanghai,Ho Chi Minh City,BlueWave Lines,Road,1351.8,1182,2,3,707.73,true,
SH25683,2025-08-28,Ho Chi Minh City,Shanghai,Atlas Air Cargo,Air,250.6,6231,2,2,2136.29,true,
SH27128,2025-08-28,Ho Chi Minh City,Los Angeles,Swift Cargo,Sea,581.7,16420,26,27,854.84,true,
SH29295,2025-08-28,Los Angeles,Singapore,BlueWave Lines,Sea,2027.0,9102,16,16,1892.87,true,
SH30129,2025-08-28,Busan,Shanghai,Swift Cargo,Sea,559.9,7234,12,13,451.51,true,
SH30144,2025-08-28,Los Angeles,Shanghai,Atlas Air Cargo,Air,152.9,12115,2,2,2377.3,true,
SH30583,2025-08-28,Los Angeles,Ho Chi Minh City,Atlas Air Cargo,Air,228.9,1956,1,1,607.97,true,
SH30983,2025-08-28,Hamburg,Rotterdam,Meridian Freight,Rail,922.4,1988,3,3,533.87,true,
SH31071,2025-08-28,Singapore,Ho Chi Minh City,Meridian Freight,Sea,1615.5,6671,14,12,1024.4,false,Documentation
SH31155,2025-08-28,Dubai,Hamburg,Swift Cargo,Sea,841.3,3889,7,8,376.73,true,
SH31209,2025-08-28,Los Angeles,Rotterdam,Northstar Logistics,Sea,960.7,9201,15,16,820.16,true,
SH31923,2025-08-28,Busan,Dubai,Swift Cargo,Sea,1009.8,856,2,3,190.02,true,
SH31988,2025-08-28,Ho Chi Minh City,Shanghai,Atlas Air Cargo,Air,201.9,4561,2,2,1078.39,true,
SH32392,2025-08-28,Rotterdam,Hamburg,BlueWave Lines,Sea,1262.2,7252,12,13,1091.41,true,
SH24440,2025-08-29,Los Angeles,Busan,Northstar Logistics,Sea,694.7,10381,20,18,767.2,false,Customs
SH24555,2025-08-29,Singapore,Los Angeles,Northstar Logistics,Sea,231.9,1694,5,5,162.02,true,
SH24762,2025-08-29,Rotterdam,Dubai,Atlas Air Cargo,Air,116.3,8553,1,2,1161.16,true,
SH24826,2025-08-29,Los Angeles,Rotterdam,BlueWave Lines,Road,3564.6,657,2,2,891.66,true,
SH25078,2025-08-29,Dubai,Shanghai,Northstar Logistics,Sea,4847.2,4340,11,9,1898.68,false,Documentation
SH25168,2025-08-29,Hamburg,Rotterdam,Atlas Air Cargo,Air,203.4,17975,4,3,3851.72,false,Port congestion
SH26989,2025-08-29,Singapore,Hamburg,Swift Cargo,Road,703.9,2441,5,5,664.94,true,
SH27019,2025-08-29,Dubai,Singapore,Northstar Logistics,Sea,1027.6,8353,15,15,793.01,true,
SH27034,2025-08-29,Ho Chi Minh City,Los Angeles,Northstar Logistics,Sea,5480.8,2093,4,5,1041.21,true,
SH27046,2025-08-29,Singapore,Busan,BlueWave Lines,Sea,1688.2,6941,12,13,1214.82,true,
SH27184,2025-08-29,Hamburg,Ho Chi Minh City,BlueWave Lines,Road,792.2,310,2,2,199.11,true,
SH28331,2025-08-29,Rotterdam,Shanghai,Meridian Freight,Road,414.8,2402,4,5,454.7,true,
SH28596,2025-08-29,Dubai,Hamburg,Atlas Air Cargo,Air,124.8,6638,2,2,995.34,true,
SH29722,2025-08-29,Dubai,Hamburg,BlueWave Lines,Sea,2404.9,13607,23,23,3332.81,true,
SH24944,2025-08-30,Singapore,Shanghai,Swift Cargo,Sea,790.8,4083,8,8,398.99,true,
SH25000,2025-08-30,Dubai,Rotterdam,Swift Cargo,Sea,977.9,15472,28,26,1303.8,false,Port congestion
SH25089,2025-08-30,Dubai,Shanghai,Northstar Logistics,Sea,2256.2,14622,24,24,2769.7,true,
SH25668,2025-08-30,Rotterdam,Los Angeles,Meridian Freight,Sea,304.3,14394,24,24,561.29,true,
SH25952,2025-08-30,Los Angeles,Rotterdam,BlueWave Lines,Sea,2206.8,4627,9,9,1219.33,true,
SH27273,2025-08-30,Shanghai,Hamburg,Meridian Freight,Sea,1010.3,7145,12,13,796.27,true,
SH28322,2025-08-30,Busan,Rotterdam,BlueWave Lines,Sea,1591.1,999,4,4,259.3,true,
SH28936,2025-08-30,Busan,Dubai,Atlas Air Cargo,Air,161.8,14688,3,3,2869.04,true,
SH29526,2025-08-30,Los Angeles,Busan,Atlas Air Cargo,Air,135.6,7483,1,2,1341.86,true,
SH29803,2025-08-30,Hamburg,Shanghai,Northstar Logistics,Road,14270.4,2075,4,4,9983.71,true,
SH30479,2025-08-30,Busan,Singapore,Atlas Air Cargo,Air,178.1,4165,1,1,865.71,true,
SH31161,2025-08-30,Singapore,Dubai,Swift Cargo,Road,906.5,1432,2,3,621.15,true,
SH32624,2025-08-30,Hamburg,Dubai,Swift Cargo,Sea,417.4,5688,11,11,340.79,true,
SH32644,2025-08-30,Shanghai,Busan,Swift Cargo,Sea,1579.6,13296,23,22,2017.96,false,Documentation
SH24326,2025-08-31,Singapore,Dubai,Swift Cargo,Sea,823.1,12350,21,21,1096.86,true,
SH25804,2025-08-31,Busan,Ho Chi Minh City,Swift Cargo,Rail,1061.4,1760,3,3,585.61,true,
SH26371,2025-08-31,Dubai,Shanghai,Swift Cargo,Sea,1491.6,14803,25,25,1809.7,true,
SH26730,2025-08-31,Ho Chi Minh City,Busan,BlueWave Lines,Sea,821.5,16960,28,28,1535.3,true,
SH27075,2025-08-31,Singapore,Shanghai,Swift Cargo,Sea,3328.5,3510,6,7,1033.19,true,
SH28520,2025-08-31,Rotterdam,Dubai,BlueWave Lines,Sea,2005.7,16382,27,27,3074.02,true,
SH29430,2025-08-31,Busan,Hamburg,Northstar Logistics,Sea,1463.8,11106,18,19,1653.77,true,
SH29710,2025-08-31,Singapore,Hamburg,Meridian Freight,Sea,364.0,8251,15,15,383.32,true,
SH29873,2025-08-31,Busan,Hamburg,Meridian Freight,Sea,1849.3,17648,28,29,2926.78,true,
SH30359,2025-08-31,Shanghai,Dubai,Northstar Logistics,Sea,3360.5,4342,9,9,1687.03,true,
SH31378,2025-08-31,Dubai,Hamburg,Atlas Air Cargo,Air,205.9,4504,2,2,1021.79,true,
SH31402,2025-08-31,Rotterdam,Hamburg,Northstar Logistics,Road,652.9,1151,5,3,391.62,false,Customs
SH31672,2025-08-31,Shanghai,Hamburg,BlueWave Lines,Sea,491.1,8016,13,14,517.64,true,
SH32836,2025-08-31,Ho Chi Minh City,Rotterdam,Atlas Air Cargo,Air,44.6,16427,3,3,905.78,true,
SH24317,2025-09-01,Los Angeles,Rotterdam,BlueWave Lines,Sea,6038.1,1485,6,4,885.91,false,Port congestion
SH24661,2025-09-01,Dubai,Shanghai,Swift Cargo,Sea,782.9,2844,5,6,311.06,true,
SH25672,2025-09-01,Singapore,Shanghai,Meridian Freight,Sea,3303.2,6148,11,11,2222.77,true,
SH26465,2025-09-01,Ho Chi Minh City,Singapore,Meridian Freight,Sea,3655.9,13589,31,23,5214.59,false,Port congestion
SH26659,2025-09-01,Busan,Singapore,Northstar Logistics,Road,582.2,1038,3,3,348.53,true,
SH26765,2025-09-01,Busan,Los Angeles,BlueWave Lines,Road,2094.6,377,3,2,378.04,false,Port congestion
SH27183,2025-09-01,Ho Chi Minh City,Shanghai,Meridian Freight,Sea,236.2,8882,16,16,306.02,true,
SH27252,2025-09-01,Busan,Hamburg,Swift Cargo,Rail,478.4,2401,4,4,420.74,true,
SH27926,2025-09-01,Ho Chi Minh City,Shanghai,Meridian Freight,Sea,917.1,1982,4,5,303.57,true,
SH28123,2025-09-01,Shanghai,Hamburg,Meridian Freight,Sea,604.6,16775,28,28,1173.54,true,
SH28426,2025-09-01,Dubai,Los Angeles,Meridian Freight,Sea,716.5,1644,4,5,228.27,true,
SH29108,2025-09-01,Singapore,Busan,Swift Cargo,Sea,2324.4,16695,28,28,3765.48,true,
SH29186,2025-09-01,Los Angeles,Shanghai,BlueWave Lines,Rail,1031.5,2306,4,4,673.16,true,
SH32460,2025-09-01,Los Angeles,Singapore,Meridian Freight,Sea,4302.8,2874,6,6,1376.24,true,
SH24476,2025-09-02,Rotterdam,Busan,Atlas Air Cargo,Air,87.8,4563,1,2,644.07,true,
SH25007,2025-09-02,Singapore,Rotterdam,Swift Cargo,Sea,786.3,14699,25,25,1235.92,true,
SH25049,2025-09-02,Ho Chi Minh City,Los Angeles,Swift Cargo,Sea,615.5,15435,25,26,967.21,true,
SH26050,2025-09-02,Los Angeles,Hamburg,Swift Cargo,Road,3386.2,1450,3,3,2130.77,true,
SH26281,2025-09-02,Hamburg,Singapore,BlueWave Lines,Sea,1346.5,4585,8,9,653.08,true,
SH26748,2025-09-02,Rotterdam,Busan,Swift Cargo,Sea,572.3,17321,29,29,1102.89,true,
SH29806,2025-09-02,Rotterdam,Hamburg,BlueWave Lines,Sea,4839.2,5391,10,10,2160.37,true,
SH30218,2025-09-02,Busan,Shanghai,Atlas Air Cargo,Air,687.2,4027,1,1,3208.48,true,
SH30868,2025-09-02,Rotterdam,Hamburg,BlueWave Lines,Sea,2442.9,8330,15,15,2108.4,true,
SH31311,2025-09-02,Singapore,Shanghai,BlueWave Lines,Sea,401.5,1549,4,4,180.68,true,
SH31675,2025-09-02,Rotterdam,Dubai,Meridian Freight,Sea,1041.1,17306,29,29,1582.95,true,
SH28845,2025-09-03,Ho Chi Minh City,Shanghai,Northstar Logistics,Road,753.2,1149,3,3,389.03,true,
SH30413,2025-09-03,Hamburg,Los Angeles,BlueWave Lines,Sea,1007.0,11898,20,20,1135.9,true,
SH30650,2025-09-03,Rotterdam,Shanghai,BlueWave Lines,Sea,1970.7,14156,24,24,2914.41,true,
SH30730,2025-09-03,Hamburg,Busan,Swift Cargo,Sea,1088.2,5057,10,10,541.98,true,
SH30862,2025-09-03,Busan,Hamburg,Northstar Logistics,Sea,1748.3,11479,24,20,2212.18,false,Equipment
SH32026,2025-09-03,Ho Chi Minh City,Hamburg,Atlas Air Cargo,Air,439.6,12494,1,2,6270.43,true,
SH24844,2025-09-04,Shanghai,Rotterdam,Atlas Air Cargo,Air,362.6,10624,2,2,3782.68,true,
SH25173,2025-09-04,Hamburg,Dubai,Northstar Logistics,Road,4919.9,1422,3,3,2360.43,true,
SH25657,2025-09-04,Busan,Rotterdam,Swift Cargo,Rail,331.2,1768,3,3,241.63,true,
SH26077,2025-09-04,Shanghai,Los Angeles,Atlas Air Cargo,Air,180.8,9592,1,2,1899.88,true,
SH26633,2025-09-04,Rotterdam,Busan,Atlas Air Cargo,Air,261.9,4357,1,1,1225.93,true,
SH28616,2025-09-04,Hamburg,Dubai,Northstar Logistics,Rail,491.7,930,1,2,209.15,true,
SH28890,2025-09-04,Rotterdam,Shanghai,Atlas Air Cargo,Air,856.8,12551,1,2,12038.17,true,
SH29331,2025-09-04,Ho Chi Minh City,Hamburg,BlueWave Lines,Sea,550.1,10695,18,18,692.12,true,
SH30071,2025-09-04,Los Angeles,Ho Chi Minh City,Meridian Freight,Sea,1949.0,7300,13,13,1270.49,true,
SH30113,2025-09-04,Rotterdam,Busan,Atlas Air Cargo,Air,159.9,7303,1,2,1470.2,true,
SH30870,2025-09-04,Hamburg,Singapore,Meridian Freight,Sea,2689.2,9145,17,16,2366.25,false,Equipment
SH24050,2025-09-05,Ho Chi Minh City,Dubai,BlueWave Lines,Road,720.1,1356,3,3,431.77,true,
SH24109,2025-09-05,Los Angeles,Shanghai,Atlas Air Cargo,Air,909.8,13739,6,3,13334.62,false,Port congestion
SH24878,2025-09-05,Busan,Los Angeles,BlueWave Lines,Sea,1011.9,15344,26,26,1647.11,true,
SH25864,2025-09-05,Hamburg,Dubai,Meridian Freight,Sea,1258.3,9353,17,16,1091.19,false,Documentation
SH26732,2025-09-05,Shanghai,Busan,Meridian Freight,Sea,5544.4,17165,34,28,7513.53,false,Customs
SH27417,2025-09-05,Los Angeles,Dubai,Swift Cargo,Sea,942.5,14643,25,25,1526.53,true,
SH28657,2025-09-05,Singapore,Dubai,Atlas Air Cargo,Air,200.2,4738,2,2,1099.75,true,
SH32459,2025-09-05,Hamburg,Ho Chi Minh City,Swift Cargo,Sea,1666.1,1673,5,5,411.63,true,
SH24032,2025-09-06,Ho Chi Minh City,Busan,BlueWave Lines,Rail,647.2,1895,3,3,371.59,true,
SH24200,2025-09-06,Rotterdam,Los Angeles,Northstar Logistics,Sea,4051.2,7702,15,14,2572.17,false,Port congestion
SH25013,2025-09-06,Busan,Shanghai,Northstar Logistics,Sea,301.3,5093,10,10,271.26,true,
SH25716,2025-09-06,Shanghai,Los Angeles,Northstar Logistics,Sea,2798.6,8449,14,15,2096.87,true,
SH26243,2025-09-06,Shanghai,Singapore,BlueWave Lines,Sea,333.1,12279,21,21,437.04,true,
SH28106,2025-09-06,Rotterdam,Los Angeles,Northstar Logistics,Rail,5050.3,1433,3,3,1678.51,true,
SH30423,2025-09-06,Busan,Singapore,Atlas Air Cargo,Air,588.6,14096,3,3,8771.66,true,
SH30653,2025-09-06,Busan,Singapore,Atlas Air Cargo,Air,136.3,16881,2,3,2466.9,true,
SH30919,2025-09-06,Rotterdam,Busan,BlueWave Lines,Rail,783.4,2382,4,4,512.47,true,
SH32106,2025-09-06,Rotterdam,Ho Chi Minh City,Swift Cargo,Sea,985.2,3512,8,7,456.73,false,Port congestion
SH25241,2025-09-07,Shanghai,Los Angeles,BlueWave Lines,Sea,1142.1,5256,9,10,759.73,true,
SH26067,2025-09-07,Busan,Hamburg,Meridian Freight,Sea,5336.7,4191,8,8,2169.39,true,
SH28349,2025-09-07,Singapore,Los Angeles,Atlas Air Cargo,Air,153.8,8534,2,2,1624.87,true,
SH30748,2025-09-07,Busan,Ho Chi Minh City,Swift Cargo,Sea,1731.9,10977,18,19,1714.09,true,
SH31365,2025-09-07,Singapore,Busan,Northstar Logistics,Sea,1692.7,9352,15,16,1670.29,true,
SH24239,2025-09-08,Los Angeles,Ho Chi Minh City,Meridian Freight,Sea,475.5,3050,11,7,240.7,false,Weather
SH30893,2025-09-08,Shanghai,Hamburg,Swift Cargo,Road,1132.0,199,1,1,197.99,true,Weather
SH30949,2025-09-08,Los Angeles,Rotterdam,BlueWave Lines,Sea,638.6,2159,5,5,257.88,true,
SH30952,2025-09-08,Hamburg,Dubai,Swift Cargo,Sea,817.0,14754,24,25,1136.18,true,
SH31305,2025-09-08,Los Angeles,Busan,BlueWave Lines,Road,1059.7,2174,5,5,1071.76,true,
SH32675,2025-09-08,Busan,Hamburg,Swift Cargo,Sea,498.5,8161,15,15,514.9,true,
SH24702,2025-09-09,Dubai,Hamburg,Northstar Logistics,Sea,1173.5,4259,9,9,539.71,true,
SH24860,2025-09-09,Ho Chi Minh City,Hamburg,Northstar Logistics,Sea,598.5,7059,13,13,494.51,true,
SH25356,2025-09-09,Ho Chi Minh City,Hamburg,Meridian Freight,Rail,498.8,2159,4,4,343.91,true,
SH25983,2025-09-09,Singapore,Ho Chi Minh City,Atlas Air Cargo,Air,641.7,15740,3,3,9837.26,true,
SH26068,2025-09-09,Shanghai,Dubai,Northstar Logistics,Road,1186.2,163,2,1,189.35,false,Weather
SH26722,2025-09-09,Rotterdam,Busan,Atlas Air Cargo,Air,98.7,2828,1,1,476.23,true,
SH27653,2025-09-09,Shanghai,Ho Chi Minh City,Meridian Freight,Rail,815.0,2233,4,4,483.98,true,
SH29126,2025-09-09,Busan,Shanghai,BlueWave Lines,Road,728.9,2428,5,5,697.96,true,
SH29659,2025-09-09,Ho Chi Minh City,Dubai,Northstar Logistics,Rail,654.6,1729,5,3,340.55,false,Documentation
SH29812,2025-09-09,Ho Chi Minh City,Dubai,Swift Cargo,Rail,2740.2,943,2,2,775.27,true,
SH29985,2025-09-09,Hamburg,Los Angeles,Atlas Air Cargo,Air,129.1,8064,2,2,1095.48,true,
SH30323,2025-09-09,Busan,Shanghai,BlueWave Lines,Sea,4668.4,5668,11,11,2912.12,true,
SH30831,2025-09-09,Ho Chi Minh City,Busan,Atlas Air Cargo,Air,195.6,1596,1,1,432.44,true,
SH30899,2025-09-09,Hamburg,Dubai,Meridian Freight,Sea,691.0,1193,5,4,202.12,false,Port congestion
SH31414,2025-09-09,Singapore,Ho Chi Minh City,Swift Cargo,Sea,712.8,16471,26,27,1175.14,true,
SH31732,2025-09-09,Rotterdam,Busan,Meridian Freight,Sea,490.6,3640,11,8,303.33,false,Weather
SH32727,2025-09-09,Shanghai,Hamburg,BlueWave Lines,Sea,306.2,9240,16,16,342.26,true,
SH32738,2025-09-09,Singapore,Hamburg,Northstar Logistics,Sea,1700.3,12744,22,22,2271.56,true,
SH24506,2025-09-10,Hamburg,Singapore,Swift Cargo,Road,1717.1,518,2,2,449.71,true,
SH25929,2025-09-10,Rotterdam,Dubai,Atlas Air Cargo,Air,409.5,15283,3,3,7221.51,true,
SH26303,2025-09-10,Rotterdam,Los Angeles,Northstar Logistics,Sea,1304.7,3911,8,8,613.12,true,
SH26408,2025-09-10,Dubai,Ho Chi Minh City,Meridian Freight,Sea,4774.1,10456,17,18,4591.7,true,
SH28100,2025-09-10,Singapore,Rotterdam,BlueWave Lines,Sea,2714.9,15359,26,26,3900.02,true,
SH28287,2025-09-10,Shanghai,Busan,Meridian Freight,Sea,1745.1,17924,29,30,3021.08,true,
SH28539,2025-09-10,Singapore,Shanghai,Swift Cargo,Sea,1735.3,7960,14,14,1528.64,true,
SH28858,2025-09-10,Los Angeles,Singapore,Atlas Air Cargo,Air,839.2,11971,1,2,13018.05,true,
SH29196,2025-09-10,Ho Chi Minh City,Dubai,Atlas Air Cargo,Air,743.3,4598,11,2,4162.92,false,Documentation
SH29709,2025-09-10,Dubai,Busan,BlueWave Lines,Sea,2246.9,1212,4,4,378.07,true,
SH29724,2025-09-10,Los Angeles,Singapore,Meridian Freight,Road,4085.9,1545,4,4,2070.9,true,
SH30661,2025-09-10,Dubai,Shanghai,Atlas Air Cargo,Air,101.7,11429,1,2,1458.71,true,
SH30907,2025-09-10,Los Angeles,Ho Chi Minh City,Atlas Air Cargo,Air,102.8,10672,1,2,1530.9,true,
SH31328,2025-09-10,Hamburg,Dubai,Northstar Logistics,Road,1450.1,1336,3,3,700.13,true,
SH32244,2025-09-10,Ho Chi Minh City,Hamburg,Swift Cargo,Sea,2102.7,7409,13,13,1413.26,true,
SH32642,2025-09-10,Los Angeles,Shanghai,Northstar Logistics,Sea,2273.7,6106,11,11,1393.53,true,
SH32906,2025-09-10,Shanghai,Dubai,BlueWave Lines,Sea,4464.9,6156,11,11,2338.33,true,
SH24370,2025-09-11,Shanghai,Dubai,Swift Cargo,Sea,745.1,13897,29,23,1112.91,false,Customs
SH25124,2025-09-11,Ho Chi Minh City,Dubai,BlueWave Lines,Road,270.9,606,2,2,182.64,true,
SH25774,2025-09-11,Singapore,Ho Chi Minh City,Meridian Freight,Sea,1302.6,17606,29,29,2049.7,true,
SH25963,2025-09-11,Ho Chi Minh City,Hamburg,Meridian Freight,Sea,1617.6,3092,7,7,657.08,true,
SH26786,2025-09-11,Singapore,Rotterdam,BlueWave Lines,Sea,1462.0,8998,16,16,1246.31,true,
SH27042,2025-09-11,Hamburg,Singapore,BlueWave Lines,Road,1169.5,1276,3,3,743.19,true,
SH27475,2025-09-11,Los Angeles,Rotterdam,Meridian Freight,Sea,2388.4,2810,5,6,799.92,true,
SH27754,2025-09-11,Busan,Los Angeles,Atlas Air Cargo,Air,142.0,4819,1,2,774.63,true,
SH27994,2025-09-11,Shanghai,Dubai,Atlas Air Cargo,Air,560.0,14471,3,3,10727.39,true,
SH29320,2025-09-11,Dubai,Ho Chi Minh City,Northstar Logistics,Road,3999.7,1462,2,3,2358.15,true,
SH30459,2025-09-11,Dubai,Shanghai,Swift Cargo,Rail,3425.9,1898,5,3,1498.61,false,Equipment
SH31227,2025-09-11,Dubai,Busan,Northstar Logistics,Sea,3835.1,2060,5,5,956.91,true,
SH32516,2025-09-11,Hamburg,Dubai,BlueWave Lines,Road,2352.5,2279,6,5,1938.26,false,Customs
SH32544,2025-09-11,Dubai,Los Angeles,Atlas Air Cargo,Air,315.1,4992,2,2,1913.78,true,
SH24687,2025-09-12,Singapore,Busan,Swift Cargo,Sea,687.7,12910,22,22,888.84,true,
SH25629,2025-09-12,Rotterdam,Ho Chi Minh City,Northstar Logistics,Sea,255.7,9422,16,16,333.22,true,
SH27227,2025-09-12,Singapore,Shanghai,Swift Cargo,Sea,350.9,14422,24,24,622.04,true,
SH27522,2025-09-12,Ho Chi Minh City,Los Angeles,Meridian Freight,Sea,464.8,17530,28,29,801.44,true,
SH28865,2025-09-12,Hamburg,Los Angeles,Meridian Freight,Sea,3116.1,12550,22,21,3202.83,false,Port congestion
SH30378,2025-09-12,Dubai,Rotterdam,Swift Cargo,Sea,1256.9,16162,26,27,2123.43,true,
SH31101,2025-09-12,Hamburg,Rotterdam,Northstar Logistics,Sea,814.5,17237,30,29,1519.75,false,Port congestion
SH32846,2025-09-12,Shanghai,Rotterdam,BlueWave Lines,Sea,3330.2,11955,20,20,3835.77,true,
SH24071,2025-09-13,Rotterdam,Los Angeles,Northstar Logistics,Sea,962.7,12399,21,21,1388.22,true,
SH25091,2025-09-13,Singapore,Los Angeles,Meridian Freight,Rail,1120.3,960,2,2,328.4,true,
SH25235,2025-09-13,Shanghai,Los Angeles,Swift Cargo,Road,1295.4,443,1,2,322.41,true,
SH26160,2025-09-13,Ho Chi Minh City,Los Angeles,Atlas Air Cargo,Air,130.5,9320,2,2,1283.85,true,
SH27748,2025-09-13,Busan,Dubai,Meridian Freight,Sea,1171.2,8688,15,15,1192.41,true,
SH27820,2025-09-13,Hamburg,Los Angeles,Swift Cargo,Rail,4163.8,504,2,2,649.03,true,
SH28062,2025-09-13,Dubai,Ho Chi Minh City,Meridian Freight,Sea,3339.9,6235,12,12,2249.23,true,
SH28118,2025-09-13,Hamburg,Shanghai,Atlas Air Cargo,Air,79.2,17468,3,3,1433.88,true,
SH29779,2025-09-13,Ho Chi Minh City,Hamburg,BlueWave Lines,Sea,1395.8,15698,25,26,2473.53,true,
SH30182,2025-09-13,Shanghai,Singapore,Swift Cargo,Sea,2570.2,10923,18,19,2759.25,true,
SH30752,2025-09-13,Singapore,Los Angeles,Meridian Freight,Rail,1659.7,555,2,2,351.48,true,
SH31125,2025-09-13,Shanghai,Singapore,Swift Cargo,Sea,2618.7,9599,17,17,2202.18,true,Port congestion
SH32371,2025-09-13,Dubai,Shanghai,Atlas Air Cargo,Air,395.3,4770,2,2,1936.7,true,
SH25726,2025-09-14,Dubai,Singapore,Meridian Freight,Sea,3317.2,1151,4,4,435.45,true,
SH25922,2025-09-14,Singapore,Busan,Meridian Freight,Road,2146.0,1567,4,4,1376.49,true,Weather
SH26073,2025-09-14,Ho Chi Minh City,Singapore,Meridian Freight,Sea,224.3,2171,4,5,165.33,true,
SH26362,2025-09-14,Dubai,Los Angeles,Atlas Air Cargo,Air,372.2,1695,1,1,770.5,true,
SH27624,2025-09-14,Dubai,Ho Chi Minh City,Atlas Air Cargo,Air,195.0,6742,2,2,1585.21,true,
SH29169,2025-09-14,Ho Chi Minh City,Singapore,Northstar Logistics,Sea,718.9,14846,25,25,1087.18,true,
SH32205,2025-09-14,Busan,Dubai,BlueWave Lines,Sea,1275.8,885,3,3,230.11,true,
SH32410,2025-09-14,Dubai,Shanghai,Meridian Freight,Sea,2946.2,6471,11,12,1800.54,true,
SH24103,2025-09-15,Hamburg,Los Angeles,Northstar Logistics,Sea,1022.8,9885,20,17,1209.96,false,Port congestion
SH24297,2025-09-15,Shanghai,Los Angeles,Atlas Air Cargo,Air,556.9,10335,2,2,7695.51,true,
SH24301,2025-09-15,Shanghai,Busan,Swift Cargo,Sea,598.0,15901,25,26,1113.63,true,
SH24665,2025-09-15,Hamburg,Rotterdam,Meridian Freight,Sea,990.1,6235,11,12,716.93,true,
SH25422,2025-09-15,Dubai,Singapore,Swift Cargo,Rail,1927.0,677,2,2,393.96,true,
SH26002,2025-09-15,Los Angeles,Singapore,BlueWave Lines,Sea,1492.2,7784,14,14,1022.6,true,
SH26707,2025-09-15,Dubai,Singapore,Swift Cargo,Sea,948.1,16687,28,28,1518.15,true,
SH28918,2025-09-15,Singapore,Rotterdam,Atlas Air Cargo,Air,122.5,1502,1,1,348.43,true,
SH30817,2025-09-15,Busan,Rotterdam,BlueWave Lines,Sea,2328.3,7872,14,14,1570.48,true,
SH31389,2025-09-15,Hamburg,Busan,Atlas Air Cargo,Air,263.6,4285,1,1,1281.58,true,
SH32340,2025-09-15,Busan,Dubai,Northstar Logistics,Road,777.7,344,2,2,227.97,true,
SH32758,2025-09-15,Los Angeles,Hamburg,Atlas Air Cargo,Air,284.6,15072,3,3,5228.55,true,
SH24089,2025-09-16,Shanghai,Busan,Atlas Air Cargo,Air,154.0,15073,2,3,2319.05,true,
SH25400,2025-09-16,Dubai,Hamburg,Atlas Air Cargo,Air,376.1,14976,3,3,6322.74,true,
SH25912,2025-09-16,Singapore,Rotterdam,Swift Cargo,Sea,2653.8,15888,35,26,4345.13,false,Port congestion
SH26945,2025-09-16,Rotterdam,Singapore,Atlas Air Cargo,Air,815.4,17440,3,3,16157.05,true,
SH27435,2025-09-16,Ho Chi Minh City,Busan,BlueWave Lines,Sea,2866.8,10122,22,18,2594.8,false,Equipment
SH27563,2025-09-16,Busan,Shanghai,Swift Cargo,Sea,4004.8,12879,22,22,4518.28,true,
SH28645,2025-09-16,Rotterdam,Shanghai,Swift Cargo,Sea,17640.1,8232,15,15,13849.01,true,
SH28761,2025-09-16,Busan,Los Angeles,Swift Cargo,Sea,890.9,5617,11,11,588.68,true,
SH31087,2025-09-16,Dubai,Singapore,Swift Cargo,Road,3933.9,2108,5,5,3439.31,true,
SH32314,2025-09-16,Singapore,Dubai,Northstar Logistics,Sea,2049.2,7080,19,13,1539.01,false,Weather
SH32621,2025-09-16,Ho Chi Minh City,Shanghai,Atlas Air Cargo,Air,737.7,17819,2,3,16529.87,true,
SH32631,2025-09-16,Busan,Ho Chi Minh City,Atlas Air Cargo,Air,109.1,2925,1,1,444.54,true,
SH32966,2025-09-16,Ho Chi Minh City,Los Angeles,Meridian Freight,Sea,1649.3,3622,7,8,670.65,true,
SH25708,2025-09-17,Busan,Dubai,BlueWave Lines,Road,1204.9,2325,5,5,1181.97,true,
SH25713,2025-09-17,Hamburg,Dubai,BlueWave Lines,Sea,1651.2,897,3,3,269.33,true,
SH26142,2025-09-17,Hamburg,Shanghai,Swift Cargo,Sea,1313.6,10654,18,18,1466.59,true,
SH26463,2025-09-17,Hamburg,Los Angeles,Swift Cargo,Sea,1255.1,11210,25,19,1422.92,false,Customs
SH27636,2025-09-17,Rotterdam,Dubai,Meridian Freight,Road,539.8,2182,5,5,558.36,true,
SH28315,2025-09-17,Shanghai,Rotterdam,Atlas Air Cargo,Air,638.5,4987,1,2,3379.61,true,
SH28503,2025-09-17,Busan,Rotterdam,Atlas Air Cargo,Air,212.3,9643,2,2,2666.36,true,
SH29043,2025-09-17,Shanghai,Rotterdam,Meridian Freight,Sea,8124.7,2361,12,6,2149.39,false,Customs
SH29619,2025-09-17,Shanghai,Los Angeles,Meridian Freight,Sea,1216.4,5569,11,11,733.29,true,
SH30082,2025-09-17,Los Angeles,Busan,BlueWave Lines,Rail,538.5,1974,3,3,354.93,true,
SH24616,2025-09-18,Shanghai,Singapore,Northstar Logistics,Sea,605.0,8596,15,15,662.63,true,
SH25151,2025-09-18,Busan,Ho Chi Minh City,Atlas Air Cargo,Air,194.8,15258,3,3,3663.03,true,
SH26285,2025-09-18,Rotterdam,Busan,Northstar Logistics,Rail,1346.4,917,5,2,415.19,false,Equipment
SH27078,2025-09-18,Hamburg,Los Angeles,BlueWave Lines,Sea,870.6,4384,9,9,432.43,true,
SH27295,2025-09-18,Ho Chi Minh City,Busan,Atlas Air Cargo,Air,401.7,15981,3,3,7016.86,true,
SH27638,2025-09-18,Dubai,Hamburg,Swift Cargo,Road,3764.7,367,2,2,660.04,true,
SH29921,2025-09-18,Rotterdam,Singapore,Northstar Logistics,Rail,431.2,1717,3,3,311.75,true,
SH30191,2025-09-18,Busan,Ho Chi Minh City,Meridian Freight,Sea,802.5,5328,10,10,506.51,true,
SH30207,2025-09-18,Los Angeles,Ho Chi Minh City,Swift Cargo,Sea,10839.3,4978,10,10,5140.72,true,
SH30809,2025-09-18,Dubai,Shanghai,Swift Cargo,Sea,1540.8,11772,19,20,1695.24,true,
SH32554,2025-09-18,Hamburg,Los Angeles,Northstar Logistics,Sea,994.6,6041,11,11,644.16,true,
SH26608,2025-09-19,Hamburg,Dubai,Swift Cargo,Rail,396.7,1788,3,3,274.62,true,Equipment
SH26881,2025-09-19,Los Angeles,Singapore,Meridian Freight,Sea,2750.7,6519,12,12,1607.94,true,
SH27154,2025-09-19,Busan,Singapore,Atlas Air Cargo,Air,600.6,10858,2,2,6964.0,true,
SH27615,2025-09-19,Rotterdam,Los Angeles,Atlas Air Cargo,Air,950.9,15013,3,3,18249.37,true,
SH29928,2025-09-19,Busan,Shanghai,Northstar Logistics,Sea,942.1,13310,22,22,1081.45,true,
SH30090,2025-09-19,Dubai,Los Angeles,Swift Cargo,Road,933.0,1243,3,3,603.18,true,
SH30658,2025-09-19,Hamburg,Singapore,BlueWave Lines,Sea,919.1,12501,21,21,1038.19,true,
SH31521,2025-09-19,Busan,Dubai,Meridian Freight,Sea,2051.1,8922,16,16,1576.82,true,
SH31589,2025-09-19,Shanghai,Rotterdam,Swift Cargo,Sea,2146.3,1378,8,4,408.51,false,Port congestion
SH32837,2025-09-19,Busan,Ho Chi Minh City,Northstar Logistics,Sea,3614.2,14515,23,24,4838.87,true,
SH24341,2025-09-20,Ho Chi Minh City,Hamburg,Meridian Freight,Sea,491.7,6527,11,12,430.75,true,
SH24925,2025-09-20,Shanghai,Singapore,Atlas Air Cargo,Air,627.5,8093,1,2,5862.27,true,
SH25135,2025-09-20,Busan,Ho Chi Minh City,Atlas Air Cargo,Air,244.4,13253,4,2,4393.93,false,Documentation
SH25471,2025-09-20,Hamburg,Shanghai,Northstar Logistics,Sea,1024.0,13738,32,23,1292.74,false,Port congestion
SH26301,2025-09-20,Singapore,Rotterdam,Meridian Freight,Sea,986.9,8556,14,15,937.12,true,
SH27369,2025-09-20,Singapore,Los Angeles,BlueWave Lines,Sea,1737.1,17895,30,30,3077.47,true,
SH27380,2025-09-20,Los Angeles,Hamburg,Swift Cargo,Sea,968.4,15500,26,26,1345.6,true,
SH28269,2025-09-20,Los Angeles,Rotterdam,Northstar Logistics,Sea,1199.0,11838,20,20,1488.65,true,
SH28650,2025-09-20,Shanghai,Busan,Northstar Logistics,Sea,2273.4,7780,14,14,2011.38,true,
SH28671,2025-09-20,Busan,Ho Chi Minh City,Northstar Logistics,Sea,531.6,4695,9,9,354.91,true,
SH28691,2025-09-20,Rotterdam,Los Angeles,Swift Cargo,Rail,2713.1,1173,11,2,945.93,false,Documentation
SH32007,2025-09-20,Dubai,Singapore,Meridian Freight,Sea,4537.6,8276,15,15,3312.33,true,
SH24146,2025-09-21,Ho Chi Minh City,Busan,Meridian Freight,Sea,1813.9,9574,17,17,1619.85,true,
SH24691,2025-09-21,Hamburg,Rotterdam,Swift Cargo,Road,2184.6,577,2,2,631.95,true,
SH26534,2025-09-21,Ho Chi Minh City,Hamburg,Atlas Air Cargo,Air,426.4,5922,2,2,3385.54,true,
SH26613,2025-09-21,Rotterdam,Shanghai,Swift Cargo,Sea,552.5,5078,9,10,350.93,true,
SH27242,2025-09-21,Ho Chi Minh City,Los Angeles,Swift Cargo,Sea,454.2,6454,11,12,417.55,true,
SH27769,2025-09-21,Hamburg,Dubai,Meridian Freight,Road,347.3,2184,4,5,436.48,true,
SH27838,2025-09-21,Hamburg,Singapore,Swift Cargo,Sea,1919.6,17789,29,29,3185.63,true,
SH29085,2025-09-21,Busan,Rotterdam,BlueWave Lines,Sea,2406.4,12779,22,22,3081.26,true,
SH29870,2025-09-21,Singapore,Dubai,Northstar Logistics,Sea,1019.6,4228,8,9,458.25,true,
SH30386,2025-09-21,Shanghai,Rotterdam,Atlas Air Cargo,Air,355.4,1593,1,1,705.97,true,
SH32761,2025-09-21,Busan,Singapore,BlueWave Lines,Sea,1797.8,15147,25,25,2275.18,true,
SH32951,2025-09-21,Ho Chi Minh City,Singapore,Northstar Logistics,Sea,524.8,1274,4,4,179.92,true,
SH24242,2025-09-22,Rotterdam,Ho Chi Minh City,BlueWave Lines,Sea,2318.9,9840,17,17,2540.98,true,
SH24389,2025-09-22,Ho Chi Minh City,Los Angeles,Northstar Logistics,Road,4227.0,1719,4,4,2693.74,true,
SH24759,2025-09-22,Busan,Ho Chi Minh City,Meridian Freight,Road,1575.4,636,1,2,535.6,true,
SH24908,2025-09-22,Singapore,Rotterdam,Atlas Air Cargo,Air,131.9,6029,2,2,955.36,true,
SH26778,2025-09-22,Dubai,Shanghai,Atlas Air Cargo,Air,310.5,9999,2,2,3171.13,true,
SH28489,2025-09-22,Hamburg,Ho Chi Minh City,BlueWave Lines,Sea,808.9,11520,20,20,993.34,true,
SH28637,2025-09-22,Hamburg,Busan,Northstar Logistics,Rail,1266.5,1834,5,3,646.8,false,Customs
SH29212,2025-09-22,Ho Chi Minh City,Shanghai,Northstar Logistics,Sea,2530.7,9285,16,16,2455.79,true,
SH29238,2025-09-22,Shanghai,Ho Chi Minh City,Meridian Freight,Road,512.4,700,6,2,230.03,false,Port congestion
SH29910,2025-09-22,Singapore,Shanghai,Swift Cargo,Sea,254.7,11009,18,19,404.52,true,
SH31913,2025-09-22,Ho Chi Minh City,Rotterdam,Swift Cargo,Sea,648.0,8101,14,14,591.75,true,
SH32233,2025-09-22,Dubai,Rotterdam,Northstar Logistics,Sea,1916.9,4480,9,9,955.67,true,
SH32481,2025-09-22,Shanghai,Busan,BlueWave Lines,Sea,1875.2,11624,19,20,2308.73,true,
SH32530,2025-09-22,Singapore,Ho Chi Minh City,Swift Cargo,Sea,546.6,15596,25,26,885.78,true,
SH32615,2025-09-22,Ho Chi Minh City,Busan,Swift Cargo,Sea,315.9,11780,20,20,425.9,true,
SH32740,2025-09-22,Rotterdam,Los Angeles,Atlas Air Cargo,Air,484.2,3129,1,1,1659.67,true,
SH24273,2025-09-23,Ho Chi Minh City,Shanghai,Meridian Freight,Sea,1322.1,5740,11,11,886.85,true,
SH25064,2025-09-23,Hamburg,Dubai,Northstar Logistics,Road,3316.3,1309,3,3,1832.28,true,
SH25123,2025-09-23,Singapore,Busan,Swift Cargo,Road,887.1,1799,3,4,612.63,true,
SH25196,2025-09-23,Busan,Los Angeles,Northstar Logistics,Sea,2019.2,10042,17,17,2140.49,true,
SH26407,2025-09-23,Shanghai,Hamburg,Meridian Freight,Sea,3479.6,17384,28,29,6049.39,true,
SH27269,2025-09-23,Hamburg,Los Angeles,Swift Cargo,Road,751.8,1679,3,4,605.28,true,
SH27862,2025-09-23,Hamburg,Dubai,BlueWave Lines,Sea,739.1,10076,17,18,714.94,true,
SH31072,2025-09-23,Hamburg,Ho Chi Minh City,Meridian Freight,Sea,677.6,15202,25,25,1052.04,true,
SH31330,2025-09-23,Rotterdam,Hamburg,Meridian Freight,Rail,1245.7,1213,3,3,429.98,true,
SH31664,2025-09-23,Rotterdam,Ho Chi Minh City,BlueWave Lines,Sea,1110.2,3245,6,7,449.26,true,
SH24376,2025-09-24,Singapore,Busan,Meridian Freight,Sea,3318.3,11084,19,19,3171.46,true,
SH25204,2025-09-24,Shanghai,Singapore,Swift Cargo,Sea,138.2,9137,16,16,236.14,true,
SH25319,2025-09-24,Busan,Rotterdam,Atlas Air Cargo,Air,278.9,13537,3,3,3905.33,true,
SH25979,2025-09-24,Ho Chi Minh City,Los Angeles,BlueWave Lines,Sea,1180.9,6677,12,12,935.55,true,
SH29271,2025-09-24,Ho Chi Minh City,Singapore,Meridian Freight,Rail,1333.7,226,1,1,186.46,true,
SH30204,2025-09-24,Rotterdam,Shanghai,BlueWave Lines,Road,734.6,1182,4,3,435.8,false,Documentation
SH30511,2025-09-24,Los Angeles,Rotterdam,Atlas Air Cargo,Air,401.8,15906,3,3,7663.71,true,
SH30607,2025-09-24,Shanghai,Rotterdam,Northstar Logistics,Sea,3851.4,8636,18,15,3596.84,false,Weather
SH30813,2025-09-24,Rotterdam,Hamburg,Swift Cargo,Sea,465.0,7546,13,14,413.57,true,
SH30929,2025-09-24,Dubai,Ho Chi Minh City,Meridian Freight,Sea,2200.2,4432,9,9,971.7,true,
SH31184,2025-09-24,Los Angeles,Dubai,Northstar Logistics,Road,1826.0,1488,2,3,1189.44,true,
SH31535,2025-09-24,Los Angeles,Singapore,Meridian Freight,Sea,559.4,5400,9,10,411.53,true,
SH32420,2025-09-24,Los Angeles,Busan,Meridian Freight,Sea,2672.7,2926,7,7,935.98,true,
SH32518,2025-09-24,Dubai,Busan,BlueWave Lines,Sea,157.5,3912,8,8,181.27,true,
SH24054,2025-09-25,Dubai,Hamburg,Swift Cargo,Sea,1285.6,16899,28,28,1793.33,true,
SH24510,2025-09-25,Rotterdam,Los Angeles,Meridian Freight,Road,1461.4,1977,4,4,983.42,true,
SH25631,2025-09-25,Dubai,Singapore,Atlas Air Cargo,Air,38.3,12337,2,2,659.76,true,
SH25957,2025-09-25,Hamburg,Los Angeles,Meridian Freight,Sea,2836.8,4407,12,9,1086.28,false,Documentation
SH27076,2025-09-25,Singapore,Shanghai,BlueWave Lines,Rail,2683.7,630,2,2,441.13,true,
SH27112,2025-09-25,Busan,Dubai,Swift Cargo,Rail,919.7,2492,4,4,681.11,true,
SH28143,2025-09-25,Shanghai,Los Angeles,BlueWave Lines,Sea,3545.8,11453,19,20,4030.06,true,
SH28440,2025-09-25,Singapore,Los Angeles,Meridian Freight,Road,3301.3,1659,6,4,2369.62,false,Port congestion
SH28878,2025-09-25,Hamburg,Singapore,Northstar Logistics,Road,1815.4,1953,3,4,1500.2,true,
SH29480,2025-09-25,Ho Chi Minh City,Hamburg,BlueWave Lines,Road,522.1,1180,3,3,349.54,true,
SH30743,2025-09-25,Singapore,Los Angeles,Atlas Air Cargo,Air,848.7,9715,2,2,9524.14,true,
SH31640,2025-09-25,Los Angeles,Singapore,BlueWave Lines,Sea,987.7,5633,10,11,619.2,true,
SH32042,2025-09-25,Busan,Rotterdam,Swift Cargo,Rail,765.9,369,1,1,175.19,true,
SH26192,2025-09-26,Busan,Los Angeles,Swift Cargo,Sea,1790.6,11218,19,19,1707.62,true,
SH26275,2025-09-26,Shanghai,Busan,Atlas Air Cargo,Air,17.3,8285,2,2,305.65,true,
SH26890,2025-09-26,Shanghai,Busan,BlueWave Lines,Sea,2027.9,6474,11,12,1407.4,true,
SH27170,2025-09-26,Shanghai,Singapore,Atlas Air Cargo,Air,359.6,13043,2,2,5347.9,true,
SH27909,2025-09-26,Ho Chi Minh City,Shanghai,Atlas Air Cargo,Air,340.5,7903,4,2,2761.39,false,Port congestion
SH28030,2025-09-26,Los Angeles,Hamburg,BlueWave Lines,Road,5101.9,917,2,3,1669.62,true,
SH28278,2025-09-26,Hamburg,Shanghai,Northstar Logistics,Sea,640.1,8920,16,16,611.88,true,
SH28728,2025-09-26,Shanghai,Busan,BlueWave Lines,Sea,971.9,9067,16,16,800.42,true,
SH28795,2025-09-26,Singapore,Los Angeles,Meridian Freight,Sea,1775.2,12356,22,21,1833.84,false,Port congestion
SH29062,2025-09-26,Singapore,Dubai,BlueWave Lines,Road,3189.1,2180,4,5,2819.5,true,
SH29489,2025-09-26,Rotterdam,Busan,BlueWave Lines,Sea,577.6,3426,7,7,324.61,true,
SH29495,2025-09-26,Ho Chi Minh City,Hamburg,Swift Cargo,Sea,1006.5,3867,8,8,436.13,true,
SH30122,2025-09-26,Busan,Rotterdam,Meridian Freight,Sea,9077.1,11288,19,19,9072.15,true,
SH32138,2025-09-26,Dubai,Busan,Meridian Freight,Sea,740.0,15998,26,27,1038.31,true,
SH32295,2025-09-26,Shanghai,Busan,BlueWave Lines,Sea,2358.6,5698,10,11,1526.12,true,
SH32468,2025-09-26,Los Angeles,Dubai,BlueWave Lines,Rail,2165.9,377,1,1,294.72,true,
SH24258,2025-09-27,Dubai,Busan,Swift Cargo,Sea,437.8,14673,25,25,736.6,true,
SH24703,2025-09-27,Ho Chi Minh City,Hamburg,Atlas Air Cargo,Air,183.2,5539,2,2,1365.09,true,
SH25171,2025-09-27,Busan,Hamburg,BlueWave Lines,Rail,1185.4,1657,3,3,505.54,true,
SH25373,2025-09-27,Shanghai,Hamburg,BlueWave Lines,Sea,747.8,6082,11,11,506.89,true,
SH28135,2025-09-27,Dubai,Ho Chi Minh City,Meridian Freight,Sea,1520.9,15473,26,26,1924.5,true,
SH29081,2025-09-27,Rotterdam,Shanghai,BlueWave Lines,Sea,972.9,2418,6,6,344.42,true,
SH29794,2025-09-27,Los Angeles,Shanghai,BlueWave Lines,Sea,3104.8,9574,17,17,2618.23,true,
SH31334,2025-09-27,Singapore,Rotterdam,Meridian Freight,Road,2368.0,356,2,2,451.33,true,
SH32528,2025-09-27,Shanghai,Busan,Atlas Air Cargo,Air,787.2,17751,2,3,17205.41,true,
SH32921,2025-09-27,Rotterdam,Dubai,Atlas Air Cargo,Air,197.6,1474,1,1,464.48,true,
SH24339,2025-09-28,Singapore,Ho Chi Minh City,Atlas Air Cargo,Air,224.3,15530,3,3,4498.22,true,
SH24975,2025-09-28,Singapore,Busan,Northstar Logistics,Road,323.0,2068,3,4,395.99,true,
SH25081,2025-09-28,Ho Chi Minh City,Rotterdam,Atlas Air Cargo,Air,134.4,17034,2,3,2468.65,true,
SH25224,2025-09-28,Rotterdam,Hamburg,Northstar Logistics,Sea,209.4,6532,12,12,242.82,true,
SH25230,2025-09-28,Rotterdam,Los Angeles,BlueWave Lines,Sea,3132.3,3543,7,7,1147.09,true,
SH25896,2025-09-28,Rotterdam,Shanghai,Northstar Logistics,Sea,1061.5,11616,20,20,1399.04,true,
SH26593,2025-09-28,Ho Chi Minh City,Hamburg,BlueWave Lines,Rail,245.9,212,1,1,132.0,true,
SH27478,2025-09-28,Busan,Rotterdam,BlueWave Lines,Rail,3895.4,2395,3,4,1928.72,true,
SH28253,2025-09-28,Shanghai,Rotterdam,Northstar Logistics,Sea,2556.8,12976,25,22,2870.81,false,Port congestion
SH28747,2025-09-28,Los Angeles,Dubai,Swift Cargo,Sea,746.6,8860,16,16,790.93,true,
SH28945,2025-09-28,Dubai,Shanghai,Northstar Logistics,Sea,572.0,3443,13,7,302.6,false,Equipment
SH29138,2025-09-28,Hamburg,Los Angeles,Meridian Freight,Sea,3037.7,6359,11,12,1632.73,true,
SH29413,2025-09-28,Rotterdam,Los Angeles,Swift Cargo,Sea,2012.1,6036,10,11,1237.16,true,
SH29684,2025-09-28,Los Angeles,Ho Chi Minh City,Atlas Air Cargo,Air,367.0,1641,2,1,848.52,false,Port congestion
SH31509,2025-09-28,Rotterdam,Ho Chi Minh City,Northstar Logistics,Sea,3872.4,13591,23,23,4374.1,true,
SH31587,2025-09-28,Dubai,Shanghai,BlueWave Lines,Sea,1198.8,4348,9,9,565.05,true,
SH31590,2025-09-28,Dubai,Ho Chi Minh City,Swift Cargo,Sea,1450.5,9918,17,17,1550.34,true,
SH31922,2025-09-28,Rotterdam,Singapore,Swift Cargo,Road,2149.6,1202,3,3,903.92,true,
SH32765,2025-09-28,Shanghai,Dubai,Meridian Freight,Sea,1113.5,6771,11,12,870.0,true,
SH32922,2025-09-28,Shanghai,Singapore,Northstar Logistics,Sea,2027.5,9378,16,16,2100.0,true,
SH24040,2025-09-29,Shanghai,Singapore,Atlas Air Cargo,Air,1785.8,5748,2,2,11780.43,true,
SH24158,2025-09-29,Hamburg,Busan,BlueWave Lines,Sea,1900.5,6875,13,13,1318.41,true,
SH24409,2025-09-29,Singapore,Hamburg,Atlas Air Cargo,Air,602.7,12344,1,2,8306.31,true,
SH24577,2025-09-29,Hamburg,Los Angeles,Meridian Freight,Sea,3241.5,6884,12,13,2161.46,true,
SH25057,2025-09-29,Hamburg,Ho Chi Minh City,Northstar Logistics,Road,1517.1,2465,7,5,1330.6,false,Weather
SH25272,2025-09-29,Busan,Los Angeles,Northstar Logistics,Sea,1674.4,14388,33,24,2034.53,false,Equipment
SH26227,2025-09-29,Ho Chi Minh City,Dubai,Swift Cargo,Sea,353.6,1397,3,4,169.72,true,
SH26422,2025-09-29,Hamburg,Rotterdam,Atlas Air Cargo,Air,1152.4,8379,1,2,12634.43,true,
SH26499,2025-09-29,Ho Chi Minh City,Dubai,Swift Cargo,Road,813.2,1975,4,4,747.67,true,
SH28667,2025-09-29,Rotterdam,Dubai,BlueWave Lines,Sea,12742.6,9600,17,17,9700.8,true,
SH28855,2025-09-29,Shanghai,Busan,Swift Cargo,Sea,375.3,8149,15,15,427.0,true,
SH29096,2025-09-29,Rotterdam,Hamburg,Swift Cargo,Sea,1141.0,11731,21,20,1511.02,false,Port congestion
SH29510,2025-09-29,Singapore,Dubai,BlueWave Lines,Rail,1196.6,2279,4,4,821.0,true,
SH30202,2025-09-29,Los Angeles,Shanghai,Meridian Freight,Sea,1517.4,8346,15,15,1222.43,true,
SH30412,2025-09-29,Shanghai,Singapore,Northstar Logistics,Sea,412.0,2130,5,5,190.09,true,
SH31669,2025-09-29,Singapore,Shanghai,BlueWave Lines,Sea,495.6,3520,7,7,302.73,true,
SH32847,2025-09-29,Shanghai,Hamburg,Meridian Freight,Sea,361.6,7071,13,13,376.49,true,
SH26038,2025-09-30,Ho Chi Minh City,Rotterdam,BlueWave Lines,Sea,494.2,2158,5,5,214.24,true,
SH26711,2025-09-30,Los Angeles,Singapore,Meridian Freight,Sea,3689.6,14471,23,24,5233.15,true,
SH27546,2025-09-30,Shanghai,Busan,BlueWave Lines,Sea,1034.9,1964,5,5,296.1,true,
SH28109,2025-09-30,Ho Chi Minh City,Singapore,Atlas Air Cargo,Air,593.8,13052,2,2,8932.16,true,
SH28880,2025-09-30,Busan,Ho Chi Minh City,Meridian Freight,Sea,1536.3,1278,4,4,300.44,true,
SH29313,2025-09-30,Hamburg,Busan,Meridian Freight,Rail,429.5,1761,3,3,288.59,true,
SH29484,2025-09-30,Los Angeles,Ho Chi Minh City,Meridian Freight,Sea,928.3,11935,20,20,1176.69,true,
SH29594,2025-09-30,Los Angeles,Singapore,BlueWave Lines,Sea,2235.0,7002,13,13,1331.15,true,
SH30537,2025-09-30,Los Angeles,Ho Chi Minh City,Atlas Air Cargo,Air,394.7,4767,2,2,2297.78,true,
SH31800,2025-09-30,Hamburg,Busan,Swift Cargo,Sea,989.0,2208,5,5,315.32,true,
SH32179,2025-09-30,Rotterdam,Busan,Atlas Air Cargo,Air,57.2,2546,1,1,276.77,true,
SH32349,2025-09-30,Ho Chi Minh City,Rotterdam,BlueWave Lines,Sea,527.0,5421,9,10,383.07,true,
SH24330,2025-10-01,Rotterdam,Shanghai,Northstar Logistics,Sea,3549.2,8021,14,14,2709.84,true,
SH24405,2025-10-01,Busan,Shanghai,Meridian Freight,Road,2628.3,1056,2,3,1269.44,true,
SH24646,2025-10-01,Hamburg,Singapore,Meridian Freight,Rail,548.0,1845,2,3,370.14,true,
SH24839,2025-10-01,Singapore,Dubai,Atlas Air Cargo,Air,814.6,4449,1,1,3752.81,true,
SH25544,2025-10-01,Busan,Ho Chi Minh City,Swift Cargo,Rail,2723.0,1011,2,2,810.78,true,
SH26360,2025-10-01,Shanghai,Los Angeles,Atlas Air Cargo,Air,625.4,4625,2,2,3534.47,true,
SH26377,2025-10-01,Rotterdam,Busan,Northstar Logistics,Sea,729.6,8101,14,14,741.94,true,
SH27448,2025-10-01,Ho Chi Minh City,Shanghai,Northstar Logistics,Sea,2017.1,13683,23,23,2808.67,true,
SH27511,2025-10-01,Dubai,Hamburg,Northstar Logistics,Sea,5876.9,14451,29,24,7466.25,false,Port congestion
SH27617,2025-10-01,Busan,Los Angeles,Atlas Air Cargo,Air,66.4,17296,3,3,1494.84,true,
SH27996,2025-10-01,Hamburg,Los Angeles,Northstar Logistics,Road,845.4,844,1,2,372.93,true,
SH28272,2025-10-01,Rotterdam,Hamburg,Meridian Freight,Sea,1473.1,14946,25,25,2280.82,true,
SH28559,2025-10-01,Rotterdam,Hamburg,Meridian Freight,Road,2188.8,1283,3,3,1143.82,true,
SH28688,2025-10-01,Dubai,Busan,Northstar Logistics,Road,2131.0,233,1,1,301.53,true,
SH28870,2025-10-01,Singapore,Busan,Atlas Air Cargo,Air,495.9,4214,1,1,2326.17,true,
SH30155,2025-10-01,Los Angeles,Busan,BlueWave Lines,Sea,231.2,3567,7,7,187.35,true,
SH30764,2025-10-01,Los Angeles,Rotterdam,BlueWave Lines,Sea,1372.2,7432,13,13,1110.35,true,
SH32270,2025-10-01,Ho Chi Minh City,Rotterdam,Atlas Air Cargo,Air,282.8,17166,2,3,5013.36,true,
SH24623,2025-10-02,Shanghai,Singapore,Meridian Freight,Sea,372.3,14291,27,24,662.78,false,Weather
SH25334,2025-10-02,Hamburg,Los Angeles,Atlas Air Cargo,Air,131.5,15902,3,3,2711.16,true,
SH25520,2025-10-02,Singapore,Ho Chi Minh City,BlueWave Lines,Sea,697.7,902,3,3,182.43,true,
SH26787,2025-10-02,Ho Chi Minh City,Busan,BlueWave Lines,Sea,786.5,9688,16,17,876.4,true,
SH26797,2025-10-02,Singapore,Dubai,BlueWave Lines,Sea,1901.5,11261,19,19,1998.62,true,
SH27222,2025-10-02,Dubai,Ho Chi Minh City,Swift Cargo,Sea,3346.8,4723,9,9,1562.15,true,
SH27309,2025-10-02,Hamburg,Shanghai,BlueWave Lines,Sea,1313.0,4398,9,9,614.98,true,
SH28382,2025-10-02,Los Angeles,Ho Chi Minh City,BlueWave Lines,Sea,626.9,11559,20,20,822.72,true,
SH28826,2025-10-02,Shanghai,Busan,Swift Cargo,Sea,225.5,1249,4,4,142.78,true,
SH29172,2025-10-02,Dubai,Ho Chi Minh City,Northstar Logistics,Sea,994.1,7057,12,13,678.42,true,
SH29804,2025-10-02,Singapore,Busan,Meridian Freight,Sea,744.7,3105,7,7,342.99,true,
SH29869,2025-10-02,Shanghai,Hamburg,Atlas Air Cargo,Air,367.2,14663,3,3,5514.2,true,
SH30370,2025-10-02,Hamburg,Ho Chi Minh City,Swift Cargo,Sea,1161.5,17046,28,28,2246.63,true,
SH30702,2025-10-02,Hamburg,Rotterdam,Northstar Logistics,Sea,1919.2,13123,22,22,2380.06,true,
SH32620,2025-10-02,Busan,Shanghai,Swift Cargo,Road,697.6,2239,5,5,750.62,true,
SH24066,2025-10-03,Rotterdam,Dubai,Swift Cargo,Sea,5177.2,8889,15,16,3878.35,true,
SH26290,2025-10-03,Busan,Shanghai,Northstar Logistics,Sea,545.4,3520,7,7,306.7,true,
SH27082,2025-10-03,Los Angeles,Busan,Atlas Air Cargo,Air,550.0,7352,2,2,4360.61,true,
SH27802,2025-10-03,Ho Chi Minh City,Dubai,Atlas Air Cargo,Air,64.3,9273,1,2,774.28,true,
SH29226,2025-10-03,Los Angeles,Busan,Northstar Logistics,Sea,2195.8,5124,10,10,1309.76,true,
SH29374,2025-10-03,Hamburg,Busan,Meridian Freight,Sea,1994.7,11248,19,19,1952.42,true,
SH30045,2025-10-03,Shanghai,Rotterdam,BlueWave Lines,Sea,972.7,2611,6,6,376.19,true,
SH31588,2025-10-03,Los Angeles,Ho Chi Minh City,BlueWave Lines,Sea,1357.1,5473,10,10,847.01,true,
SH31641,2025-10-03,Busan,Dubai,BlueWave Lines,Sea,1715.7,1892,5,5,385.38,true,
SH32949,2025-10-03,Dubai,Singapore,BlueWave Lines,Sea,1469.1,3521,6,7,534.9,true,
SH24123,2025-10-04,Busan,Shanghai,Meridian Freight,Road,2806.2,824,2,2,890.89,true,
SH24804,2025-10-04,Hamburg,Rotterdam,BlueWave Lines,Sea,1586.3,10584,18,18,1568.36,true,
SH24852,2025-10-04,Dubai,Ho Chi Minh City,Meridian Freight,Rail,1372.9,1127,2,2,517.55,true,
SH27824,2025-10-04,Rotterdam,Busan,Swift Cargo,Road,516.9,1782,4,4,407.56,true,
SH28180,2025-10-04,Shanghai,Ho Chi Minh City,Atlas Air Cargo,Air,364.5,14193,3,3,5859.98,true,
SH28522,2025-10-04,Shanghai,Ho Chi Minh City,BlueWave Lines,Rail,3751.0,1830,3,3,1698.92,true,
SH29110,2025-10-04,Shanghai,Hamburg,Meridian Freight,Sea,916.6,3370,7,7,401.37,true,
SH29446,2025-10-04,Shanghai,Singapore,Northstar Logistics,Sea,942.5,12715,24,22,1119.89,false,Weather
SH29913,2025-10-04,Busan,Hamburg,Northstar Logistics,Rail,714.6,877,2,2,277.04,true,
SH30254,2025-10-04,Ho Chi Minh City,Busan,Atlas Air Cargo,Air,307.3,3888,1,1,1361.07,true,
SH32416,2025-10-04,Ho Chi Minh City,Shanghai,Meridian Freight,Sea,815.1,9381,16,16,882.88,true,
SH32607,2025-10-04,Busan,Singapore,Northstar Logistics,Sea,2254.2,8911,17,16,2069.61,false,Weather
SH24093,2025-10-05,Dubai,Ho Chi Minh City,BlueWave Lines,Road,2126.6,2460,5,5,1852.84,true,
SH24636,2025-10-05,Hamburg,Ho Chi Minh City,Atlas Air Cargo,Air,74.1,6860,2,2,710.31,true,
SH24783,2025-10-05,Shanghai,Hamburg,Swift Cargo,Sea,1838.6,8883,15,16,1586.1,true,
SH24851,2025-10-05,Hamburg,Shanghai,Meridian Freight,Road,1463.8,1688,6,4,1124.77,false,Equipment
SH24956,2025-10-05,Dubai,Ho Chi Minh City,Atlas Air Cargo,Air,309.6,16038,2,3,6362.7,true,
SH25146,2025-10-05,Los Angeles,Shanghai,Northstar Logistics,Sea,561.6,12276,23,21,730.07,false,Port congestion
SH27032,2025-10-05,Hamburg,Singapore,Meridian Freight,Sea,1904.6,11832,20,20,1899.58,true,
SH28548,2025-10-05,Hamburg,Ho Chi Minh City,Atlas Air Cargo,Air,625.0,2108,1,1,1383.78,true,
SH28790,2025-10-05,Dubai,Singapore,Meridian Freight,Sea,1048.6,16315,27,27,1564.52,true,
SH29607,2025-10-05,Singapore,Ho Chi Minh City,Meridian Freight,Sea,1116.9,3179,7,7,435.24,true,
SH30623,2025-10-05,Ho Chi Minh City,Rotterdam,Swift Cargo,Sea,2135.7,11077,19,19,2163.59,true,
SH31839,2025-10-05,Busan,Rotterdam,Northstar Logistics,Sea,2591.1,13946,24,23,3546.85,false,Weather
SH32702,2025-10-05,Singapore,Ho Chi Minh City,Swift Cargo,Road,2049.1,1846,4,4,1305.26,true,Customs
SH24318,2025-10-06,Shanghai,Singapore,BlueWave Lines,Sea,269.3,15144,25,25,545.11,true,
SH24828,2025-10-06,Hamburg,Singapore,Meridian Freight,Sea,1330.6,9884,17,17,1157.37,true,
SH25618,2025-10-06,Los Angeles,Dubai,BlueWave Lines,Sea,1886.2,8334,14,15,1681.39,true,
SH28501,2025-10-06,Ho Chi Minh City,Los Angeles,Northstar Logistics,Rail,2162.5,355,1,1,318.16,true,Documentation
SH28731,2025-10-06,Busan,Dubai,BlueWave Lines,Rail,988.9,329,1,1,204.03,true,
SH28772,2025-10-06,Hamburg,Dubai,Meridian Freight,Sea,955.3,1141,4,4,208.28,true,
SH29131,2025-10-06,Singapore,Busan,BlueWave Lines,Sea,1171.1,13617,22,23,1465.93,true,
SH29348,2025-10-06,Rotterdam,Singapore,Northstar Logistics,Road,3067.1,2467,4,5,3225.88,true,
SH30316,2025-10-06,Hamburg,Los Angeles,Atlas Air Cargo,Air,199.2,14583,3,3,3590.49,true,
SH31473,2025-10-06,Dubai,Hamburg,Northstar Logistics,Rail,538.8,2430,6,4,415.84,false,Port congestion
SH31647,2025-10-06,Singapore,Shanghai,BlueWave Lines,Sea,3794.1,3973,8,8,1745.4,true,
SH32794,2025-10-06,Ho Chi Minh City,Rotterdam,Meridian Freight,Rail,4404.7,344,1,1,492.46,true,
SH25447,2025-10-07,Los Angeles,Shanghai,Northstar Logistics,Sea,2621.9,7763,13,14,1795.23,true,
SH25832,2025-10-07,Rotterdam,Singapore,Northstar Logistics,Sea,2501.9,15104,25,25,3034.51,true,
SH26704,2025-10-07,Los Angeles,Hamburg,BlueWave Lines,Sea,5195.2,5925,11,11,3348.17,true,
SH26717,2025-10-07,Busan,Rotterdam,Meridian Freight,Sea,2869.9,14126,23,24,4079.99,true,
SH27033,2025-10-07,Ho Chi Minh City,Singapore,Swift Cargo,Sea,1469.1,7032,13,13,1081.42,true,
SH28203,2025-10-07,Rotterdam,Busan,Swift Cargo,Rail,1070.5,1927,3,3,661.28,true,
SH29381,2025-10-07,Los Angeles,Dubai,BlueWave Lines,Sea,288.7,10296,17,18,402.07,true,
SH29821,2025-10-07,Los Angeles,Hamburg,Northstar Logistics,Sea,381.2,10800,19,19,542.53,true,
SH31874,2025-10-07,Ho Chi Minh City,Hamburg,Atlas Air Cargo,Air,50.4,4852,1,2,351.02,true,
SH32288,2025-10-07,Shanghai,Los Angeles,Atlas Air Cargo,Air,406.1,12427,2,2,5948.28,true,
SH32823,2025-10-07,Los Angeles,Dubai,BlueWave Lines,Sea,1503.1,13920,22,23,1845.65,true,
SH32829,2025-10-07,Hamburg,Busan,Swift Cargo,Sea,997.8,16596,27,28,1824.75,true,
SH24163,2025-10-08,Hamburg,Los Angeles,Meridian Freight,Sea,982.2,1051,3,4,206.64,true,
SH24784,2025-10-08,Shanghai,Rotterdam,Northstar Logistics,Rail,1321.7,1713,3,3,640.12,true,
SH25751,2025-10-08,Singapore,Ho Chi Minh City,BlueWave Lines,Sea,343.1,3510,6,7,246.89,true,
SH25993,2025-10-08,Shanghai,Busan,BlueWave Lines,Sea,2062.4,9878,16,17,2302.37,true,
SH26336,2025-10-08,Busan,Hamburg,Northstar Logistics,Road,3683.3,300,1,2,565.01,true,
SH26563,2025-10-08,Singapore,Rotterdam,Atlas Air Cargo,Air,117.7,8961,2,2,1190.33,true,
SH27970,2025-10-08,Dubai,Shanghai,BlueWave Lines,Road,959.3,2111,7,5,793.81,false,Weather
SH28063,2025-10-08,Shanghai,Ho Chi Minh City,Atlas Air Cargo,Air,752.9,5265,2,2,4728.04,true,
SH28659,2025-10-08,Singapore,Rotterdam,BlueWave Lines,Sea,2033.2,3434,7,7,746.46,true,
SH28856,2025-10-08,Busan,Hamburg,Atlas Air Cargo,Air,116.6,17919,3,3,2815.22,true,
SH30365,2025-10-08,Shanghai,Ho Chi Minh City,Swift Cargo,Sea,12125.4,6416,11,12,8178.99,true,
SH30471,2025-10-08,Shanghai,Ho Chi Minh City,Atlas Air Cargo,Air,593.2,17326,3,3,10816.66,true,
SH31518,2025-10-08,Rotterdam,Los Angeles,BlueWave Lines,Sea,896.5,2829,6,6,314.05,true,
SH32849,2025-10-08,Ho Chi Minh City,Singapore,Northstar Logistics,Sea,729.2,5943,11,11,497.98,true,
SH24106,2025-10-09,Singapore,Hamburg,BlueWave Lines,Sea,749.5,7416,13,13,685.27,true,
SH25194,2025-10-09,Hamburg,Ho Chi Minh City,Atlas Air Cargo,Air,1078.1,3282,1,1,3584.57,true,
SH25371,2025-10-09,Singapore,Busan,Northstar Logistics,Sea,848.5,15793,26,26,1305.74,true,
SH26304,2025-10-09,Rotterdam,Ho Chi Minh City,Swift Cargo,Sea,1756.2,4228,9,9,908.93,true,
SH26346,2025-10-09,Los Angeles,Rotterdam,Atlas Air Cargo,Air,83.7,16870,2,3,1573.17,true,
SH27556,2025-10-09,Los Angeles,Rotterdam,Swift Cargo,Sea,2851.9,4705,8,9,1256.71,true,
SH28587,2025-10-09,Busan,Rotterdam,Meridian Freight,Sea,3554.6,5646,10,11,1926.06,true,
SH28635,2025-10-09,Dubai,Los Angeles,Meridian Freight,Sea,4460.0,6591,12,12,2909.68,true,
SH30616,2025-10-09,Shanghai,Dubai,Northstar Logistics,Sea,619.7,16439,27,27,1072.74,true,
SH31260,2025-10-09,Singapore,Shanghai,Meridian Freight,Road,1448.1,1903,4,4,1228.59,true,
SH32146,2025-10-09,Shanghai,Los Angeles,Northstar Logistics,Sea,249.9,4941,10,10,214.51,true,
SH32173,2025-10-09,Ho Chi Minh City,Los Angeles,Meridian Freight,Road,730.2,2306,5,5,814.3,true,
SH32864,2025-10-09,Ho Chi Minh City,Hamburg,Meridian Freight,Sea,2878.4,16446,26,27,4229.26,true,
SH24236,2025-10-10,Busan,Dubai,Meridian Freight,Sea,1000.4,11398,19,20,1174.51,true,
SH24399,2025-10-10,Busan,Rotterdam,Swift Cargo,Sea,960.1,12191,20,21,1270.59,true,
SH24554,2025-10-10,Shanghai,Rotterdam,Atlas Air Cargo,Air,537.3,10913,2,2,6774.16,true,
SH25810,2025-10-10,Dubai,Singapore,BlueWave Lines,Sea,1619.1,16543,26,27,2699.59,true,
SH25926,2025-10-10,Singapore,Hamburg,BlueWave Lines,Sea,2668.9,14057,24,24,3888.8,true,
SH26612,2025-10-10,Rotterdam,Ho Chi Minh City,Meridian Freight,Sea,778.2,6637,12,12,575.29,true,
SH26651,2025-10-10,Ho Chi Minh City,Hamburg,Meridian Freight,Sea,727.1,1967,5,5,241.38,true,
SH27118,2025-10-10,Hamburg,Busan,BlueWave Lines,Road,700.0,1894,4,4,623.41,true,
SH28684,2025-10-10,Hamburg,Los Angeles,Atlas Air Cargo,Air,312.5,1185,1,1,504.28,true,
SH29407,2025-10-10,Hamburg,Dubai,Meridian Freight,Rail,2896.5,2460,4,4,1798.58,true,
SH30543,2025-10-10,Los Angeles,Dubai,BlueWave Lines,Sea,839.0,15186,25,25,1231.76,true,
SH30891,2025-10-10,Rotterdam,Busan,BlueWave Lines,Sea,2098.2,17154,28,28,3521.63,true,
SH31507,2025-10-10,Shanghai,Busan,Swift Cargo,Sea,2424.3,13924,23,23,3641.92,true,
SH32112,2025-10-10,Rotterdam,Ho Chi Minh City,Atlas Air Cargo,Air,140.3,16802,3,3,3084.59,true,
SH24504,2025-10-11,Hamburg,Dubai,Swift Cargo,Sea,1283.9,11530,19,20,1428.35,true,
SH24766,2025-10-11,Ho Chi Minh City,Shanghai,Atlas Air Cargo,Air,518.0,12758,2,2,6423.38,true,
SH25343,2025-10-11,Singapore,Rotterdam,Atlas Air Cargo,Air,268.4,1749,1,1,679.22,true,
SH25414,2025-10-11,Ho Chi Minh City,Busan,Meridian Freight,Road,1037.2,1874,3,4,901.55,true,
SH25494,2025-10-11,Rotterdam,Ho Chi Minh City,Northstar Logistics,Sea,1073.0,14328,23,24,1552.07,true,
SH25968,2025-10-11,Hamburg,Dubai,Swift Cargo,Sea,884.5,4582,9,9,514.83,true,
SH27146,2025-10-11,Rotterdam,Ho Chi Minh City,Meridian Freight,Sea,2830.1,14783,24,25,3988.17,true,
SH27867,2025-10-11,Ho Chi Minh City,Hamburg,Northstar Logistics,Sea,1488.7,14500,24,24,1960.63,true,
SH28951,2025-10-11,Dubai,Los Angeles,Swift Cargo,Sea,3516.6,11058,18,19,3217.4,true,
SH29691,2025-10-11,Busan,Los Angeles,Meridian Freight,Sea,1001.7,10213,17,18,967.99,true,
SH29741,2025-10-11,Rotterdam,Los Angeles,BlueWave Lines,Rail,736.3,1053,2,2,316.78,true,
SH30016,2025-10-11,Shanghai,Dubai,Atlas Air Cargo,Air,65.9,15050,2,3,1211.49,true,
SH31390,2025-10-11,Rotterdam,Ho Chi Minh City,Swift Cargo,Road,2387.2,1121,3,3,1157.36,true,
SH31746,2025-10-11,Hamburg,Rotterdam,Northstar Logistics,Sea,941.2,6494,12,12,675.31,true,
SH31766,2025-10-11,Shanghai,Dubai,Swift Cargo,Sea,1602.0,2478,5,6,451.99,true,
SH31995,2025-10-11,Rotterdam,Los Angeles,Swift Cargo,Sea,2911.7,11865,20,20,3424.36,true,
SH32361,2025-10-11,Los Angeles,Hamburg,Meridian Freight,Sea,937.9,6488,12,12,741.96,true,
SH32640,2025-10-11,Shanghai,Ho Chi Minh City,Swift Cargo,Sea,937.4,12961,31,22,1107.74,false,Port congestion
SH24084,2025-10-12,Los Angeles,Dubai,BlueWave Lines,Rail,2059.5,681,1,2,384.93,true,
SH24179,2025-10-12,Singapore,Busan,Meridian Freight,Sea,2986.4,6882,13,13,2038.04,true,
SH24698,2025-10-12,Rotterdam,Ho Chi Minh City,BlueWave Lines,Road,2922.5,2114,5,5,2162.26,true,
SH26330,2025-10-12,Dubai,Singapore,Swift Cargo,Rail,1022.6,1091,2,2,396.03,true,
SH26520,2025-10-12,Shanghai,Busan,BlueWave Lines,Sea,1478.8,16943,28,28,2812.42,true,
SH26713,2025-10-12,Los Angeles,Hamburg,Meridian Freight,Sea,376.3,14007,23,24,620.95,true,
SH27502,2025-10-12,Rotterdam,Busan,Atlas Air Cargo,Air,234.0,12240,2,2,3613.09,true,
SH27517,2025-10-12,Rotterdam,Shanghai,Atlas Air Cargo,Air,64.7,5789,2,2,572.5,true,
SH27710,2025-10-12,Los Angeles,Dubai,Swift Cargo,Sea,762.6,16235,27,27,1303.3,true,
SH28325,2025-10-12,Singapore,Dubai,Swift Cargo,Road,499.3,1101,3,3,307.54,true,
SH28630,2025-10-12,Dubai,Singapore,Atlas Air Cargo,Air,645.4,3276,1,1,2444.47,true,
SH29070,2025-10-12,Hamburg,Rotterdam,Meridian Freight,Sea,958.0,17986,29,30,1915.27,true,
SH29082,2025-10-12,Singapore,Busan,Atlas Air Cargo,Air,344.5,10191,2,2,4216.42,true,
SH31488,2025-10-12,Busan,Dubai,Swift Cargo,Sea,7331.8,7585,14,14,5422.13,true,
SH32100,2025-10-12,Dubai,Shanghai,Meridian Freight,Sea,770.4,11703,26,20,844.9,false,Port congestion
SH32589,2025-10-12,Dubai,Shanghai,Swift Cargo,Sea,894.3,15958,26,27,1456.42,true,
SH32748,2025-10-12,Ho Chi Minh City,Shanghai,Atlas Air Cargo,Air,390.5,15892,3,3,8015.24,true,
SH32977,2025-10-12,Singapore,Shanghai,Swift Cargo,Sea,185.6,939,4,3,133.38,false,Equipment
SH24772,2025-10-13,Ho Chi Minh City,Rotterdam,Swift Cargo,Sea,1220.1,10570,17,18,1352.24,true,
SH25108,2025-10-13,Busan,Ho Chi Minh City,Swift Cargo,Sea,948.4,15491,25,26,1349.97,true,
SH25687,2025-10-13,Hamburg,Rotterdam,Meridian Freight,Sea,2141.6,6133,11,11,1391.86,true,
SH26229,2025-10-13,Shanghai,Ho Chi Minh City,BlueWave Lines,Sea,1891.3,1032,4,4,311.7,true,
SH26641,2025-10-13,Shanghai,Singapore,Meridian Freight,Sea,261.4,14382,24,24,474.26,true,
SH27427,2025-10-13,Ho Chi Minh City,Singapore,Atlas Air Cargo,Air,513.3,4728,2,2,3124.68,true,
SH27772,2025-10-13,Rotterdam,Hamburg,Swift Cargo,Sea,2227.4,7497,14,14,1610.13,true,
SH30131,2025-10-13,Busan,Shanghai,BlueWave Lines,Sea,3025.7,8003,13,14,2238.02,true,
SH30213,2025-10-13,Hamburg,Ho Chi Minh City,Northstar Logistics,Sea,3288.0,8808,16,16,3112.09,true,
SH31362,2025-10-13,Los Angeles,Busan,Meridian Freight,Sea,496.2,8855,16,16,518.66,true,
SH31912,2025-10-13,Rotterdam,Shanghai,BlueWave Lines,Sea,373.2,14859,25,25,669.16,true,
SH32933,2025-10-13,Singapore,Busan,BlueWave Lines,Rail,1010.8,296,4,1,192.85,false,Port congestion
SH24017,2025-10-14,Rotterdam,Hamburg,Atlas Air Cargo,Air,695.3,9159,2,2,6245.24,true,
SH24531,2025-10-14,Hamburg,Shanghai,Meridian Freight,Road,2022.3,204,1,1,284.14,true,
SH24548,2025-10-14,Rotterdam,Singapore,Atlas Air Cargo,Air,191.8,15463,2,3,3997.44,true,
SH24574,2025-10-14,Dubai,Rotterdam,Swift Cargo,Sea,1925.8,3739,8,8,680.13,true,Port congestion
SH24938,2025-10-14,Shanghai,Rotterdam,Atlas Air Cargo,Air,75.6,1553,1,1,244.58,true,
SH25820,2025-10-14,Ho Chi Minh City,Hamburg,Atlas Air Cargo,Air,174.0,8615,2,2,1704.84,true,
SH25865,2025-10-14,Hamburg,Los Angeles,Atlas Air Cargo,Air,386.6,3007,1,1,1212.0,true,
SH26125,2025-10-14,Busan,Ho Chi Minh City,Swift Cargo,Sea,1529.6,16813,28,28,2548.79,true,
SH26224,2025-10-14,Busan,Hamburg,Atlas Air Cargo,Air,168.7,16729,3,3,3143.66,true,
SH28347,2025-10-14,Rotterdam,Singapore,BlueWave Lines,Sea,2202.9,11913,20,20,2268.38,true,
SH28512,2025-10-14,Busan,Singapore,Meridian Freight,Road,600.6,887,2,2,303.81,true,
SH29549,2025-10-14,Dubai,Shanghai,BlueWave Lines,Sea,594.7,6595,12,12,535.73,true,
SH29889,2025-10-14,Rotterdam,Singapore,BlueWave Lines,Sea,250.4,1941,5,5,164.72,true,
SH30353,2025-10-14,Singapore,Ho Chi Minh City,Meridian Freight,Sea,1559.0,5205,10,10,838.39,true,
SH31238,2025-10-14,Singapore,Rotterdam,Northstar Logistics,Rail,2824.3,386,1,1,384.54,true,
SH32958,2025-10-14,Los Angeles,Busan,Northstar Logistics,Sea,584.1,15268,24,25,1042.12,true,
SH25738,2025-10-15,Ho Chi Minh City,Singapore,Northstar Logistics,Sea,917.3,12972,22,22,1249.48,true,
SH26972,2025-10-15,Hamburg,Los Angeles,Swift Cargo,Sea,1749.0,10412,18,18,1937.56,true,
SH27003,2025-10-15,Rotterdam,Dubai,Swift Cargo,Sea,1023.0,3959,8,8,501.04,true,
SH27124,2025-10-15,Busan,Rotterdam,BlueWave Lines,Rail,667.0,2211,3,4,417.79,true,
SH29293,2025-10-15,Dubai,Busan,Meridian Freight,Sea,4789.5,5622,10,11,2292.75,true,
SH29808,2025-10-15,Busan,Hamburg,Northstar Logistics,Sea,1725.2,12349,20,21,2144.72,true,
SH32954,2025-10-15,Los Angeles,Shanghai,Swift Cargo,Sea,292.1,12771,22,22,509.81,true,
SH25047,2025-10-16,Shanghai,Busan,Meridian Freight,Rail,2908.1,1764,3,3,1455.42,true,
SH25761,2025-10-16,Singapore,Ho Chi Minh City,Meridian Freight,Road,1849.6,628,2,2,546.7,true,
SH26473,2025-10-16,Busan,Singapore,Atlas Air Cargo,Air,178.6,1009,1,1,350.06,true,
SH26517,2025-10-16,Los Angeles,Rotterdam,Atlas Air Cargo,Air,125.7,17391,3,3,2320.23,true,
SH26895,2025-10-16,Hamburg,Rotterdam,Atlas Air Cargo,Air,87.1,11757,1,2,1145.52,true,
SH27030,2025-10-16,Busan,Shanghai,BlueWave Lines,Sea,1326.6,16286,27,27,1806.8,true,
SH27479,2025-10-16,Singapore,Rotterdam,Atlas Air Cargo,Air,808.2,15964,3,3,16458.0,true,
SH29427,2025-10-16,Los Angeles,Ho Chi Minh City,Meridian Freight,Sea,7800.7,13800,22,23,8405.38,true,
SH31372,2025-10-16,Hamburg,Shanghai,Atlas Air Cargo,Air,183.0,5797,2,2,1163.22,true,
SH31578,2025-10-16,Shanghai,Singapore,Swift Cargo,Sea,2654.1,14185,23,24,3016.88,true,
SH32319,2025-10-16,Shanghai,Rotterdam,Swift Cargo,Sea,1800.8,7510,18,14,1551.89,false,Customs
SH25846,2025-10-17,Ho Chi Minh City,Busan,Atlas Air Cargo,Air,581.5,7887,1,2,5496.38,true,
SH25981,2025-10-17,Singapore,Ho Chi Minh City,BlueWave Lines,Sea,3546.0,6975,12,13,2737.55,true,
SH27442,2025-10-17,Singapore,Ho Chi Minh City,Swift Cargo,Sea,1492.4,3130,7,7,594.82,true,
SH27459,2025-10-17,Rotterdam,Dubai,Atlas Air Cargo,Air,224.9,7544,2,2,2005.51,true,
SH27571,2025-10-17,Los Angeles,Singapore,Northstar Logistics,Sea,917.3,14921,25,25,1529.83,true,
SH27843,2025-10-17,Shanghai,Rotterdam,BlueWave Lines,Sea,1672.0,6813,12,12,1299.32,true,
SH27906,2025-10-17,Dubai,Ho Chi Minh City,Northstar Logistics,Road,1810.0,2229,5,5,1409.11,true,
SH28301,2025-10-17,Dubai,Busan,Northstar Logistics,Sea,1501.2,13246,21,22,1785.35,true,
SH28780,2025-10-17,Busan,Ho Chi Minh City,BlueWave Lines,Sea,557.4,11560,19,20,678.9,true,
SH29417,2025-10-17,Rotterdam,Singapore,Meridian Freight,Road,721.7,430,2,2,228.59,true,
SH30011,2025-10-17,Singapore,Hamburg,Meridian Freight,Sea,655.7,3175,7,7,314.39,true,
SH30523,2025-10-17,Singapore,Dubai,Northstar Logistics,Sea,939.2,2277,5,6,329.82,true,
SH30922,2025-10-17,Singapore,Rotterdam,Meridian Freight,Rail,3915.4,538,2,2,665.14,true,
SH25039,2025-10-18,Ho Chi Minh City,Singapore,BlueWave Lines,Sea,3054.8,7701,13,14,2164.89,true,
SH25859,2025-10-18,Dubai,Rotterdam,Swift Cargo,Sea,1833.3,5609,11,11,965.34,true,
SH26047,2025-10-18,Los Angeles,Busan,Northstar Logistics,Road,5334.4,1850,3,4,3530.67,true,
SH26347,2025-10-18,Singapore,Busan,BlueWave Lines,Sea,1255.7,6514,12,12,919.57,true,
SH26489,2025-10-18,Shanghai,Dubai,Atlas Air Cargo,Air,152.2,2748,1,1,561.98,true,
SH26691,2025-10-18,Rotterdam,Shanghai,Meridian Freight,Rail,1030.1,1349,3,3,466.89,true,
SH27405,2025-10-18,Busan,Hamburg,Atlas Air Cargo,Air,470.4,11232,2,2,6383.73,true,
SH27674,2025-10-18,Busan,Los Angeles,Northstar Logistics,Road,133.3,1481,2,3,193.17,true,
SH28403,2025-10-18,Ho Chi Minh City,Hamburg,BlueWave Lines,Sea,675.0,12504,21,21,986.71,true,
SH28819,2025-10-18,Hamburg,Rotterdam,Northstar Logistics,Sea,3451.4,16023,27,27,5806.97,true,
SH29204,2025-10-18,Dubai,Singapore,Northstar Logistics,Sea,2338.5,13597,25,23,2967.7,false,Equipment
SH30580,2025-10-18,Dubai,Los Angeles,Swift Cargo,Road,358.7,769,2,2,212.73,true,Equipment
SH30827,2025-10-18,Busan,Shanghai,BlueWave Lines,Sea,1642.3,2690,5,6,510.7,true,
SH31337,2025-10-18,Singapore,Rotterdam,Atlas Air Cargo,Air,94.1,11093,2,2,1408.36,true,
SH32147,2025-10-18,Ho Chi Minh City,Rotterdam,BlueWave Lines,Sea,399.4,13712,25,23,554.72,false,Equipment
SH32831,2025-10-18,Singapore,Los Angeles,Atlas Air Cargo,Air,159.8,10927,1,2,2287.81,true,
SH24884,2025-10-19,Singapore,Busan,Atlas Air Cargo,Air,519.5,3494,1,1,1954.46,true,
SH26071,2025-10-19,Los Angeles,Hamburg,BlueWave Lines,Sea,172.3,10137,18,18,288.53,true,
SH27305,2025-10-19,Hamburg,Busan,Meridian Freight,Road,226.0,252,1,1,139.04,true,
SH27745,2025-10-19,Rotterdam,Singapore,Swift Cargo,Sea,1557.6,1862,4,5,432.27,true,
SH27913,2025-10-19,Ho Chi Minh City,Hamburg,Atlas Air Cargo,Air,144.4,15138,5,3,2741.35,false,Equipment
SH28634,2025-10-19,Dubai,Singapore,Meridian Freight,Sea,4908.3,5328,10,10,2711.62,true,
SH28888,2025-10-19,Ho Chi Minh City,Busan,Meridian Freight,Sea,642.6,4765,8,9,392.78,true,
SH29116,2025-10-19,Ho Chi Minh City,Shanghai,Meridian Freight,Sea,1181.9,2162,4,5,372.39,true,
SH29717,2025-10-19,Shanghai,Los Angeles,Atlas Air Cargo,Air,125.6,7906,1,2,1183.22,true,
SH30241,2025-10-19,Busan,Hamburg,Meridian Freight,Sea,1190.6,14310,24,24,1934.82,true,
SH30593,2025-10-19,Rotterdam,Singapore,Meridian Freight,Sea,1287.1,7615,14,14,936.66,true,
SH30724,2025-10-19,Singapore,Dubai,BlueWave Lines,Road,1016.8,918,3,3,469.44,true,
SH31212,2025-10-19,Ho Chi Minh City,Los Angeles,Meridian Freight,Sea,3113.3,3492,7,7,980.42,true,
SH31405,2025-10-19,Busan,Dubai,Northstar Logistics,Sea,2406.8,15557,26,26,3893.87,true,
SH31674,2025-10-19,Busan,Singapore,Swift Cargo,Sea,1334.7,6544,12,12,942.2,true,
SH31950,2025-10-19,Shanghai,Singapore,BlueWave Lines,Rail,517.8,1066,2,2,254.58,true,
SH32934,2025-10-19,Dubai,Shanghai,Swift Cargo,Rail,1774.5,1212,3,3,527.59,true,
SH26609,2025-10-20,Shanghai,Dubai,Atlas Air Cargo,Air,427.1,11319,1,2,4980.08,true,
SH27236,2025-10-20,Singapore,Rotterdam,Meridian Freight,Road,262.8,800,1,2,202.01,true,
SH27465,2025-10-20,Hamburg,Singapore,Meridian Freight,Rail,1026.0,1072,2,2,333.41,true,
SH28093,2025-10-20,Rotterdam,Shanghai,Swift Cargo,Sea,977.0,11869,20,20,1026.75,true,
SH28184,2025-10-20,Rotterdam,Busan,BlueWave Lines,Sea,820.7,10087,18,18,941.8,true,
SH28898,2025-10-20,Shanghai,Busan,Meridian Freight,Rail,1099.4,186,1,1,166.44,true,
SH30625,2025-10-20,Shanghai,Dubai,Northstar Logistics,Road,602.6,1779,4,4,511.91,true,
SH32482,2025-10-20,Shanghai,Dubai,Swift Cargo,Sea,9825.0,17308,29,29,14481.0,true,
SH25128,2025-10-21,Busan,Los Angeles,Northstar Logistics,Sea,616.7,14077,23,24,995.25,true,
SH25608,2025-10-21,Dubai,Hamburg,BlueWave Lines,Rail,2960.7,1922,3,3,1315.23,true,
SH26191,2025-10-21,Shanghai,Hamburg,Meridian Freight,Sea,336.2,6956,12,13,302.12,true,
SH26968,2025-10-21,Hamburg,Los Angeles,Meridian Freight,Sea,2215.4,7689,14,14,1460.52,true,
SH28054,2025-10-21,Shanghai,Hamburg,Northstar Logistics,Rail,2531.0,189,1,1,244.41,true,
SH28238,2025-10-21,Los Angeles,Rotterdam,Atlas Air Cargo,Air,1054.4,6688,1,2,7114.76,true,
SH29057,2025-10-21,Shanghai,Rotterdam,BlueWave Lines,Sea,1376.4,2748,5,6,514.11,true,
SH30377,2025-10-21,Ho Chi Minh City,Hamburg,BlueWave Lines,Sea,442.9,12806,22,22,580.34,true,
SH31568,2025-10-21,Rotterdam,Ho Chi Minh City,Meridian Freight,Sea,1182.1,2607,6,6,379.75,true,
SH31681,2025-10-21,Shanghai,Ho Chi Minh City,BlueWave Lines,Sea,1449.0,10901,19,19,1638.46,true,
SH32250,2025-10-21,Busan,Hamburg,BlueWave Lines,Sea,527.8,13110,22,22,727.89,true,
SH32879,2025-10-21,Ho Chi Minh City,Hamburg,Meridian Freight,Road,965.6,1156,2,3,477.81,true,
SH28017,2025-10-22,Dubai,Shanghai,Northstar Logistics,Sea,1695.8,17113,28,28,2893.61,true,
SH28221,2025-10-22,Dubai,Shanghai,Atlas Air Cargo,Air,81.0,14470,3,3,1586.2,true,
SH28938,2025-10-22,Ho Chi Minh City,Shanghai,Atlas Air Cargo,Air,244.7,15936,3,3,5012.43,true,
SH29962,2025-10-22,Ho Chi Minh City,Dubai,Meridian Freight,Sea,2245.9,13027,22,22,3074.33,true,
SH30987,2025-10-22,Singapore,Rotterdam,Atlas Air Cargo,Air,1290.2,7578,2,2,12918.0,true,
SH31073,2025-10-22,Ho Chi Minh City,Hamburg,Atlas Air Cargo,Air,425.3,5330,2,2,2572.01,true,
SH32028,2025-10-22,Ho Chi Minh City,Dubai,BlueWave Lines,Sea,2704.8,3611,17,8,1129.1,false,Port congestion
SH24117,2025-10-23,Shanghai,Rotterdam,BlueWave Lines,Sea,1523.3,9393,15,16,1492.91,true,
SH24402,2025-10-23,Busan,Shanghai,Atlas Air Cargo,Air,234.2,9000,2,2,2132.68,true,
SH25392,2025-10-23,Rotterdam,Hamburg,Swift Cargo,Sea,1223.5,13715,31,23,1551.24,false,Weather
SH27250,2025-10-23,Shanghai,Ho Chi Minh City,Atlas Air Cargo,Air,454.0,10201,2,2,5125.68,true,
SH27420,2025-10-23,Ho Chi Minh City,Los Angeles,BlueWave Lines,Sea,3080.0,14384,24,24,4045.66,true,
SH27643,2025-10-23,Ho Chi Minh City,Shanghai,Meridian Freight,Sea,2170.7,8492,15,15,1593.41,true,
SH27971,2025-10-23,Rotterdam,Dubai,Meridian Freight,Rail,1124.6,898,2,2,342.15,true,
SH27991,2025-10-23,Ho Chi Minh City,Dubai,Northstar Logistics,Road,685.5,1650,4,4,543.2,true,
SH29474,2025-10-23,Busan,Los Angeles,Swift Cargo,Sea,1129.0,9147,22,16,933.25,false,Weather
SH31838,2025-10-23,Singapore,Rotterdam,Atlas Air Cargo,Air,440.6,13684,3,3,6935.09,true,
SH31963,2025-10-23,Singapore,Shanghai,Swift Cargo,Sea,1322.1,13126,21,22,1986.75,true,
SH24020,2025-10-24,Rotterdam,Los Angeles,Northstar Logistics,Sea,573.4,14867,26,25,1024.18,false,Equipment
SH24079,2025-10-24,Busan,Rotterdam,Northstar Logistics,Road,1684.0,1609,3,4,1176.57,true,
SH24489,2025-10-24,Hamburg,Singapore,Atlas Air Cargo,Air,91.2,15553,3,3,1615.01,true,
SH25327,2025-10-24,Singapore,Shanghai,Meridian Freight,Road,7113.6,410,2,2,1342.07,true,
SH26551,2025-10-24,Los Angeles,Dubai,Atlas Air Cargo,Air,349.9,7900,1,2,3580.73,true,
SH28490,2025-10-24,Shanghai,Ho Chi Minh City,Atlas Air Cargo,Air,1279.2,11113,2,2,14388.01,true,
SH28601,2025-10-24,Hamburg,Dubai,BlueWave Lines,Sea,1746.6,4924,10,10,984.69,true,
SH29598,2025-10-24,Ho Chi Minh City,Busan,Atlas Air Cargo,Air,549.5,10184,2,2,7373.11,true,
SH25860,2025-10-25,Busan,Hamburg,Atlas Air Cargo,Air,313.8,11791,2,2,4291.6,true,
SH26789,2025-10-25,Dubai,Rotterdam,Swift Cargo,Sea,765.2,4000,8,8,389.15,true,
SH27126,2025-10-25,Ho Chi Minh City,Dubai,Swift Cargo,Sea,566.0,13604,22,23,943.1,true,
SH27795,2025-10-25,Ho Chi Minh City,Hamburg,Northstar Logistics,Sea,2625.7,4711,8,9,1308.2,true,
SH28125,2025-10-25,Busan,Hamburg,Northstar Logistics,Road,1206.7,1086,7,3,637.84,false,Port congestion
SH28553,2025-10-25,Busan,Hamburg,BlueWave Lines,Sea,2725.0,11895,20,20,3568.31,true,
SH29967,2025-10-25,Singapore,Busan,Swift Cargo,Sea,4130.0,8157,14,15,3427.86,true,
SH32762,2025-10-25,Shanghai,Rotterdam,BlueWave Lines,Sea,247.5,10788,18,19,346.22,true,
SH24126,2025-10-26,Hamburg,Shanghai,Atlas Air Cargo,Air,235.8,15981,2,3,4509.18,true,
SH25059,2025-10-26,Rotterdam,Ho Chi Minh City,BlueWave Lines,Sea,291.7,10550,18,18,436.21,true,
SH27531,2025-10-26,Singapore,Busan,Northstar Logistics,Sea,321.1,13583,23,23,464.21,true,
SH28624,2025-10-26,Shanghai,Dubai,BlueWave Lines,Sea,485.2,13272,22,22,662.01,true,
SH29963,2025-10-26,Busan,Dubai,Atlas Air Cargo,Air,170.6,13437,1,2,2770.63,true,
SH31961,2025-10-26,Singapore,Shanghai,Meridian Freight,Road,888.8,925,3,3,464.89,true,
SH31998,2025-10-26,Busan,Dubai,Atlas Air Cargo,Air,227.6,2707,1,1,773.7,true,
SH32492,2025-10-26,Dubai,Shanghai,Atlas Air Cargo,Air,832.8,5866,1,2,5451.75,true,
SH32570,2025-10-26,Rotterdam,Singapore,BlueWave Lines,Sea,844.6,14160,24,24,1046.12,true,
SH25915,2025-10-27,Dubai,Ho Chi Minh City,Meridian Freight,Rail,1969.3,1040,2,2,586.39,true,
SH26241,2025-10-27,Singapore,Shanghai,Northstar Logistics,Sea,4963.0,7098,13,13,2845.12,true,
SH26445,2025-10-27,Busan,Hamburg,Swift Cargo,Sea,3926.6,8967,16,16,3205.5,true,
SH27047,2025-10-27,Los Angeles,Ho Chi Minh City,Meridian Freight,Road,1486.2,198,1,1,219.61,true,
SH27259,2025-10-27,Rotterdam,Los Angeles,Meridian Freight,Sea,2167.4,11501,24,20,2600.5,false,Port congestion
SH28842,2025-10-27,Ho Chi Minh City,Busan,Atlas Air Cargo,Air,223.9,4462,1,1,1166.75,true,
SH29303,2025-10-27,Ho Chi Minh City,Shanghai,Northstar Logistics,Sea,3078.5,6378,12,12,1877.82,true,
SH29837,2025-10-27,Shanghai,Ho Chi Minh City,BlueWave Lines,Sea,1268.3,10697,18,18,1505.94,true,
SH30121,2025-10-27,Hamburg,Shanghai,BlueWave Lines,Sea,1921.5,3946,7,8,820.12,true,
SH30582,2025-10-27,Singapore,Dubai,Atlas Air Cargo,Air,160.3,8306,2,2,1434.28,true,
SH31105,2025-10-27,Dubai,Shanghai,Atlas Air Cargo,Air,465.2,10107,2,2,5230.47,true,
SH32014,2025-10-27,Hamburg,Ho Chi Minh City,Swift Cargo,Road,505.1,2481,4,5,574.34,true,
SH32464,2025-10-27,Dubai,Hamburg,Swift Cargo,Sea,922.7,15029,28,25,1473.98,false,Customs
SH32809,2025-10-27,Shanghai,Los Angeles,Meridian Freight,Sea,1638.1,14027,23,24,2547.0,true,
SH24278,2025-10-28,Dubai,Busan,Northstar Logistics,Sea,2103.0,4384,9,9,867.66,true,
SH25411,2025-10-28,Dubai,Ho Chi Minh City,BlueWave Lines,Sea,610.7,7222,12,13,519.06,true,
SH26646,2025-10-28,Los Angeles,Hamburg,Swift Cargo,Rail,1699.7,823,2,2,429.16,true,
SH27395,2025-10-28,Singapore,Busan,Swift Cargo,Sea,1734.8,9428,16,17,1848.47,true,
SH28330,2025-10-28,Busan,Shanghai,Swift Cargo,Sea,942.5,7381,13,13,795.81,true,
SH28544,2025-10-28,Rotterdam,Shanghai,Northstar Logistics,Sea,1890.8,6033,11,11,1267.43,true,
SH28742,2025-10-28,Busan,Los Angeles,Meridian Freight,Sea,4075.0,16158,33,27,6849.04,false,Customs
SH25148,2025-10-29,Shanghai,Los Angeles,Atlas Air Cargo,Air,711.9,2778,1,1,2394.53,true,
SH26258,2025-10-29,Busan,Hamburg,BlueWave Lines,Sea,1886.7,2316,6,6,571.85,true,
SH26504,2025-10-29,Shanghai,Rotterdam,Swift Cargo,Sea,1607.9,3446,7,7,679.29,true,
SH28431,2025-10-29,Dubai,Singapore,BlueWave Lines,Rail,5784.2,497,1,2,853.73,true,
SH29113,2025-10-29,Singapore,Busan,BlueWave Lines,Rail,713.6,1065,1,2,292.31,true,
SH29857,2025-10-29,Singapore,Los Angeles,Northstar Logistics,Sea,2293.2,2791,6,6,727.98,true,
SH30055,2025-10-29,Los Angeles,Dubai,Swift Cargo,Sea,7742.3,17279,28,29,11385.33,true,
SH30404,2025-10-29,Singapore,Hamburg,BlueWave Lines,Sea,664.8,1881,7,5,229.31,false,Customs
SH24701,2025-10-30,Los Angeles,Ho Chi Minh City,Swift Cargo,Sea,807.4,12426,21,21,1165.05,true,
SH24991,2025-10-30,Ho Chi Minh City,Singapore,BlueWave Lines,Sea,685.4,1080,4,4,196.88,true,
SH26846,2025-10-30,Rotterdam,Shanghai,Swift Cargo,Rail,409.9,1443,2,3,268.1,true,
SH27219,2025-10-30,Busan,Rotterdam,Atlas Air Cargo,Air,361.8,3843,1,1,1571.1,true,
SH27310,2025-10-30,Singapore,Busan,Meridian Freight,Sea,2119.4,3141,6,7,795.9,true,
SH30315,2025-10-30,Busan,Los Angeles,Northstar Logistics,Sea,1209.8,13561,23,23,1396.85,true,
SH30939,2025-10-30,Rotterdam,Hamburg,Atlas Air Cargo,Air,382.0,3806,1,1,1950.86,true,
SH31136,2025-10-30,Busan,Shanghai,Atlas Air Cargo,Air,39.8,16111,2,3,773.32,true,
SH31483,2025-10-30,Dubai,Ho Chi Minh City,Meridian Freight,Sea,1079.8,3986,17,8,455.71,false,Equipment
SH31745,2025-10-30,Los Angeles,Shanghai,Atlas Air Cargo,Air,2017.3,16912,3,3,44978.11,true,
SH24078,2025-10-31,Shanghai,Los Angeles,Meridian Freight,Sea,596.0,6536,12,12,515.34,true,
SH24803,2025-10-31,Singapore,Los Angeles,Meridian Freight,Road,3956.0,751,2,2,1223.24,true,
SH25301,2025-10-31,Shanghai,Rotterdam,Atlas Air Cargo,Air,428.5,4803,1,2,2182.7,true,
SH25513,2025-10-31,Los Angeles,Rotterdam,Atlas Air Cargo,Air,245.9,15947,3,3,4511.45,true,
SH25517,2025-10-31,Busan,Ho Chi Minh City,Atlas Air Cargo,Air,516.7,838,1,1,640.46,true,
SH26053,2025-10-31,Busan,Los Angeles,Atlas Air Cargo,Air,118.9,11500,3,2,1424.95,false,Weather
SH27898,2025-10-31,Dubai,Hamburg,Atlas Air Cargo,Air,168.1,9551,1,2,1840.23,true,
SH28593,2025-10-31,Dubai,Hamburg,Northstar Logistics,Road,1450.2,879,6,2,537.25,false,Port congestion
SH29851,2025-10-31,Dubai,Los Angeles,Northstar Logistics,Road,1298.0,1188,4,3,614.59,false,Documentation
SH30111,2025-10-31,Rotterdam,Busan,Atlas Air Cargo,Air,237.3,4393,1,1,1463.71,true,
SH31867,2025-10-31,Los Angeles,Ho Chi Minh City,Swift Cargo,Road,3942.7,1691,4,4,2262.96,true,
SH32009,2025-10-31,Rotterdam,Los Angeles,BlueWave Lines,Sea,493.5,2679,6,6,227.63,true,
SH32789,2025-10-31,Dubai,Shanghai,Northstar Logistics,Sea,4828.2,8723,15,15,4192.24,true,
SH25681,2025-11-01,Ho Chi Minh City,Busan,Northstar Logistics,Rail,5076.4,2106,3,4,2283.97,true,
SH26373,2025-11-01,Shanghai,Busan,Meridian Freight,Sea,2948.2,4577,9,9,1468.13,true,
SH26546,2025-11-01,Los Angeles,Busan,BlueWave Lines,Road,2125.0,890,2,2,776.12,true,
SH27900,2025-11-01,Rotterdam,Busan,Meridian Freight,Rail,3571.8,1846,3,3,1690.55,true,
SH29409,2025-11-01,Los Angeles,Dubai,Atlas Air Cargo,Air,190.7,11913,2,2,2406.84,true,
SH29507,2025-11-01,Rotterdam,Dubai,Swift Cargo,Sea,1184.8,1092,4,4,249.41,true,
SH29879,2025-11-01,Los Angeles,Singapore,Swift Cargo,Rail,1048.7,389,1,1,226.67,true,
SH31360,2025-11-01,Busan,Hamburg,Swift Cargo,Sea,1164.4,918,3,3,224.24,true,
SH32784,2025-11-01,Singapore,Los Angeles,Atlas Air Cargo,Air,73.3,7873,2,2,791.23,true,
SH24053,2025-11-02,Shanghai,Rotterdam,BlueWave Lines,Sea,1717.4,7174,12,13,1391.95,true,
SH24183,2025-11-02,Shanghai,Ho Chi Minh City,Atlas Air Cargo,Air,144.1,15460,3,3,2632.58,true,
SH25183,2025-11-02,Dubai,Busan,Atlas Air Cargo,Air,375.8,4380,1,1,1715.63,true,
SH26446,2025-11-02,Shanghai,Rotterdam,Meridian Freight,Sea,2013.9,8541,15,15,1550.61,true,
SH26630,2025-11-02,Dubai,Hamburg,Swift Cargo,Sea,1054.0,17910,30,30,1935.91,true,
SH27278,2025-11-02,Ho Chi Minh City,Dubai,Meridian Freight,Sea,1196.6,8777,16,16,1086.04,true,
SH28527,2025-11-02,Singapore,Los Angeles,Atlas Air Cargo,Air,471.2,12490,2,2,7861.55,true,
SH29861,2025-11-02,Ho Chi Minh City,Singapore,Meridian Freight,Road,1071.3,2268,5,5,1068.22,true,
SH31721,2025-11-02,Rotterdam,Hamburg,Meridian Freight,Sea,515.8,3011,6,7,285.51,true,
SH32220,2025-11-02,Busan,Los Angeles,BlueWave Lines,Road,1093.8,1759,3,4,737.0,true,
SH32904,2025-11-02,Ho Chi Minh City,Dubai,Meridian Freight,Sea,495.1,1941,4,5,203.28,true,
SH25784,2025-11-03,Dubai,Busan,Meridian Freight,Sea,978.4,2360,6,6,332.62,true,
SH27262,2025-11-03,Hamburg,Dubai,Atlas Air Cargo,Air,216.3,2767,1,1,708.63,true,
SH27333,2025-11-03,Singapore,Los Angeles,Meridian Freight,Sea,2208.6,3691,8,8,807.11,true,
SH28126,2025-11-03,Shanghai,Hamburg,Northstar Logistics,Sea,485.0,17850,29,29,823.91,true,
SH28436,2025-11-03,Los Angeles,Dubai,Atlas Air Cargo,Air,153.7,8491,1,2,1341.42,true,
SH29815,2025-11-03,Hamburg,Busan,Meridian Freight,Road,1816.5,2454,7,5,1456.08,false,Customs
SH30415,2025-11-03,Hamburg,Los Angeles,Swift Cargo,Road,915.8,1598,4,4,685.67,true,
SH30829,2025-11-03,Dubai,Hamburg,BlueWave Lines,Road,991.0,816,1,2,382.28,true,
SH30945,2025-11-03,Shanghai,Dubai,Meridian Freight,Sea,1089.9,4961,10,10,689.0,true,
SH30981,2025-11-03,Busan,Hamburg,Northstar Logistics,Road,2374.3,832,4,2,796.8,false,Documentation
SH31376,2025-11-03,Shanghai,Los Angeles,BlueWave Lines,Sea,2061.9,3205,7,7,755.79,true,
SH27836,2025-11-04,Singapore,Los Angeles,Atlas Air Cargo,Air,86.2,9381,2,2,942.4,true,
SH28122,2025-11-04,Hamburg,Dubai,Swift Cargo,Sea,2659.1,5049,10,10,1428.69,true,
SH30147,2025-11-04,Hamburg,Busan,Northstar Logistics,Rail,4281.4,1883,2,3,1950.93,true,
SH30841,2025-11-04,Rotterdam,Dubai,BlueWave Lines,Sea,1824.2,1922,5,5,497.65,true,
SH31140,2025-11-04,Dubai,Singapore,Meridian Freight,Sea,1179.6,8796,16,16,931.02,true,
SH31208,2025-11-04,Rotterdam,Shanghai,Meridian Freight,Rail,820.1,1963,3,3,476.4,true,
SH31876,2025-11-04,Dubai,Ho Chi Minh City,Meridian Freight,Sea,6251.9,5877,11,11,3963.04,true,
SH32107,2025-11-04,Busan,Ho Chi Minh City,Meridian Freight,Sea,998.0,16325,27,27,1420.77,true,
SH32908,2025-11-04,Dubai,Busan,Meridian Freight,Road,3921.7,2058,4,4,2966.83,true,
SH24263,2025-11-05,Rotterdam,Singapore,Atlas Air Cargo,Air,225.4,7315,1,2,1671.39,true,
SH25317,2025-11-05,Shanghai,Dubai,Northstar Logistics,Sea,3722.3,10846,28,19,4210.28,false,Customs
SH26168,2025-11-05,Hamburg,Dubai,Atlas Air Cargo,Air,436.7,12199,2,2,5332.07,true,
SH27629,2025-11-05,Rotterdam,Ho Chi Minh City,Meridian Freight,Sea,2039.2,14316,24,24,2935.15,true,
SH27718,2025-11-05,Ho Chi Minh City,Hamburg,Meridian Freight,Sea,1694.2,6190,11,12,923.24,true,
SH28554,2025-11-05,Dubai,Busan,Swift Cargo,Sea,1169.3,14410,24,24,1916.27,true,
SH29189,2025-11-05,Ho Chi Minh City,Singapore,Swift Cargo,Sea,1172.1,2371,6,6,415.88,true,
SH29274,2025-11-05,Singapore,Busan,BlueWave Lines,Sea,1450.3,7756,14,14,1057.31,true,
SH30814,2025-11-05,Los Angeles,Ho Chi Minh City,Swift Cargo,Sea,170.4,7361,12,13,242.28,true,
SH30890,2025-11-05,Busan,Shanghai,BlueWave Lines,Sea,138.8,12249,21,21,250.47,true,
SH31272,2025-11-05,Shanghai,Singapore,Atlas Air Cargo,Air,576.8,15430,3,3,10957.1,true,
SH32670,2025-11-05,Singapore,Ho Chi Minh City,BlueWave Lines,Sea,528.8,7698,14,14,506.76,true,
SH25009,2025-11-06,Singapore,Dubai,Atlas Air Cargo,Air,283.3,10253,2,2,3763.97,true,
SH25080,2025-11-06,Ho Chi Minh City,Shanghai,Meridian Freight,Road,1552.8,965,2,3,680.43,true,
SH25760,2025-11-06,Dubai,Hamburg,Northstar Logistics,Sea,1509.1,5111,10,10,711.49,true,
SH27291,2025-11-06,Los Angeles,Rotterdam,Northstar Logistics,Sea,3887.8,1328,4,4,568.71,true,
SH27628,2025-11-06,Busan,Dubai,Northstar Logistics,Road,564.5,600,4,2,222.44,false,Port congestion
SH28808,2025-11-06,Rotterdam,Singapore,Swift Cargo,Road,1517.7,1650,3,4,1009.67,true,
SH29053,2025-11-06,Hamburg,Los Angeles,Meridian Freight,Rail,2527.6,1970,4,3,1268.01,false,Customs
SH29266,2025-11-06,Singapore,Shanghai,Swift Cargo,Sea,615.0,4561,8,9,374.59,true,
SH30296,2025-11-06,Rotterdam,Ho Chi Minh City,Atlas Air Cargo,Air,225.2,10630,1,2,2814.33,true,
SH31370,2025-11-06,Ho Chi Minh City,Rotterdam,BlueWave Lines,Sea,1410.7,13135,21,22,1548.91,true,
SH31480,2025-11-06,Ho Chi Minh City,Rotterdam,Meridian Freight,Sea,1012.8,13408,23,23,1171.67,true,
SH32440,2025-11-06,Los Angeles,Dubai,Meridian Freight,Rail,3313.6,1002,1,2,912.72,true,
SH24151,2025-11-07,Ho Chi Minh City,Dubai,Atlas Air Cargo,Air,337.9,17760,3,3,5994.79,true,
SH24596,2025-11-07,Los Angeles,Singapore,BlueWave Lines,Road,766.4,1328,3,3,545.29,true,
SH27677,2025-11-07,Singapore,Busan,Atlas Air Cargo,Air,103.8,8897,2,2,1007.38,true,
SH29449,2025-11-07,Singapore,Ho Chi Minh City,Meridian Freight,Sea,2097.0,11477,20,20,2407.55,true,
SH29992,2025-11-07,Busan,Los Angeles,Atlas Air Cargo,Air,395.5,4757,2,2,2299.09,true,
SH30109,2025-11-07,Rotterdam,Ho Chi Minh City,Swift Cargo,Sea,1176.6,4869,9,9,708.41,true,
SH30466,2025-11-07,Ho Chi Minh City,Dubai,Meridian Freight,Sea,1442.0,17387,28,29,2356.12,true,
SH30974,2025-11-07,Shanghai,Los Angeles,BlueWave Lines,Sea,1769.3,17840,29,29,2707.19,true,
SH32343,2025-11-07,Shanghai,Los Angeles,BlueWave Lines,Sea,910.9,8349,15,15,808.33,true,
SH32550,2025-11-07,Busan,Singapore,Northstar Logistics,Sea,1754.2,7278,13,13,1367.63,true,
SH32605,2025-11-07,Busan,Los Angeles,Swift Cargo,Sea,3513.4,13499,23,23,4618.56,true,
SH24063,2025-11-08,Singapore,Dubai,Swift Cargo,Sea,574.1,15908,25,26,856.87,true,
SH24081,2025-11-08,Hamburg,Ho Chi Minh City,Atlas Air Cargo,Air,1050.9,1732,1,1,2148.36,true,
SH24358,2025-11-08,Hamburg,Busan,Atlas Air Cargo,Air,604.0,10736,1,2,6633.18,true,
SH25640,2025-11-08,Los Angeles,Shanghai,BlueWave Lines,Road,2176.1,692,1,2,716.02,true,
SH26143,2025-11-08,Los Angeles,Dubai,BlueWave Lines,Sea,2311.8,3700,7,8,806.49,true,
SH27181,2025-11-08,Los Angeles,Busan,Swift Cargo,Sea,615.2,12953,21,22,795.25,true,
SH28614,2025-11-08,Rotterdam,Busan,Swift Cargo,Sea,1398.1,5821,10,11,928.28,true,
SH29223,2025-11-08,Busan,Los Angeles,Atlas Air Cargo,Air,244.2,2976,1,1,899.69,true,
SH29273,2025-11-08,Los Angeles,Ho Chi Minh City,Atlas Air Cargo,Air,135.9,10132,2,2,1677.66,true,
SH30628,2025-11-08,Ho Chi Minh City,Rotterdam,Meridian Freight,Sea,1298.4,15178,31,25,2093.49,false,Weather
SH32637,2025-11-08,Los Angeles,Rotterdam,Northstar Logistics,Sea,954.0,2171,4,5,302.92,true,
SH32785,2025-11-08,Los Angeles,Hamburg,Meridian Freight,Sea,3393.2,7736,13,14,2897.69,true,
SH32901,2025-11-08,Hamburg,Shanghai,BlueWave Lines,Sea,3157.9,7663,14,14,2310.32,true,
SH24816,2025-11-09,Singapore,Hamburg,Swift Cargo,Road,4007.9,321,2,2,629.38,true,
SH24983,2025-11-09,Dubai,Rotterdam,Meridian Freight,Sea,1341.9,13476,23,23,1833.66,true,
SH25051,2025-11-09,Dubai,Busan,Meridian Freight,Sea,1481.3,5383,13,10,842.75,false,Equipment
SH25321,2025-11-09,Singapore,Dubai,Meridian Freight,Sea,3744.3,14537,24,24,5864.86,true,
SH25609,2025-11-09,Rotterdam,Dubai,Swift Cargo,Sea,1000.4,3548,7,7,494.46,true,
SH26233,2025-11-09,Rotterdam,Shanghai,Northstar Logistics,Sea,604.9,3958,7,8,371.37,true,
SH27997,2025-11-09,Busan,Ho Chi Minh City,BlueWave Lines,Rail,651.6,2133,4,4,466.85,true,
SH28798,2025-11-09,Singapore,Busan,Northstar Logistics,Road,398.1,2336,5,5,476.9,true,
SH30106,2025-11-09,Los Angeles,Shanghai,Meridian Freight,Sea,1565.5,15224,25,25,2153.5,true,
SH31070,2025-11-09,Singapore,Busan,BlueWave Lines,Sea,785.5,12797,22,22,1069.42,true,
SH31779,2025-11-09,Los Angeles,Dubai,Northstar Logistics,Sea,890.9,16620,28,28,1568.95,true,
SH31886,2025-11-09,Dubai,Rotterdam,Meridian Freight,Road,1900.8,2135,5,5,1621.84,true,
SH31904,2025-11-09,Los Angeles,Ho Chi Minh City,Northstar Logistics,Rail,7083.6,1895,6,3,2998.17,false,Equipment
SH24559,2025-11-10,Busan,Rotterdam,Northstar Logistics,Rail,5338.0,428,2,2,557.02,true,
SH24891,2025-11-10,Los Angeles,Busan,Northstar Logistics,Sea,2180.8,5792,11,11,1311.43,true,
SH24999,2025-11-10,Ho Chi Minh City,Singapore,BlueWave Lines,Sea,1819.5,4360,8,9,962.33,true,
SH25033,2025-11-10,Rotterdam,Hamburg,BlueWave Lines,Sea,543.1,13711,22,23,780.65,true,
SH25632,2025-11-10,Singapore,Ho Chi Minh City,Swift Cargo,Sea,221.1,13647,23,23,366.04,true,
SH25669,2025-11-10,Shanghai,Singapore,Atlas Air Cargo,Air,222.9,2631,1,1,736.83,true,
SH25744,2025-11-10,Ho Chi Minh City,Singapore,Swift Cargo,Sea,1766.8,11556,20,20,2253.61,true,
SH26433,2025-11-10,Rotterdam,Busan,Atlas Air Cargo,Air,173.5,17092,3,3,3285.82,true,
SH27513,2025-11-10,Singapore,Shanghai,BlueWave Lines,Road,1442.0,1974,4,4,1088.48,true,
SH28148,2025-11-10,Singapore,Shanghai,Atlas Air Cargo,Air,289.1,11098,1,2,4265.47,true,
SH28714,2025-11-10,Shanghai,Los Angeles,Atlas Air Cargo,Air,106.2,14550,2,3,1931.65,true,
SH29438,2025-11-10,Singapore,Ho Chi Minh City,BlueWave Lines,Rail,1604.2,2133,4,4,782.19,true,
SH29698,2025-11-10,Rotterdam,Singapore,BlueWave Lines,Sea,4152.8,12227,22,21,4724.35,false,Port congestion
SH30636,2025-11-10,Rotterdam,Shanghai,Meridian Freight,Sea,619.3,2789,6,6,267.73,true,
SH30685,2025-11-10,Ho Chi Minh City,Singapore,BlueWave Lines,Rail,3555.3,1229,2,3,1020.29,true,
SH31178,2025-11-10,Shanghai,Hamburg,Northstar Logistics,Sea,1997.2,6631,11,12,1526.93,true,
SH31742,2025-11-10,Ho Chi Minh City,Los Angeles,BlueWave Lines,Sea,1371.2,1178,4,4,276.8,true,
SH32830,2025-11-10,Hamburg,Los Angeles,Atlas Air Cargo,Air,214.2,1407,1,1,421.12,true,
SH25018,2025-11-11,Dubai,Busan,Meridian Freight,Sea,1667.3,11494,19,20,1891.43,true,
SH26054,2025-11-11,Singapore,Los Angeles,Meridian Freight,Rail,889.1,1991,3,3,488.39,true,
SH26058,2025-11-11,Ho Chi Minh City,Rotterdam,Atlas Air Cargo,Air,252.3,961,1,1,403.95,true,
SH26739,2025-11-11,Rotterdam,Shanghai,Swift Cargo,Sea,1537.7,3078,6,7,507.84,true,
SH26843,2025-11-11,Los Angeles,Hamburg,Atlas Air Cargo,Air,353.9,13519,3,3,4914.04,true,
SH26934,2025-11-11,Ho Chi Minh City,Los Angeles,BlueWave Lines,Sea,760.9,13048,21,22,904.54,true,
SH27189,2025-11-11,Ho Chi Minh City,Dubai,Atlas Air Cargo,Air,669.5,9068,2,2,7377.0,true,
SH27213,2025-11-11,Dubai,Los Angeles,Meridian Freight,Sea,1241.7,3792,7,8,537.27,true,
SH28161,2025-11-11,Shanghai,Ho Chi Minh City,Atlas Air Cargo,Air,317.3,9816,2,2,3079.77,true,
SH28655,2025-11-11,Singapore,Hamburg,Meridian Freight,Sea,3420.9,15290,26,26,4201.44,true,
SH28708,2025-11-11,Dubai,Shanghai,BlueWave Lines,Sea,2627.0,10366,20,18,2429.01,false,Port congestion
SH29975,2025-11-11,Shanghai,Rotterdam,BlueWave Lines,Road,770.5,204,1,1,170.0,true,
SH30123,2025-11-11,Singapore,Shanghai,Atlas Air Cargo,Air,88.5,15865,6,3,1565.11,false,Port congestion
SH32154,2025-11-11,Dubai,Rotterdam,BlueWave Lines,Sea,2390.3,3407,7,7,925.11,true,
SH32354,2025-11-11,Hamburg,Busan,Meridian Freight,Sea,1978.3,1756,5,5,492.32,true,
SH25564,2025-11-12,Ho Chi Minh City,Hamburg,BlueWave Lines,Sea,1934.1,14647,25,25,2412.07,true,
SH25892,2025-11-12,Shanghai,Hamburg,Atlas Air Cargo,Air,652.3,13545,2,3,8922.77,true,
SH26152,2025-11-12,Los Angeles,Shanghai,Atlas Air Cargo,Air,134.3,13325,2,2,2098.19,true,
SH26215,2025-11-12,Singapore,Rotterdam,BlueWave Lines,Sea,3740.8,3549,8,7,1181.2,false,Port congestion
SH30390,2025-11-12,Los Angeles,Ho Chi Minh City,Swift Cargo,Sea,1251.9,15348,25,26,2077.49,true,
SH30526,2025-11-12,Hamburg,Dubai,Atlas Air Cargo,Air,409.3,7713,2,2,3559.65,true,
SH32480,2025-11-12,Busan,Los Angeles,BlueWave Lines,Rail,8810.8,2266,4,4,5316.42,true,
SH32760,2025-11-12,Ho Chi Minh City,Shanghai,Northstar Logistics,Rail,960.8,2001,5,4,622.91,false,Documentation
SH25107,2025-11-13,Dubai,Singapore,BlueWave Lines,Sea,3537.0,6692,12,12,2444.49,true,
SH25839,2025-11-13,Rotterdam,Shanghai,Northstar Logistics,Sea,935.6,15226,25,25,1232.14,true,
SH27884,2025-11-13,Shanghai,Busan,BlueWave Lines,Rail,3229.6,1242,3,3,920.36,true,
SH29157,2025-11-13,Shanghai,Los Angeles,Swift Cargo,Rail,2062.3,1548,3,3,951.13,true,
SH29163,2025-11-13,Shanghai,Hamburg,Swift Cargo,Sea,1916.0,5619,10,11,1166.24,true,
SH31547,2025-11-13,Rotterdam,Shanghai,Atlas Air Cargo,Air,404.5,8112,2,2,4058.19,true,
SH32329,2025-11-13,Ho Chi Minh City,Busan,Swift Cargo,Sea,280.9,15422,26,26,499.92,true,
SH32362,2025-11-13,Busan,Shanghai,Atlas Air Cargo,Air,764.6,17948,2,3,16936.96,true,
SH32768,2025-11-13,Shanghai,Rotterdam,Northstar Logistics,Road,1044.2,2223,4,5,884.07,true,
SH24395,2025-11-14,Busan,Hamburg,BlueWave Lines,Road,765.4,191,1,1,174.14,true,
SH24820,2025-11-14,Rotterdam,Shanghai,Northstar Logistics,Road,345.0,946,2,3,228.47,true,
SH26319,2025-11-14,Singapore,Los Angeles,Northstar Logistics,Sea,1327.7,15824,28,26,1797.73,false,Weather
SH27688,2025-11-14,Rotterdam,Hamburg,Atlas Air Cargo,Air,481.4,12092,2,2,7666.65,true,
SH28006,2025-11-14,Shanghai,Busan,Atlas Air Cargo,Air,568.0,13959,2,3,9603.92,true,
SH28370,2025-11-14,Dubai,Hamburg,Atlas Air Cargo,Air,254.7,14006,2,3,3617.17,true,
SH29251,2025-11-14,Dubai,Busan,Northstar Logistics,Sea,450.8,11437,20,20,676.5,true,
SH30022,2025-11-14,Hamburg,Ho Chi Minh City,Northstar Logistics,Sea,2528.4,7555,14,14,2030.83,true,
SH30768,2025-11-14,Busan,Hamburg,BlueWave Lines,Road,1480.1,1510,4,4,864.36,true,
SH30999,2025-11-14,Busan,Los Angeles,Atlas Air Cargo,Air,710.4,15377,3,3,10823.59,true,
SH31129,2025-11-14,Ho Chi Minh City,Hamburg,Northstar Logistics,Sea,1251.5,15254,24,25,2082.78,true,
SH32186,2025-11-14,Shanghai,Dubai,Meridian Freight,Sea,5694.8,5356,10,10,2543.68,true,
SH25348,2025-11-15,Hamburg,Busan,Meridian Freight,Sea,1054.7,16635,28,28,1798.25,true,
SH26204,2025-11-15,Rotterdam,Los Angeles,Northstar Logistics,Road,497.1,709,2,2,266.66,true,
SH27104,2025-11-15,Hamburg,Busan,BlueWave Lines,Road,3752.7,539,1,2,907.73,true,
SH28857,2025-11-15,Los Angeles,Hamburg,Northstar Logistics,Sea,964.9,6273,11,12,647.82,true,
SH29584,2025-11-15,Dubai,Hamburg,Northstar Logistics,Sea,257.9,15165,24,25,534.9,true,
SH30077,2025-11-15,Hamburg,Dubai,Meridian Freight,Sea,300.2,6462,15,12,325.03,false,Weather
SH30441,2025-11-15,Rotterdam,Busan,Meridian Freight,Road,977.6,1079,3,3,457.0,true,
SH31201,2025-11-15,Singapore,Rotterdam,Northstar Logistics,Sea,685.7,6440,11,12,505.88,true,
SH32211,2025-11-15,Ho Chi Minh City,Los Angeles,Atlas Air Cargo,Air,330.2,5798,1,2,2069.52,true,
SH24987,2025-11-16,Hamburg,Singapore,Atlas Air Cargo,Air,2245.0,4966,1,2,12278.35,true,
SH25518,2025-11-16,Singapore,Busan,Northstar Logistics,Sea,10096.0,14740,24,25,12089.81,true,
SH26522,2025-11-16,Dubai,Ho Chi Minh City,BlueWave Lines,Road,547.8,1864,4,4,511.57,true,
SH27234,2025-11-16,Rotterdam,Singapore,Meridian Freight,Sea,402.5,14100,24,24,659.49,true,
SH27666,2025-11-16,Hamburg,Rotterdam,BlueWave Lines,Rail,4913.6,1569,3,3,1658.59,true,
SH28375,2025-11-16,Shanghai,Singapore,Swift Cargo,Road,4839.1,2401,5,5,4461.04,true,
SH28901,2025-11-16,Los Angeles,Shanghai,Meridian Freight,Sea,1814.2,2630,6,6,486.69,true,
SH30059,2025-11-16,Singapore,Hamburg,Atlas Air Cargo,Air,185.8,16570,3,3,3107.01,true,
SH30295,2025-11-16,Singapore,Ho Chi Minh City,Northstar Logistics,Sea,383.0,9336,15,16,418.96,true,
SH31151,2025-11-16,Ho Chi Minh City,Los Angeles,Meridian Freight,Road,1798.9,1231,2,3,834.42,true,
SH32245,2025-11-16,Shanghai,Los Angeles,Meridian Freight,Road,2094.3,1356,2,3,1176.16,true,
SH32438,2025-11-16,Rotterdam,Ho Chi Minh City,Northstar Logistics,Sea,7991.4,8228,15,15,7203.23,true,
SH25528,2025-11-17,Singapore,Los Angeles,Swift Cargo,Sea,2678.5,7399,13,13,1694.45,true,
SH25885,2025-11-17,Hamburg,Los Angeles,BlueWave Lines,Sea,2359.7,1619,4,4,431.96,true,
SH25954,2025-11-17,Ho Chi Minh City,Hamburg,Swift Cargo,Sea,412.3,17543,28,29,866.72,true,
SH26462,2025-11-17,Rotterdam,Hamburg,Meridian Freight,Road,1932.7,2203,5,5,1514.4,true,
SH28312,2025-11-17,Rotterdam,Hamburg,Meridian Freight,Sea,921.4,15903,26,26,1549.1,true,
SH28492,2025-11-17,Hamburg,Busan,BlueWave Lines,Sea,20383.7,16524,27,27,35295.98,true,
SH29203,2025-11-17,Busan,Ho Chi Minh City,BlueWave Lines,Sea,1750.3,8939,16,16,1334.82,true,
SH29755,2025-11-17,Dubai,Busan,Atlas Air Cargo,Air,578.4,5956,2,2,3914.83,true,
SH30157,2025-11-17,Ho Chi Minh City,Busan,Swift Cargo,Rail,3538.4,1605,3,3,1586.11,true,
SH30198,2025-11-17,Busan,Ho Chi Minh City,Atlas Air Cargo,Air,182.1,5729,2,2,1437.34,true,
SH30366,2025-11-17,Shanghai,Los Angeles,Swift Cargo,Sea,604.9,7763,14,14,536.28,true,
SH31616,2025-11-17,Busan,Hamburg,BlueWave Lines,Sea,803.5,13809,23,23,1147.67,true,
SH31704,2025-11-17,Hamburg,Ho Chi Minh City,Atlas Air Cargo,Air,353.4,4795,3,2,1782.56,false,Weather
SH32461,2025-11-17,Shanghai,Rotterdam,Northstar Logistics,Sea,5855.2,10625,19,18,5156.33,false,Customs
SH24327,2025-11-18,Ho Chi Minh City,Rotterdam,Northstar Logistics,Road,3179.5,355,2,2,553.46,true,
SH24714,2025-11-18,Los Angeles,Ho Chi Minh City,Northstar Logistics,Sea,1336.3,10386,18,18,1294.84,true,
SH25424,2025-11-18,Dubai,Singapore,Northstar Logistics,Sea,2580.3,5160,9,10,1445.88,true,
SH26055,2025-11-18,Hamburg,Singapore,Northstar Logistics,Sea,502.8,10031,17,17,622.41,true,
SH26665,2025-11-18,Dubai,Singapore,Atlas Air Cargo,Air,1959.3,11189,2,2,22110.8,true,
SH26969,2025-11-18,Busan,Shanghai,Northstar Logistics,Sea,2353.7,2681,5,6,629.6,true,
SH29644,2025-11-18,Rotterdam,Singapore,BlueWave Lines,Sea,6767.9,7097,13,13,4395.78,true,
SH29690,2025-11-18,Dubai,Busan,Atlas Air Cargo,Air,201.7,13695,3,3,2939.69,true,
SH31092,2025-11-18,Shanghai,Rotterdam,BlueWave Lines,Sea,773.6,3372,6,7,395.52,true,
SH32514,2025-11-18,Ho Chi Minh City,Hamburg,Northstar Logistics,Sea,1629.7,10447,27,18,1737.86,false,Weather
SH24473,2025-11-19,Los Angeles,Dubai,Northstar Logistics,Road,735.4,693,2,2,283.91,true,
SH24488,2025-11-19,Rotterdam,Hamburg,BlueWave Lines,Sea,9586.2,4439,9,9,3620.38,true,
SH24835,2025-11-19,Singapore,Rotterdam,Atlas Air Cargo,Air,346.0,11654,2,2,4468.6,true,
SH26458,2025-11-19,Los Angeles,Singapore,Swift Cargo,Sea,1567.8,1637,5,5,387.5,true,
SH26709,2025-11-19,Busan,Ho Chi Minh City,Atlas Air Cargo,Air,457.5,2954,1,1,1500.74,true,
SH28599,2025-11-19,Los Angeles,Dubai,Meridian Freight,Sea,419.8,4888,13,10,281.98,false,Port congestion
SH31041,2025-11-19,Busan,Los Angeles,Atlas Air Cargo,Air,115.8,3498,1,1,611.54,true,
SH32405,2025-11-19,Dubai,Shanghai,Meridian Freight,Rail,2646.8,2343,4,4,1727.77,true,
SH32522,2025-11-19,Shanghai,Hamburg,Meridian Freight,Rail,7937.5,1334,3,3,2445.76,true,
SH24268,2025-11-20,Rotterdam,Los Angeles,Northstar Logistics,Sea,2887.8,14138,23,24,4429.37,true,
SH24442,2025-11-20,Busan,Shanghai,BlueWave Lines,Sea,3397.2,11293,19,19,3204.23,true,
SH25024,2025-11-20,Ho Chi Minh City,Dubai,Atlas Air Cargo,Air,98.0,12834,2,2,1536.0,true,
SH25189,2025-11-20,Ho Chi Minh City,Dubai,BlueWave Lines,Sea,1476.6,14618,24,24,2109.44,true,
SH25223,2025-11-20,Singapore,Los Angeles,Meridian Freight,Sea,800.5,7701,13,14,634.33,true,
SH26785,2025-11-20,Singapore,Shanghai,Atlas Air Cargo,Air,120.7,15455,3,3,2190.92,true,
SH27401,2025-11-20,Los Angeles,Ho Chi Minh City,Atlas Air Cargo,Air,318.6,3736,1,1,1505.22,true,
SH28056,2025-11-20,Los Angeles,Singapore,Atlas Air Cargo,Air,170.7,17447,3,3,3144.08,true,
SH29395,2025-11-20,Busan,Hamburg,Meridian Freight,Rail,1585.7,1628,3,3,717.67,true,
SH30184,2025-11-20,Busan,Singapore,Swift Cargo,Sea,5409.1,7289,13,13,3488.07,true,
SH30285,2025-11-20,Dubai,Hamburg,BlueWave Lines,Sea,7929.6,1700,5,5,1300.7,true,
SH30292,2025-11-20,Singapore,Hamburg,Northstar Logistics,Road,4764.3,1397,3,3,2113.72,true,
SH31044,2025-11-20,Hamburg,Busan,Northstar Logistics,Road,2534.3,2420,4,5,2013.7,true,
SH24059,2025-11-21,Busan,Rotterdam,BlueWave Lines,Rail,724.8,1581,2,3,337.48,true,
SH24920,2025-11-21,Los Angeles,Ho Chi Minh City,Atlas Air Cargo,Air,360.1,16245,3,3,7272.71,true,
SH25390,2025-11-21,Shanghai,Singapore,BlueWave Lines,Sea,965.6,16281,26,27,1390.1,true,
SH25489,2025-11-21,Busan,Hamburg,Atlas Air Cargo,Air,219.0,4477,1,1,1127.83,true,
SH27439,2025-11-21,Singapore,Hamburg,Meridian Freight,Road,1715.9,693,2,2,485.91,true,
SH27670,2025-11-21,Shanghai,Busan,BlueWave Lines,Road,1639.7,565,1,2,455.89,true,
SH28209,2025-11-21,Hamburg,Singapore,Swift Cargo,Road,369.1,2471,5,5,460.04,true,
SH28381,2025-11-21,Rotterdam,Dubai,Atlas Air Cargo,Air,168.5,7461,2,2,1322.98,true,
SH29441,2025-11-21,Busan,Los Angeles,Northstar Logistics,Rail,2528.1,1066,8,2,773.69,false,Weather
SH31771,2025-11-21,Dubai,Hamburg,Swift Cargo,Sea,6169.8,13456,23,23,8787.84,true,
SH24058,2025-11-22,Dubai,Rotterdam,Swift Cargo,Sea,1991.7,1898,4,5,468.66,true,
SH24974,2025-11-22,Shanghai,Ho Chi Minh City,Swift Cargo,Sea,1258.8,14436,24,24,1560.89,true,
SH25293,2025-11-22,Busan,Hamburg,Northstar Logistics,Sea,627.0,4665,8,9,416.73,true,
SH25620,2025-11-22,Shanghai,Rotterdam,Atlas Air Cargo,Air,219.0,10846,1,2,2871.23,true,
SH26345,2025-11-22,Rotterdam,Busan,Northstar Logistics,Road,1421.8,2036,3,4,1228.32,true,
SH27220,2025-11-22,Shanghai,Rotterdam,BlueWave Lines,Sea,836.8,16735,28,28,1452.07,true,
SH27270,2025-11-22,Los Angeles,Dubai,Swift Cargo,Sea,1142.3,1306,4,4,270.42,true,
SH27429,2025-11-22,Dubai,Shanghai,Meridian Freight,Road,1646.2,2212,5,5,1260.07,true,
SH28086,2025-11-22,Shanghai,Hamburg,Northstar Logistics,Sea,2107.0,6610,11,12,1414.51,true,
SH28226,2025-11-22,Singapore,Rotterdam,Meridian Freight,Sea,637.3,3357,7,7,290.06,true,
SH30584,2025-11-22,Shanghai,Dubai,Atlas Air Cargo,Air,491.8,4336,1,1,2814.27,true,
SH30824,2025-11-22,Los Angeles,Rotterdam,BlueWave Lines,Rail,961.9,1216,3,3,361.51,true,
SH30886,2025-11-22,Los Angeles,Hamburg,Northstar Logistics,Sea,1986.7,5336,10,10,1224.59,true,
SH30889,2025-11-22,Dubai,Los Angeles,Meridian Freight,Sea,3013.6,5389,10,10,1454.01,true,
SH31403,2025-11-22,Dubai,Singapore,Northstar Logistics,Sea,1076.0,11285,18,19,1255.87,true,
SH25431,2025-11-23,Shanghai,Los Angeles,Swift Cargo,Sea,860.9,9721,17,17,795.58,true,
SH29104,2025-11-23,Hamburg,Ho Chi Minh City,BlueWave Lines,Sea,574.3,3106,7,7,278.77,true,
SH30338,2025-11-23,Dubai,Los Angeles,BlueWave Lines,Rail,673.1,1922,2,3,418.03,true,
SH30639,2025-11-23,Rotterdam,Hamburg,Atlas Air Cargo,Air,531.5,11344,1,2,6840.8,true,
SH31284,2025-11-23,Ho Chi Minh City,Los Angeles,Swift Cargo,Sea,1139.8,3897,8,8,512.07,true,
SH32411,2025-11-23,Dubai,Shanghai,Atlas Air Cargo,Air,98.5,10224,2,2,1219.17,true,
SH25282,2025-11-24,Los Angeles,Busan,Atlas Air Cargo,Air,275.0,948,1,1,396.76,true,
SH26102,2025-11-24,Rotterdam,Singapore,BlueWave Lines,Road,947.8,1005,3,3,488.32,true,
SH26320,2025-11-24,Los Angeles,Hamburg,Swift Cargo,Sea,2178.1,14663,25,25,3389.95,true,
SH26452,2025-11-24,Dubai,Los Angeles,BlueWave Lines,Rail,1535.5,1520,2,3,717.76,true,
SH26643,2025-11-24,Rotterdam,Shanghai,Northstar Logistics,Road,406.0,2198,5,5,396.26,true,
SH29243,2025-11-24,Ho Chi Minh City,Shanghai,Swift Cargo,Road,3222.0,2311,7,5,3216.69,false,Weather
SH29425,2025-11-24,Shanghai,Busan,Swift Cargo,Sea,1751.3,1108,4,4,309.13,true,
SH30577,2025-11-24,Dubai,Hamburg,Atlas Air Cargo,Air,298.9,11191,1,2,3250.39,true,
SH30632,2025-11-24,Hamburg,Shanghai,Swift Cargo,Road,333.1,847,2,2,237.11,true,
SH30936,2025-11-24,Los Angeles,Singapore,Northstar Logistics,Sea,3298.6,13530,25,23,4462.29,false,Port congestion
SH31147,2025-11-24,Dubai,Ho Chi Minh City,Swift Cargo,Road,530.2,1029,3,3,303.75,true,
SH31216,2025-11-24,Dubai,Shanghai,Atlas Air Cargo,Air,164.4,6672,2,2,1456.83,true,
SH31326,2025-11-24,Busan,Ho Chi Minh City,Atlas Air Cargo,Air,383.0,17841,2,3,7409.87,true,
SH31642,2025-11-24,Hamburg,Busan,Atlas Air Cargo,Air,136.3,7389,1,2,1095.97,true,
SH32505,2025-11-24,Shanghai,Rotterdam,Swift Cargo,Sea,2844.0,17703,29,29,4792.55,true,
SH32886,2025-11-24,Shanghai,Busan,Meridian Freight,Sea,3923.2,11702,20,20,3960.94,true,
SH24119,2025-11-25,Ho Chi Minh City,Rotterdam,Swift Cargo,Road,2511.3,1947,3,4,2034.71,true,
SH25895,2025-11-25,Ho Chi Minh City,Shanghai,Meridian Freight,Sea,1435.5,4427,9,9,613.67,true,
SH27248,2025-11-25,Dubai,Ho Chi Minh City,Northstar Logistics,Sea,1022.9,7677,14,14,941.34,true,
SH27317,2025-11-25,Rotterdam,Busan,BlueWave Lines,Rail,707.5,389,1,1,185.59,true,
SH27633,2025-11-25,Los Angeles,Ho Chi Minh City,Meridian Freight,Sea,4510.4,5525,10,10,2274.7,true,
SH28537,2025-11-25,Shanghai,Rotterdam,BlueWave Lines,Sea,2211.2,15644,26,26,3850.84,true,
SH28606,2025-11-25,Hamburg,Shanghai,Atlas Air Cargo,Air,137.0,12051,1,2,1937.42,true,
SH28970,2025-11-25,Shanghai,Singapore,BlueWave Lines,Sea,1722.1,2180,5,5,502.87,true,
SH29305,2025-11-25,Dubai,Rotterdam,Meridian Freight,Sea,1046.0,11348,19,19,1037.31,true,
SH29392,2025-11-25,Busan,Singapore,Meridian Freight,Sea,427.9,8968,16,16,445.05,true,
SH30422,2025-11-25,Singapore,Dubai,Atlas Air Cargo,Air,558.8,10867,2,2,7892.15,true,
SH31234,2025-11-25,Los Angeles,Shanghai,Northstar Logistics,Sea,2338.8,9066,16,16,2331.43,true,
SH24727,2025-11-26,Los Angeles,Shanghai,Swift Cargo,Sea,743.7,2766,6,6,280.23,true,
SH26844,2025-11-26,Dubai,Singapore,Meridian Freight,Sea,680.9,8090,13,14,648.31,true,
SH27176,2025-11-26,Dubai,Rotterdam,Atlas Air Cargo,Air,142.3,7823,2,2,1204.66,true,
SH27447,2025-11-26,Busan,Rotterdam,BlueWave Lines,Sea,1027.4,17130,28,28,1931.3,true,
SH27504,2025-11-26,Ho Chi Minh City,Hamburg,Swift Cargo,Sea,838.9,13182,22,22,1292.94,true,
SH27532,2025-11-26,Singapore,Busan,BlueWave Lines,Sea,2141.0,4652,9,9,1008.17,true,
SH28621,2025-11-26,Busan,Hamburg,Swift Cargo,Sea,460.8,14357,24,24,717.89,true,
SH29658,2025-11-26,Rotterdam,Ho Chi Minh City,Northstar Logistics,Sea,857.3,9418,16,16,828.68,true,
SH31121,2025-11-26,Hamburg,Los Angeles,BlueWave Lines,Road,1131.7,345,1,2,273.87,true,
SH32277,2025-11-26,Singapore,Shanghai,Meridian Freight,Sea,689.5,13692,23,23,926.15,true,
SH32289,2025-11-26,Ho Chi Minh City,Hamburg,Swift Cargo,Sea,1067.8,4119,8,8,507.64,true,
SH24124,2025-11-27,Dubai,Los Angeles,Northstar Logistics,Sea,1414.5,15274,24,25,2249.56,true,
SH24138,2025-11-27,Ho Chi Minh City,Busan,Swift Cargo,Rail,3339.7,2036,3,4,1730.67,true,
SH25052,2025-11-27,Hamburg,Singapore,BlueWave Lines,Sea,3705.7,1374,4,4,608.03,true,
SH25727,2025-11-27,Busan,Ho Chi Minh City,Swift Cargo,Sea,556.0,3767,8,8,337.56,true,
SH28462,2025-11-27,Los Angeles,Singapore,Northstar Logistics,Road,561.9,1691,4,4,498.34,true,
SH28934,2025-11-27,Singapore,Hamburg,Atlas Air Cargo,Air,339.0,13277,2,2,5259.89,true,
SH29429,2025-11-27,Singapore,Busan,BlueWave Lines,Sea,581.3,1752,5,5,221.25,true,
SH29608,2025-11-27,Rotterdam,Hamburg,Northstar Logistics,Sea,1008.3,14300,23,24,1439.07,true,
SH30205,2025-11-27,Rotterdam,Ho Chi Minh City,BlueWave Lines,Sea,3095.6,6374,12,12,1986.33,true,
SH30897,2025-11-27,Dubai,Rotterdam,Atlas Air Cargo,Air,214.3,8685,2,2,2562.78,true,
SH31221,2025-11-27,Ho Chi Minh City,Los Angeles,Atlas Air Cargo,Air,1581.9,10649,2,2,19808.69,true,
SH32317,2025-11-27,Dubai,Shanghai,Atlas Air Cargo,Air,40.7,5865,1,2,376.34,true,
SH24039,2025-11-28,Hamburg,Ho Chi Minh City,Meridian Freight,Sea,378.0,1646,5,5,176.4,true,
SH25428,2025-11-28,Rotterdam,Hamburg,Meridian Freight,Sea,1990.3,8685,15,15,1983.36,true,
SH26491,2025-11-28,Ho Chi Minh City,Singapore,Northstar Logistics,Sea,1794.4,7015,13,13,1231.68,true,
SH27196,2025-11-28,Ho Chi Minh City,Los Angeles,Swift Cargo,Sea,816.8,16167,30,27,1533.62,false,Equipment
SH28354,2025-11-28,Rotterdam,Los Angeles,Northstar Logistics,Sea,3970.6,17451,29,29,6685.46,true,
SH28528,2025-11-28,Singapore,Los Angeles,BlueWave Lines,Sea,721.8,17786,28,29,1470.52,true,
SH28653,2025-11-28,Los Angeles,Busan,Meridian Freight,Rail,4378.4,1802,3,3,2099.12,true,
SH28906,2025-11-28,Hamburg,Rotterdam,Atlas Air Cargo,Air,938.1,14720,3,3,13358.63,true,
SH29848,2025-11-28,Dubai,Shanghai,Meridian Freight,Road,1111.1,1789,4,4,793.2,true,
SH30501,2025-11-28,Busan,Los Angeles,Meridian Freight,Sea,1790.4,8898,16,16,1781.33,true,
SH31510,2025-11-28,Hamburg,Shanghai,BlueWave Lines,Sea,1459.5,16872,28,28,2354.5,true,
SH31810,2025-11-28,Los Angeles,Busan,Meridian Freight,Sea,651.0,17075,28,28,1025.49,true,
SH32673,2025-11-28,Los Angeles,Singapore,Swift Cargo,Sea,1157.4,14783,29,25,1711.87,false,Documentation
SH25097,2025-11-29,Los Angeles,Shanghai,Swift Cargo,Sea,1647.2,1405,4,4,316.93,true,
SH25595,2025-11-29,Singapore,Los Angeles,Swift Cargo,Sea,1316.5,17606,29,29,2062.15,true,
SH25723,2025-11-29,Dubai,Hamburg,BlueWave Lines,Road,6035.4,247,1,1,731.83,true,
SH25834,2025-11-29,Hamburg,Rotterdam,Meridian Freight,Road,2570.6,1433,3,3,1386.76,true,
SH25956,2025-11-29,Hamburg,Busan,BlueWave Lines,Sea,243.6,6768,17,12,291.47,false,Equipment
SH27199,2025-11-29,Shanghai,Singapore,Atlas Air Cargo,Air,560.9,14655,3,3,7998.17,true,
SH27286,2025-11-29,Dubai,Ho Chi Minh City,Meridian Freight,Sea,731.5,1039,4,4,181.79,true,
SH28234,2025-11-29,Rotterdam,Singapore,BlueWave Lines,Road,3038.7,579,2,2,667.25,true,
SH28803,2025-11-29,Shanghai,Ho Chi Minh City,Atlas Air Cargo,Air,264.5,9867,2,2,2926.38,true,
SH29060,2025-11-29,Rotterdam,Singapore,Swift Cargo,Road,2292.1,1017,3,3,852.07,true,
SH29252,2025-11-29,Los Angeles,Shanghai,Meridian Freight,Sea,1267.1,15773,26,26,1945.97,true,
SH30217,2025-11-29,Ho Chi Minh City,Hamburg,Northstar Logistics,Sea,562.2,6718,12,12,517.99,true,
SH30578,2025-11-29,Hamburg,Busan,Northstar Logistics,Sea,889.2,1781,5,5,243.9,true,
SH30605,2025-11-29,Hamburg,Ho Chi Minh City,Atlas Air Cargo,Air,82.8,13185,2,2,1519.23,true,
SH30720,2025-11-29,Busan,Singapore,Swift Cargo,Rail,1744.9,980,2,2,529.94,true,
SH31485,2025-11-29,Hamburg,Shanghai,Swift Cargo,Sea,944.4,1549,4,4,272.9,true,
SH32152,2025-11-29,Shanghai,Rotterdam,Northstar Logistics,Sea,1259.1,3414,8,7,475.79,false,Customs
SH25748,2025-11-30,Ho Chi Minh City,Rotterdam,Atlas Air Cargo,Air,405.8,6284,1,2,3175.34,true,
SH26115,2025-11-30,Shanghai,Singapore,Northstar Logistics,Road,2839.5,2363,5,5,2376.89,true,
SH26703,2025-11-30,Los Angeles,Singapore,Swift Cargo,Sea,1410.2,1139,5,4,291.27,false,Equipment
SH27062,2025-11-30,Busan,Singapore,Meridian Freight,Sea,3960.5,7746,14,14,2776.14,true,
SH27365,2025-11-30,Dubai,Los Angeles,Swift Cargo,Sea,1533.2,5764,10,11,1014.84,true,
SH29024,2025-11-30,Dubai,Singapore,BlueWave Lines,Sea,589.0,15630,26,26,943.82,true,
SH29509,2025-11-30,Shanghai,Busan,Meridian Freight,Sea,303.8,4034,10,8,227.58,false,Customs
SH29697,2025-11-30,Ho Chi Minh City,Busan,Atlas Air Cargo,Air,472.2,12487,1,2,5683.95,true,
SH29707,2025-11-30,Shanghai,Dubai,Meridian Freight,Sea,400.1,7931,13,14,387.17,true,
SH24723,2025-12-01,Hamburg,Dubai,Northstar Logistics,Sea,6416.9,16399,28,27,10750.93,false,Weather
SH25023,2025-12-01,Singapore,Busan,Meridian Freight,Sea,806.4,4305,9,9,424.43,true,
SH25132,2025-12-01,Dubai,Los Angeles,Meridian Freight,Road,972.5,1396,3,3,556.47,true,
SH25624,2025-12-01,Dubai,Ho Chi Minh City,Northstar Logistics,Road,523.3,1798,4,4,478.07,true,
SH26357,2025-12-01,Busan,Ho Chi Minh City,BlueWave Lines,Sea,2937.8,10410,17,18,2682.65,true,
SH27249,2025-12-01,Ho Chi Minh City,Rotterdam,Swift Cargo,Road,3026.9,1394,3,3,1464.47,true,
SH27342,2025-12-01,Busan,Ho Chi Minh City,Atlas Air Cargo,Air,492.4,3347,1,1,2160.44,true,
SH27957,2025-12-01,Singapore,Hamburg,Northstar Logistics,Sea,678.8,14122,24,24,929.09,true,
SH29159,2025-12-01,Rotterdam,Shanghai,Meridian Freight,Sea,1357.5,17930,30,30,2703.16,true,
SH29426,2025-12-01,Los Angeles,Dubai,Atlas Air Cargo,Air,142.2,7737,2,2,1332.61,true,
SH30128,2025-12-01,Busan,Hamburg,Atlas Air Cargo,Air,182.8,17579,3,3,4051.13,true,
SH30635,2025-12-01,Singapore,Los Angeles,Meridian Freight,Sea,1614.0,5744,10,11,965.0,true,
SH31006,2025-12-01,Ho Chi Minh City,Singapore,Atlas Air Cargo,Air,461.6,16859,3,3,9413.09,true,
SH32241,2025-12-01,Singapore,Dubai,Meridian Freight,Sea,906.2,2805,6,6,383.68,true,
SH32580,2025-12-01,Shanghai,Dubai,Swift Cargo,Sea,486.2,13740,23,23,685.9,true,
SH32851,2025-12-01,Los Angeles,Hamburg,Meridian Freight,Sea,1417.2,11982,20,20,1659.2,true,
SH25303,2025-12-02,Shanghai,Hamburg,Meridian Freight,Rail,3513.1,705,2,2,716.18,true,
SH28040,2025-12-02,Busan,Singapore,Swift Cargo,Sea,4574.2,14132,24,24,5386.33,true,
SH28651,2025-12-02,Rotterdam,Dubai,Swift Cargo,Rail,1467.2,1911,3,3,767.03,true,
SH28759,2025-12-02,Hamburg,Busan,Swift Cargo,Sea,602.3,11596,19,20,673.89,true,
SH28883,2025-12-02,Singapore,Los Angeles,Meridian Freight,Sea,682.2,17174,28,28,1322.03,true,
SH29120,2025-12-02,Ho Chi Minh City,Shanghai,BlueWave Lines,Sea,7534.2,11060,19,19,6921.43,true,
SH31138,2025-12-02,Busan,Dubai,Swift Cargo,Sea,930.8,8103,14,14,907.6,true,
SH24099,2025-12-03,Busan,Rotterdam,Atlas Air Cargo,Air,50.6,1872,1,1,214.32,true,
SH24393,2025-12-03,Los Angeles,Hamburg,Swift Cargo,Sea,1203.1,3254,7,7,530.94,true,
SH24459,2025-12-03,Hamburg,Singapore,Swift Cargo,Sea,292.5,8237,15,15,331.77,true,
SH25889,2025-12-03,Singapore,Busan,Atlas Air Cargo,Air,231.6,15206,3,3,4504.62,true,
SH26093,2025-12-03,Shanghai,Dubai,Northstar Logistics,Road,1978.1,1257,11,3,883.36,false,Port congestion
SH26669,2025-12-03,Ho Chi Minh City,Los Angeles,Northstar Logistics,Sea,1804.0,2459,5,6,497.6,true,
SH26708,2025-12-03,Ho Chi Minh City,Singapore,Atlas Air Cargo,Air,246.1,14343,3,3,3664.7,true,Weather
SH26723,2025-12-03,Ho Chi Minh City,Busan,Northstar Logistics,Sea,5368.6,8038,14,14,3676.99,true,
SH28483,2025-12-03,Shanghai,Dubai,Meridian Freight,Sea,836.7,2956,15,7,360.83,false,Port congestion
SH29124,2025-12-03,Dubai,Ho Chi Minh City,Atlas Air Cargo,Air,139.2,17141,3,3,2352.21,true,
SH30001,2025-12-03,Dubai,Ho Chi Minh City,Meridian Freight,Sea,2497.4,16306,27,27,3734.91,true,
SH31251,2025-12-03,Rotterdam,Ho Chi Minh City,Northstar Logistics,Road,1259.2,595,2,2,360.49,true,
SH31505,2025-12-03,Shanghai,Hamburg,Atlas Air Cargo,Air,399.2,14579,2,3,7756.72,true,
SH31776,2025-12-03,Busan,Singapore,Swift Cargo,Rail,908.5,1803,3,3,541.23,true,
SH31991,2025-12-03,Busan,Singapore,Northstar Logistics,Sea,3997.7,13649,23,23,5783.32,true,
SH24475,2025-12-04,Los Angeles,Dubai,Atlas Air Cargo,Air,200.2,15944,3,3,4081.19,true,
SH24911,2025-12-04,Rotterdam,Hamburg,Meridian Freight,Sea,1440.6,14632,25,25,1801.35,true,
SH25113,2025-12-04,Busan,Rotterdam,Northstar Logistics,Sea,1590.0,4123,11,8,802.68,false,Port congestion
SH25728,2025-12-04,Rotterdam,Shanghai,Swift Cargo,Road,471.2,344,3,2,183.06,false,Weather
SH26032,2025-12-04,Shanghai,Busan,Atlas Air Cargo,Air,104.3,13791,3,3,1951.75,true,
SH26847,2025-12-04,Los Angeles,Rotterdam,BlueWave Lines,Sea,2461.4,11287,19,19,2392.45,true,
SH26878,2025-12-04,Hamburg,Singapore,Northstar Logistics,Road,2279.9,2190,5,5,1741.88,true,
SH26898,2025-12-04,Rotterdam,Singapore,BlueWave Lines,Sea,3016.5,1654,4,5,527.05,true,
SH28300,2025-12-04,Singapore,Busan,Northstar Logistics,Rail,771.3,2456,4,4,590.12,true,
SH28775,2025-12-04,Hamburg,Ho Chi Minh City,Atlas Air Cargo,Air,125.5,9711,2,2,1579.98,true,
SH28779,2025-12-04,Shanghai,Busan,Meridian Freight,Sea,3018.0,11365,19,19,3343.15,true,
SH31691,2025-12-04,Singapore,Los Angeles,Meridian Freight,Sea,1146.1,7290,12,13,836.48,true,
SH32388,2025-12-04,Shanghai,Rotterdam,Northstar Logistics,Sea,2481.0,11892,19,20,2421.46,true,
SH24509,2025-12-05,Ho Chi Minh City,Shanghai,Atlas Air Cargo,Air,204.8,13082,1,2,2785.86,true,
SH24608,2025-12-05,Ho Chi Minh City,Hamburg,Northstar Logistics,Sea,1857.2,2145,4,5,459.03,true,
SH25295,2025-12-05,Busan,Dubai,Swift Cargo,Sea,1762.1,4834,9,9,910.25,true,
SH26460,2025-12-05,Dubai,Los Angeles,BlueWave Lines,Sea,1340.0,11996,20,20,1701.28,true,
SH26772,2025-12-05,Ho Chi Minh City,Rotterdam,Swift Cargo,Sea,2578.9,11599,20,20,2429.29,true,
SH27119,2025-12-05,Shanghai,Dubai,Northstar Logistics,Sea,317.8,16723,28,28,593.18,true,
SH27200,2025-12-05,Los Angeles,Busan,Meridian Freight,Sea,5143.0,14378,24,24,7260.45,true,
SH27397,2025-12-05,Los Angeles,Ho Chi Minh City,BlueWave Lines,Sea,802.4,17467,29,29,1615.83,true,
SH27964,2025-12-05,Shanghai,Busan,Northstar Logistics,Sea,809.8,2144,4,5,276.56,true,
SH28793,2025-12-05,Hamburg,Singapore,Northstar Logistics,Sea,1410.1,3694,8,8,594.6,true,
SH29154,2025-12-05,Hamburg,Ho Chi Minh City,BlueWave Lines,Sea,1035.3,9945,16,17,1169.49,true,
SH29521,2025-12-05,Los Angeles,Ho Chi Minh City,BlueWave Lines,Sea,386.9,13307,21,22,521.97,true,
SH30838,2025-12-05,Hamburg,Ho Chi Minh City,Swift Cargo,Sea,497.0,7311,17,13,456.66,false,Customs
SH25079,2025-12-06,Hamburg,Ho Chi Minh City,Swift Cargo,Sea,1656.6,4936,10,10,942.37,true,
SH25383,2025-12-06,Shanghai,Dubai,Atlas Air Cargo,Air,112.1,17265,3,3,2631.63,true,
SH25801,2025-12-06,Busan,Shanghai,Northstar Logistics,Sea,1351.2,7649,16,14,930.34,false,Weather
SH27064,2025-12-06,Ho Chi Minh City,Los Angeles,Swift Cargo,Sea,831.6,10092,18,18,1013.02,true,
SH27480,2025-12-06,Dubai,Shanghai,Meridian Freight,Sea,1292.9,12741,22,22,1492.53,true,
SH27815,2025-12-06,Busan,Ho Chi Minh City,Northstar Logistics,Road,4017.8,1577,4,4,2414.36,true,
SH28859,2025-12-06,Busan,Hamburg,Northstar Logistics,Sea,1096.9,13524,23,23,1375.89,true,Port congestion
SH29590,2025-12-06,Rotterdam,Singapore,Meridian Freight,Sea,7376.1,8483,16,15,5418.17,false,Customs
SH30125,2025-12-06,Busan,Shanghai,Atlas Air Cargo,Air,266.3,17367,2,3,5052.34,true,
SH31954,2025-12-06,Los Angeles,Rotterdam,BlueWave Lines,Sea,494.1,16950,27,28,828.87,true,
SH32513,2025-12-06,Los Angeles,Dubai,Meridian Freight,Sea,839.0,11843,20,20,1039.31,true,
SH24296,2025-12-07,Busan,Shanghai,BlueWave Lines,Rail,3151.8,1615,2,3,1125.92,true,
SH28444,2025-12-07,Busan,Ho Chi Minh City,Atlas Air Cargo,Air,1439.9,5539,1,2,8583.03,true,
SH28720,2025-12-07,Busan,Hamburg,BlueWave Lines,Sea,4082.8,16960,28,28,6787.67,true,
SH28854,2025-12-07,Dubai,Shanghai,Northstar Logistics,Sea,1609.5,13672,23,23,2291.06,true,
SH30419,2025-12-07,Ho Chi Minh City,Busan,Atlas Air Cargo,Air,801.8,16700,3,3,13788.9,true,
SH30686,2025-12-07,Hamburg,Singapore,Atlas Air Cargo,Air,141.2,1855,1,1,453.25,true,
SH30787,2025-12-07,Hamburg,Singapore,Meridian Freight,Road,1180.4,1316,5,3,695.49,false,Port congestion
SH31450,2025-12-07,Shanghai,Singapore,Swift Cargo,Road,1144.1,1381,3,3,604.37,true,
SH31801,2025-12-07,Rotterdam,Los Angeles,Northstar Logistics,Sea,1660.4,10272,18,18,1577.99,true,
SH32328,2025-12-07,Dubai,Singapore,BlueWave Lines,Sea,3005.7,16789,28,28,4996.09,true,
SH32360,2025-12-07,Busan,Hamburg,Swift Cargo,Road,1040.5,1359,9,3,636.92,false,Port congestion
SH32499,2025-12-07,Los Angeles,Singapore,BlueWave Lines,Sea,551.8,12727,22,22,823.76,true,
SH25070,2025-12-08,Dubai,Singapore,Northstar Logistics,Sea,530.6,7738,15,14,555.91,false,Customs
SH26158,2025-12-08,Los Angeles,Busan,Northstar Logistics,Sea,1237.3,1697,5,5,282.18,true,
SH26387,2025-12-08,Los Angeles,Hamburg,Swift Cargo,Sea,2036.3,2602,6,6,639.48,true,
SH27051,2025-12-08,Singapore,Ho Chi Minh City,BlueWave Lines,Sea,949.9,6595,12,12,720.6,true,
SH27171,2025-12-08,Busan,Dubai,Swift Cargo,Sea,1125.7,12323,21,21,1349.79,true,
SH27327,2025-12-08,Hamburg,Los Angeles,Atlas Air Cargo,Air,125.7,10935,2,2,1808.23,true,
SH27458,2025-12-08,Dubai,Hamburg,BlueWave Lines,Sea,1524.6,15538,26,26,2496.68,true,
SH27618,2025-12-08,Hamburg,Shanghai,Northstar Logistics,Road,1456.3,1271,2,3,821.6,true,
SH28387,2025-12-08,Singapore,Ho Chi Minh City,Swift Cargo,Sea,1172.0,5529,20,11,634.24,false,Equipment
SH29456,2025-12-08,Dubai,Rotterdam,Atlas Air Cargo,Air,39.3,11648,3,2,718.64,false,Customs
SH29668,2025-12-08,Rotterdam,Busan,Atlas Air Cargo,Air,510.3,2408,1,1,1710.62,true,
SH29701,2025-12-08,Los Angeles,Shanghai,BlueWave Lines,Rail,1658.2,930,2,2,417.64,true,
SH30358,2025-12-08,Singapore,Los Angeles,BlueWave Lines,Sea,601.4,3988,8,8,364.96,true,
SH31543,2025-12-08,Rotterdam,Dubai,BlueWave Lines,Sea,631.8,8486,15,15,668.92,true,
SH32206,2025-12-08,Dubai,Hamburg,Meridian Freight,Sea,5411.5,6239,12,12,3275.6,true,
SH24760,2025-12-09,Ho Chi Minh City,Hamburg,BlueWave Lines,Sea,4558.1,5728,11,11,2715.94,true,
SH25995,2025-12-09,Ho Chi Minh City,Los Angeles,Swift Cargo,Sea,1150.2,4333,9,9,547.74,true,
SH26472,2025-12-09,Ho Chi Minh City,Rotterdam,BlueWave Lines,Sea,2141.9,6435,12,12,1343.83,true,
SH27512,2025-12-09,Ho Chi Minh City,Rotterdam,Swift Cargo,Sea,1389.8,14971,25,25,1798.23,true,
SH28494,2025-12-09,Los Angeles,Rotterdam,Meridian Freight,Sea,1894.9,4525,9,9,822.8,true,
SH29862,2025-12-09,Los Angeles,Hamburg,BlueWave Lines,Sea,373.6,16044,27,27,742.43,true,
SH29894,2025-12-09,Ho Chi Minh City,Busan,BlueWave Lines,Sea,1280.4,16933,27,28,2043.43,true,
SH30088,2025-12-09,Hamburg,Los Angeles,Northstar Logistics,Sea,2069.4,5998,12,11,1256.54,false,Customs
SH31033,2025-12-09,Busan,Ho Chi Minh City,Northstar Logistics,Rail,500.0,2495,4,4,391.58,true,
SH31158,2025-12-09,Los Angeles,Shanghai,Swift Cargo,Sea,1215.0,4940,9,10,588.26,true,
SH31289,2025-12-09,Rotterdam,Los Angeles,BlueWave Lines,Sea,392.1,6871,13,13,406.72,true,
SH26236,2025-12-10,Shanghai,Rotterdam,Atlas Air Cargo,Air,261.9,15454,2,3,5099.18,true,
SH26521,2025-12-10,Dubai,Los Angeles,Swift Cargo,Sea,736.1,11106,18,19,826.85,true,
SH26896,2025-12-10,Rotterdam,Busan,BlueWave Lines,Sea,4127.0,14382,24,24,5799.35,true,
SH28408,2025-12-10,Shanghai,Rotterdam,Northstar Logistics,Sea,5427.5,10945,20,19,5988.52,false,Documentation
SH28874,2025-12-10,Rotterdam,Ho Chi Minh City,Meridian Freight,Sea,1014.9,8192,15,15,959.43,true,
SH29056,2025-12-10,Busan,Singapore,Atlas Air Cargo,Air,1372.7,7424,2,2,11293.41,true,
SH29999,2025-12-10,Los Angeles,Singapore,BlueWave Lines,Road,1199.7,1986,4,4,1000.03,true,
SH30951,2025-12-10,Shanghai,Singapore,Northstar Logistics,Sea,2094.1,4821,8,9,1164.48,true,
SH31671,2025-12-10,Ho Chi Minh City,Hamburg,BlueWave Lines,Sea,1479.0,15706,25,26,2404.32,true,
SH31889,2025-12-10,Shanghai,Los Angeles,Atlas Air Cargo,Air,428.6,10125,2,2,4436.65,true,
SH32704,2025-12-10,Shanghai,Los Angeles,BlueWave Lines,Sea,881.1,12657,20,21,1011.18,true,
SH25203,2025-12-11,Shanghai,Los Angeles,Northstar Logistics,Sea,510.5,16464,28,27,780.27,false,Port congestion
SH25366,2025-12-11,Dubai,Hamburg,Northstar Logistics,Sea,954.9,4900,10,10,486.06,true,
SH25851,2025-12-11,Shanghai,Dubai,BlueWave Lines,Sea,484.3,10992,19,19,648.74,true,
SH25911,2025-12-11,Dubai,Shanghai,Meridian Freight,Sea,1592.6,832,3,3,249.24,true,
SH26267,2025-12-11,Rotterdam,Ho Chi Minh City,BlueWave Lines,Sea,1021.6,7922,13,14,914.08,true,
SH28848,2025-12-11,Shanghai,Ho Chi Minh City,Northstar Logistics,Sea,811.8,2377,6,6,290.48,true,
SH29386,2025-12-11,Dubai,Shanghai,Northstar Logistics,Road,1246.6,1755,5,4,831.31,false,Weather
SH29416,2025-12-11,Dubai,Busan,Northstar Logistics,Sea,4280.5,12158,21,21,5377.65,true,
SH30251,2025-12-11,Ho Chi Minh City,Dubai,Atlas Air Cargo,Air,200.4,809,1,1,289.79,true,
SH30793,2025-12-11,Shanghai,Ho Chi Minh City,Atlas Air Cargo,Air,305.7,9482,2,2,3625.6,true,
SH30941,2025-12-11,Dubai,Singapore,BlueWave Lines,Sea,2096.4,10487,18,18,2240.81,true,
SH31419,2025-12-11,Shanghai,Los Angeles,Swift Cargo,Sea,567.8,16131,27,27,1068.37,true,
SH32326,2025-12-11,Los Angeles,Ho Chi Minh City,Atlas Air Cargo,Air,144.3,3216,1,1,724.96,true,
SH25243,2025-12-12,Shanghai,Singapore,Swift Cargo,Rail,778.1,1215,3,3,352.3,true,
SH25355,2025-12-12,Rotterdam,Shanghai,Atlas Air Cargo,Air,286.3,11463,2,2,3866.29,true,
SH25764,2025-12-12,Hamburg,Los Angeles,BlueWave Lines,Sea,783.0,6445,11,12,596.03,true,
SH26656,2025-12-12,Rotterdam,Los Angeles,BlueWave Lines,Road,550.0,1965,4,4,468.24,true,
SH27090,2025-12-12,Hamburg,Los Angeles,BlueWave Lines,Sea,4813.2,2775,6,6,1486.72,true,
SH27132,2025-12-12,Shanghai,Busan,Swift Cargo,Road,3448.5,1297,3,3,1457.51,true,
SH28139,2025-12-12,Hamburg,Singapore,Swift Cargo,Sea,757.3,14157,23,24,1241.28,true,
SH28791,2025-12-12,Singapore,Dubai,BlueWave Lines,Rail,283.8,1080,1,2,199.61,true,
SH28968,2025-12-12,Hamburg,Busan,BlueWave Lines,Sea,707.9,10952,19,19,793.72,true,
SH29582,2025-12-12,Ho Chi Minh City,Hamburg,Meridian Freight,Sea,1694.0,11171,19,19,1864.55,true,
SH29882,2025-12-12,Ho Chi Minh City,Rotterdam,Northstar Logistics,Sea,2736.9,16737,27,28,4780.81,true,
SH29988,2025-12-12,Dubai,Los Angeles,Swift Cargo,Sea,2841.9,13542,23,23,3513.05,true,
SH30664,2025-12-12,Ho Chi Minh City,Rotterdam,Atlas Air Cargo,Air,245.3,8332,2,2,2095.23,true,
SH32218,2025-12-12,Busan,Shanghai,Northstar Logistics,Sea,769.7,5046,10,10,538.71,true,
SH32699,2025-12-12,Rotterdam,Ho Chi Minh City,BlueWave Lines,Sea,1201.1,17428,34,29,2178.8,false,Equipment
SH25374,2025-12-13,Shanghai,Hamburg,Northstar Logistics,Sea,1340.6,1743,5,5,348.33,true,
SH25725,2025-12-13,Shanghai,Ho Chi Minh City,Swift Cargo,Sea,7180.2,4391,8,9,2781.68,true,
SH27167,2025-12-13,Ho Chi Minh City,Shanghai,Northstar Logistics,Road,2991.7,688,2,2,890.35,true,
SH27339,2025-12-13,Ho Chi Minh City,Dubai,Northstar Logistics,Sea,870.0,9103,16,16,743.39,true,Customs
SH27509,2025-12-13,Ho Chi Minh City,Singapore,BlueWave Lines,Sea,1140.7,5715,11,11,638.36,true,
SH30725,2025-12-13,Rotterdam,Ho Chi Minh City,Atlas Air Cargo,Air,264.7,10807,2,2,3878.42,true,
SH30744,2025-12-13,Singapore,Ho Chi Minh City,Swift Cargo,Road,985.1,1887,4,4,675.51,true,
SH31025,2025-12-13,Rotterdam,Shanghai,BlueWave Lines,Road,1518.6,2469,5,5,1610.97,true,
SH31836,2025-12-13,Dubai,Busan,BlueWave Lines,Sea,2207.5,7350,15,13,1654.53,false,Port congestion
SH32291,2025-12-13,Rotterdam,Busan,Meridian Freight,Sea,1863.5,10974,18,19,1792.26,true,
SH24579,2025-12-14,Hamburg,Los Angeles,Swift Cargo,Sea,1717.2,15285,26,26,2161.77,true,
SH24732,2025-12-14,Rotterdam,Singapore,BlueWave Lines,Sea,1696.2,4683,8,9,806.62,true,
SH24989,2025-12-14,Shanghai,Ho Chi Minh City,Northstar Logistics,Sea,1682.8,13528,22,23,2408.55,true,
SH25003,2025-12-14,Singapore,Los Angeles,BlueWave Lines,Road,554.6,1981,4,4,563.6,true,
SH25010,2025-12-14,Los Angeles,Dubai,Atlas Air Cargo,Air,727.9,11615,2,2,8536.68,true,
SH25026,2025-12-14,Singapore,Shanghai,Atlas Air Cargo,Air,232.0,8613,2,2,2326.98,true,
SH25504,2025-12-14,Busan,Los Angeles,Northstar Logistics,Sea,2639.2,13919,23,23,3722.1,true,
SH26342,2025-12-14,Los Angeles,Rotterdam,Northstar Logistics,Sea,2144.8,9508,17,17,2270.3,true,
SH26954,2025-12-14,Shanghai,Ho Chi Minh City,Northstar Logistics,Sea,340.1,12114,22,21,499.9,false,Customs
SH29397,2025-12-14,Los Angeles,Hamburg,Meridian Freight,Road,2100.5,1695,4,4,1422.04,true,
SH30833,2025-12-14,Rotterdam,Shanghai,BlueWave Lines,Rail,3075.7,194,1,1,271.69,true,
SH30851,2025-12-14,Busan,Rotterdam,BlueWave Lines,Sea,3727.8,6147,11,11,1990.48,true,
SH31574,2025-12-14,Dubai,Singapore,Meridian Freight,Sea,1068.8,15473,25,26,1394.27,true,
SH31765,2025-12-14,Hamburg,Singapore,Swift Cargo,Rail,1191.6,2231,3,4,717.29,true,
SH31974,2025-12-14,Rotterdam,Los Angeles,BlueWave Lines,Sea,3077.0,6990,13,13,2050.11,true,
SH24594,2025-12-15,Singapore,Rotterdam,Atlas Air Cargo,Air,1316.4,4267,1,1,6699.48,true,
SH24934,2025-12-15,Ho Chi Minh City,Singapore,Meridian Freight,Sea,1021.2,1759,5,5,273.33,true,
SH25435,2025-12-15,Rotterdam,Los Angeles,Swift Cargo,Sea,1078.7,16128,26,27,1816.57,true,
SH25573,2025-12-15,Singapore,Hamburg,Swift Cargo,Rail,771.2,2360,4,4,477.61,true,
SH25586,2025-12-15,Busan,Los Angeles,Meridian Freight,Sea,1533.3,6148,11,11,857.28,true,
SH25661,2025-12-15,Shanghai,Singapore,Swift Cargo,Sea,665.5,6289,12,12,473.29,true,
SH27022,2025-12-15,Dubai,Shanghai,Atlas Air Cargo,Air,879.6,9275,1,2,9333.23,true,
SH28247,2025-12-15,Ho Chi Minh City,Singapore,Atlas Air Cargo,Air,362.2,17546,3,3,7739.49,true,
SH28564,2025-12-15,Busan,Hamburg,Atlas Air Cargo,Air,221.6,10583,2,2,2802.82,true,
SH29640,2025-12-15,Ho Chi Minh City,Shanghai,Atlas Air Cargo,Air,93.8,15894,2,3,1769.05,true,
SH29666,2025-12-15,Dubai,Rotterdam,Northstar Logistics,Sea,1558.3,2063,6,5,442.61,false,Equipment
SH30256,2025-12-15,Rotterdam,Busan,Northstar Logistics,Sea,1482.6,15862,26,26,2592.89,true,
SH31610,2025-12-15,Busan,Singapore,BlueWave Lines,Sea,941.5,7113,13,13,634.34,true,
SH31613,2025-12-15,Singapore,Ho Chi Minh City,Swift Cargo,Sea,726.3,17587,29,29,1143.66,true,
SH32700,2025-12-15,Rotterdam,Ho Chi Minh City,BlueWave Lines,Sea,2529.7,1863,5,5,495.43,true,
SH24893,2025-12-16,Dubai,Hamburg,BlueWave Lines,Sea,3757.9,3044,6,7,1129.4,true,
SH26277,2025-12-16,Ho Chi Minh City,Hamburg,Northstar Logistics,Rail,2096.6,1749,2,3,967.57,true,
SH27576,2025-12-16,Los Angeles,Shanghai,Northstar Logistics,Road,2947.0,1097,5,3,1094.57,false,Port congestion
SH27749,2025-12-16,Los Angeles,Hamburg,Swift Cargo,Sea,1100.3,12334,21,21,1370.87,true,
SH28073,2025-12-16,Ho Chi Minh City,Shanghai,Meridian Freight,Road,2489.6,1762,4,4,1667.37,true,
SH28190,2025-12-16,Dubai,Rotterdam,Meridian Freight,Sea,3197.4,9454,17,17,3356.24,true,
SH29827,2025-12-16,Hamburg,Busan,BlueWave Lines,Sea,3247.0,4081,8,8,1202.36,true,
SH29981,2025-12-16,Shanghai,Los Angeles,Swift Cargo,Road,883.4,2229,9,5,931.14,false,Port congestion
SH30339,2025-12-16,Los Angeles,Ho Chi Minh City,Northstar Logistics,Sea,1099.9,6378,21,12,844.1,false,Customs
SH32676,2025-12-16,Los Angeles,Singapore,Meridian Freight,Sea,1886.1,6539,12,12,1266.44,true,
SH24198,2025-12-17,Los Angeles,Shanghai,Atlas Air Cargo,Air,82.3,14369,11,3,1331.36,false,Weather
SH24906,2025-12-17,Dubai,Busan,Atlas Air Cargo,Air,256.9,12252,2,2,4061.4,true,
SH25036,2025-12-17,Busan,Shanghai,Northstar Logistics,Road,3268.5,2024,3,4,2865.24,true,
SH25370,2025-12-17,Singapore,Busan,BlueWave Lines,Rail,396.3,202,1,1,138.75,true,
SH25421,2025-12-17,Rotterdam,Busan,Northstar Logistics,Road,600.6,1188,3,3,370.26,true,
SH27514,2025-12-17,Ho Chi Minh City,Los Angeles,Swift Cargo,Sea,3391.6,16482,27,27,5766.71,true,
SH27825,2025-12-17,Busan,Rotterdam,Atlas Air Cargo,Air,303.9,3429,1,1,1266.19,true,
SH28432,2025-12-17,Dubai,Singapore,Atlas Air Cargo,Air,132.9,14062,3,3,2298.36,true,
SH28729,2025-12-17,Dubai,Busan,Meridian Freight,Sea,1082.4,9239,16,16,1134.78,true,
SH29253,2025-12-17,Shanghai,Singapore,BlueWave Lines,Sea,1100.3,12475,20,21,1587.51,true,
SH29816,2025-12-17,Los Angeles,Rotterdam,Northstar Logistics,Sea,2102.0,2869,12,6,656.63,false,Port congestion
SH30575,2025-12-17,Ho Chi Minh City,Hamburg,BlueWave Lines,Road,496.7,1086,3,3,288.52,true,
SH30775,2025-12-17,Ho Chi Minh City,Hamburg,Swift Cargo,Road,3256.2,2104,4,5,2169.89,true,
SH31200,2025-12-17,Rotterdam,Shanghai,Northstar Logistics,Sea,3064.8,15467,26,26,3895.49,true,
SH31612,2025-12-17,Ho Chi Minh City,Hamburg,Atlas Air Cargo,Air,210.9,3330,1,1,924.75,true,
SH32156,2025-12-17,Los Angeles,Busan,Northstar Logistics,Rail,1660.9,319,1,1,242.68,true,
SH24336,2025-12-18,Rotterdam,Busan,Meridian Freight,Sea,1431.5,3053,6,7,502.44,true,
SH24935,2025-12-18,Dubai,Los Angeles,BlueWave Lines,Rail,1704.6,867,2,2,452.05,true,
SH26202,2025-12-18,Singapore,Hamburg,Meridian Freight,Sea,1179.0,10887,19,19,1452.16,true,
SH27151,2025-12-18,Rotterdam,Singapore,Meridian Freight,Road,1104.5,1015,3,3,517.4,true,
SH27492,2025-12-18,Singapore,Dubai,Atlas Air Cargo,Air,199.4,15376,3,3,3232.27,true,
SH28704,2025-12-18,Dubai,Singapore,Northstar Logistics,Road,1384.9,1516,4,4,856.25,true,
SH30336,2025-12-18,Singapore,Dubai,BlueWave Lines,Road,1384.3,572,1,2,416.52,true,
SH31031,2025-12-18,Rotterdam,Busan,BlueWave Lines,Sea,1702.8,16932,27,28,2466.34,true,
SH31438,2025-12-18,Singapore,Shanghai,BlueWave Lines,Road,491.2,1880,4,4,441.42,true,
SH24337,2025-12-19,Ho Chi Minh City,Busan,Atlas Air Cargo,Air,537.1,15714,3,3,9821.75,true,
SH26064,2025-12-19,Rotterdam,Shanghai,BlueWave Lines,Road,781.3,959,3,3,352.42,true,
SH26570,2025-12-19,Rotterdam,Singapore,Meridian Freight,Sea,606.5,2384,5,6,244.67,true,
SH26733,2025-12-19,Ho Chi Minh City,Shanghai,Meridian Freight,Sea,1512.2,9829,17,17,1512.8,true,
SH27780,2025-12-19,Ho Chi Minh City,Rotterdam,Swift Cargo,Sea,381.3,5977,10,11,353.42,true,
SH28311,2025-12-19,Singapore,Los Angeles,Meridian Freight,Road,1885.8,1915,3,4,1602.78,true,
SH29792,2025-12-19,Rotterdam,Busan,Northstar Logistics,Sea,1626.7,14558,24,24,2097.88,true,
SH29798,2025-12-19,Singapore,Rotterdam,Meridian Freight,Sea,1837.9,11170,19,19,2063.2,true,
SH30428,2025-12-19,Shanghai,Hamburg,BlueWave Lines,Sea,377.5,2945,7,7,236.04,true,
SH30560,2025-12-19,Busan,Los Angeles,Atlas Air Cargo,Air,191.0,9514,2,2,1819.26,true,
SH30994,2025-12-19,Hamburg,Singapore,BlueWave Lines,Sea,1947.9,14636,25,25,2837.41,true,
SH31696,2025-12-19,Dubai,Busan,BlueWave Lines,Sea,2677.2,1448,4,4,462.15,true,
SH32524,2025-12-19,Hamburg,Ho Chi Minh City,Swift Cargo,Sea,520.8,2745,7,6,262.3,false,Port congestion
SH25086,2025-12-20,Los Angeles,Singapore,Swift Cargo,Sea,1733.4,9260,16,16,1732.8,true,
SH25165,2025-12-20,Los Angeles,Singapore,Northstar Logistics,Sea,580.4,14477,23,24,822.53,true,
SH25525,2025-12-20,Singapore,Hamburg,BlueWave Lines,Rail,504.0,1953,2,3,361.64,true,
SH26014,2025-12-20,Busan,Singapore,Swift Cargo,Sea,1875.6,13010,22,22,2661.58,true,
SH27587,2025-12-20,Busan,Hamburg,Meridian Freight,Sea,1065.8,9462,19,17,913.01,false,Port congestion
SH27721,2025-12-20,Los Angeles,Singapore,Meridian Freight,Sea,376.9,3078,7,7,243.29,true,
SH28208,2025-12-20,Dubai,Hamburg,BlueWave Lines,Sea,1504.3,7505,14,14,1279.58,true,
SH28695,2025-12-20,Los Angeles,Busan,BlueWave Lines,Road,647.0,1903,3,4,620.57,true,
SH30859,2025-12-20,Hamburg,Busan,Swift Cargo,Sea,252.3,10821,22,19,360.73,false,Customs
SH24038,2025-12-21,Hamburg,Los Angeles,Swift Cargo,Sea,2795.6,13769,23,23,3723.66,true,
SH24098,2025-12-21,Los Angeles,Rotterdam,Swift Cargo,Sea,1147.2,17233,29,29,2050.51,true,
SH24135,2025-12-21,Singapore,Ho Chi Minh City,Meridian Freight,Sea,2316.8,5336,10,10,1332.18,true,
SH24611,2025-12-21,Shanghai,Hamburg,Swift Cargo,Rail,583.1,1615,3,3,328.72,true,
SH26900,2025-12-21,Ho Chi Minh City,Los Angeles,BlueWave Lines,Sea,2852.1,9193,16,16,2789.4,true,
SH26901,2025-12-21,Hamburg,Shanghai,Meridian Freight,Road,2082.3,1894,4,4,1565.62,true,
SH27336,2025-12-21,Rotterdam,Shanghai,Meridian Freight,Road,1193.5,982,2,3,607.93,true,
SH28517,2025-12-21,Dubai,Ho Chi Minh City,Meridian Freight,Sea,1173.2,16399,26,27,1915.17,true,
SH29055,2025-12-21,Singapore,Busan,Swift Cargo,Road,5996.6,1775,6,4,3576.51,false,Port congestion
SH30197,2025-12-21,Singapore,Ho Chi Minh City,Atlas Air Cargo,Air,184.7,3759,1,1,925.25,true,
SH30751,2025-12-21,Hamburg,Dubai,Atlas Air Cargo,Air,42.7,11011,1,2,596.8,true,
SH31797,2025-12-21,Ho Chi Minh City,Busan,Atlas Air Cargo,Air,760.3,15763,3,3,12483.31,true,
SH32108,2025-12-21,Hamburg,Singapore,Northstar Logistics,Road,2591.5,1757,4,4,1875.23,true,
SH32711,2025-12-21,Singapore,Ho Chi Minh City,BlueWave Lines,Sea,3173.1,7250,13,13,2209.09,true,
SH24433,2025-12-22,Ho Chi Minh City,Singapore,Northstar Logistics,Sea,1252.1,12565,23,21,1727.38,false,Customs
SH24498,2025-12-22,Rotterdam,Singapore,Atlas Air Cargo,Air,130.8,17010,3,3,2761.62,true,
SH24848,2025-12-22,Ho Chi Minh City,Hamburg,BlueWave Lines,Sea,1230.1,12890,22,22,1563.9,true,
SH24948,2025-12-22,Busan,Rotterdam,Meridian Freight,Road,799.7,2000,5,4,627.83,false,Port congestion
SH27449,2025-12-22,Ho Chi Minh City,Dubai,Swift Cargo,Sea,796.3,11499,19,20,1064.5,true,
SH29571,2025-12-22,Ho Chi Minh City,Singapore,BlueWave Lines,Sea,787.5,15432,26,26,1295.07,true,
SH30694,2025-12-22,Hamburg,Singapore,Atlas Air Cargo,Air,108.3,17796,3,3,1991.36,true,
SH31764,2025-12-22,Rotterdam,Shanghai,Swift Cargo,Sea,10625.9,10300,18,18,8736.07,true,
SH31930,2025-12-22,Los Angeles,Singapore,Northstar Logistics,Sea,702.6,9229,15,16,767.49,true,
SH32542,2025-12-22,Rotterdam,Busan,Swift Cargo,Sea,823.7,5372,10,10,491.58,true,
SH32604,2025-12-22,Dubai,Rotterdam,Swift Cargo,Sea,322.0,11508,20,20,411.15,true,
SH24121,2025-12-23,Los Angeles,Dubai,BlueWave Lines,Sea,2509.6,12499,21,21,2676.81,true,
SH24748,2025-12-23,Ho Chi Minh City,Singapore,Swift Cargo,Sea,1545.8,5354,10,10,991.52,true,
SH25944,2025-12-23,Busan,Rotterdam,Northstar Logistics,Sea,340.0,6579,12,12,347.27,true,
SH26965,2025-12-23,Rotterdam,Dubai,Swift Cargo,Sea,1436.5,15266,25,25,1996.73,true,
SH28199,2025-12-23,Dubai,Singapore,Swift Cargo,Sea,2321.5,1842,4,5,508.33,true,
SH28443,2025-12-23,Busan,Ho Chi Minh City,Swift Cargo,Sea,873.2,9415,16,16,796.94,true,
SH28509,2025-12-23,Shanghai,Los Angeles,Atlas Air Cargo,Air,50.4,11730,1,2,777.83,true,
SH28989,2025-12-23,Ho Chi Minh City,Rotterdam,BlueWave Lines,Sea,2164.7,12198,21,21,2223.27,true,
SH29472,2025-12-23,Shanghai,Rotterdam,Meridian Freight,Sea,1692.5,13716,23,23,2041.57,true,
SH32064,2025-12-23,Hamburg,Los Angeles,BlueWave Lines,Sea,2606.2,7947,13,14,2254.9,true,
SH32150,2025-12-23,Los Angeles,Dubai,Atlas Air Cargo,Air,170.0,9524,1,2,2114.93,true,
SH24752,2025-12-24,Shanghai,Dubai,Northstar Logistics,Sea,1221.9,13626,25,23,1792.8,false,Customs
SH24815,2025-12-24,Hamburg,Los Angeles,BlueWave Lines,Sea,590.6,10667,18,18,632.49,true,
SH25202,2025-12-24,Hamburg,Busan,Swift Cargo,Sea,9330.3,12383,20,21,10785.21,true,
SH26266,2025-12-24,Busan,Rotterdam,Atlas Air Cargo,Air,602.9,13525,3,3,10497.91,true,
SH26412,2025-12-24,Dubai,Rotterdam,Meridian Freight,Sea,1837.9,9712,17,17,1927.21,true,
SH27130,2025-12-24,Ho Chi Minh City,Dubai,Meridian Freight,Sea,1504.7,2223,5,5,400.83,true,
SH28277,2025-12-24,Ho Chi Minh City,Dubai,Atlas Air Cargo,Air,190.1,17596,3,3,3278.14,true,
SH29987,2025-12-24,Los Angeles,Shanghai,Atlas Air Cargo,Air,241.1,9515,2,2,3061.99,true,
SH30185,2025-12-24,Hamburg,Los Angeles,Swift Cargo,Sea,909.4,9672,18,17,998.86,false,Customs
SH30368,2025-12-24,Rotterdam,Ho Chi Minh City,Swift Cargo,Sea,713.4,8137,14,15,643.93,true,
SH31273,2025-12-24,Rotterdam,Singapore,Northstar Logistics,Road,1309.9,350,6,2,285.75,false,Equipment
SH31293,2025-12-24,Ho Chi Minh City,Los Angeles,Atlas Air Cargo,Air,560.9,4690,2,2,2638.09,true,
SH32118,2025-12-24,Hamburg,Singapore,Atlas Air Cargo,Air,599.0,11976,2,2,7969.55,true,
SH32122,2025-12-24,Singapore,Ho Chi Minh City,Meridian Freight,Sea,930.6,4976,10,10,526.29,true,
SH32979,2025-12-24,Los Angeles,Rotterdam,Meridian Freight,Sea,1153.2,11912,20,20,1333.64,true,
SH24740,2025-12-25,Los Angeles,Singapore,Northstar Logistics,Sea,344.3,8830,18,16,387.62,false,Equipment
SH25076,2025-12-25,Shanghai,Busan,Swift Cargo,Sea,308.0,1525,3,4,166.34,true,
SH25312,2025-12-25,Shanghai,Dubai,Meridian Freight,Sea,228.9,6138,11,11,235.19,true,
SH27939,2025-12-25,Singapore,Shanghai,BlueWave Lines,Sea,454.5,4554,9,9,317.84,true,
SH28104,2025-12-25,Los Angeles,Hamburg,BlueWave Lines,Sea,1556.9,17920,30,30,2785.43,true,
SH29101,2025-12-25,Los Angeles,Singapore,Atlas Air Cargo,Air,267.3,5323,2,2,1744.6,true,
SH29403,2025-12-25,Hamburg,Shanghai,Meridian Freight,Road,1487.6,359,2,2,306.97,true,
SH31814,2025-12-25,Hamburg,Shanghai,Atlas Air Cargo,Air,250.5,11457,1,2,3664.66,true,
SH31893,2025-12-25,Shanghai,Los Angeles,Meridian Freight,Sea,2141.1,1886,5,5,503.47,true,
SH32691,2025-12-25,Los Angeles,Singapore,Meridian Freight,Sea,530.1,15585,25,26,980.55,true,
SH26312,2025-12-26,Hamburg,Dubai,BlueWave Lines,Sea,1387.1,14720,25,25,2021.7,true,
SH28395,2025-12-26,Dubai,Busan,Northstar Logistics,Sea,1744.4,10456,17,18,1970.05,true,
SH28831,2025-12-26,Los Angeles,Rotterdam,Atlas Air Cargo,Air,263.0,13722,3,3,4509.97,true,
SH29747,2025-12-26,Busan,Dubai,Northstar Logistics,Sea,2498.5,10884,19,19,2657.65,true,
SH30967,2025-12-26,Hamburg,Shanghai,Swift Cargo,Sea,404.1,11495,20,20,546.02,true,
SH31883,2025-12-26,Ho Chi Minh City,Busan,Atlas Air Cargo,Air,152.8,14772,3,3,2548.17,true,
SH32490,2025-12-26,Rotterdam,Los Angeles,Atlas Air Cargo,Air,55.1,8721,2,2,746.26,true,
SH32913,2025-12-26,Singapore,Hamburg,Atlas Air Cargo,Air,85.5,7889,2,2,858.1,true,
SH24160,2025-12-27,Singapore,Hamburg,Northstar Logistics,Sea,564.2,16053,26,27,1036.06,true,
SH25747,2025-12-27,Los Angeles,Busan,Swift Cargo,Sea,2707.7,3320,7,7,1043.02,true,
SH27927,2025-12-27,Busan,Shanghai,BlueWave Lines,Road,3455.5,1944,4,4,2223.61,true,
SH29569,2025-12-27,Ho Chi Minh City,Singapore,Northstar Logistics,Road,346.6,2400,4,5,404.44,true,
SH31933,2025-12-27,Busan,Shanghai,BlueWave Lines,Rail,1121.5,1263,2,3,434.14,true,
SH32180,2025-12-27,Ho Chi Minh City,Los Angeles,Meridian Freight,Sea,1027.2,3742,8,8,531.48,true,
SH32586,2025-12-27,Busan,Singapore,Swift Cargo,Sea,1114.2,5836,11,11,740.84,true,
SH32645,2025-12-27,Singapore,Shanghai,Atlas Air Cargo,Air,689.5,13776,2,3,11200.69,true,
SH24096,2025-12-28,Ho Chi Minh City,Rotterdam,Northstar Logistics,Sea,1303.2,11002,19,19,1276.83,true,
SH24564,2025-12-28,Los Angeles,Shanghai,Meridian Freight,Sea,1152.8,10216,17,18,1286.17,true,
SH24892,2025-12-28,Hamburg,Ho Chi Minh City,Northstar Logistics,Sea,3378.9,8458,15,15,2940.46,true,
SH25565,2025-12-28,Busan,Rotterdam,Northstar Logistics,Sea,2635.5,8336,14,15,2251.29,true,
SH25861,2025-12-28,Shanghai,Rotterdam,BlueWave Lines,Sea,674.8,16590,28,28,1112.99,true,
SH26403,2025-12-28,Los Angeles,Shanghai,BlueWave Lines,Sea,567.5,3128,7,7,297.5,true,
SH28198,2025-12-28,Los Angeles,Singapore,Atlas Air Cargo,Air,205.4,11044,2,2,2654.99,true,
SH28702,2025-12-28,Shanghai,Rotterdam,Swift Cargo,Rail,1464.8,1682,2,3,753.9,true,
SH29142,2025-12-28,Busan,Hamburg,BlueWave Lines,Sea,3048.6,2619,5,6,837.35,true,
SH29376,2025-12-28,Los Angeles,Hamburg,Atlas Air Cargo,Air,310.2,6228,1,2,2591.7,true,
SH30040,2025-12-28,Busan,Hamburg,Swift Cargo,Sea,3511.9,9888,17,17,3365.89,true,
SH30277,2025-12-28,Los Angeles,Shanghai,Atlas Air Cargo,Air,266.1,3391,1,1,1008.34,true,
SH30291,2025-12-28,Shanghai,Los Angeles,Meridian Freight,Sea,2960.7,13370,23,23,3678.96,true,
SH30431,2025-12-28,Ho Chi Minh City,Rotterdam,Northstar Logistics,Sea,1567.8,11425,19,20,1844.42,true,
SH30573,2025-12-28,Singapore,Hamburg,Meridian Freight,Sea,6228.5,5878,11,11,3177.27,true,
SH32373,2025-12-28,Singapore,Hamburg,Meridian Freight,Sea,1744.6,10516,17,18,1733.16,true,
SH27048,2025-12-29,Dubai,Singapore,Swift Cargo,Sea,975.7,8522,15,15,790.74,true,
SH29589,2025-12-29,Los Angeles,Shanghai,Atlas Air Cargo,Air,159.1,15408,2,3,3043.75,true,
SH30193,2025-12-29,Los Angeles,Hamburg,Swift Cargo,Sea,1088.1,11444,19,20,1334.66,true,
SH31555,2025-12-29,Rotterdam,Hamburg,Meridian Freight,Sea,970.8,16362,26,27,1670.1,true,
SH31753,2025-12-29,Rotterdam,Ho Chi Minh City,Swift Cargo,Sea,1311.6,2466,5,6,373.07,true,
SH32131,2025-12-29,Dubai,Hamburg,Northstar Logistics,Rail,2979.9,2144,4,4,1516.95,true,
SH32903,2025-12-29,Shanghai,Rotterdam,Swift Cargo,Sea,1414.2,5595,11,11,805.89,true,
SH25700,2025-12-30,Hamburg,Busan,Swift Cargo,Sea,2373.3,12098,21,21,2402.86,true,
SH25788,2025-12-30,Shanghai,Ho Chi Minh City,Northstar Logistics,Sea,1772.6,17046,28,28,3215.73,true,
SH25894,2025-12-30,Busan,Dubai,Atlas Air Cargo,Air,185.7,14857,2,3,3618.8,true,
SH25992,2025-12-30,Busan,Hamburg,Northstar Logistics,Road,440.5,580,2,2,208.3,true,
SH26297,2025-12-30,Hamburg,Busan,Meridian Freight,Rail,2932.0,1142,2,2,747.68,true,
SH26367,2025-12-30,Dubai,Hamburg,Meridian Freight,Sea,5340.5,7021,12,13,4064.24,true,
SH26825,2025-12-30,Rotterdam,Hamburg,Meridian Freight,Sea,1864.5,16262,27,27,3344.66,true,
SH27678,2025-12-30,Ho Chi Minh City,Singapore,BlueWave Lines,Sea,817.1,10674,21,18,857.44,false,Documentation
SH29418,2025-12-30,Singapore,Busan,Swift Cargo,Rail,2052.1,1594,3,3,958.03,true,
SH29440,2025-12-30,Singapore,Shanghai,BlueWave Lines,Rail,3126.9,1006,2,2,815.66,true,
SH30095,2025-12-30,Rotterdam,Dubai,BlueWave Lines,Rail,1381.3,2419,4,4,746.81,true,
SH30371,2025-12-30,Hamburg,Rotterdam,Atlas Air Cargo,Air,944.8,13410,2,2,16321.58,true,
SH32500,2025-12-30,Singapore,Shanghai,BlueWave Lines,Road,4876.4,2032,4,4,3139.66,true,
SH32746,2025-12-30,Los Angeles,Shanghai,BlueWave Lines,Sea,1122.2,17963,30,30,1973.27,true,
